ISO-10303-21;
HEADER;
/* Generated by software containing ST-Developer
 * from STEP Tools, Inc. (www.steptools.com) 
 */

FILE_DESCRIPTION(
/* description */ (''),
/* implementation_level */ '2;1');

FILE_NAME(
/* name */ 'bottom_case.step',
/* time_stamp */ '2026-09-15T21:14:28-04:00',
/* author */ (''),
/* organization */ (''),
/* preprocessor_version */ 'ST-DEVELOPER v20.2',
/* originating_system */ 'Autodesk Translation Framework v15.15.0.0',
/* authorisation */ '');

FILE_SCHEMA (('AUTOMOTIVE_DESIGN { 1 0 10303 214 3 1 1 }'));
ENDSEC;

DATA;
#10=MECHANICAL_DESIGN_GEOMETRIC_PRESENTATION_REPRESENTATION('',(#13),#3494);
#11=SHAPE_REPRESENTATION_RELATIONSHIP('SRR','None',#3501,#12);
#12=ADVANCED_BREP_SHAPE_REPRESENTATION('',(#14),#3493);
#13=STYLED_ITEM('',(#3511),#14);
#14=MANIFOLD_SOLID_BREP('Body1',#1764);
#15=TOROIDAL_SURFACE('',#1868,3.99999999999999,2.);
#16=TOROIDAL_SURFACE('',#1874,3.99999999999999,2.);
#17=TOROIDAL_SURFACE('',#1880,3.99999999999999,2.);
#18=TOROIDAL_SURFACE('',#1886,3.99999999999999,2.);
#19=TOROIDAL_SURFACE('',#1902,3.99999999999999,2.);
#20=TOROIDAL_SURFACE('',#1910,3.99999999999999,2.);
#21=TOROIDAL_SURFACE('',#1914,3.99999999999999,2.);
#22=TOROIDAL_SURFACE('',#1916,3.99999999999999,2.);
#23=PLANE('',#1817);
#24=PLANE('',#1818);
#25=PLANE('',#1819);
#26=PLANE('',#1820);
#27=PLANE('',#1821);
#28=PLANE('',#1822);
#29=PLANE('',#1823);
#30=PLANE('',#1824);
#31=PLANE('',#1825);
#32=PLANE('',#1826);
#33=PLANE('',#1827);
#34=PLANE('',#1828);
#35=PLANE('',#1829);
#36=PLANE('',#1830);
#37=PLANE('',#1831);
#38=PLANE('',#1832);
#39=PLANE('',#1833);
#40=PLANE('',#1834);
#41=PLANE('',#1835);
#42=PLANE('',#1836);
#43=PLANE('',#1839);
#44=PLANE('',#1845);
#45=PLANE('',#1846);
#46=PLANE('',#1848);
#47=PLANE('',#1856);
#48=PLANE('',#1857);
#49=PLANE('',#1864);
#50=PLANE('',#1892);
#51=PLANE('',#1895);
#52=PLANE('',#1898);
#53=PLANE('',#1920);
#54=PLANE('',#1921);
#55=PLANE('',#1922);
#56=PLANE('',#1923);
#57=PLANE('',#1924);
#58=PLANE('',#1925);
#59=PLANE('',#1926);
#60=PLANE('',#1927);
#61=PLANE('',#1928);
#62=PLANE('',#1929);
#63=FACE_BOUND('',#214,.T.);
#64=FACE_BOUND('',#218,.T.);
#65=FACE_BOUND('',#229,.T.);
#66=FACE_BOUND('',#244,.T.);
#67=FACE_BOUND('',#245,.T.);
#68=FACE_BOUND('',#246,.T.);
#69=FACE_BOUND('',#251,.T.);
#70=FACE_BOUND('',#252,.T.);
#71=FACE_BOUND('',#253,.T.);
#72=FACE_BOUND('',#254,.T.);
#73=FACE_BOUND('',#255,.T.);
#74=FACE_BOUND('',#256,.T.);
#75=FACE_BOUND('',#257,.T.);
#76=FACE_BOUND('',#260,.T.);
#77=FACE_BOUND('',#295,.T.);
#78=FACE_BOUND('',#296,.T.);
#79=FACE_BOUND('',#297,.T.);
#80=FACE_BOUND('',#302,.T.);
#81=FACE_BOUND('',#303,.T.);
#82=FACE_BOUND('',#305,.T.);
#83=FACE_BOUND('',#306,.T.);
#84=ELLIPSE('',#1799,6.52993108692579,5.);
#85=ELLIPSE('',#1800,6.52993108692579,5.);
#86=ELLIPSE('',#1801,6.52993108692579,5.);
#87=ELLIPSE('',#1803,6.52993108692579,5.);
#88=ELLIPSE('',#1804,6.52993108692581,5.);
#89=ELLIPSE('',#1806,6.5299310869258,5.);
#90=ELLIPSE('',#1807,6.5299310869258,5.);
#91=ELLIPSE('',#1809,6.5299310869258,5.);
#92=ELLIPSE('',#1810,6.5299310869258,5.);
#93=ELLIPSE('',#1811,6.5299310869258,5.);
#94=ELLIPSE('',#1812,6.52993108692579,5.);
#95=ELLIPSE('',#1814,6.52993108692579,5.);
#96=ELLIPSE('',#1816,6.5299310869258,5.);
#97=ELLIPSE('',#1841,6.52993108692579,5.);
#98=ELLIPSE('',#1844,6.52993108692579,5.);
#99=ELLIPSE('',#1863,6.52993108692581,5.);
#100=B_SPLINE_SURFACE_WITH_KNOTS('',3,3,((#2818,#2819,#2820,#2821),(#2822,
#2823,#2824,#2825),(#2826,#2827,#2828,#2829),(#2830,#2831,#2832,#2833)),
 .UNSPECIFIED.,.F.,.F.,.F.,(4,4),(4,4),(0.,1.),(-1.5707963267949,-1.26241664494274),
 .UNSPECIFIED.);
#101=B_SPLINE_SURFACE_WITH_KNOTS('',3,3,((#2837,#2838,#2839,#2840,#2841),
(#2842,#2843,#2844,#2845,#2846),(#2847,#2848,#2849,#2850,#2851),(#2852,
#2853,#2854,#2855,#2856),(#2857,#2858,#2859,#2860,#2861)),.UNSPECIFIED.,
 .F.,.F.,.F.,(4,1,4),(4,1,4),(0.,0.571428571428571,1.),(-0.79323707691032,
-0.33995874724728,7.424472752691E-18),.UNSPECIFIED.);
#102=B_SPLINE_SURFACE_WITH_KNOTS('',3,3,((#2867,#2868,#2869,#2870,#2871),
(#2872,#2873,#2874,#2875,#2876),(#2877,#2878,#2879,#2880,#2881),(#2882,
#2883,#2884,#2885,#2886),(#2887,#2888,#2889,#2890,#2891)),.UNSPECIFIED.,
 .F.,.F.,.F.,(4,1,4),(4,1,4),(0.,0.571428571428571,1.),(-7.4244727526909E-18,
0.36809026940749,0.736180538814979),.UNSPECIFIED.);
#103=B_SPLINE_SURFACE_WITH_KNOTS('',3,3,((#2897,#2898,#2899,#2900,#2901),
(#2902,#2903,#2904,#2905,#2906),(#2907,#2908,#2909,#2910,#2911),(#2912,
#2913,#2914,#2915,#2916),(#2917,#2918,#2919,#2920,#2921)),.UNSPECIFIED.,
 .F.,.F.,.F.,(4,1,4),(4,1,4),(0.,0.571428571428571,1.),(-7.42447275269085E-18,
0.337873075810939,0.788370510225525),.UNSPECIFIED.);
#104=B_SPLINE_SURFACE_WITH_KNOTS('',3,3,((#2927,#2928,#2929,#2930),(#2931,
#2932,#2933,#2934),(#2935,#2936,#2937,#2938),(#2939,#2940,#2941,#2942)),
 .UNSPECIFIED.,.F.,.F.,.F.,(4,4),(4,4),(0.,1.),(1.19193186871312,1.5707963267949),
 .UNSPECIFIED.);
#105=B_SPLINE_SURFACE_WITH_KNOTS('',3,3,((#2946,#2947,#2948,#2949,#2950),
(#2951,#2952,#2953,#2954,#2955),(#2956,#2957,#2958,#2959,#2960),(#2961,
#2962,#2963,#2964,#2965),(#2966,#2967,#2968,#2969,#2970)),.UNSPECIFIED.,
 .F.,.F.,.F.,(4,1,4),(4,1,4),(0.,0.571428571428571,1.),(-7.42447275269117E-18,
0.334970342768233,0.781597466459211),.UNSPECIFIED.);
#106=B_SPLINE_SURFACE_WITH_KNOTS('',3,3,((#3148,#3149,#3150,#3151),(#3152,
#3153,#3154,#3155),(#3156,#3157,#3158,#3159),(#3160,#3161,#3162,#3163)),
 .UNSPECIFIED.,.F.,.F.,.F.,(4,4),(4,4),(0.,1.),(1.19109369281185,1.5707963267949),
 .UNSPECIFIED.);
#107=B_SPLINE_SURFACE_WITH_KNOTS('',3,3,((#3285,#3286,#3287,#3288),(#3289,
#3290,#3291,#3292),(#3293,#3294,#3295,#3296),(#3297,#3298,#3299,#3300)),
 .UNSPECIFIED.,.F.,.F.,.F.,(4,4),(4,4),(0.,1.),(1.24261396317268,1.5707963267949),
 .UNSPECIFIED.);
#108=B_SPLINE_SURFACE_WITH_KNOTS('',3,3,((#3401,#3402,#3403,#3404,#3405),
(#3406,#3407,#3408,#3409,#3410),(#3411,#3412,#3413,#3414,#3415),(#3416,
#3417,#3418,#3419,#3420),(#3421,#3422,#3423,#3424,#3425),(#3426,#3427,#3428,
#3429,#3430)),.UNSPECIFIED.,.F.,.F.,.F.,(4,1,1,4),(4,1,4),(0.,0.285714285714286,
0.571428571428571,1.),(0.,0.137333439610847,0.320444692425311),
 .UNSPECIFIED.);
#109=B_SPLINE_SURFACE_WITH_KNOTS('',3,3,((#3432,#3433,#3434,#3435,#3436),
(#3437,#3438,#3439,#3440,#3441),(#3442,#3443,#3444,#3445,#3446),(#3447,
#3448,#3449,#3450,#3451),(#3452,#3453,#3454,#3455,#3456),(#3457,#3458,#3459,
#3460,#3461)),.UNSPECIFIED.,.F.,.F.,.F.,(4,1,1,4),(4,1,4),(0.,0.285714285714286,
0.571428571428571,1.),(2.96118240915009,3.09851584876094,3.28162710157541),
 .UNSPECIFIED.);
#110=FACE_OUTER_BOUND('',#198,.T.);
#111=FACE_OUTER_BOUND('',#199,.T.);
#112=FACE_OUTER_BOUND('',#200,.T.);
#113=FACE_OUTER_BOUND('',#201,.T.);
#114=FACE_OUTER_BOUND('',#202,.T.);
#115=FACE_OUTER_BOUND('',#203,.T.);
#116=FACE_OUTER_BOUND('',#204,.T.);
#117=FACE_OUTER_BOUND('',#205,.T.);
#118=FACE_OUTER_BOUND('',#206,.T.);
#119=FACE_OUTER_BOUND('',#207,.T.);
#120=FACE_OUTER_BOUND('',#208,.T.);
#121=FACE_OUTER_BOUND('',#209,.T.);
#122=FACE_OUTER_BOUND('',#210,.T.);
#123=FACE_OUTER_BOUND('',#211,.T.);
#124=FACE_OUTER_BOUND('',#212,.T.);
#125=FACE_OUTER_BOUND('',#213,.T.);
#126=FACE_OUTER_BOUND('',#215,.T.);
#127=FACE_OUTER_BOUND('',#216,.T.);
#128=FACE_OUTER_BOUND('',#217,.T.);
#129=FACE_OUTER_BOUND('',#219,.T.);
#130=FACE_OUTER_BOUND('',#220,.T.);
#131=FACE_OUTER_BOUND('',#221,.T.);
#132=FACE_OUTER_BOUND('',#222,.T.);
#133=FACE_OUTER_BOUND('',#223,.T.);
#134=FACE_OUTER_BOUND('',#224,.T.);
#135=FACE_OUTER_BOUND('',#225,.T.);
#136=FACE_OUTER_BOUND('',#226,.T.);
#137=FACE_OUTER_BOUND('',#227,.T.);
#138=FACE_OUTER_BOUND('',#228,.T.);
#139=FACE_OUTER_BOUND('',#230,.T.);
#140=FACE_OUTER_BOUND('',#231,.T.);
#141=FACE_OUTER_BOUND('',#232,.T.);
#142=FACE_OUTER_BOUND('',#233,.T.);
#143=FACE_OUTER_BOUND('',#234,.T.);
#144=FACE_OUTER_BOUND('',#235,.T.);
#145=FACE_OUTER_BOUND('',#236,.T.);
#146=FACE_OUTER_BOUND('',#237,.T.);
#147=FACE_OUTER_BOUND('',#238,.T.);
#148=FACE_OUTER_BOUND('',#239,.T.);
#149=FACE_OUTER_BOUND('',#240,.T.);
#150=FACE_OUTER_BOUND('',#241,.T.);
#151=FACE_OUTER_BOUND('',#242,.T.);
#152=FACE_OUTER_BOUND('',#243,.T.);
#153=FACE_OUTER_BOUND('',#247,.T.);
#154=FACE_OUTER_BOUND('',#248,.T.);
#155=FACE_OUTER_BOUND('',#249,.T.);
#156=FACE_OUTER_BOUND('',#250,.T.);
#157=FACE_OUTER_BOUND('',#258,.T.);
#158=FACE_OUTER_BOUND('',#259,.T.);
#159=FACE_OUTER_BOUND('',#261,.T.);
#160=FACE_OUTER_BOUND('',#262,.T.);
#161=FACE_OUTER_BOUND('',#263,.T.);
#162=FACE_OUTER_BOUND('',#264,.T.);
#163=FACE_OUTER_BOUND('',#265,.T.);
#164=FACE_OUTER_BOUND('',#266,.T.);
#165=FACE_OUTER_BOUND('',#267,.T.);
#166=FACE_OUTER_BOUND('',#268,.T.);
#167=FACE_OUTER_BOUND('',#269,.T.);
#168=FACE_OUTER_BOUND('',#270,.T.);
#169=FACE_OUTER_BOUND('',#271,.T.);
#170=FACE_OUTER_BOUND('',#272,.T.);
#171=FACE_OUTER_BOUND('',#273,.T.);
#172=FACE_OUTER_BOUND('',#274,.T.);
#173=FACE_OUTER_BOUND('',#275,.T.);
#174=FACE_OUTER_BOUND('',#276,.T.);
#175=FACE_OUTER_BOUND('',#277,.T.);
#176=FACE_OUTER_BOUND('',#278,.T.);
#177=FACE_OUTER_BOUND('',#279,.T.);
#178=FACE_OUTER_BOUND('',#280,.T.);
#179=FACE_OUTER_BOUND('',#281,.T.);
#180=FACE_OUTER_BOUND('',#282,.T.);
#181=FACE_OUTER_BOUND('',#283,.T.);
#182=FACE_OUTER_BOUND('',#284,.T.);
#183=FACE_OUTER_BOUND('',#285,.T.);
#184=FACE_OUTER_BOUND('',#286,.T.);
#185=FACE_OUTER_BOUND('',#287,.T.);
#186=FACE_OUTER_BOUND('',#288,.T.);
#187=FACE_OUTER_BOUND('',#289,.T.);
#188=FACE_OUTER_BOUND('',#290,.T.);
#189=FACE_OUTER_BOUND('',#291,.T.);
#190=FACE_OUTER_BOUND('',#292,.T.);
#191=FACE_OUTER_BOUND('',#293,.T.);
#192=FACE_OUTER_BOUND('',#294,.T.);
#193=FACE_OUTER_BOUND('',#298,.T.);
#194=FACE_OUTER_BOUND('',#299,.T.);
#195=FACE_OUTER_BOUND('',#300,.T.);
#196=FACE_OUTER_BOUND('',#301,.T.);
#197=FACE_OUTER_BOUND('',#304,.T.);
#198=EDGE_LOOP('',(#1128,#1129,#1130,#1131,#1132));
#199=EDGE_LOOP('',(#1133,#1134,#1135,#1136));
#200=EDGE_LOOP('',(#1137,#1138,#1139,#1140,#1141));
#201=EDGE_LOOP('',(#1142,#1143,#1144,#1145,#1146,#1147,#1148,#1149));
#202=EDGE_LOOP('',(#1150,#1151,#1152,#1153,#1154,#1155,#1156,#1157));
#203=EDGE_LOOP('',(#1158,#1159,#1160,#1161));
#204=EDGE_LOOP('',(#1162,#1163,#1164,#1165,#1166,#1167,#1168,#1169));
#205=EDGE_LOOP('',(#1170,#1171,#1172,#1173));
#206=EDGE_LOOP('',(#1174,#1175,#1176,#1177,#1178,#1179,#1180,#1181));
#207=EDGE_LOOP('',(#1182,#1183,#1184));
#208=EDGE_LOOP('',(#1185,#1186,#1187,#1188));
#209=EDGE_LOOP('',(#1189,#1190,#1191,#1192));
#210=EDGE_LOOP('',(#1193,#1194,#1195,#1196,#1197));
#211=EDGE_LOOP('',(#1198,#1199,#1200));
#212=EDGE_LOOP('',(#1201,#1202,#1203,#1204));
#213=EDGE_LOOP('',(#1205,#1206,#1207,#1208,#1209,#1210,#1211,#1212,#1213));
#214=EDGE_LOOP('',(#1214,#1215));
#215=EDGE_LOOP('',(#1216,#1217,#1218,#1219));
#216=EDGE_LOOP('',(#1220,#1221,#1222,#1223));
#217=EDGE_LOOP('',(#1224,#1225,#1226,#1227,#1228,#1229,#1230,#1231,#1232,
#1233,#1234,#1235,#1236,#1237,#1238,#1239,#1240,#1241));
#218=EDGE_LOOP('',(#1242,#1243,#1244,#1245));
#219=EDGE_LOOP('',(#1246,#1247,#1248,#1249));
#220=EDGE_LOOP('',(#1250,#1251,#1252,#1253));
#221=EDGE_LOOP('',(#1254,#1255,#1256,#1257));
#222=EDGE_LOOP('',(#1258,#1259,#1260,#1261));
#223=EDGE_LOOP('',(#1262,#1263,#1264,#1265));
#224=EDGE_LOOP('',(#1266,#1267,#1268,#1269));
#225=EDGE_LOOP('',(#1270,#1271,#1272,#1273));
#226=EDGE_LOOP('',(#1274,#1275,#1276,#1277));
#227=EDGE_LOOP('',(#1278,#1279,#1280,#1281));
#228=EDGE_LOOP('',(#1282,#1283,#1284,#1285,#1286,#1287,#1288,#1289,#1290,
#1291,#1292,#1293,#1294,#1295,#1296,#1297,#1298,#1299));
#229=EDGE_LOOP('',(#1300,#1301,#1302,#1303));
#230=EDGE_LOOP('',(#1304,#1305,#1306,#1307));
#231=EDGE_LOOP('',(#1308,#1309,#1310,#1311));
#232=EDGE_LOOP('',(#1312,#1313,#1314,#1315));
#233=EDGE_LOOP('',(#1316,#1317,#1318,#1319));
#234=EDGE_LOOP('',(#1320,#1321,#1322,#1323));
#235=EDGE_LOOP('',(#1324,#1325,#1326,#1327));
#236=EDGE_LOOP('',(#1328,#1329,#1330,#1331));
#237=EDGE_LOOP('',(#1332,#1333,#1334,#1335));
#238=EDGE_LOOP('',(#1336,#1337,#1338,#1339));
#239=EDGE_LOOP('',(#1340,#1341,#1342,#1343,#1344,#1345,#1346,#1347,#1348,
#1349,#1350,#1351));
#240=EDGE_LOOP('',(#1352,#1353,#1354,#1355));
#241=EDGE_LOOP('',(#1356,#1357,#1358));
#242=EDGE_LOOP('',(#1359,#1360,#1361,#1362));
#243=EDGE_LOOP('',(#1363,#1364,#1365,#1366,#1367,#1368,#1369,#1370,#1371,
#1372,#1373,#1374,#1375,#1376,#1377,#1378));
#244=EDGE_LOOP('',(#1379));
#245=EDGE_LOOP('',(#1380));
#246=EDGE_LOOP('',(#1381));
#247=EDGE_LOOP('',(#1382,#1383,#1384,#1385,#1386,#1387,#1388,#1389,#1390,
#1391,#1392,#1393,#1394,#1395,#1396,#1397));
#248=EDGE_LOOP('',(#1398,#1399,#1400,#1401));
#249=EDGE_LOOP('',(#1402,#1403,#1404,#1405));
#250=EDGE_LOOP('',(#1406,#1407,#1408,#1409,#1410,#1411,#1412,#1413));
#251=EDGE_LOOP('',(#1414,#1415,#1416,#1417));
#252=EDGE_LOOP('',(#1418));
#253=EDGE_LOOP('',(#1419));
#254=EDGE_LOOP('',(#1420));
#255=EDGE_LOOP('',(#1421));
#256=EDGE_LOOP('',(#1422));
#257=EDGE_LOOP('',(#1423));
#258=EDGE_LOOP('',(#1424,#1425,#1426,#1427));
#259=EDGE_LOOP('',(#1428,#1429,#1430,#1431,#1432,#1433,#1434,#1435,#1436));
#260=EDGE_LOOP('',(#1437,#1438));
#261=EDGE_LOOP('',(#1439,#1440,#1441,#1442,#1443,#1444,#1445,#1446,#1447));
#262=EDGE_LOOP('',(#1448,#1449,#1450,#1451,#1452,#1453,#1454,#1455));
#263=EDGE_LOOP('',(#1456,#1457,#1458,#1459));
#264=EDGE_LOOP('',(#1460,#1461,#1462,#1463));
#265=EDGE_LOOP('',(#1464,#1465,#1466));
#266=EDGE_LOOP('',(#1467,#1468,#1469,#1470));
#267=EDGE_LOOP('',(#1471,#1472,#1473,#1474));
#268=EDGE_LOOP('',(#1475,#1476,#1477,#1478));
#269=EDGE_LOOP('',(#1479,#1480,#1481,#1482));
#270=EDGE_LOOP('',(#1483,#1484,#1485,#1486));
#271=EDGE_LOOP('',(#1487,#1488,#1489,#1490));
#272=EDGE_LOOP('',(#1491,#1492,#1493,#1494));
#273=EDGE_LOOP('',(#1495,#1496,#1497,#1498,#1499,#1500,#1501));
#274=EDGE_LOOP('',(#1502,#1503,#1504,#1505));
#275=EDGE_LOOP('',(#1506,#1507,#1508,#1509));
#276=EDGE_LOOP('',(#1510,#1511,#1512,#1513));
#277=EDGE_LOOP('',(#1514,#1515,#1516,#1517));
#278=EDGE_LOOP('',(#1518,#1519,#1520,#1521));
#279=EDGE_LOOP('',(#1522,#1523,#1524,#1525,#1526,#1527,#1528));
#280=EDGE_LOOP('',(#1529,#1530,#1531,#1532));
#281=EDGE_LOOP('',(#1533,#1534,#1535,#1536));
#282=EDGE_LOOP('',(#1537,#1538,#1539,#1540));
#283=EDGE_LOOP('',(#1541,#1542,#1543,#1544));
#284=EDGE_LOOP('',(#1545,#1546,#1547,#1548));
#285=EDGE_LOOP('',(#1549,#1550,#1551,#1552));
#286=EDGE_LOOP('',(#1553,#1554,#1555,#1556));
#287=EDGE_LOOP('',(#1557,#1558,#1559,#1560));
#288=EDGE_LOOP('',(#1561,#1562,#1563,#1564));
#289=EDGE_LOOP('',(#1565,#1566,#1567,#1568));
#290=EDGE_LOOP('',(#1569,#1570,#1571,#1572));
#291=EDGE_LOOP('',(#1573,#1574,#1575,#1576));
#292=EDGE_LOOP('',(#1577,#1578,#1579,#1580));
#293=EDGE_LOOP('',(#1581,#1582,#1583,#1584,#1585,#1586,#1587,#1588,#1589,
#1590,#1591,#1592,#1593,#1594));
#294=EDGE_LOOP('',(#1595,#1596,#1597,#1598,#1599,#1600,#1601,#1602,#1603,
#1604));
#295=EDGE_LOOP('',(#1605));
#296=EDGE_LOOP('',(#1606));
#297=EDGE_LOOP('',(#1607));
#298=EDGE_LOOP('',(#1608,#1609,#1610,#1611));
#299=EDGE_LOOP('',(#1612,#1613,#1614,#1615));
#300=EDGE_LOOP('',(#1616,#1617,#1618,#1619,#1620,#1621));
#301=EDGE_LOOP('',(#1622,#1623,#1624,#1625));
#302=EDGE_LOOP('',(#1626,#1627,#1628,#1629));
#303=EDGE_LOOP('',(#1630,#1631,#1632,#1633));
#304=EDGE_LOOP('',(#1634,#1635,#1636,#1637));
#305=EDGE_LOOP('',(#1638,#1639,#1640,#1641));
#306=EDGE_LOOP('',(#1642,#1643,#1644,#1645));
#307=B_SPLINE_CURVE_WITH_KNOTS('',3,(#2398,#2399,#2400,#2401,#2402,#2403,
#2404,#2405,#2406,#2407,#2408,#2409),.UNSPECIFIED.,.F.,.F.,(4,2,2,2,2,4),
(0.,0.0284889270309982,0.0569778540619963,0.113955708123993,0.18605777834852,
0.258159848573047),.UNSPECIFIED.);
#308=B_SPLINE_CURVE_WITH_KNOTS('',3,(#2410,#2411,#2412,#2413,#2414,#2415,
#2416,#2417,#2418,#2419,#2420,#2421,#2422,#2423,#2424,#2425,#2426,#2427,
#2428,#2429,#2430,#2431,#2432,#2433,#2434,#2435,#2436,#2437),
 .UNSPECIFIED.,.F.,.F.,(4,2,2,2,2,2,2,2,2,2,2,2,2,4),(0.258159848573047,
0.317621979542554,0.377084110512061,0.432222897032026,0.487361683551992,
0.541540434689724,0.595719185827455,0.656143970142953,0.716568754458451,
0.788670824682978,0.860772894907505,0.917750748969501,0.946239676000499,
0.974728603031498),.UNSPECIFIED.);
#309=B_SPLINE_CURVE_WITH_KNOTS('',3,(#2450,#2451,#2452,#2453,#2454,#2455,
#2456,#2457,#2458,#2459,#2460,#2461,#2462,#2463,#2464,#2465,#2466,#2467,
#2468,#2469,#2470,#2471,#2472,#2473,#2474,#2475,#2476,#2477),
 .UNSPECIFIED.,.F.,.F.,(4,2,2,2,2,2,2,2,2,2,2,2,2,4),(0.,0.0296463252962108,
0.0592926505924217,0.118585301184843,0.199063230910034,0.279541160635225,
0.342895831820045,0.406250503004864,0.460188141414273,0.514125779823682,
0.568063418233091,0.622001056642499,0.685355727827319,0.748710399012138),
 .UNSPECIFIED.);
#310=B_SPLINE_CURVE_WITH_KNOTS('',3,(#2478,#2479,#2480,#2481,#2482,#2483,
#2484,#2485,#2486,#2487,#2488,#2489),.UNSPECIFIED.,.F.,.F.,(4,2,2,2,2,4),
(0.748710399012138,0.821623948757588,0.894537498503038,0.962042777270668,
0.995795416654483,1.0295480560383),.UNSPECIFIED.);
#311=B_SPLINE_CURVE_WITH_KNOTS('',3,(#2496,#2497,#2498,#2499,#2500,#2501,
#2502,#2503,#2504,#2505,#2506,#2507,#2508,#2509,#2510,#2511,#2512,#2513,
#2514,#2515,#2516),.UNSPECIFIED.,.F.,.F.,(4,2,2,2,3,2,2,2,2,4),(0.858052760962353,
0.860772894907502,0.917750748969498,0.946239676000496,0.974728603031494,
1.00321753006249,1.03170645709349,1.08868431115549,1.16078638138001,1.23288845160454),
 .UNSPECIFIED.);
#312=B_SPLINE_CURVE_WITH_KNOTS('',3,(#2518,#2519,#2520,#2521,#2522,#2523,
#2524,#2525),.UNSPECIFIED.,.F.,.F.,(4,2,2,4),(-0.089607403811535,-0.0618801953882208,
-0.0332412406502418,0.),.UNSPECIFIED.);
#313=B_SPLINE_CURVE_WITH_KNOTS('',3,(#2527,#2528,#2529,#2530,#2531,#2532,
#2533,#2534,#2535,#2536,#2537,#2538,#2539,#2540,#2541,#2542,#2543,#2544,
#2545),.UNSPECIFIED.,.F.,.F.,(4,2,2,2,2,2,2,3,4),(0.629503340496837,0.633486341195567,
0.690796146886513,0.753081882256571,0.815367617626629,0.874256609059288,
0.903701104775617,0.933145600491946,0.967538977429214),.UNSPECIFIED.);
#314=B_SPLINE_CURVE_WITH_KNOTS('',3,(#2547,#2548,#2549,#2550,#2551,#2552,
#2553,#2554,#2555,#2556,#2557,#2558,#2559),.UNSPECIFIED.,.F.,.F.,(4,3,3,
3,4),(-0.0352774251096941,-0.025425877454653,-0.018404666356811,-0.00856110186836399,
0.),.UNSPECIFIED.);
#315=B_SPLINE_CURVE_WITH_KNOTS('',3,(#2560,#2561,#2562,#2563,#2564,#2565,
#2566,#2567),.UNSPECIFIED.,.F.,.F.,(4,2,2,4),(1.23288845160454,1.29235058257405,
1.35181271354355,1.37114165078519),.UNSPECIFIED.);
#316=B_SPLINE_CURVE_WITH_KNOTS('',3,(#2574,#2575,#2576,#2577,#2578,#2579),
 .UNSPECIFIED.,.F.,.F.,(4,2,4),(0.898448968986562,0.920996811781121,0.951102612193132),
 .UNSPECIFIED.);
#317=B_SPLINE_CURVE_WITH_KNOTS('',3,(#2581,#2582,#2583,#2584,#2585,#2586,
#2587,#2588),.UNSPECIFIED.,.F.,.F.,(4,2,2,4),(-0.0906210216049447,-0.0600143682434102,
-0.030309525873846,0.),.UNSPECIFIED.);
#318=B_SPLINE_CURVE_WITH_KNOTS('',3,(#2590,#2591,#2592,#2593,#2594,#2595,
#2596,#2597,#2598,#2599,#2600,#2601,#2602,#2603,#2604,#2605,#2606,#2607,
#2608,#2609,#2610,#2611,#2612,#2613,#2614),.UNSPECIFIED.,.F.,.F.,(4,2,2,
2,2,2,2,2,3,2,2,4),(0.597400015947435,0.597644492519442,0.657106623488949,
0.716568754458456,0.783712895311004,0.850857036163551,0.913022706858398,
0.944105542205822,0.975188377553245,1.00367730458424,1.03216623161524,1.06906157320211),
 .UNSPECIFIED.);
#319=B_SPLINE_CURVE_WITH_KNOTS('',3,(#2616,#2617,#2618,#2619,#2620,#2621,
#2622,#2623,#2624,#2625,#2626,#2627,#2628,#2629,#2630,#2631),
 .UNSPECIFIED.,.F.,.F.,(4,3,3,3,3,4),(-0.0370657007773682,-0.0263754555739356,
-0.0167663420033542,-0.0123730661664317,-0.00249474051669502,0.),
 .UNSPECIFIED.);
#320=B_SPLINE_CURVE_WITH_KNOTS('',3,(#2632,#2633,#2634,#2635,#2636,#2637,
#2638,#2639,#2640,#2641,#2642,#2643,#2644,#2645,#2646,#2647),
 .UNSPECIFIED.,.F.,.F.,(4,2,2,2,2,2,2,4),(0.951102612193132,0.979242934314746,
1.00738325643636,1.06366390067959,1.13187061048831,1.20007732029703,1.25899389248844,
1.27998161491397),.UNSPECIFIED.);
#321=B_SPLINE_CURVE_WITH_KNOTS('',3,(#2660,#2661,#2662,#2663),
 .UNSPECIFIED.,.F.,.F.,(4,4),(-0.104979020712903,-0.102509563200692),
 .UNSPECIFIED.);
#322=B_SPLINE_CURVE_WITH_KNOTS('',3,(#2665,#2666,#2667,#2668,#2669,#2670,
#2671,#2672,#2673,#2674,#2675,#2676),.UNSPECIFIED.,.F.,.F.,(4,2,2,2,2,4),
(-0.265705205208131,-0.241651878733377,-0.176666092664656,-0.111680306595936,
-0.0558401532979679,-0.00246990604918943),.UNSPECIFIED.);
#323=B_SPLINE_CURVE_WITH_KNOTS('',3,(#2678,#2679,#2680,#2681,#2682,#2683,
#2684,#2685,#2686,#2687,#2688,#2689,#2690,#2691,#2692,#2693,#2694,#2695,
#2696),.UNSPECIFIED.,.F.,.F.,(4,3,3,3,3,3,4),(-0.0462390275785172,-0.0365304406555461,
-0.0310382598367236,-0.0209235818489656,-0.0138590298551491,-0.00135793804580264,
0.),.UNSPECIFIED.);
#324=B_SPLINE_CURVE_WITH_KNOTS('',3,(#2698,#2699,#2700,#2701,#2702,#2703,
#2704,#2705,#2706,#2707,#2708,#2709,#2710,#2711,#2712,#2713,#2714,#2715,
#2716,#2717,#2718,#2719,#2720,#2721,#2722,#2723,#2724),.UNSPECIFIED.,.F.,
 .F.,(4,2,2,2,3,2,2,2,2,2,2,2,4),(0.866371175388645,0.894537498503025,0.962042777270652,
0.995795416654465,1.02954805603828,1.05919438133449,1.0888407066307,1.14813335722312,
1.22861128694831,1.3090892166735,1.37244388785832,1.43579855904314,1.47839860290435),
 .UNSPECIFIED.);
#325=B_SPLINE_CURVE_WITH_KNOTS('',3,(#2725,#2726,#2727,#2728,#2729,#2730,
#2731,#2732),.UNSPECIFIED.,.F.,.F.,(4,2,2,4),(-0.102509563200692,-0.0712577964631231,
-0.03660334406538,0.),.UNSPECIFIED.);
#326=B_SPLINE_CURVE_WITH_KNOTS('',3,(#2745,#2746,#2747,#2748,#2749,#2750,
#2751,#2752),.UNSPECIFIED.,.F.,.F.,(4,2,2,4),(0.581186855138114,0.622001056642493,
0.685355727827312,0.748710399012131),.UNSPECIFIED.);
#327=B_SPLINE_CURVE_WITH_KNOTS('',3,(#2754,#2755,#2756,#2757,#2758,#2759,
#2760,#2761,#2762,#2763,#2764,#2765,#2766,#2767,#2768,#2769,#2770,#2771,
#2772),.UNSPECIFIED.,.F.,.F.,(4,3,3,3,3,3,4),(-0.0460199659971811,-0.0338804700351621,
-0.0287521171349985,-0.0182740592673752,-0.0139330512961048,-0.00426647969535457,
0.),.UNSPECIFIED.);
#328=B_SPLINE_CURVE_WITH_KNOTS('',3,(#2774,#2775,#2776,#2777,#2778,#2779,
#2780,#2781,#2782,#2783,#2784,#2785,#2786,#2787),.UNSPECIFIED.,.F.,.F.,
(4,2,2,2,2,2,4),(0.000461712433058666,0.029444495716329,0.058888991432658,
0.117777982865316,0.180063718235374,0.242349453605433,0.268515185324856),
 .UNSPECIFIED.);
#329=B_SPLINE_CURVE_WITH_KNOTS('',3,(#2789,#2790,#2791,#2792,#2793,#2794,
#2795,#2796),.UNSPECIFIED.,.F.,.F.,(4,2,2,4),(-0.104956458563169,-0.0732471743930783,
-0.0431460085482511,0.),.UNSPECIFIED.);
#330=B_SPLINE_CURVE_WITH_KNOTS('',3,(#2797,#2798,#2799,#2800,#2801,#2802,
#2803,#2804,#2805,#2806,#2807,#2808,#2809,#2810,#2811,#2812,#2813,#2814,
#2815,#2816,#2817),.UNSPECIFIED.,.F.,.F.,(4,2,2,2,2,3,2,2,2,4),(0.748710399012131,
0.821623948757581,0.894537498503032,0.96204277727066,0.995795416654474,
1.02954805603829,1.0591943813345,1.08884070663071,1.14813335722313,1.18857318014226),
 .UNSPECIFIED.);
#331=B_SPLINE_CURVE_WITH_KNOTS('',3,(#3125,#3126,#3127,#3128,#3129),
 .UNSPECIFIED.,.F.,.F.,(4,1,4),(-0.320444692425311,-0.137333439610847,0.),
 .UNSPECIFIED.);
#332=B_SPLINE_CURVE_WITH_KNOTS('',3,(#3133,#3134,#3135,#3136,#3137),
 .UNSPECIFIED.,.F.,.F.,(4,1,4),(-3.28162710157541,-3.09851584876094,-2.96118240915009),
 .UNSPECIFIED.);
#333=B_SPLINE_CURVE_WITH_KNOTS('',3,(#3178,#3179,#3180,#3181,#3182,#3183,
#3184,#3185,#3186,#3187,#3188,#3189),.UNSPECIFIED.,.F.,.F.,(4,2,2,2,2,4),
(0.307341414313837,0.394964085382618,0.490368169836998,0.579477928667128,
0.614004516957473,0.643207792298712),.UNSPECIFIED.);
#334=B_SPLINE_CURVE_WITH_KNOTS('',3,(#3197,#3198,#3199,#3200,#3201,#3202,
#3203,#3204,#3205,#3206,#3207,#3208),.UNSPECIFIED.,.F.,.F.,(4,2,2,2,2,4),
(0.643207792298714,0.67241106763995,0.706937655930298,0.796047414760428,
0.891451499214809,0.979074170283591),.UNSPECIFIED.);
#335=B_SPLINE_CURVE_WITH_KNOTS('',3,(#3346,#3347,#3348,#3349,#3350),
 .UNSPECIFIED.,.F.,.F.,(4,1,4),(2.96118240915009,3.09851584876094,3.28162710157541),
 .UNSPECIFIED.);
#336=B_SPLINE_CURVE_WITH_KNOTS('',3,(#3380,#3381,#3382,#3383,#3384),
 .UNSPECIFIED.,.F.,.F.,(4,1,4),(0.,0.137333439610847,0.320444692425311),
 .UNSPECIFIED.);
#337=LINE('',#2396,#492);
#338=LINE('',#2442,#493);
#339=LINE('',#2448,#494);
#340=LINE('',#2494,#495);
#341=LINE('',#2572,#496);
#342=LINE('',#2652,#497);
#343=LINE('',#2658,#498);
#344=LINE('',#2737,#499);
#345=LINE('',#2743,#500);
#346=LINE('',#2978,#501);
#347=LINE('',#2980,#502);
#348=LINE('',#2984,#503);
#349=LINE('',#2986,#504);
#350=LINE('',#2988,#505);
#351=LINE('',#2989,#506);
#352=LINE('',#2993,#507);
#353=LINE('',#2995,#508);
#354=LINE('',#2997,#509);
#355=LINE('',#2998,#510);
#356=LINE('',#3002,#511);
#357=LINE('',#3003,#512);
#358=LINE('',#3005,#513);
#359=LINE('',#3007,#514);
#360=LINE('',#3009,#515);
#361=LINE('',#3011,#516);
#362=LINE('',#3013,#517);
#363=LINE('',#3015,#518);
#364=LINE('',#3016,#519);
#365=LINE('',#3018,#520);
#366=LINE('',#3020,#521);
#367=LINE('',#3022,#522);
#368=LINE('',#3024,#523);
#369=LINE('',#3026,#524);
#370=LINE('',#3028,#525);
#371=LINE('',#3029,#526);
#372=LINE('',#3032,#527);
#373=LINE('',#3034,#528);
#374=LINE('',#3036,#529);
#375=LINE('',#3037,#530);
#376=LINE('',#3040,#531);
#377=LINE('',#3042,#532);
#378=LINE('',#3043,#533);
#379=LINE('',#3046,#534);
#380=LINE('',#3048,#535);
#381=LINE('',#3049,#536);
#382=LINE('',#3052,#537);
#383=LINE('',#3054,#538);
#384=LINE('',#3055,#539);
#385=LINE('',#3058,#540);
#386=LINE('',#3060,#541);
#387=LINE('',#3061,#542);
#388=LINE('',#3064,#543);
#389=LINE('',#3066,#544);
#390=LINE('',#3067,#545);
#391=LINE('',#3070,#546);
#392=LINE('',#3072,#547);
#393=LINE('',#3073,#548);
#394=LINE('',#3075,#549);
#395=LINE('',#3077,#550);
#396=LINE('',#3080,#551);
#397=LINE('',#3081,#552);
#398=LINE('',#3083,#553);
#399=LINE('',#3085,#554);
#400=LINE('',#3086,#555);
#401=LINE('',#3087,#556);
#402=LINE('',#3089,#557);
#403=LINE('',#3091,#558);
#404=LINE('',#3092,#559);
#405=LINE('',#3094,#560);
#406=LINE('',#3095,#561);
#407=LINE('',#3097,#562);
#408=LINE('',#3098,#563);
#409=LINE('',#3100,#564);
#410=LINE('',#3103,#565);
#411=LINE('',#3104,#566);
#412=LINE('',#3106,#567);
#413=LINE('',#3108,#568);
#414=LINE('',#3115,#569);
#415=LINE('',#3116,#570);
#416=LINE('',#3119,#571);
#417=LINE('',#3120,#572);
#418=LINE('',#3123,#573);
#419=LINE('',#3131,#574);
#420=LINE('',#3138,#575);
#421=LINE('',#3141,#576);
#422=LINE('',#3146,#577);
#423=LINE('',#3147,#578);
#424=LINE('',#3167,#579);
#425=LINE('',#3168,#580);
#426=LINE('',#3169,#581);
#427=LINE('',#3172,#582);
#428=LINE('',#3174,#583);
#429=LINE('',#3176,#584);
#430=LINE('',#3191,#585);
#431=LINE('',#3193,#586);
#432=LINE('',#3195,#587);
#433=LINE('',#3210,#588);
#434=LINE('',#3212,#589);
#435=LINE('',#3214,#590);
#436=LINE('',#3216,#591);
#437=LINE('',#3218,#592);
#438=LINE('',#3222,#593);
#439=LINE('',#3224,#594);
#440=LINE('',#3226,#595);
#441=LINE('',#3227,#596);
#442=LINE('',#3231,#597);
#443=LINE('',#3235,#598);
#444=LINE('',#3239,#599);
#445=LINE('',#3245,#600);
#446=LINE('',#3249,#601);
#447=LINE('',#3251,#602);
#448=LINE('',#3252,#603);
#449=LINE('',#3257,#604);
#450=LINE('',#3261,#605);
#451=LINE('',#3263,#606);
#452=LINE('',#3265,#607);
#453=LINE('',#3266,#608);
#454=LINE('',#3268,#609);
#455=LINE('',#3270,#610);
#456=LINE('',#3273,#611);
#457=LINE('',#3274,#612);
#458=LINE('',#3277,#613);
#459=LINE('',#3279,#614);
#460=LINE('',#3280,#615);
#461=LINE('',#3281,#616);
#462=LINE('',#3311,#617);
#463=LINE('',#3312,#618);
#464=LINE('',#3323,#619);
#465=LINE('',#3324,#620);
#466=LINE('',#3335,#621);
#467=LINE('',#3336,#622);
#468=LINE('',#3342,#623);
#469=LINE('',#3352,#624);
#470=LINE('',#3356,#625);
#471=LINE('',#3357,#626);
#472=LINE('',#3360,#627);
#473=LINE('',#3364,#628);
#474=LINE('',#3365,#629);
#475=LINE('',#3368,#630);
#476=LINE('',#3372,#631);
#477=LINE('',#3373,#632);
#478=LINE('',#3378,#633);
#479=LINE('',#3464,#634);
#480=LINE('',#3467,#635);
#481=LINE('',#3471,#636);
#482=LINE('',#3473,#637);
#483=LINE('',#3474,#638);
#484=LINE('',#3475,#639);
#485=LINE('',#3478,#640);
#486=LINE('',#3480,#641);
#487=LINE('',#3481,#642);
#488=LINE('',#3482,#643);
#489=LINE('',#3485,#644);
#490=LINE('',#3487,#645);
#491=LINE('',#3488,#646);
#492=VECTOR('',#1936,1.45);
#493=VECTOR('',#1941,1.45000000000001);
#494=VECTOR('',#1948,1.45000000000001);
#495=VECTOR('',#1953,1.45);
#496=VECTOR('',#1958,1.45);
#497=VECTOR('',#1963,1.45);
#498=VECTOR('',#1970,1.45);
#499=VECTOR('',#1975,1.45);
#500=VECTOR('',#1982,1.45);
#501=VECTOR('',#2017,10.);
#502=VECTOR('',#2020,10.);
#503=VECTOR('',#2023,10.);
#504=VECTOR('',#2024,10.);
#505=VECTOR('',#2025,10.);
#506=VECTOR('',#2026,10.);
#507=VECTOR('',#2029,10.);
#508=VECTOR('',#2030,10.);
#509=VECTOR('',#2031,10.);
#510=VECTOR('',#2032,10.);
#511=VECTOR('',#2035,10.);
#512=VECTOR('',#2036,10.);
#513=VECTOR('',#2037,10.);
#514=VECTOR('',#2038,10.);
#515=VECTOR('',#2039,10.);
#516=VECTOR('',#2040,10.);
#517=VECTOR('',#2041,10.);
#518=VECTOR('',#2042,10.);
#519=VECTOR('',#2043,10.);
#520=VECTOR('',#2044,10.);
#521=VECTOR('',#2045,10.);
#522=VECTOR('',#2046,10.);
#523=VECTOR('',#2047,10.);
#524=VECTOR('',#2048,10.);
#525=VECTOR('',#2049,10.);
#526=VECTOR('',#2050,10.);
#527=VECTOR('',#2051,10.);
#528=VECTOR('',#2052,10.);
#529=VECTOR('',#2053,10.);
#530=VECTOR('',#2054,10.);
#531=VECTOR('',#2057,10.);
#532=VECTOR('',#2058,10.);
#533=VECTOR('',#2059,10.);
#534=VECTOR('',#2062,10.);
#535=VECTOR('',#2063,10.);
#536=VECTOR('',#2064,10.);
#537=VECTOR('',#2067,10.);
#538=VECTOR('',#2068,10.);
#539=VECTOR('',#2069,10.);
#540=VECTOR('',#2072,10.);
#541=VECTOR('',#2073,10.);
#542=VECTOR('',#2074,10.);
#543=VECTOR('',#2077,10.);
#544=VECTOR('',#2078,10.);
#545=VECTOR('',#2079,10.);
#546=VECTOR('',#2082,10.);
#547=VECTOR('',#2083,10.);
#548=VECTOR('',#2084,10.);
#549=VECTOR('',#2087,10.);
#550=VECTOR('',#2090,10.);
#551=VECTOR('',#2093,10.);
#552=VECTOR('',#2094,10.);
#553=VECTOR('',#2097,10.);
#554=VECTOR('',#2098,10.);
#555=VECTOR('',#2099,10.);
#556=VECTOR('',#2100,10.);
#557=VECTOR('',#2101,10.);
#558=VECTOR('',#2102,10.);
#559=VECTOR('',#2103,10.);
#560=VECTOR('',#2104,10.);
#561=VECTOR('',#2105,10.);
#562=VECTOR('',#2106,10.);
#563=VECTOR('',#2107,10.);
#564=VECTOR('',#2110,10.);
#565=VECTOR('',#2115,10.);
#566=VECTOR('',#2116,10.);
#567=VECTOR('',#2119,10.);
#568=VECTOR('',#2122,10.);
#569=VECTOR('',#2131,10.);
#570=VECTOR('',#2132,10.);
#571=VECTOR('',#2135,10.);
#572=VECTOR('',#2136,10.);
#573=VECTOR('',#2139,10.);
#574=VECTOR('',#2140,10.);
#575=VECTOR('',#2141,10.);
#576=VECTOR('',#2144,10.);
#577=VECTOR('',#2149,10.);
#578=VECTOR('',#2150,10.);
#579=VECTOR('',#2155,10.);
#580=VECTOR('',#2156,10.);
#581=VECTOR('',#2157,10.);
#582=VECTOR('',#2160,10.);
#583=VECTOR('',#2161,10.);
#584=VECTOR('',#2162,10.);
#585=VECTOR('',#2163,10.);
#586=VECTOR('',#2164,10.);
#587=VECTOR('',#2165,10.);
#588=VECTOR('',#2166,10.);
#589=VECTOR('',#2167,10.);
#590=VECTOR('',#2168,10.);
#591=VECTOR('',#2169,10.);
#592=VECTOR('',#2170,10.);
#593=VECTOR('',#2175,10.);
#594=VECTOR('',#2176,10.);
#595=VECTOR('',#2177,10.);
#596=VECTOR('',#2178,10.);
#597=VECTOR('',#2181,10.);
#598=VECTOR('',#2184,10.);
#599=VECTOR('',#2187,10.);
#600=VECTOR('',#2194,10.);
#601=VECTOR('',#2199,10.);
#602=VECTOR('',#2200,10.);
#603=VECTOR('',#2201,10.);
#604=VECTOR('',#2206,10.);
#605=VECTOR('',#2209,10.);
#606=VECTOR('',#2210,10.);
#607=VECTOR('',#2211,10.);
#608=VECTOR('',#2212,10.);
#609=VECTOR('',#2215,10.);
#610=VECTOR('',#2218,10.);
#611=VECTOR('',#2223,10.);
#612=VECTOR('',#2224,10.);
#613=VECTOR('',#2227,10.);
#614=VECTOR('',#2228,10.);
#615=VECTOR('',#2229,10.);
#616=VECTOR('',#2230,10.);
#617=VECTOR('',#2249,10.);
#618=VECTOR('',#2250,10.);
#619=VECTOR('',#2263,10.);
#620=VECTOR('',#2264,10.);
#621=VECTOR('',#2277,10.);
#622=VECTOR('',#2278,10.);
#623=VECTOR('',#2287,10.);
#624=VECTOR('',#2290,10.);
#625=VECTOR('',#2295,10.);
#626=VECTOR('',#2296,10.);
#627=VECTOR('',#2299,10.);
#628=VECTOR('',#2304,10.);
#629=VECTOR('',#2305,10.);
#630=VECTOR('',#2308,10.);
#631=VECTOR('',#2313,10.);
#632=VECTOR('',#2314,10.);
#633=VECTOR('',#2319,10.);
#634=VECTOR('',#2358,10.);
#635=VECTOR('',#2363,10.);
#636=VECTOR('',#2368,10.);
#637=VECTOR('',#2369,10.);
#638=VECTOR('',#2370,10.);
#639=VECTOR('',#2371,10.);
#640=VECTOR('',#2374,10.);
#641=VECTOR('',#2375,10.);
#642=VECTOR('',#2376,10.);
#643=VECTOR('',#2377,10.);
#644=VECTOR('',#2382,10.);
#645=VECTOR('',#2385,10.);
#646=VECTOR('',#2386,10.);
#647=CIRCLE('',#1779,1.45);
#648=CIRCLE('',#1781,1.45000000000001);
#649=CIRCLE('',#1782,1.45000000000001);
#650=CIRCLE('',#1784,1.45000000000001);
#651=CIRCLE('',#1786,1.45);
#652=CIRCLE('',#1788,1.45);
#653=CIRCLE('',#1790,1.45);
#654=CIRCLE('',#1791,1.45);
#655=CIRCLE('',#1793,1.45);
#656=CIRCLE('',#1795,1.45);
#657=CIRCLE('',#1796,1.45);
#658=CIRCLE('',#1798,1.45);
#659=CIRCLE('',#1802,0.800000000000014);
#660=CIRCLE('',#1805,0.800000000000005);
#661=CIRCLE('',#1808,0.800000000000001);
#662=CIRCLE('',#1813,0.800000000000001);
#663=CIRCLE('',#1838,0.8);
#664=CIRCLE('',#1843,0.8);
#665=CIRCLE('',#1847,0.8);
#666=CIRCLE('',#1849,3.99999999999999);
#667=CIRCLE('',#1850,3.99999999999999);
#668=CIRCLE('',#1851,3.99999999999999);
#669=CIRCLE('',#1852,3.99999999999999);
#670=CIRCLE('',#1854,0.8);
#671=CIRCLE('',#1855,0.8);
#672=CIRCLE('',#1858,0.8);
#673=CIRCLE('',#1859,0.8);
#674=CIRCLE('',#1866,0.8);
#675=CIRCLE('',#1869,1.99999999999999);
#676=CIRCLE('',#1870,3.99999999999999);
#677=CIRCLE('',#1871,1.99999999999999);
#678=CIRCLE('',#1873,1.99999999999999);
#679=CIRCLE('',#1875,1.99999999999999);
#680=CIRCLE('',#1876,3.99999999999999);
#681=CIRCLE('',#1877,1.99999999999999);
#682=CIRCLE('',#1879,1.99999999999999);
#683=CIRCLE('',#1881,2.00000000000001);
#684=CIRCLE('',#1882,3.99999999999999);
#685=CIRCLE('',#1883,1.99999999999999);
#686=CIRCLE('',#1885,1.99999999999999);
#687=CIRCLE('',#1887,3.99999999999999);
#688=CIRCLE('',#1888,1.99999999999999);
#689=CIRCLE('',#1890,1.99999999999999);
#690=CIRCLE('',#1891,1.99999999999999);
#691=CIRCLE('',#1894,1.99999999999999);
#692=CIRCLE('',#1897,1.99999999999999);
#693=CIRCLE('',#1900,1.99999999999999);
#694=CIRCLE('',#1901,1.99999999999999);
#695=CIRCLE('',#1903,1.99999999999999);
#696=CIRCLE('',#1904,1.99999999999999);
#697=CIRCLE('',#1906,1.99999999999999);
#698=CIRCLE('',#1908,1.99999999999999);
#699=CIRCLE('',#1909,1.99999999999999);
#700=CIRCLE('',#1911,1.99999999999999);
#701=CIRCLE('',#1913,1.99999999999999);
#702=CIRCLE('',#1915,1.99999999999999);
#703=CIRCLE('',#1917,1.99999999999999);
#704=CIRCLE('',#1918,1.99999999999999);
#705=VERTEX_POINT('',#2393);
#706=VERTEX_POINT('',#2395);
#707=VERTEX_POINT('',#2397);
#708=VERTEX_POINT('',#2439);
#709=VERTEX_POINT('',#2441);
#710=VERTEX_POINT('',#2445);
#711=VERTEX_POINT('',#2447);
#712=VERTEX_POINT('',#2449);
#713=VERTEX_POINT('',#2491);
#714=VERTEX_POINT('',#2493);
#715=VERTEX_POINT('',#2495);
#716=VERTEX_POINT('',#2517);
#717=VERTEX_POINT('',#2526);
#718=VERTEX_POINT('',#2546);
#719=VERTEX_POINT('',#2569);
#720=VERTEX_POINT('',#2571);
#721=VERTEX_POINT('',#2573);
#722=VERTEX_POINT('',#2580);
#723=VERTEX_POINT('',#2589);
#724=VERTEX_POINT('',#2615);
#725=VERTEX_POINT('',#2649);
#726=VERTEX_POINT('',#2651);
#727=VERTEX_POINT('',#2655);
#728=VERTEX_POINT('',#2657);
#729=VERTEX_POINT('',#2659);
#730=VERTEX_POINT('',#2664);
#731=VERTEX_POINT('',#2677);
#732=VERTEX_POINT('',#2697);
#733=VERTEX_POINT('',#2734);
#734=VERTEX_POINT('',#2736);
#735=VERTEX_POINT('',#2740);
#736=VERTEX_POINT('',#2742);
#737=VERTEX_POINT('',#2744);
#738=VERTEX_POINT('',#2753);
#739=VERTEX_POINT('',#2773);
#740=VERTEX_POINT('',#2788);
#741=VERTEX_POINT('',#2834);
#742=VERTEX_POINT('',#2862);
#743=VERTEX_POINT('',#2864);
#744=VERTEX_POINT('',#2892);
#745=VERTEX_POINT('',#2894);
#746=VERTEX_POINT('',#2922);
#747=VERTEX_POINT('',#2924);
#748=VERTEX_POINT('',#2943);
#749=VERTEX_POINT('',#2971);
#750=VERTEX_POINT('',#2973);
#751=VERTEX_POINT('',#2977);
#752=VERTEX_POINT('',#2982);
#753=VERTEX_POINT('',#2983);
#754=VERTEX_POINT('',#2985);
#755=VERTEX_POINT('',#2987);
#756=VERTEX_POINT('',#2991);
#757=VERTEX_POINT('',#2992);
#758=VERTEX_POINT('',#2994);
#759=VERTEX_POINT('',#2996);
#760=VERTEX_POINT('',#3000);
#761=VERTEX_POINT('',#3001);
#762=VERTEX_POINT('',#3004);
#763=VERTEX_POINT('',#3006);
#764=VERTEX_POINT('',#3008);
#765=VERTEX_POINT('',#3010);
#766=VERTEX_POINT('',#3012);
#767=VERTEX_POINT('',#3014);
#768=VERTEX_POINT('',#3017);
#769=VERTEX_POINT('',#3019);
#770=VERTEX_POINT('',#3021);
#771=VERTEX_POINT('',#3023);
#772=VERTEX_POINT('',#3025);
#773=VERTEX_POINT('',#3027);
#774=VERTEX_POINT('',#3030);
#775=VERTEX_POINT('',#3031);
#776=VERTEX_POINT('',#3033);
#777=VERTEX_POINT('',#3035);
#778=VERTEX_POINT('',#3039);
#779=VERTEX_POINT('',#3041);
#780=VERTEX_POINT('',#3045);
#781=VERTEX_POINT('',#3047);
#782=VERTEX_POINT('',#3051);
#783=VERTEX_POINT('',#3053);
#784=VERTEX_POINT('',#3057);
#785=VERTEX_POINT('',#3059);
#786=VERTEX_POINT('',#3063);
#787=VERTEX_POINT('',#3065);
#788=VERTEX_POINT('',#3069);
#789=VERTEX_POINT('',#3071);
#790=VERTEX_POINT('',#3079);
#791=VERTEX_POINT('',#3084);
#792=VERTEX_POINT('',#3088);
#793=VERTEX_POINT('',#3090);
#794=VERTEX_POINT('',#3093);
#795=VERTEX_POINT('',#3096);
#796=VERTEX_POINT('',#3112);
#797=VERTEX_POINT('',#3113);
#798=VERTEX_POINT('',#3118);
#799=VERTEX_POINT('',#3122);
#800=VERTEX_POINT('',#3124);
#801=VERTEX_POINT('',#3130);
#802=VERTEX_POINT('',#3132);
#803=VERTEX_POINT('',#3139);
#804=VERTEX_POINT('',#3143);
#805=VERTEX_POINT('',#3144);
#806=VERTEX_POINT('',#3166);
#807=VERTEX_POINT('',#3171);
#808=VERTEX_POINT('',#3173);
#809=VERTEX_POINT('',#3175);
#810=VERTEX_POINT('',#3177);
#811=VERTEX_POINT('',#3190);
#812=VERTEX_POINT('',#3192);
#813=VERTEX_POINT('',#3194);
#814=VERTEX_POINT('',#3196);
#815=VERTEX_POINT('',#3209);
#816=VERTEX_POINT('',#3211);
#817=VERTEX_POINT('',#3213);
#818=VERTEX_POINT('',#3215);
#819=VERTEX_POINT('',#3217);
#820=VERTEX_POINT('',#3221);
#821=VERTEX_POINT('',#3223);
#822=VERTEX_POINT('',#3225);
#823=VERTEX_POINT('',#3228);
#824=VERTEX_POINT('',#3230);
#825=VERTEX_POINT('',#3232);
#826=VERTEX_POINT('',#3234);
#827=VERTEX_POINT('',#3236);
#828=VERTEX_POINT('',#3238);
#829=VERTEX_POINT('',#3242);
#830=VERTEX_POINT('',#3244);
#831=VERTEX_POINT('',#3248);
#832=VERTEX_POINT('',#3250);
#833=VERTEX_POINT('',#3254);
#834=VERTEX_POINT('',#3256);
#835=VERTEX_POINT('',#3259);
#836=VERTEX_POINT('',#3260);
#837=VERTEX_POINT('',#3262);
#838=VERTEX_POINT('',#3264);
#839=VERTEX_POINT('',#3276);
#840=VERTEX_POINT('',#3278);
#841=VERTEX_POINT('',#3302);
#842=VERTEX_POINT('',#3303);
#843=VERTEX_POINT('',#3308);
#844=VERTEX_POINT('',#3309);
#845=VERTEX_POINT('',#3314);
#846=VERTEX_POINT('',#3315);
#847=VERTEX_POINT('',#3320);
#848=VERTEX_POINT('',#3321);
#849=VERTEX_POINT('',#3326);
#850=VERTEX_POINT('',#3327);
#851=VERTEX_POINT('',#3332);
#852=VERTEX_POINT('',#3333);
#853=VERTEX_POINT('',#3341);
#854=VERTEX_POINT('',#3343);
#855=VERTEX_POINT('',#3345);
#856=VERTEX_POINT('',#3351);
#857=VERTEX_POINT('',#3355);
#858=VERTEX_POINT('',#3359);
#859=VERTEX_POINT('',#3363);
#860=VERTEX_POINT('',#3367);
#861=VERTEX_POINT('',#3371);
#862=VERTEX_POINT('',#3375);
#863=VERTEX_POINT('',#3377);
#864=VERTEX_POINT('',#3379);
#865=VERTEX_POINT('',#3470);
#866=VERTEX_POINT('',#3472);
#867=VERTEX_POINT('',#3477);
#868=VERTEX_POINT('',#3479);
#869=EDGE_CURVE('',#705,#705,#647,.T.);
#870=EDGE_CURVE('',#705,#706,#337,.T.);
#871=EDGE_CURVE('',#707,#706,#307,.T.);
#872=EDGE_CURVE('',#706,#707,#308,.T.);
#873=EDGE_CURVE('',#708,#708,#648,.T.);
#874=EDGE_CURVE('',#708,#709,#338,.T.);
#875=EDGE_CURVE('',#709,#709,#649,.T.);
#876=EDGE_CURVE('',#710,#710,#650,.T.);
#877=EDGE_CURVE('',#710,#711,#339,.T.);
#878=EDGE_CURVE('',#712,#711,#309,.T.);
#879=EDGE_CURVE('',#711,#712,#310,.T.);
#880=EDGE_CURVE('',#713,#713,#651,.T.);
#881=EDGE_CURVE('',#713,#714,#340,.T.);
#882=EDGE_CURVE('',#715,#714,#311,.T.);
#883=EDGE_CURVE('',#716,#715,#312,.T.);
#884=EDGE_CURVE('',#717,#716,#313,.T.);
#885=EDGE_CURVE('',#718,#717,#314,.T.);
#886=EDGE_CURVE('',#714,#718,#315,.T.);
#887=EDGE_CURVE('',#719,#719,#652,.T.);
#888=EDGE_CURVE('',#719,#720,#341,.T.);
#889=EDGE_CURVE('',#721,#720,#316,.T.);
#890=EDGE_CURVE('',#722,#721,#317,.T.);
#891=EDGE_CURVE('',#723,#722,#318,.T.);
#892=EDGE_CURVE('',#724,#723,#319,.T.);
#893=EDGE_CURVE('',#720,#724,#320,.T.);
#894=EDGE_CURVE('',#725,#725,#653,.T.);
#895=EDGE_CURVE('',#725,#726,#342,.T.);
#896=EDGE_CURVE('',#726,#726,#654,.T.);
#897=EDGE_CURVE('',#727,#727,#655,.T.);
#898=EDGE_CURVE('',#727,#728,#343,.T.);
#899=EDGE_CURVE('',#729,#728,#321,.T.);
#900=EDGE_CURVE('',#730,#729,#322,.T.);
#901=EDGE_CURVE('',#731,#730,#323,.T.);
#902=EDGE_CURVE('',#732,#731,#324,.T.);
#903=EDGE_CURVE('',#728,#732,#325,.T.);
#904=EDGE_CURVE('',#733,#733,#656,.T.);
#905=EDGE_CURVE('',#733,#734,#344,.T.);
#906=EDGE_CURVE('',#734,#734,#657,.T.);
#907=EDGE_CURVE('',#735,#735,#658,.T.);
#908=EDGE_CURVE('',#735,#736,#345,.T.);
#909=EDGE_CURVE('',#737,#736,#326,.T.);
#910=EDGE_CURVE('',#738,#737,#327,.T.);
#911=EDGE_CURVE('',#739,#738,#328,.T.);
#912=EDGE_CURVE('',#740,#739,#329,.T.);
#913=EDGE_CURVE('',#736,#740,#330,.T.);
#914=EDGE_CURVE('',#717,#741,#84,.T.);
#915=EDGE_CURVE('',#741,#718,#85,.T.);
#916=EDGE_CURVE('',#715,#742,#86,.T.);
#917=EDGE_CURVE('',#742,#743,#659,.T.);
#918=EDGE_CURVE('',#743,#716,#87,.T.);
#919=EDGE_CURVE('',#721,#744,#88,.T.);
#920=EDGE_CURVE('',#745,#744,#660,.T.);
#921=EDGE_CURVE('',#745,#722,#89,.T.);
#922=EDGE_CURVE('',#732,#746,#90,.T.);
#923=EDGE_CURVE('',#747,#746,#661,.T.);
#924=EDGE_CURVE('',#747,#729,#91,.T.);
#925=EDGE_CURVE('',#730,#748,#92,.T.);
#926=EDGE_CURVE('',#748,#731,#93,.T.);
#927=EDGE_CURVE('',#739,#749,#94,.T.);
#928=EDGE_CURVE('',#750,#749,#662,.T.);
#929=EDGE_CURVE('',#750,#740,#95,.T.);
#930=EDGE_CURVE('',#741,#751,#346,.T.);
#931=EDGE_CURVE('',#723,#751,#96,.T.);
#932=EDGE_CURVE('',#745,#742,#347,.T.);
#933=EDGE_CURVE('',#752,#753,#348,.T.);
#934=EDGE_CURVE('',#754,#752,#349,.T.);
#935=EDGE_CURVE('',#754,#755,#350,.T.);
#936=EDGE_CURVE('',#753,#755,#351,.T.);
#937=EDGE_CURVE('',#756,#757,#352,.T.);
#938=EDGE_CURVE('',#758,#756,#353,.T.);
#939=EDGE_CURVE('',#759,#758,#354,.T.);
#940=EDGE_CURVE('',#757,#759,#355,.T.);
#941=EDGE_CURVE('',#760,#761,#356,.T.);
#942=EDGE_CURVE('',#757,#761,#357,.T.);
#943=EDGE_CURVE('',#762,#759,#358,.T.);
#944=EDGE_CURVE('',#763,#762,#359,.T.);
#945=EDGE_CURVE('',#764,#763,#360,.T.);
#946=EDGE_CURVE('',#765,#764,#361,.T.);
#947=EDGE_CURVE('',#766,#765,#362,.T.);
#948=EDGE_CURVE('',#767,#766,#363,.T.);
#949=EDGE_CURVE('',#754,#767,#364,.T.);
#950=EDGE_CURVE('',#768,#752,#365,.T.);
#951=EDGE_CURVE('',#768,#769,#366,.T.);
#952=EDGE_CURVE('',#770,#769,#367,.T.);
#953=EDGE_CURVE('',#771,#770,#368,.T.);
#954=EDGE_CURVE('',#772,#771,#369,.T.);
#955=EDGE_CURVE('',#772,#773,#370,.T.);
#956=EDGE_CURVE('',#773,#760,#371,.T.);
#957=EDGE_CURVE('',#774,#775,#372,.T.);
#958=EDGE_CURVE('',#776,#774,#373,.T.);
#959=EDGE_CURVE('',#776,#777,#374,.T.);
#960=EDGE_CURVE('',#775,#777,#375,.T.);
#961=EDGE_CURVE('',#778,#766,#376,.T.);
#962=EDGE_CURVE('',#778,#779,#377,.T.);
#963=EDGE_CURVE('',#779,#767,#378,.T.);
#964=EDGE_CURVE('',#780,#764,#379,.T.);
#965=EDGE_CURVE('',#781,#780,#380,.T.);
#966=EDGE_CURVE('',#765,#781,#381,.T.);
#967=EDGE_CURVE('',#773,#782,#382,.T.);
#968=EDGE_CURVE('',#783,#782,#383,.T.);
#969=EDGE_CURVE('',#783,#760,#384,.T.);
#970=EDGE_CURVE('',#772,#784,#385,.T.);
#971=EDGE_CURVE('',#771,#785,#386,.F.);
#972=EDGE_CURVE('',#784,#785,#387,.T.);
#973=EDGE_CURVE('',#786,#777,#388,.T.);
#974=EDGE_CURVE('',#787,#786,#389,.T.);
#975=EDGE_CURVE('',#775,#787,#390,.T.);
#976=EDGE_CURVE('',#788,#769,#391,.T.);
#977=EDGE_CURVE('',#789,#788,#392,.T.);
#978=EDGE_CURVE('',#770,#789,#393,.T.);
#979=EDGE_CURVE('',#755,#779,#394,.T.);
#980=EDGE_CURVE('',#785,#789,#395,.F.);
#981=EDGE_CURVE('',#787,#790,#396,.T.);
#982=EDGE_CURVE('',#790,#774,#397,.T.);
#983=EDGE_CURVE('',#782,#784,#398,.T.);
#984=EDGE_CURVE('',#788,#791,#399,.T.);
#985=EDGE_CURVE('',#753,#791,#400,.T.);
#986=EDGE_CURVE('',#781,#778,#401,.T.);
#987=EDGE_CURVE('',#792,#780,#402,.T.);
#988=EDGE_CURVE('',#793,#792,#403,.T.);
#989=EDGE_CURVE('',#793,#758,#404,.T.);
#990=EDGE_CURVE('',#794,#756,#405,.T.);
#991=EDGE_CURVE('',#794,#783,#406,.T.);
#992=EDGE_CURVE('',#786,#795,#407,.T.);
#993=EDGE_CURVE('',#795,#790,#408,.T.);
#994=EDGE_CURVE('',#791,#768,#409,.T.);
#995=EDGE_CURVE('',#763,#792,#410,.T.);
#996=EDGE_CURVE('',#762,#793,#411,.T.);
#997=EDGE_CURVE('',#761,#794,#412,.T.);
#998=EDGE_CURVE('',#795,#776,#413,.T.);
#999=EDGE_CURVE('',#796,#797,#663,.T.);
#1000=EDGE_CURVE('',#797,#743,#414,.T.);
#1001=EDGE_CURVE('',#742,#796,#415,.T.);
#1002=EDGE_CURVE('',#798,#745,#416,.T.);
#1003=EDGE_CURVE('',#798,#796,#417,.T.);
#1004=EDGE_CURVE('',#743,#799,#418,.T.);
#1005=EDGE_CURVE('',#800,#799,#331,.T.);
#1006=EDGE_CURVE('',#801,#800,#419,.T.);
#1007=EDGE_CURVE('',#802,#801,#332,.T.);
#1008=EDGE_CURVE('',#802,#749,#420,.T.);
#1009=EDGE_CURVE('',#803,#738,#97,.T.);
#1010=EDGE_CURVE('',#803,#741,#421,.T.);
#1011=EDGE_CURVE('',#804,#805,#664,.T.);
#1012=EDGE_CURVE('',#805,#750,#422,.T.);
#1013=EDGE_CURVE('',#749,#804,#423,.T.);
#1014=EDGE_CURVE('',#737,#803,#98,.T.);
#1015=EDGE_CURVE('',#805,#806,#424,.T.);
#1016=EDGE_CURVE('',#746,#806,#425,.T.);
#1017=EDGE_CURVE('',#750,#746,#426,.T.);
#1018=EDGE_CURVE('',#807,#804,#427,.T.);
#1019=EDGE_CURVE('',#807,#808,#428,.T.);
#1020=EDGE_CURVE('',#808,#809,#429,.T.);
#1021=EDGE_CURVE('',#810,#809,#333,.F.);
#1022=EDGE_CURVE('',#810,#811,#430,.T.);
#1023=EDGE_CURVE('',#811,#812,#431,.T.);
#1024=EDGE_CURVE('',#812,#813,#432,.T.);
#1025=EDGE_CURVE('',#814,#813,#334,.F.);
#1026=EDGE_CURVE('',#814,#815,#433,.T.);
#1027=EDGE_CURVE('',#815,#816,#434,.T.);
#1028=EDGE_CURVE('',#816,#817,#435,.T.);
#1029=EDGE_CURVE('',#817,#818,#436,.T.);
#1030=EDGE_CURVE('',#819,#818,#437,.T.);
#1031=EDGE_CURVE('',#806,#819,#665,.T.);
#1032=EDGE_CURVE('',#797,#820,#438,.T.);
#1033=EDGE_CURVE('',#821,#820,#439,.T.);
#1034=EDGE_CURVE('',#821,#822,#440,.F.);
#1035=EDGE_CURVE('',#807,#822,#441,.T.);
#1036=EDGE_CURVE('',#823,#802,#666,.T.);
#1037=EDGE_CURVE('',#824,#823,#442,.T.);
#1038=EDGE_CURVE('',#825,#824,#667,.T.);
#1039=EDGE_CURVE('',#826,#825,#443,.T.);
#1040=EDGE_CURVE('',#827,#826,#668,.T.);
#1041=EDGE_CURVE('',#828,#827,#444,.T.);
#1042=EDGE_CURVE('',#799,#828,#669,.T.);
#1043=EDGE_CURVE('',#820,#829,#670,.T.);
#1044=EDGE_CURVE('',#829,#830,#445,.T.);
#1045=EDGE_CURVE('',#830,#821,#671,.T.);
#1046=EDGE_CURVE('',#829,#831,#446,.T.);
#1047=EDGE_CURVE('',#832,#831,#447,.T.);
#1048=EDGE_CURVE('',#830,#832,#448,.T.);
#1049=EDGE_CURVE('',#833,#798,#672,.T.);
#1050=EDGE_CURVE('',#834,#833,#449,.T.);
#1051=EDGE_CURVE('',#831,#834,#673,.T.);
#1052=EDGE_CURVE('',#835,#836,#450,.F.);
#1053=EDGE_CURVE('',#836,#837,#451,.T.);
#1054=EDGE_CURVE('',#837,#838,#452,.F.);
#1055=EDGE_CURVE('',#838,#835,#453,.T.);
#1056=EDGE_CURVE('',#819,#747,#454,.T.);
#1057=EDGE_CURVE('',#748,#803,#455,.T.);
#1058=EDGE_CURVE('',#751,#724,#99,.T.);
#1059=EDGE_CURVE('',#751,#748,#456,.T.);
#1060=EDGE_CURVE('',#747,#744,#457,.T.);
#1061=EDGE_CURVE('',#818,#839,#458,.F.);
#1062=EDGE_CURVE('',#839,#840,#459,.F.);
#1063=EDGE_CURVE('',#834,#840,#460,.T.);
#1064=EDGE_CURVE('',#744,#833,#461,.T.);
#1065=EDGE_CURVE('',#840,#832,#674,.T.);
#1066=EDGE_CURVE('',#841,#842,#675,.T.);
#1067=EDGE_CURVE('',#842,#814,#676,.T.);
#1068=EDGE_CURVE('',#813,#841,#677,.T.);
#1069=EDGE_CURVE('',#843,#844,#678,.T.);
#1070=EDGE_CURVE('',#844,#842,#462,.T.);
#1071=EDGE_CURVE('',#841,#843,#463,.T.);
#1072=EDGE_CURVE('',#845,#846,#679,.T.);
#1073=EDGE_CURVE('',#846,#844,#680,.T.);
#1074=EDGE_CURVE('',#843,#845,#681,.T.);
#1075=EDGE_CURVE('',#847,#848,#682,.T.);
#1076=EDGE_CURVE('',#848,#846,#464,.T.);
#1077=EDGE_CURVE('',#845,#847,#465,.T.);
#1078=EDGE_CURVE('',#849,#850,#683,.T.);
#1079=EDGE_CURVE('',#850,#848,#684,.T.);
#1080=EDGE_CURVE('',#847,#849,#685,.T.);
#1081=EDGE_CURVE('',#851,#852,#686,.T.);
#1082=EDGE_CURVE('',#852,#850,#466,.T.);
#1083=EDGE_CURVE('',#849,#851,#467,.T.);
#1084=EDGE_CURVE('',#809,#852,#687,.T.);
#1085=EDGE_CURVE('',#851,#810,#688,.T.);
#1086=EDGE_CURVE('',#853,#851,#468,.T.);
#1087=EDGE_CURVE('',#854,#853,#689,.T.);
#1088=EDGE_CURVE('',#855,#854,#335,.T.);
#1089=EDGE_CURVE('',#855,#856,#469,.T.);
#1090=EDGE_CURVE('',#856,#811,#690,.T.);
#1091=EDGE_CURVE('',#857,#849,#470,.T.);
#1092=EDGE_CURVE('',#853,#857,#471,.T.);
#1093=EDGE_CURVE('',#858,#847,#472,.T.);
#1094=EDGE_CURVE('',#857,#858,#691,.T.);
#1095=EDGE_CURVE('',#859,#845,#473,.T.);
#1096=EDGE_CURVE('',#858,#859,#474,.T.);
#1097=EDGE_CURVE('',#860,#843,#475,.T.);
#1098=EDGE_CURVE('',#859,#860,#692,.T.);
#1099=EDGE_CURVE('',#861,#841,#476,.T.);
#1100=EDGE_CURVE('',#860,#861,#477,.T.);
#1101=EDGE_CURVE('',#812,#862,#693,.T.);
#1102=EDGE_CURVE('',#863,#862,#478,.T.);
#1103=EDGE_CURVE('',#864,#863,#336,.T.);
#1104=EDGE_CURVE('',#861,#864,#694,.T.);
#1105=EDGE_CURVE('',#802,#854,#695,.T.);
#1106=EDGE_CURVE('',#853,#823,#696,.T.);
#1107=EDGE_CURVE('',#857,#824,#697,.T.);
#1108=EDGE_CURVE('',#825,#858,#698,.T.);
#1109=EDGE_CURVE('',#859,#826,#699,.T.);
#1110=EDGE_CURVE('',#860,#827,#700,.T.);
#1111=EDGE_CURVE('',#861,#828,#701,.T.);
#1112=EDGE_CURVE('',#864,#799,#702,.T.);
#1113=EDGE_CURVE('',#863,#800,#703,.T.);
#1114=EDGE_CURVE('',#801,#855,#704,.T.);
#1115=EDGE_CURVE('',#863,#855,#479,.T.);
#1116=EDGE_CURVE('',#862,#856,#480,.T.);
#1117=EDGE_CURVE('',#865,#808,#481,.T.);
#1118=EDGE_CURVE('',#866,#865,#482,.F.);
#1119=EDGE_CURVE('',#838,#866,#483,.T.);
#1120=EDGE_CURVE('',#815,#837,#484,.T.);
#1121=EDGE_CURVE('',#839,#867,#485,.F.);
#1122=EDGE_CURVE('',#867,#868,#486,.F.);
#1123=EDGE_CURVE('',#866,#868,#487,.F.);
#1124=EDGE_CURVE('',#865,#822,#488,.F.);
#1125=EDGE_CURVE('',#817,#867,#489,.T.);
#1126=EDGE_CURVE('',#836,#816,#490,.T.);
#1127=EDGE_CURVE('',#868,#835,#491,.T.);
#1128=ORIENTED_EDGE('',*,*,#869,.F.);
#1129=ORIENTED_EDGE('',*,*,#870,.T.);
#1130=ORIENTED_EDGE('',*,*,#871,.F.);
#1131=ORIENTED_EDGE('',*,*,#872,.F.);
#1132=ORIENTED_EDGE('',*,*,#870,.F.);
#1133=ORIENTED_EDGE('',*,*,#873,.F.);
#1134=ORIENTED_EDGE('',*,*,#874,.T.);
#1135=ORIENTED_EDGE('',*,*,#875,.F.);
#1136=ORIENTED_EDGE('',*,*,#874,.F.);
#1137=ORIENTED_EDGE('',*,*,#876,.F.);
#1138=ORIENTED_EDGE('',*,*,#877,.T.);
#1139=ORIENTED_EDGE('',*,*,#878,.F.);
#1140=ORIENTED_EDGE('',*,*,#879,.F.);
#1141=ORIENTED_EDGE('',*,*,#877,.F.);
#1142=ORIENTED_EDGE('',*,*,#880,.F.);
#1143=ORIENTED_EDGE('',*,*,#881,.T.);
#1144=ORIENTED_EDGE('',*,*,#882,.F.);
#1145=ORIENTED_EDGE('',*,*,#883,.F.);
#1146=ORIENTED_EDGE('',*,*,#884,.F.);
#1147=ORIENTED_EDGE('',*,*,#885,.F.);
#1148=ORIENTED_EDGE('',*,*,#886,.F.);
#1149=ORIENTED_EDGE('',*,*,#881,.F.);
#1150=ORIENTED_EDGE('',*,*,#887,.F.);
#1151=ORIENTED_EDGE('',*,*,#888,.T.);
#1152=ORIENTED_EDGE('',*,*,#889,.F.);
#1153=ORIENTED_EDGE('',*,*,#890,.F.);
#1154=ORIENTED_EDGE('',*,*,#891,.F.);
#1155=ORIENTED_EDGE('',*,*,#892,.F.);
#1156=ORIENTED_EDGE('',*,*,#893,.F.);
#1157=ORIENTED_EDGE('',*,*,#888,.F.);
#1158=ORIENTED_EDGE('',*,*,#894,.F.);
#1159=ORIENTED_EDGE('',*,*,#895,.T.);
#1160=ORIENTED_EDGE('',*,*,#896,.F.);
#1161=ORIENTED_EDGE('',*,*,#895,.F.);
#1162=ORIENTED_EDGE('',*,*,#897,.F.);
#1163=ORIENTED_EDGE('',*,*,#898,.T.);
#1164=ORIENTED_EDGE('',*,*,#899,.F.);
#1165=ORIENTED_EDGE('',*,*,#900,.F.);
#1166=ORIENTED_EDGE('',*,*,#901,.F.);
#1167=ORIENTED_EDGE('',*,*,#902,.F.);
#1168=ORIENTED_EDGE('',*,*,#903,.F.);
#1169=ORIENTED_EDGE('',*,*,#898,.F.);
#1170=ORIENTED_EDGE('',*,*,#904,.F.);
#1171=ORIENTED_EDGE('',*,*,#905,.T.);
#1172=ORIENTED_EDGE('',*,*,#906,.F.);
#1173=ORIENTED_EDGE('',*,*,#905,.F.);
#1174=ORIENTED_EDGE('',*,*,#907,.F.);
#1175=ORIENTED_EDGE('',*,*,#908,.T.);
#1176=ORIENTED_EDGE('',*,*,#909,.F.);
#1177=ORIENTED_EDGE('',*,*,#910,.F.);
#1178=ORIENTED_EDGE('',*,*,#911,.F.);
#1179=ORIENTED_EDGE('',*,*,#912,.F.);
#1180=ORIENTED_EDGE('',*,*,#913,.F.);
#1181=ORIENTED_EDGE('',*,*,#908,.F.);
#1182=ORIENTED_EDGE('',*,*,#885,.T.);
#1183=ORIENTED_EDGE('',*,*,#914,.T.);
#1184=ORIENTED_EDGE('',*,*,#915,.T.);
#1185=ORIENTED_EDGE('',*,*,#883,.T.);
#1186=ORIENTED_EDGE('',*,*,#916,.T.);
#1187=ORIENTED_EDGE('',*,*,#917,.T.);
#1188=ORIENTED_EDGE('',*,*,#918,.T.);
#1189=ORIENTED_EDGE('',*,*,#890,.T.);
#1190=ORIENTED_EDGE('',*,*,#919,.T.);
#1191=ORIENTED_EDGE('',*,*,#920,.F.);
#1192=ORIENTED_EDGE('',*,*,#921,.T.);
#1193=ORIENTED_EDGE('',*,*,#899,.T.);
#1194=ORIENTED_EDGE('',*,*,#903,.T.);
#1195=ORIENTED_EDGE('',*,*,#922,.T.);
#1196=ORIENTED_EDGE('',*,*,#923,.F.);
#1197=ORIENTED_EDGE('',*,*,#924,.T.);
#1198=ORIENTED_EDGE('',*,*,#901,.T.);
#1199=ORIENTED_EDGE('',*,*,#925,.T.);
#1200=ORIENTED_EDGE('',*,*,#926,.T.);
#1201=ORIENTED_EDGE('',*,*,#912,.T.);
#1202=ORIENTED_EDGE('',*,*,#927,.T.);
#1203=ORIENTED_EDGE('',*,*,#928,.F.);
#1204=ORIENTED_EDGE('',*,*,#929,.T.);
#1205=ORIENTED_EDGE('',*,*,#882,.T.);
#1206=ORIENTED_EDGE('',*,*,#886,.T.);
#1207=ORIENTED_EDGE('',*,*,#915,.F.);
#1208=ORIENTED_EDGE('',*,*,#930,.T.);
#1209=ORIENTED_EDGE('',*,*,#931,.F.);
#1210=ORIENTED_EDGE('',*,*,#891,.T.);
#1211=ORIENTED_EDGE('',*,*,#921,.F.);
#1212=ORIENTED_EDGE('',*,*,#932,.T.);
#1213=ORIENTED_EDGE('',*,*,#916,.F.);
#1214=ORIENTED_EDGE('',*,*,#871,.T.);
#1215=ORIENTED_EDGE('',*,*,#872,.T.);
#1216=ORIENTED_EDGE('',*,*,#933,.F.);
#1217=ORIENTED_EDGE('',*,*,#934,.F.);
#1218=ORIENTED_EDGE('',*,*,#935,.T.);
#1219=ORIENTED_EDGE('',*,*,#936,.F.);
#1220=ORIENTED_EDGE('',*,*,#937,.F.);
#1221=ORIENTED_EDGE('',*,*,#938,.F.);
#1222=ORIENTED_EDGE('',*,*,#939,.F.);
#1223=ORIENTED_EDGE('',*,*,#940,.F.);
#1224=ORIENTED_EDGE('',*,*,#941,.T.);
#1225=ORIENTED_EDGE('',*,*,#942,.F.);
#1226=ORIENTED_EDGE('',*,*,#940,.T.);
#1227=ORIENTED_EDGE('',*,*,#943,.F.);
#1228=ORIENTED_EDGE('',*,*,#944,.F.);
#1229=ORIENTED_EDGE('',*,*,#945,.F.);
#1230=ORIENTED_EDGE('',*,*,#946,.F.);
#1231=ORIENTED_EDGE('',*,*,#947,.F.);
#1232=ORIENTED_EDGE('',*,*,#948,.F.);
#1233=ORIENTED_EDGE('',*,*,#949,.F.);
#1234=ORIENTED_EDGE('',*,*,#934,.T.);
#1235=ORIENTED_EDGE('',*,*,#950,.F.);
#1236=ORIENTED_EDGE('',*,*,#951,.T.);
#1237=ORIENTED_EDGE('',*,*,#952,.F.);
#1238=ORIENTED_EDGE('',*,*,#953,.F.);
#1239=ORIENTED_EDGE('',*,*,#954,.F.);
#1240=ORIENTED_EDGE('',*,*,#955,.T.);
#1241=ORIENTED_EDGE('',*,*,#956,.T.);
#1242=ORIENTED_EDGE('',*,*,#957,.F.);
#1243=ORIENTED_EDGE('',*,*,#958,.F.);
#1244=ORIENTED_EDGE('',*,*,#959,.T.);
#1245=ORIENTED_EDGE('',*,*,#960,.F.);
#1246=ORIENTED_EDGE('',*,*,#961,.F.);
#1247=ORIENTED_EDGE('',*,*,#962,.T.);
#1248=ORIENTED_EDGE('',*,*,#963,.T.);
#1249=ORIENTED_EDGE('',*,*,#948,.T.);
#1250=ORIENTED_EDGE('',*,*,#964,.F.);
#1251=ORIENTED_EDGE('',*,*,#965,.F.);
#1252=ORIENTED_EDGE('',*,*,#966,.F.);
#1253=ORIENTED_EDGE('',*,*,#946,.T.);
#1254=ORIENTED_EDGE('',*,*,#956,.F.);
#1255=ORIENTED_EDGE('',*,*,#967,.T.);
#1256=ORIENTED_EDGE('',*,*,#968,.F.);
#1257=ORIENTED_EDGE('',*,*,#969,.T.);
#1258=ORIENTED_EDGE('',*,*,#970,.F.);
#1259=ORIENTED_EDGE('',*,*,#954,.T.);
#1260=ORIENTED_EDGE('',*,*,#971,.T.);
#1261=ORIENTED_EDGE('',*,*,#972,.F.);
#1262=ORIENTED_EDGE('',*,*,#973,.F.);
#1263=ORIENTED_EDGE('',*,*,#974,.F.);
#1264=ORIENTED_EDGE('',*,*,#975,.F.);
#1265=ORIENTED_EDGE('',*,*,#960,.T.);
#1266=ORIENTED_EDGE('',*,*,#976,.F.);
#1267=ORIENTED_EDGE('',*,*,#977,.F.);
#1268=ORIENTED_EDGE('',*,*,#978,.F.);
#1269=ORIENTED_EDGE('',*,*,#952,.T.);
#1270=ORIENTED_EDGE('',*,*,#935,.F.);
#1271=ORIENTED_EDGE('',*,*,#949,.T.);
#1272=ORIENTED_EDGE('',*,*,#963,.F.);
#1273=ORIENTED_EDGE('',*,*,#979,.F.);
#1274=ORIENTED_EDGE('',*,*,#953,.T.);
#1275=ORIENTED_EDGE('',*,*,#978,.T.);
#1276=ORIENTED_EDGE('',*,*,#980,.F.);
#1277=ORIENTED_EDGE('',*,*,#971,.F.);
#1278=ORIENTED_EDGE('',*,*,#975,.T.);
#1279=ORIENTED_EDGE('',*,*,#981,.T.);
#1280=ORIENTED_EDGE('',*,*,#982,.T.);
#1281=ORIENTED_EDGE('',*,*,#957,.T.);
#1282=ORIENTED_EDGE('',*,*,#968,.T.);
#1283=ORIENTED_EDGE('',*,*,#983,.T.);
#1284=ORIENTED_EDGE('',*,*,#972,.T.);
#1285=ORIENTED_EDGE('',*,*,#980,.T.);
#1286=ORIENTED_EDGE('',*,*,#977,.T.);
#1287=ORIENTED_EDGE('',*,*,#984,.T.);
#1288=ORIENTED_EDGE('',*,*,#985,.F.);
#1289=ORIENTED_EDGE('',*,*,#936,.T.);
#1290=ORIENTED_EDGE('',*,*,#979,.T.);
#1291=ORIENTED_EDGE('',*,*,#962,.F.);
#1292=ORIENTED_EDGE('',*,*,#986,.F.);
#1293=ORIENTED_EDGE('',*,*,#965,.T.);
#1294=ORIENTED_EDGE('',*,*,#987,.F.);
#1295=ORIENTED_EDGE('',*,*,#988,.F.);
#1296=ORIENTED_EDGE('',*,*,#989,.T.);
#1297=ORIENTED_EDGE('',*,*,#938,.T.);
#1298=ORIENTED_EDGE('',*,*,#990,.F.);
#1299=ORIENTED_EDGE('',*,*,#991,.T.);
#1300=ORIENTED_EDGE('',*,*,#974,.T.);
#1301=ORIENTED_EDGE('',*,*,#992,.T.);
#1302=ORIENTED_EDGE('',*,*,#993,.T.);
#1303=ORIENTED_EDGE('',*,*,#981,.F.);
#1304=ORIENTED_EDGE('',*,*,#994,.F.);
#1305=ORIENTED_EDGE('',*,*,#984,.F.);
#1306=ORIENTED_EDGE('',*,*,#976,.T.);
#1307=ORIENTED_EDGE('',*,*,#951,.F.);
#1308=ORIENTED_EDGE('',*,*,#970,.T.);
#1309=ORIENTED_EDGE('',*,*,#983,.F.);
#1310=ORIENTED_EDGE('',*,*,#967,.F.);
#1311=ORIENTED_EDGE('',*,*,#955,.F.);
#1312=ORIENTED_EDGE('',*,*,#995,.F.);
#1313=ORIENTED_EDGE('',*,*,#944,.T.);
#1314=ORIENTED_EDGE('',*,*,#996,.T.);
#1315=ORIENTED_EDGE('',*,*,#988,.T.);
#1316=ORIENTED_EDGE('',*,*,#997,.F.);
#1317=ORIENTED_EDGE('',*,*,#941,.F.);
#1318=ORIENTED_EDGE('',*,*,#969,.F.);
#1319=ORIENTED_EDGE('',*,*,#991,.F.);
#1320=ORIENTED_EDGE('',*,*,#973,.T.);
#1321=ORIENTED_EDGE('',*,*,#959,.F.);
#1322=ORIENTED_EDGE('',*,*,#998,.F.);
#1323=ORIENTED_EDGE('',*,*,#992,.F.);
#1324=ORIENTED_EDGE('',*,*,#939,.T.);
#1325=ORIENTED_EDGE('',*,*,#989,.F.);
#1326=ORIENTED_EDGE('',*,*,#996,.F.);
#1327=ORIENTED_EDGE('',*,*,#943,.T.);
#1328=ORIENTED_EDGE('',*,*,#998,.T.);
#1329=ORIENTED_EDGE('',*,*,#958,.T.);
#1330=ORIENTED_EDGE('',*,*,#982,.F.);
#1331=ORIENTED_EDGE('',*,*,#993,.F.);
#1332=ORIENTED_EDGE('',*,*,#999,.T.);
#1333=ORIENTED_EDGE('',*,*,#1000,.T.);
#1334=ORIENTED_EDGE('',*,*,#917,.F.);
#1335=ORIENTED_EDGE('',*,*,#1001,.T.);
#1336=ORIENTED_EDGE('',*,*,#1001,.F.);
#1337=ORIENTED_EDGE('',*,*,#932,.F.);
#1338=ORIENTED_EDGE('',*,*,#1002,.F.);
#1339=ORIENTED_EDGE('',*,*,#1003,.T.);
#1340=ORIENTED_EDGE('',*,*,#884,.T.);
#1341=ORIENTED_EDGE('',*,*,#918,.F.);
#1342=ORIENTED_EDGE('',*,*,#1004,.T.);
#1343=ORIENTED_EDGE('',*,*,#1005,.F.);
#1344=ORIENTED_EDGE('',*,*,#1006,.F.);
#1345=ORIENTED_EDGE('',*,*,#1007,.F.);
#1346=ORIENTED_EDGE('',*,*,#1008,.T.);
#1347=ORIENTED_EDGE('',*,*,#927,.F.);
#1348=ORIENTED_EDGE('',*,*,#911,.T.);
#1349=ORIENTED_EDGE('',*,*,#1009,.F.);
#1350=ORIENTED_EDGE('',*,*,#1010,.T.);
#1351=ORIENTED_EDGE('',*,*,#914,.F.);
#1352=ORIENTED_EDGE('',*,*,#1011,.T.);
#1353=ORIENTED_EDGE('',*,*,#1012,.T.);
#1354=ORIENTED_EDGE('',*,*,#928,.T.);
#1355=ORIENTED_EDGE('',*,*,#1013,.T.);
#1356=ORIENTED_EDGE('',*,*,#910,.T.);
#1357=ORIENTED_EDGE('',*,*,#1014,.T.);
#1358=ORIENTED_EDGE('',*,*,#1009,.T.);
#1359=ORIENTED_EDGE('',*,*,#1012,.F.);
#1360=ORIENTED_EDGE('',*,*,#1015,.T.);
#1361=ORIENTED_EDGE('',*,*,#1016,.F.);
#1362=ORIENTED_EDGE('',*,*,#1017,.F.);
#1363=ORIENTED_EDGE('',*,*,#1011,.F.);
#1364=ORIENTED_EDGE('',*,*,#1018,.F.);
#1365=ORIENTED_EDGE('',*,*,#1019,.T.);
#1366=ORIENTED_EDGE('',*,*,#1020,.T.);
#1367=ORIENTED_EDGE('',*,*,#1021,.F.);
#1368=ORIENTED_EDGE('',*,*,#1022,.T.);
#1369=ORIENTED_EDGE('',*,*,#1023,.T.);
#1370=ORIENTED_EDGE('',*,*,#1024,.T.);
#1371=ORIENTED_EDGE('',*,*,#1025,.F.);
#1372=ORIENTED_EDGE('',*,*,#1026,.T.);
#1373=ORIENTED_EDGE('',*,*,#1027,.T.);
#1374=ORIENTED_EDGE('',*,*,#1028,.T.);
#1375=ORIENTED_EDGE('',*,*,#1029,.T.);
#1376=ORIENTED_EDGE('',*,*,#1030,.F.);
#1377=ORIENTED_EDGE('',*,*,#1031,.F.);
#1378=ORIENTED_EDGE('',*,*,#1015,.F.);
#1379=ORIENTED_EDGE('',*,*,#876,.T.);
#1380=ORIENTED_EDGE('',*,*,#897,.T.);
#1381=ORIENTED_EDGE('',*,*,#907,.T.);
#1382=ORIENTED_EDGE('',*,*,#1000,.F.);
#1383=ORIENTED_EDGE('',*,*,#1032,.T.);
#1384=ORIENTED_EDGE('',*,*,#1033,.F.);
#1385=ORIENTED_EDGE('',*,*,#1034,.T.);
#1386=ORIENTED_EDGE('',*,*,#1035,.F.);
#1387=ORIENTED_EDGE('',*,*,#1018,.T.);
#1388=ORIENTED_EDGE('',*,*,#1013,.F.);
#1389=ORIENTED_EDGE('',*,*,#1008,.F.);
#1390=ORIENTED_EDGE('',*,*,#1036,.F.);
#1391=ORIENTED_EDGE('',*,*,#1037,.F.);
#1392=ORIENTED_EDGE('',*,*,#1038,.F.);
#1393=ORIENTED_EDGE('',*,*,#1039,.F.);
#1394=ORIENTED_EDGE('',*,*,#1040,.F.);
#1395=ORIENTED_EDGE('',*,*,#1041,.F.);
#1396=ORIENTED_EDGE('',*,*,#1042,.F.);
#1397=ORIENTED_EDGE('',*,*,#1004,.F.);
#1398=ORIENTED_EDGE('',*,*,#1043,.T.);
#1399=ORIENTED_EDGE('',*,*,#1044,.T.);
#1400=ORIENTED_EDGE('',*,*,#1045,.T.);
#1401=ORIENTED_EDGE('',*,*,#1033,.T.);
#1402=ORIENTED_EDGE('',*,*,#1044,.F.);
#1403=ORIENTED_EDGE('',*,*,#1046,.T.);
#1404=ORIENTED_EDGE('',*,*,#1047,.F.);
#1405=ORIENTED_EDGE('',*,*,#1048,.F.);
#1406=ORIENTED_EDGE('',*,*,#999,.F.);
#1407=ORIENTED_EDGE('',*,*,#1003,.F.);
#1408=ORIENTED_EDGE('',*,*,#1049,.F.);
#1409=ORIENTED_EDGE('',*,*,#1050,.F.);
#1410=ORIENTED_EDGE('',*,*,#1051,.F.);
#1411=ORIENTED_EDGE('',*,*,#1046,.F.);
#1412=ORIENTED_EDGE('',*,*,#1043,.F.);
#1413=ORIENTED_EDGE('',*,*,#1032,.F.);
#1414=ORIENTED_EDGE('',*,*,#1052,.T.);
#1415=ORIENTED_EDGE('',*,*,#1053,.T.);
#1416=ORIENTED_EDGE('',*,*,#1054,.T.);
#1417=ORIENTED_EDGE('',*,*,#1055,.T.);
#1418=ORIENTED_EDGE('',*,*,#904,.T.);
#1419=ORIENTED_EDGE('',*,*,#894,.T.);
#1420=ORIENTED_EDGE('',*,*,#887,.T.);
#1421=ORIENTED_EDGE('',*,*,#880,.T.);
#1422=ORIENTED_EDGE('',*,*,#873,.T.);
#1423=ORIENTED_EDGE('',*,*,#869,.T.);
#1424=ORIENTED_EDGE('',*,*,#1031,.T.);
#1425=ORIENTED_EDGE('',*,*,#1056,.T.);
#1426=ORIENTED_EDGE('',*,*,#923,.T.);
#1427=ORIENTED_EDGE('',*,*,#1016,.T.);
#1428=ORIENTED_EDGE('',*,*,#902,.T.);
#1429=ORIENTED_EDGE('',*,*,#926,.F.);
#1430=ORIENTED_EDGE('',*,*,#1057,.T.);
#1431=ORIENTED_EDGE('',*,*,#1014,.F.);
#1432=ORIENTED_EDGE('',*,*,#909,.T.);
#1433=ORIENTED_EDGE('',*,*,#913,.T.);
#1434=ORIENTED_EDGE('',*,*,#929,.F.);
#1435=ORIENTED_EDGE('',*,*,#1017,.T.);
#1436=ORIENTED_EDGE('',*,*,#922,.F.);
#1437=ORIENTED_EDGE('',*,*,#878,.T.);
#1438=ORIENTED_EDGE('',*,*,#879,.T.);
#1439=ORIENTED_EDGE('',*,*,#889,.T.);
#1440=ORIENTED_EDGE('',*,*,#893,.T.);
#1441=ORIENTED_EDGE('',*,*,#1058,.F.);
#1442=ORIENTED_EDGE('',*,*,#1059,.T.);
#1443=ORIENTED_EDGE('',*,*,#925,.F.);
#1444=ORIENTED_EDGE('',*,*,#900,.T.);
#1445=ORIENTED_EDGE('',*,*,#924,.F.);
#1446=ORIENTED_EDGE('',*,*,#1060,.T.);
#1447=ORIENTED_EDGE('',*,*,#919,.F.);
#1448=ORIENTED_EDGE('',*,*,#1056,.F.);
#1449=ORIENTED_EDGE('',*,*,#1030,.T.);
#1450=ORIENTED_EDGE('',*,*,#1061,.T.);
#1451=ORIENTED_EDGE('',*,*,#1062,.T.);
#1452=ORIENTED_EDGE('',*,*,#1063,.F.);
#1453=ORIENTED_EDGE('',*,*,#1050,.T.);
#1454=ORIENTED_EDGE('',*,*,#1064,.F.);
#1455=ORIENTED_EDGE('',*,*,#1060,.F.);
#1456=ORIENTED_EDGE('',*,*,#1051,.T.);
#1457=ORIENTED_EDGE('',*,*,#1063,.T.);
#1458=ORIENTED_EDGE('',*,*,#1065,.T.);
#1459=ORIENTED_EDGE('',*,*,#1047,.T.);
#1460=ORIENTED_EDGE('',*,*,#1049,.T.);
#1461=ORIENTED_EDGE('',*,*,#1002,.T.);
#1462=ORIENTED_EDGE('',*,*,#920,.T.);
#1463=ORIENTED_EDGE('',*,*,#1064,.T.);
#1464=ORIENTED_EDGE('',*,*,#892,.T.);
#1465=ORIENTED_EDGE('',*,*,#931,.T.);
#1466=ORIENTED_EDGE('',*,*,#1058,.T.);
#1467=ORIENTED_EDGE('',*,*,#1066,.T.);
#1468=ORIENTED_EDGE('',*,*,#1067,.T.);
#1469=ORIENTED_EDGE('',*,*,#1025,.T.);
#1470=ORIENTED_EDGE('',*,*,#1068,.T.);
#1471=ORIENTED_EDGE('',*,*,#1069,.T.);
#1472=ORIENTED_EDGE('',*,*,#1070,.T.);
#1473=ORIENTED_EDGE('',*,*,#1066,.F.);
#1474=ORIENTED_EDGE('',*,*,#1071,.T.);
#1475=ORIENTED_EDGE('',*,*,#1072,.T.);
#1476=ORIENTED_EDGE('',*,*,#1073,.T.);
#1477=ORIENTED_EDGE('',*,*,#1069,.F.);
#1478=ORIENTED_EDGE('',*,*,#1074,.T.);
#1479=ORIENTED_EDGE('',*,*,#1075,.T.);
#1480=ORIENTED_EDGE('',*,*,#1076,.T.);
#1481=ORIENTED_EDGE('',*,*,#1072,.F.);
#1482=ORIENTED_EDGE('',*,*,#1077,.T.);
#1483=ORIENTED_EDGE('',*,*,#1078,.T.);
#1484=ORIENTED_EDGE('',*,*,#1079,.T.);
#1485=ORIENTED_EDGE('',*,*,#1075,.F.);
#1486=ORIENTED_EDGE('',*,*,#1080,.T.);
#1487=ORIENTED_EDGE('',*,*,#1081,.T.);
#1488=ORIENTED_EDGE('',*,*,#1082,.T.);
#1489=ORIENTED_EDGE('',*,*,#1078,.F.);
#1490=ORIENTED_EDGE('',*,*,#1083,.T.);
#1491=ORIENTED_EDGE('',*,*,#1021,.T.);
#1492=ORIENTED_EDGE('',*,*,#1084,.T.);
#1493=ORIENTED_EDGE('',*,*,#1081,.F.);
#1494=ORIENTED_EDGE('',*,*,#1085,.T.);
#1495=ORIENTED_EDGE('',*,*,#1022,.F.);
#1496=ORIENTED_EDGE('',*,*,#1085,.F.);
#1497=ORIENTED_EDGE('',*,*,#1086,.F.);
#1498=ORIENTED_EDGE('',*,*,#1087,.F.);
#1499=ORIENTED_EDGE('',*,*,#1088,.F.);
#1500=ORIENTED_EDGE('',*,*,#1089,.T.);
#1501=ORIENTED_EDGE('',*,*,#1090,.T.);
#1502=ORIENTED_EDGE('',*,*,#1083,.F.);
#1503=ORIENTED_EDGE('',*,*,#1091,.F.);
#1504=ORIENTED_EDGE('',*,*,#1092,.F.);
#1505=ORIENTED_EDGE('',*,*,#1086,.T.);
#1506=ORIENTED_EDGE('',*,*,#1080,.F.);
#1507=ORIENTED_EDGE('',*,*,#1093,.F.);
#1508=ORIENTED_EDGE('',*,*,#1094,.F.);
#1509=ORIENTED_EDGE('',*,*,#1091,.T.);
#1510=ORIENTED_EDGE('',*,*,#1077,.F.);
#1511=ORIENTED_EDGE('',*,*,#1095,.F.);
#1512=ORIENTED_EDGE('',*,*,#1096,.F.);
#1513=ORIENTED_EDGE('',*,*,#1093,.T.);
#1514=ORIENTED_EDGE('',*,*,#1074,.F.);
#1515=ORIENTED_EDGE('',*,*,#1097,.F.);
#1516=ORIENTED_EDGE('',*,*,#1098,.F.);
#1517=ORIENTED_EDGE('',*,*,#1095,.T.);
#1518=ORIENTED_EDGE('',*,*,#1071,.F.);
#1519=ORIENTED_EDGE('',*,*,#1099,.F.);
#1520=ORIENTED_EDGE('',*,*,#1100,.F.);
#1521=ORIENTED_EDGE('',*,*,#1097,.T.);
#1522=ORIENTED_EDGE('',*,*,#1068,.F.);
#1523=ORIENTED_EDGE('',*,*,#1024,.F.);
#1524=ORIENTED_EDGE('',*,*,#1101,.T.);
#1525=ORIENTED_EDGE('',*,*,#1102,.F.);
#1526=ORIENTED_EDGE('',*,*,#1103,.F.);
#1527=ORIENTED_EDGE('',*,*,#1104,.F.);
#1528=ORIENTED_EDGE('',*,*,#1099,.T.);
#1529=ORIENTED_EDGE('',*,*,#1105,.T.);
#1530=ORIENTED_EDGE('',*,*,#1087,.T.);
#1531=ORIENTED_EDGE('',*,*,#1106,.T.);
#1532=ORIENTED_EDGE('',*,*,#1036,.T.);
#1533=ORIENTED_EDGE('',*,*,#1107,.T.);
#1534=ORIENTED_EDGE('',*,*,#1037,.T.);
#1535=ORIENTED_EDGE('',*,*,#1106,.F.);
#1536=ORIENTED_EDGE('',*,*,#1092,.T.);
#1537=ORIENTED_EDGE('',*,*,#1108,.T.);
#1538=ORIENTED_EDGE('',*,*,#1096,.T.);
#1539=ORIENTED_EDGE('',*,*,#1109,.T.);
#1540=ORIENTED_EDGE('',*,*,#1039,.T.);
#1541=ORIENTED_EDGE('',*,*,#1110,.T.);
#1542=ORIENTED_EDGE('',*,*,#1040,.T.);
#1543=ORIENTED_EDGE('',*,*,#1109,.F.);
#1544=ORIENTED_EDGE('',*,*,#1098,.T.);
#1545=ORIENTED_EDGE('',*,*,#1111,.T.);
#1546=ORIENTED_EDGE('',*,*,#1041,.T.);
#1547=ORIENTED_EDGE('',*,*,#1110,.F.);
#1548=ORIENTED_EDGE('',*,*,#1100,.T.);
#1549=ORIENTED_EDGE('',*,*,#1112,.T.);
#1550=ORIENTED_EDGE('',*,*,#1042,.T.);
#1551=ORIENTED_EDGE('',*,*,#1111,.F.);
#1552=ORIENTED_EDGE('',*,*,#1104,.T.);
#1553=ORIENTED_EDGE('',*,*,#1108,.F.);
#1554=ORIENTED_EDGE('',*,*,#1038,.T.);
#1555=ORIENTED_EDGE('',*,*,#1107,.F.);
#1556=ORIENTED_EDGE('',*,*,#1094,.T.);
#1557=ORIENTED_EDGE('',*,*,#1113,.T.);
#1558=ORIENTED_EDGE('',*,*,#1005,.T.);
#1559=ORIENTED_EDGE('',*,*,#1112,.F.);
#1560=ORIENTED_EDGE('',*,*,#1103,.T.);
#1561=ORIENTED_EDGE('',*,*,#1114,.T.);
#1562=ORIENTED_EDGE('',*,*,#1088,.T.);
#1563=ORIENTED_EDGE('',*,*,#1105,.F.);
#1564=ORIENTED_EDGE('',*,*,#1007,.T.);
#1565=ORIENTED_EDGE('',*,*,#1114,.F.);
#1566=ORIENTED_EDGE('',*,*,#1006,.T.);
#1567=ORIENTED_EDGE('',*,*,#1113,.F.);
#1568=ORIENTED_EDGE('',*,*,#1115,.T.);
#1569=ORIENTED_EDGE('',*,*,#1059,.F.);
#1570=ORIENTED_EDGE('',*,*,#930,.F.);
#1571=ORIENTED_EDGE('',*,*,#1010,.F.);
#1572=ORIENTED_EDGE('',*,*,#1057,.F.);
#1573=ORIENTED_EDGE('',*,*,#1023,.F.);
#1574=ORIENTED_EDGE('',*,*,#1090,.F.);
#1575=ORIENTED_EDGE('',*,*,#1116,.F.);
#1576=ORIENTED_EDGE('',*,*,#1101,.F.);
#1577=ORIENTED_EDGE('',*,*,#1115,.F.);
#1578=ORIENTED_EDGE('',*,*,#1102,.T.);
#1579=ORIENTED_EDGE('',*,*,#1116,.T.);
#1580=ORIENTED_EDGE('',*,*,#1089,.F.);
#1581=ORIENTED_EDGE('',*,*,#1084,.F.);
#1582=ORIENTED_EDGE('',*,*,#1020,.F.);
#1583=ORIENTED_EDGE('',*,*,#1117,.F.);
#1584=ORIENTED_EDGE('',*,*,#1118,.F.);
#1585=ORIENTED_EDGE('',*,*,#1119,.F.);
#1586=ORIENTED_EDGE('',*,*,#1054,.F.);
#1587=ORIENTED_EDGE('',*,*,#1120,.F.);
#1588=ORIENTED_EDGE('',*,*,#1026,.F.);
#1589=ORIENTED_EDGE('',*,*,#1067,.F.);
#1590=ORIENTED_EDGE('',*,*,#1070,.F.);
#1591=ORIENTED_EDGE('',*,*,#1073,.F.);
#1592=ORIENTED_EDGE('',*,*,#1076,.F.);
#1593=ORIENTED_EDGE('',*,*,#1079,.F.);
#1594=ORIENTED_EDGE('',*,*,#1082,.F.);
#1595=ORIENTED_EDGE('',*,*,#1045,.F.);
#1596=ORIENTED_EDGE('',*,*,#1048,.T.);
#1597=ORIENTED_EDGE('',*,*,#1065,.F.);
#1598=ORIENTED_EDGE('',*,*,#1062,.F.);
#1599=ORIENTED_EDGE('',*,*,#1121,.T.);
#1600=ORIENTED_EDGE('',*,*,#1122,.T.);
#1601=ORIENTED_EDGE('',*,*,#1123,.F.);
#1602=ORIENTED_EDGE('',*,*,#1118,.T.);
#1603=ORIENTED_EDGE('',*,*,#1124,.T.);
#1604=ORIENTED_EDGE('',*,*,#1034,.F.);
#1605=ORIENTED_EDGE('',*,*,#875,.T.);
#1606=ORIENTED_EDGE('',*,*,#896,.T.);
#1607=ORIENTED_EDGE('',*,*,#906,.T.);
#1608=ORIENTED_EDGE('',*,*,#1124,.F.);
#1609=ORIENTED_EDGE('',*,*,#1117,.T.);
#1610=ORIENTED_EDGE('',*,*,#1019,.F.);
#1611=ORIENTED_EDGE('',*,*,#1035,.T.);
#1612=ORIENTED_EDGE('',*,*,#1121,.F.);
#1613=ORIENTED_EDGE('',*,*,#1061,.F.);
#1614=ORIENTED_EDGE('',*,*,#1029,.F.);
#1615=ORIENTED_EDGE('',*,*,#1125,.T.);
#1616=ORIENTED_EDGE('',*,*,#1122,.F.);
#1617=ORIENTED_EDGE('',*,*,#1125,.F.);
#1618=ORIENTED_EDGE('',*,*,#1028,.F.);
#1619=ORIENTED_EDGE('',*,*,#1126,.F.);
#1620=ORIENTED_EDGE('',*,*,#1052,.F.);
#1621=ORIENTED_EDGE('',*,*,#1127,.F.);
#1622=ORIENTED_EDGE('',*,*,#1119,.T.);
#1623=ORIENTED_EDGE('',*,*,#1123,.T.);
#1624=ORIENTED_EDGE('',*,*,#1127,.T.);
#1625=ORIENTED_EDGE('',*,*,#1055,.F.);
#1626=ORIENTED_EDGE('',*,*,#990,.T.);
#1627=ORIENTED_EDGE('',*,*,#937,.T.);
#1628=ORIENTED_EDGE('',*,*,#942,.T.);
#1629=ORIENTED_EDGE('',*,*,#997,.T.);
#1630=ORIENTED_EDGE('',*,*,#987,.T.);
#1631=ORIENTED_EDGE('',*,*,#964,.T.);
#1632=ORIENTED_EDGE('',*,*,#945,.T.);
#1633=ORIENTED_EDGE('',*,*,#995,.T.);
#1634=ORIENTED_EDGE('',*,*,#1126,.T.);
#1635=ORIENTED_EDGE('',*,*,#1027,.F.);
#1636=ORIENTED_EDGE('',*,*,#1120,.T.);
#1637=ORIENTED_EDGE('',*,*,#1053,.F.);
#1638=ORIENTED_EDGE('',*,*,#950,.T.);
#1639=ORIENTED_EDGE('',*,*,#933,.T.);
#1640=ORIENTED_EDGE('',*,*,#985,.T.);
#1641=ORIENTED_EDGE('',*,*,#994,.T.);
#1642=ORIENTED_EDGE('',*,*,#986,.T.);
#1643=ORIENTED_EDGE('',*,*,#961,.T.);
#1644=ORIENTED_EDGE('',*,*,#947,.T.);
#1645=ORIENTED_EDGE('',*,*,#966,.T.);
#1646=CYLINDRICAL_SURFACE('',#1778,1.45);
#1647=CYLINDRICAL_SURFACE('',#1780,1.45000000000001);
#1648=CYLINDRICAL_SURFACE('',#1783,1.45000000000001);
#1649=CYLINDRICAL_SURFACE('',#1785,1.45);
#1650=CYLINDRICAL_SURFACE('',#1787,1.45);
#1651=CYLINDRICAL_SURFACE('',#1789,1.45);
#1652=CYLINDRICAL_SURFACE('',#1792,1.45);
#1653=CYLINDRICAL_SURFACE('',#1794,1.45);
#1654=CYLINDRICAL_SURFACE('',#1797,1.45);
#1655=CYLINDRICAL_SURFACE('',#1815,5.);
#1656=CYLINDRICAL_SURFACE('',#1837,0.8);
#1657=CYLINDRICAL_SURFACE('',#1840,5.);
#1658=CYLINDRICAL_SURFACE('',#1842,0.8);
#1659=CYLINDRICAL_SURFACE('',#1853,0.8);
#1660=CYLINDRICAL_SURFACE('',#1860,0.8);
#1661=CYLINDRICAL_SURFACE('',#1861,5.);
#1662=CYLINDRICAL_SURFACE('',#1862,5.);
#1663=CYLINDRICAL_SURFACE('',#1865,0.8);
#1664=CYLINDRICAL_SURFACE('',#1867,0.8);
#1665=CYLINDRICAL_SURFACE('',#1872,2.);
#1666=CYLINDRICAL_SURFACE('',#1878,2.);
#1667=CYLINDRICAL_SURFACE('',#1884,2.);
#1668=CYLINDRICAL_SURFACE('',#1889,1.99999999999999);
#1669=CYLINDRICAL_SURFACE('',#1893,1.99999999999999);
#1670=CYLINDRICAL_SURFACE('',#1896,1.99999999999999);
#1671=CYLINDRICAL_SURFACE('',#1899,1.99999999999999);
#1672=CYLINDRICAL_SURFACE('',#1905,2.);
#1673=CYLINDRICAL_SURFACE('',#1907,2.);
#1674=CYLINDRICAL_SURFACE('',#1912,2.);
#1675=CYLINDRICAL_SURFACE('',#1919,2.);
#1676=ADVANCED_FACE('',(#110),#1646,.F.);
#1677=ADVANCED_FACE('',(#111),#1647,.F.);
#1678=ADVANCED_FACE('',(#112),#1648,.F.);
#1679=ADVANCED_FACE('',(#113),#1649,.F.);
#1680=ADVANCED_FACE('',(#114),#1650,.F.);
#1681=ADVANCED_FACE('',(#115),#1651,.F.);
#1682=ADVANCED_FACE('',(#116),#1652,.F.);
#1683=ADVANCED_FACE('',(#117),#1653,.F.);
#1684=ADVANCED_FACE('',(#118),#1654,.F.);
#1685=ADVANCED_FACE('',(#119),#100,.F.);
#1686=ADVANCED_FACE('',(#120),#101,.F.);
#1687=ADVANCED_FACE('',(#121),#102,.F.);
#1688=ADVANCED_FACE('',(#122),#103,.F.);
#1689=ADVANCED_FACE('',(#123),#104,.F.);
#1690=ADVANCED_FACE('',(#124),#105,.F.);
#1691=ADVANCED_FACE('',(#125,#63),#1655,.T.);
#1692=ADVANCED_FACE('',(#126),#23,.F.);
#1693=ADVANCED_FACE('',(#127),#24,.F.);
#1694=ADVANCED_FACE('',(#128,#64),#25,.F.);
#1695=ADVANCED_FACE('',(#129),#26,.F.);
#1696=ADVANCED_FACE('',(#130),#27,.F.);
#1697=ADVANCED_FACE('',(#131),#28,.F.);
#1698=ADVANCED_FACE('',(#132),#29,.F.);
#1699=ADVANCED_FACE('',(#133),#30,.F.);
#1700=ADVANCED_FACE('',(#134),#31,.F.);
#1701=ADVANCED_FACE('',(#135),#32,.F.);
#1702=ADVANCED_FACE('',(#136),#33,.F.);
#1703=ADVANCED_FACE('',(#137),#34,.F.);
#1704=ADVANCED_FACE('',(#138,#65),#35,.F.);
#1705=ADVANCED_FACE('',(#139),#36,.F.);
#1706=ADVANCED_FACE('',(#140),#37,.F.);
#1707=ADVANCED_FACE('',(#141),#38,.F.);
#1708=ADVANCED_FACE('',(#142),#39,.F.);
#1709=ADVANCED_FACE('',(#143),#40,.F.);
#1710=ADVANCED_FACE('',(#144),#41,.F.);
#1711=ADVANCED_FACE('',(#145),#42,.F.);
#1712=ADVANCED_FACE('',(#146),#1656,.T.);
#1713=ADVANCED_FACE('',(#147),#43,.T.);
#1714=ADVANCED_FACE('',(#148),#1657,.T.);
#1715=ADVANCED_FACE('',(#149),#1658,.T.);
#1716=ADVANCED_FACE('',(#150),#106,.F.);
#1717=ADVANCED_FACE('',(#151),#44,.T.);
#1718=ADVANCED_FACE('',(#152,#66,#67,#68),#45,.T.);
#1719=ADVANCED_FACE('',(#153),#46,.T.);
#1720=ADVANCED_FACE('',(#154),#1659,.T.);
#1721=ADVANCED_FACE('',(#155),#47,.T.);
#1722=ADVANCED_FACE('',(#156,#69,#70,#71,#72,#73,#74,#75),#48,.F.);
#1723=ADVANCED_FACE('',(#157),#1660,.T.);
#1724=ADVANCED_FACE('',(#158,#76),#1661,.T.);
#1725=ADVANCED_FACE('',(#159),#1662,.T.);
#1726=ADVANCED_FACE('',(#160),#49,.T.);
#1727=ADVANCED_FACE('',(#161),#1663,.T.);
#1728=ADVANCED_FACE('',(#162),#1664,.T.);
#1729=ADVANCED_FACE('',(#163),#107,.F.);
#1730=ADVANCED_FACE('',(#164),#15,.T.);
#1731=ADVANCED_FACE('',(#165),#1665,.T.);
#1732=ADVANCED_FACE('',(#166),#16,.T.);
#1733=ADVANCED_FACE('',(#167),#1666,.T.);
#1734=ADVANCED_FACE('',(#168),#17,.T.);
#1735=ADVANCED_FACE('',(#169),#1667,.T.);
#1736=ADVANCED_FACE('',(#170),#18,.T.);
#1737=ADVANCED_FACE('',(#171),#1668,.F.);
#1738=ADVANCED_FACE('',(#172),#50,.F.);
#1739=ADVANCED_FACE('',(#173),#1669,.F.);
#1740=ADVANCED_FACE('',(#174),#51,.F.);
#1741=ADVANCED_FACE('',(#175),#1670,.F.);
#1742=ADVANCED_FACE('',(#176),#52,.F.);
#1743=ADVANCED_FACE('',(#177),#1671,.F.);
#1744=ADVANCED_FACE('',(#178),#19,.T.);
#1745=ADVANCED_FACE('',(#179),#1672,.T.);
#1746=ADVANCED_FACE('',(#180),#1673,.T.);
#1747=ADVANCED_FACE('',(#181),#20,.T.);
#1748=ADVANCED_FACE('',(#182),#1674,.T.);
#1749=ADVANCED_FACE('',(#183),#21,.T.);
#1750=ADVANCED_FACE('',(#184),#22,.T.);
#1751=ADVANCED_FACE('',(#185),#108,.F.);
#1752=ADVANCED_FACE('',(#186),#109,.F.);
#1753=ADVANCED_FACE('',(#187),#1675,.T.);
#1754=ADVANCED_FACE('',(#188),#53,.T.);
#1755=ADVANCED_FACE('',(#189),#54,.T.);
#1756=ADVANCED_FACE('',(#190),#55,.F.);
#1757=ADVANCED_FACE('',(#191),#56,.T.);
#1758=ADVANCED_FACE('',(#192,#77,#78,#79),#57,.T.);
#1759=ADVANCED_FACE('',(#193),#58,.T.);
#1760=ADVANCED_FACE('',(#194),#59,.T.);
#1761=ADVANCED_FACE('',(#195),#60,.T.);
#1762=ADVANCED_FACE('',(#196,#80,#81),#61,.T.);
#1763=ADVANCED_FACE('',(#197,#82,#83),#62,.T.);
#1764=CLOSED_SHELL('',(#1676,#1677,#1678,#1679,#1680,#1681,#1682,#1683,
#1684,#1685,#1686,#1687,#1688,#1689,#1690,#1691,#1692,#1693,#1694,#1695,
#1696,#1697,#1698,#1699,#1700,#1701,#1702,#1703,#1704,#1705,#1706,#1707,
#1708,#1709,#1710,#1711,#1712,#1713,#1714,#1715,#1716,#1717,#1718,#1719,
#1720,#1721,#1722,#1723,#1724,#1725,#1726,#1727,#1728,#1729,#1730,#1731,
#1732,#1733,#1734,#1735,#1736,#1737,#1738,#1739,#1740,#1741,#1742,#1743,
#1744,#1745,#1746,#1747,#1748,#1749,#1750,#1751,#1752,#1753,#1754,#1755,
#1756,#1757,#1758,#1759,#1760,#1761,#1762,#1763));
#1765=DERIVED_UNIT_ELEMENT(#1767,1.);
#1766=DERIVED_UNIT_ELEMENT(#3496,-3.);
#1767=(
MASS_UNIT()
NAMED_UNIT(*)
SI_UNIT(.KILO.,.GRAM.)
);
#1768=DERIVED_UNIT((#1765,#1766));
#1769=MEASURE_REPRESENTATION_ITEM('density measure',
POSITIVE_RATIO_MEASURE(7850.),#1768);
#1770=PROPERTY_DEFINITION_REPRESENTATION(#1775,#1772);
#1771=PROPERTY_DEFINITION_REPRESENTATION(#1776,#1773);
#1772=REPRESENTATION('material name',(#1774),#3493);
#1773=REPRESENTATION('density',(#1769),#3493);
#1774=DESCRIPTIVE_REPRESENTATION_ITEM('Steel','Steel');
#1775=PROPERTY_DEFINITION('material property','material name',#3503);
#1776=PROPERTY_DEFINITION('material property','density of part',#3503);
#1777=AXIS2_PLACEMENT_3D('',#2391,#1930,#1931);
#1778=AXIS2_PLACEMENT_3D('',#2392,#1932,#1933);
#1779=AXIS2_PLACEMENT_3D('',#2394,#1934,#1935);
#1780=AXIS2_PLACEMENT_3D('',#2438,#1937,#1938);
#1781=AXIS2_PLACEMENT_3D('',#2440,#1939,#1940);
#1782=AXIS2_PLACEMENT_3D('',#2443,#1942,#1943);
#1783=AXIS2_PLACEMENT_3D('',#2444,#1944,#1945);
#1784=AXIS2_PLACEMENT_3D('',#2446,#1946,#1947);
#1785=AXIS2_PLACEMENT_3D('',#2490,#1949,#1950);
#1786=AXIS2_PLACEMENT_3D('',#2492,#1951,#1952);
#1787=AXIS2_PLACEMENT_3D('',#2568,#1954,#1955);
#1788=AXIS2_PLACEMENT_3D('',#2570,#1956,#1957);
#1789=AXIS2_PLACEMENT_3D('',#2648,#1959,#1960);
#1790=AXIS2_PLACEMENT_3D('',#2650,#1961,#1962);
#1791=AXIS2_PLACEMENT_3D('',#2653,#1964,#1965);
#1792=AXIS2_PLACEMENT_3D('',#2654,#1966,#1967);
#1793=AXIS2_PLACEMENT_3D('',#2656,#1968,#1969);
#1794=AXIS2_PLACEMENT_3D('',#2733,#1971,#1972);
#1795=AXIS2_PLACEMENT_3D('',#2735,#1973,#1974);
#1796=AXIS2_PLACEMENT_3D('',#2738,#1976,#1977);
#1797=AXIS2_PLACEMENT_3D('',#2739,#1978,#1979);
#1798=AXIS2_PLACEMENT_3D('',#2741,#1980,#1981);
#1799=AXIS2_PLACEMENT_3D('',#2835,#1983,#1984);
#1800=AXIS2_PLACEMENT_3D('',#2836,#1985,#1986);
#1801=AXIS2_PLACEMENT_3D('',#2863,#1987,#1988);
#1802=AXIS2_PLACEMENT_3D('',#2865,#1989,#1990);
#1803=AXIS2_PLACEMENT_3D('',#2866,#1991,#1992);
#1804=AXIS2_PLACEMENT_3D('',#2893,#1993,#1994);
#1805=AXIS2_PLACEMENT_3D('',#2895,#1995,#1996);
#1806=AXIS2_PLACEMENT_3D('',#2896,#1997,#1998);
#1807=AXIS2_PLACEMENT_3D('',#2923,#1999,#2000);
#1808=AXIS2_PLACEMENT_3D('',#2925,#2001,#2002);
#1809=AXIS2_PLACEMENT_3D('',#2926,#2003,#2004);
#1810=AXIS2_PLACEMENT_3D('',#2944,#2005,#2006);
#1811=AXIS2_PLACEMENT_3D('',#2945,#2007,#2008);
#1812=AXIS2_PLACEMENT_3D('',#2972,#2009,#2010);
#1813=AXIS2_PLACEMENT_3D('',#2974,#2011,#2012);
#1814=AXIS2_PLACEMENT_3D('',#2975,#2013,#2014);
#1815=AXIS2_PLACEMENT_3D('',#2976,#2015,#2016);
#1816=AXIS2_PLACEMENT_3D('',#2979,#2018,#2019);
#1817=AXIS2_PLACEMENT_3D('',#2981,#2021,#2022);
#1818=AXIS2_PLACEMENT_3D('',#2990,#2027,#2028);
#1819=AXIS2_PLACEMENT_3D('',#2999,#2033,#2034);
#1820=AXIS2_PLACEMENT_3D('',#3038,#2055,#2056);
#1821=AXIS2_PLACEMENT_3D('',#3044,#2060,#2061);
#1822=AXIS2_PLACEMENT_3D('',#3050,#2065,#2066);
#1823=AXIS2_PLACEMENT_3D('',#3056,#2070,#2071);
#1824=AXIS2_PLACEMENT_3D('',#3062,#2075,#2076);
#1825=AXIS2_PLACEMENT_3D('',#3068,#2080,#2081);
#1826=AXIS2_PLACEMENT_3D('',#3074,#2085,#2086);
#1827=AXIS2_PLACEMENT_3D('',#3076,#2088,#2089);
#1828=AXIS2_PLACEMENT_3D('',#3078,#2091,#2092);
#1829=AXIS2_PLACEMENT_3D('',#3082,#2095,#2096);
#1830=AXIS2_PLACEMENT_3D('',#3099,#2108,#2109);
#1831=AXIS2_PLACEMENT_3D('',#3101,#2111,#2112);
#1832=AXIS2_PLACEMENT_3D('',#3102,#2113,#2114);
#1833=AXIS2_PLACEMENT_3D('',#3105,#2117,#2118);
#1834=AXIS2_PLACEMENT_3D('',#3107,#2120,#2121);
#1835=AXIS2_PLACEMENT_3D('',#3109,#2123,#2124);
#1836=AXIS2_PLACEMENT_3D('',#3110,#2125,#2126);
#1837=AXIS2_PLACEMENT_3D('',#3111,#2127,#2128);
#1838=AXIS2_PLACEMENT_3D('',#3114,#2129,#2130);
#1839=AXIS2_PLACEMENT_3D('',#3117,#2133,#2134);
#1840=AXIS2_PLACEMENT_3D('',#3121,#2137,#2138);
#1841=AXIS2_PLACEMENT_3D('',#3140,#2142,#2143);
#1842=AXIS2_PLACEMENT_3D('',#3142,#2145,#2146);
#1843=AXIS2_PLACEMENT_3D('',#3145,#2147,#2148);
#1844=AXIS2_PLACEMENT_3D('',#3164,#2151,#2152);
#1845=AXIS2_PLACEMENT_3D('',#3165,#2153,#2154);
#1846=AXIS2_PLACEMENT_3D('',#3170,#2158,#2159);
#1847=AXIS2_PLACEMENT_3D('',#3219,#2171,#2172);
#1848=AXIS2_PLACEMENT_3D('',#3220,#2173,#2174);
#1849=AXIS2_PLACEMENT_3D('',#3229,#2179,#2180);
#1850=AXIS2_PLACEMENT_3D('',#3233,#2182,#2183);
#1851=AXIS2_PLACEMENT_3D('',#3237,#2185,#2186);
#1852=AXIS2_PLACEMENT_3D('',#3240,#2188,#2189);
#1853=AXIS2_PLACEMENT_3D('',#3241,#2190,#2191);
#1854=AXIS2_PLACEMENT_3D('',#3243,#2192,#2193);
#1855=AXIS2_PLACEMENT_3D('',#3246,#2195,#2196);
#1856=AXIS2_PLACEMENT_3D('',#3247,#2197,#2198);
#1857=AXIS2_PLACEMENT_3D('',#3253,#2202,#2203);
#1858=AXIS2_PLACEMENT_3D('',#3255,#2204,#2205);
#1859=AXIS2_PLACEMENT_3D('',#3258,#2207,#2208);
#1860=AXIS2_PLACEMENT_3D('',#3267,#2213,#2214);
#1861=AXIS2_PLACEMENT_3D('',#3269,#2216,#2217);
#1862=AXIS2_PLACEMENT_3D('',#3271,#2219,#2220);
#1863=AXIS2_PLACEMENT_3D('',#3272,#2221,#2222);
#1864=AXIS2_PLACEMENT_3D('',#3275,#2225,#2226);
#1865=AXIS2_PLACEMENT_3D('',#3282,#2231,#2232);
#1866=AXIS2_PLACEMENT_3D('',#3283,#2233,#2234);
#1867=AXIS2_PLACEMENT_3D('',#3284,#2235,#2236);
#1868=AXIS2_PLACEMENT_3D('',#3301,#2237,#2238);
#1869=AXIS2_PLACEMENT_3D('',#3304,#2239,#2240);
#1870=AXIS2_PLACEMENT_3D('',#3305,#2241,#2242);
#1871=AXIS2_PLACEMENT_3D('',#3306,#2243,#2244);
#1872=AXIS2_PLACEMENT_3D('',#3307,#2245,#2246);
#1873=AXIS2_PLACEMENT_3D('',#3310,#2247,#2248);
#1874=AXIS2_PLACEMENT_3D('',#3313,#2251,#2252);
#1875=AXIS2_PLACEMENT_3D('',#3316,#2253,#2254);
#1876=AXIS2_PLACEMENT_3D('',#3317,#2255,#2256);
#1877=AXIS2_PLACEMENT_3D('',#3318,#2257,#2258);
#1878=AXIS2_PLACEMENT_3D('',#3319,#2259,#2260);
#1879=AXIS2_PLACEMENT_3D('',#3322,#2261,#2262);
#1880=AXIS2_PLACEMENT_3D('',#3325,#2265,#2266);
#1881=AXIS2_PLACEMENT_3D('',#3328,#2267,#2268);
#1882=AXIS2_PLACEMENT_3D('',#3329,#2269,#2270);
#1883=AXIS2_PLACEMENT_3D('',#3330,#2271,#2272);
#1884=AXIS2_PLACEMENT_3D('',#3331,#2273,#2274);
#1885=AXIS2_PLACEMENT_3D('',#3334,#2275,#2276);
#1886=AXIS2_PLACEMENT_3D('',#3337,#2279,#2280);
#1887=AXIS2_PLACEMENT_3D('',#3338,#2281,#2282);
#1888=AXIS2_PLACEMENT_3D('',#3339,#2283,#2284);
#1889=AXIS2_PLACEMENT_3D('',#3340,#2285,#2286);
#1890=AXIS2_PLACEMENT_3D('',#3344,#2288,#2289);
#1891=AXIS2_PLACEMENT_3D('',#3353,#2291,#2292);
#1892=AXIS2_PLACEMENT_3D('',#3354,#2293,#2294);
#1893=AXIS2_PLACEMENT_3D('',#3358,#2297,#2298);
#1894=AXIS2_PLACEMENT_3D('',#3361,#2300,#2301);
#1895=AXIS2_PLACEMENT_3D('',#3362,#2302,#2303);
#1896=AXIS2_PLACEMENT_3D('',#3366,#2306,#2307);
#1897=AXIS2_PLACEMENT_3D('',#3369,#2309,#2310);
#1898=AXIS2_PLACEMENT_3D('',#3370,#2311,#2312);
#1899=AXIS2_PLACEMENT_3D('',#3374,#2315,#2316);
#1900=AXIS2_PLACEMENT_3D('',#3376,#2317,#2318);
#1901=AXIS2_PLACEMENT_3D('',#3385,#2320,#2321);
#1902=AXIS2_PLACEMENT_3D('',#3386,#2322,#2323);
#1903=AXIS2_PLACEMENT_3D('',#3387,#2324,#2325);
#1904=AXIS2_PLACEMENT_3D('',#3388,#2326,#2327);
#1905=AXIS2_PLACEMENT_3D('',#3389,#2328,#2329);
#1906=AXIS2_PLACEMENT_3D('',#3390,#2330,#2331);
#1907=AXIS2_PLACEMENT_3D('',#3391,#2332,#2333);
#1908=AXIS2_PLACEMENT_3D('',#3392,#2334,#2335);
#1909=AXIS2_PLACEMENT_3D('',#3393,#2336,#2337);
#1910=AXIS2_PLACEMENT_3D('',#3394,#2338,#2339);
#1911=AXIS2_PLACEMENT_3D('',#3395,#2340,#2341);
#1912=AXIS2_PLACEMENT_3D('',#3396,#2342,#2343);
#1913=AXIS2_PLACEMENT_3D('',#3397,#2344,#2345);
#1914=AXIS2_PLACEMENT_3D('',#3398,#2346,#2347);
#1915=AXIS2_PLACEMENT_3D('',#3399,#2348,#2349);
#1916=AXIS2_PLACEMENT_3D('',#3400,#2350,#2351);
#1917=AXIS2_PLACEMENT_3D('',#3431,#2352,#2353);
#1918=AXIS2_PLACEMENT_3D('',#3462,#2354,#2355);
#1919=AXIS2_PLACEMENT_3D('',#3463,#2356,#2357);
#1920=AXIS2_PLACEMENT_3D('',#3465,#2359,#2360);
#1921=AXIS2_PLACEMENT_3D('',#3466,#2361,#2362);
#1922=AXIS2_PLACEMENT_3D('',#3468,#2364,#2365);
#1923=AXIS2_PLACEMENT_3D('',#3469,#2366,#2367);
#1924=AXIS2_PLACEMENT_3D('',#3476,#2372,#2373);
#1925=AXIS2_PLACEMENT_3D('',#3483,#2378,#2379);
#1926=AXIS2_PLACEMENT_3D('',#3484,#2380,#2381);
#1927=AXIS2_PLACEMENT_3D('',#3486,#2383,#2384);
#1928=AXIS2_PLACEMENT_3D('',#3489,#2387,#2388);
#1929=AXIS2_PLACEMENT_3D('',#3490,#2389,#2390);
#1930=DIRECTION('axis',(0.,0.,1.));
#1931=DIRECTION('refdir',(1.,0.,0.));
#1932=DIRECTION('center_axis',(0.,0.,-1.));
#1933=DIRECTION('ref_axis',(-1.,2.08166817117217E-16,0.));
#1934=DIRECTION('center_axis',(0.,0.,-1.));
#1935=DIRECTION('ref_axis',(-1.,2.08166817117217E-16,0.));
#1936=DIRECTION('',(0.,0.,-1.));
#1937=DIRECTION('center_axis',(0.,0.,-1.));
#1938=DIRECTION('ref_axis',(-1.,2.08166817117217E-16,0.));
#1939=DIRECTION('center_axis',(0.,0.,-1.));
#1940=DIRECTION('ref_axis',(-1.,2.08166817117217E-16,0.));
#1941=DIRECTION('',(0.,0.,-1.));
#1942=DIRECTION('center_axis',(-1.97057596545677E-46,-1.99840144432528E-15,
1.));
#1943=DIRECTION('ref_axis',(-1.,2.08166817117217E-16,0.));
#1944=DIRECTION('center_axis',(0.,0.,-1.));
#1945=DIRECTION('ref_axis',(-1.,2.08166817117217E-16,0.));
#1946=DIRECTION('center_axis',(7.17754133659637E-46,2.42629722226648E-15,
-1.));
#1947=DIRECTION('ref_axis',(-1.,2.08166817117217E-16,0.));
#1948=DIRECTION('',(0.,0.,-1.));
#1949=DIRECTION('center_axis',(0.,0.,-1.));
#1950=DIRECTION('ref_axis',(-1.,2.08166817117217E-16,0.));
#1951=DIRECTION('center_axis',(0.,0.,-1.));
#1952=DIRECTION('ref_axis',(-1.,2.08166817117217E-16,0.));
#1953=DIRECTION('',(0.,0.,-1.));
#1954=DIRECTION('center_axis',(0.,0.,-1.));
#1955=DIRECTION('ref_axis',(-1.,2.08166817117217E-16,0.));
#1956=DIRECTION('center_axis',(0.,0.,-1.));
#1957=DIRECTION('ref_axis',(-1.,2.08166817117217E-16,0.));
#1958=DIRECTION('',(0.,0.,-1.));
#1959=DIRECTION('center_axis',(0.,0.,-1.));
#1960=DIRECTION('ref_axis',(-1.,2.08166817117217E-16,0.));
#1961=DIRECTION('center_axis',(0.,0.,-1.));
#1962=DIRECTION('ref_axis',(-1.,2.08166817117217E-16,0.));
#1963=DIRECTION('',(0.,0.,-1.));
#1964=DIRECTION('center_axis',(-1.97057596545677E-46,-1.99840144432528E-15,
1.));
#1965=DIRECTION('ref_axis',(-1.,2.08166817117217E-16,0.));
#1966=DIRECTION('center_axis',(0.,0.,-1.));
#1967=DIRECTION('ref_axis',(-1.,2.08166817117217E-16,0.));
#1968=DIRECTION('center_axis',(7.17754133659637E-46,2.42629722226648E-15,
-1.));
#1969=DIRECTION('ref_axis',(-1.,2.08166817117217E-16,0.));
#1970=DIRECTION('',(0.,0.,-1.));
#1971=DIRECTION('center_axis',(0.,0.,-1.));
#1972=DIRECTION('ref_axis',(-1.,2.08166817117217E-16,0.));
#1973=DIRECTION('center_axis',(0.,0.,-1.));
#1974=DIRECTION('ref_axis',(-1.,2.08166817117217E-16,0.));
#1975=DIRECTION('',(0.,0.,-1.));
#1976=DIRECTION('center_axis',(-1.97057596545677E-46,-1.99840144432528E-15,
1.));
#1977=DIRECTION('ref_axis',(-1.,2.08166817117217E-16,0.));
#1978=DIRECTION('center_axis',(0.,0.,-1.));
#1979=DIRECTION('ref_axis',(-1.,2.08166817117217E-16,0.));
#1980=DIRECTION('center_axis',(7.17754133659637E-46,2.42629722226648E-15,
-1.));
#1981=DIRECTION('ref_axis',(-1.,2.08166817117217E-16,0.));
#1982=DIRECTION('',(0.,0.,-1.));
#1983=DIRECTION('center_axis',(0.643192086423272,-0.765704864789613,0.));
#1984=DIRECTION('ref_axis',(-0.765704864789612,-0.643192086423272,0.));
#1985=DIRECTION('center_axis',(-0.765704864789613,0.643192086423272,5.71269330883048E-16));
#1986=DIRECTION('ref_axis',(-0.643192086423272,-0.765704864789612,0.));
#1987=DIRECTION('center_axis',(-0.765704864789613,0.643192086423272,5.71269330883048E-16));
#1988=DIRECTION('ref_axis',(-0.643192086423272,-0.765704864789612,0.));
#1989=DIRECTION('center_axis',(0.,0.,-1.));
#1990=DIRECTION('ref_axis',(0.,-1.,0.));
#1991=DIRECTION('center_axis',(0.643192086423272,-0.765704864789613,0.));
#1992=DIRECTION('ref_axis',(-0.765704864789612,-0.643192086423272,0.));
#1993=DIRECTION('center_axis',(-0.643192086423275,-0.76570486478961,0.));
#1994=DIRECTION('ref_axis',(0.76570486478961,-0.643192086423275,0.));
#1995=DIRECTION('center_axis',(0.,0.,1.));
#1996=DIRECTION('ref_axis',(1.11022302462515E-14,-1.,0.));
#1997=DIRECTION('center_axis',(0.765704864789611,0.643192086423273,3.29159947794519E-15));
#1998=DIRECTION('ref_axis',(0.643192086423273,-0.765704864789611,0.));
#1999=DIRECTION('center_axis',(0.765704864789611,-0.643192086423273,0.));
#2000=DIRECTION('ref_axis',(0.643192086423273,0.765704864789611,0.));
#2001=DIRECTION('center_axis',(0.,0.,1.));
#2002=DIRECTION('ref_axis',(1.,0.,0.));
#2003=DIRECTION('center_axis',(-0.643192086423273,0.765704864789611,-5.71269330883049E-16));
#2004=DIRECTION('ref_axis',(0.765704864789611,0.643192086423273,0.));
#2005=DIRECTION('center_axis',(-0.643192086423273,0.765704864789611,-5.71269330883049E-16));
#2006=DIRECTION('ref_axis',(0.765704864789611,0.643192086423273,0.));
#2007=DIRECTION('center_axis',(0.765704864789611,-0.643192086423273,0.));
#2008=DIRECTION('ref_axis',(0.643192086423273,0.765704864789611,0.));
#2009=DIRECTION('center_axis',(0.643192086423272,0.765704864789613,0.));
#2010=DIRECTION('ref_axis',(-0.765704864789612,0.643192086423272,0.));
#2011=DIRECTION('center_axis',(0.,0.,1.));
#2012=DIRECTION('ref_axis',(-4.44089209850062E-14,1.,0.));
#2013=DIRECTION('center_axis',(-0.765704864789613,-0.643192086423272,5.44066029412429E-15));
#2014=DIRECTION('ref_axis',(-0.643192086423272,0.765704864789612,0.));
#2015=DIRECTION('center_axis',(-1.,2.95822839457879E-31,0.));
#2016=DIRECTION('ref_axis',(0.,-0.707106781186547,-0.707106781186547));
#2017=DIRECTION('',(1.,-2.95822839457879E-31,0.));
#2018=DIRECTION('center_axis',(0.765704864789611,0.643192086423273,3.29159947794519E-15));
#2019=DIRECTION('ref_axis',(0.643192086423273,-0.765704864789611,0.));
#2020=DIRECTION('',(-1.,2.95822839457879E-31,0.));
#2021=DIRECTION('center_axis',(-1.,2.08166817117217E-16,-6.9388939039072E-18));
#2022=DIRECTION('ref_axis',(-6.9388939039072E-18,1.44444745829042E-33,1.));
#2023=DIRECTION('',(-6.9388939039072E-18,6.84227765783599E-49,1.));
#2024=DIRECTION('',(-2.08166817117217E-16,-1.,5.81593600916061E-48));
#2025=DIRECTION('',(-6.9388939039072E-18,1.44444745829042E-33,1.));
#2026=DIRECTION('',(2.08166817117217E-16,1.,-5.81593600916061E-48));
#2027=DIRECTION('center_axis',(-1.,2.08166817117217E-16,-6.9388939039072E-18));
#2028=DIRECTION('ref_axis',(-6.9388939039072E-18,1.44444745829042E-33,1.));
#2029=DIRECTION('',(6.9388939039072E-18,-6.84227765783599E-49,-1.));
#2030=DIRECTION('',(2.08166817117217E-16,1.,-5.81593600916061E-48));
#2031=DIRECTION('',(-6.9388939039072E-18,1.44444745829042E-33,1.));
#2032=DIRECTION('',(-2.08166817117217E-16,-1.,5.81593600916061E-48));
#2033=DIRECTION('center_axis',(-6.9388939039072E-18,1.44444745829042E-33,
1.));
#2034=DIRECTION('ref_axis',(1.,-2.08166817117217E-16,6.9388939039072E-18));
#2035=DIRECTION('',(2.08166817117217E-16,1.,-5.81593600916061E-48));
#2036=DIRECTION('',(-1.,9.86076131526265E-32,-6.9388939039072E-18));
#2037=DIRECTION('',(-1.,4.30211422042248E-16,-6.9388939039072E-18));
#2038=DIRECTION('',(-2.08166817117217E-16,-1.,5.81593600916061E-48));
#2039=DIRECTION('',(-1.,9.86076131526265E-32,-6.9388939039072E-18));
#2040=DIRECTION('',(2.08166817117217E-16,1.,-5.81593600916061E-48));
#2041=DIRECTION('',(1.,-9.86076131526265E-32,6.9388939039072E-18));
#2042=DIRECTION('',(-2.08166817117217E-16,-1.,5.81593600916061E-48));
#2043=DIRECTION('',(1.,-4.30211422042248E-16,6.9388939039072E-18));
#2044=DIRECTION('',(1.,-9.86076131526265E-32,6.9388939039072E-18));
#2045=DIRECTION('',(2.08166817117217E-16,1.,-5.81593600916061E-48));
#2046=DIRECTION('',(1.,-4.30211422042248E-16,6.9388939039072E-18));
#2047=DIRECTION('',(-4.30211422042248E-16,-1.,-1.54074395550978E-33));
#2048=DIRECTION('',(-1.,4.30211422042248E-16,-6.9388939039072E-18));
#2049=DIRECTION('',(2.08166817117217E-16,1.,-5.81593600916061E-48));
#2050=DIRECTION('',(2.08166817117217E-16,1.,-5.81593600916061E-48));
#2051=DIRECTION('',(-2.08166817117217E-16,-1.,5.81593600916061E-48));
#2052=DIRECTION('',(1.,-4.30211422042248E-16,6.9388939039072E-18));
#2053=DIRECTION('',(-2.08166817117217E-16,-1.,5.81593600916061E-48));
#2054=DIRECTION('',(-1.,4.30211422042248E-16,-6.9388939039072E-18));
#2055=DIRECTION('center_axis',(1.,-2.08166817117217E-16,6.9388939039072E-18));
#2056=DIRECTION('ref_axis',(6.9388939039072E-18,-1.44444745829042E-33,-1.));
#2057=DIRECTION('',(6.9388939039072E-18,-6.84227765783599E-49,-1.));
#2058=DIRECTION('',(2.08166817117217E-16,1.,-5.81593600916061E-48));
#2059=DIRECTION('',(6.9388939039072E-18,-1.44444745829042E-33,-1.));
#2060=DIRECTION('center_axis',(-1.,2.08166817117217E-16,-6.9388939039072E-18));
#2061=DIRECTION('ref_axis',(-6.9388939039072E-18,1.44444745829042E-33,1.));
#2062=DIRECTION('',(6.9388939039072E-18,-6.84227765783599E-49,-1.));
#2063=DIRECTION('',(2.08166817117217E-16,1.,-5.81593600916061E-48));
#2064=DIRECTION('',(-6.9388939039072E-18,6.84227765783599E-49,1.));
#2065=DIRECTION('center_axis',(1.,-2.08166817117217E-16,6.9388939039072E-18));
#2066=DIRECTION('ref_axis',(6.9388939039072E-18,-1.44444745829042E-33,-1.));
#2067=DIRECTION('',(-6.9388939039072E-18,1.44444745829042E-33,1.));
#2068=DIRECTION('',(-2.08166817117217E-16,-1.,5.81593600916061E-48));
#2069=DIRECTION('',(6.9388939039072E-18,-1.44444745829042E-33,-1.));
#2070=DIRECTION('center_axis',(-4.30211422042248E-16,-1.,-1.54074395550978E-33));
#2071=DIRECTION('ref_axis',(-6.9388939039072E-18,1.44444745829042E-33,1.));
#2072=DIRECTION('',(-6.9388939039072E-18,1.44444745829042E-33,1.));
#2073=DIRECTION('',(6.9388939039072E-18,-1.44444745829042E-33,-1.));
#2074=DIRECTION('',(-1.,4.30211422042248E-16,-6.9388939039072E-18));
#2075=DIRECTION('center_axis',(-4.30211422042248E-16,-1.,-1.54074395550978E-33));
#2076=DIRECTION('ref_axis',(-6.9388939039072E-18,1.44444745829042E-33,1.));
#2077=DIRECTION('',(6.9388939039072E-18,-1.44444745829042E-33,-1.));
#2078=DIRECTION('',(-1.,4.30211422042248E-16,-6.9388939039072E-18));
#2079=DIRECTION('',(-6.9388939039072E-18,1.44444745829042E-33,1.));
#2080=DIRECTION('center_axis',(4.30211422042248E-16,1.,1.54074395550978E-33));
#2081=DIRECTION('ref_axis',(6.9388939039072E-18,-1.44444745829042E-33,-1.));
#2082=DIRECTION('',(6.9388939039072E-18,-1.44444745829042E-33,-1.));
#2083=DIRECTION('',(1.,-4.30211422042248E-16,6.9388939039072E-18));
#2084=DIRECTION('',(-6.9388939039072E-18,1.44444745829042E-33,1.));
#2085=DIRECTION('center_axis',(4.30211422042248E-16,1.,1.54074395550978E-33));
#2086=DIRECTION('ref_axis',(6.9388939039072E-18,-1.44444745829042E-33,-1.));
#2087=DIRECTION('',(1.,-4.30211422042248E-16,6.9388939039072E-18));
#2088=DIRECTION('center_axis',(1.,-4.30211422042248E-16,6.9388939039072E-18));
#2089=DIRECTION('ref_axis',(6.9388939039072E-18,-1.44444745829042E-33,-1.));
#2090=DIRECTION('',(4.30211422042248E-16,1.,1.54074395550978E-33));
#2091=DIRECTION('center_axis',(1.,-2.08166817117217E-16,6.9388939039072E-18));
#2092=DIRECTION('ref_axis',(6.9388939039072E-18,-1.44444745829042E-33,-1.));
#2093=DIRECTION('',(2.08166817117217E-16,1.,-5.81593600916061E-48));
#2094=DIRECTION('',(6.9388939039072E-18,-1.44444745829042E-33,-1.));
#2095=DIRECTION('center_axis',(6.9388939039072E-18,-1.44444745829042E-33,
-1.));
#2096=DIRECTION('ref_axis',(2.08166817117217E-16,1.,-5.81593600916061E-48));
#2097=DIRECTION('',(-2.08166817117217E-16,-1.,5.81593600916061E-48));
#2098=DIRECTION('',(-2.08166817117217E-16,-1.,5.81593600916061E-48));
#2099=DIRECTION('',(-1.,9.86076131526265E-32,-6.9388939039072E-18));
#2100=DIRECTION('',(-1.,9.86076131526265E-32,-6.9388939039072E-18));
#2101=DIRECTION('',(1.,-9.86076131526265E-32,6.9388939039072E-18));
#2102=DIRECTION('',(2.08166817117217E-16,1.,-5.81593600916061E-48));
#2103=DIRECTION('',(-1.,4.30211422042248E-16,-6.9388939039072E-18));
#2104=DIRECTION('',(1.,-9.86076131526265E-32,6.9388939039072E-18));
#2105=DIRECTION('',(-2.08166817117217E-16,-1.,5.81593600916061E-48));
#2106=DIRECTION('',(2.08166817117217E-16,1.,-5.81593600916061E-48));
#2107=DIRECTION('',(1.,-4.30211422042248E-16,6.9388939039072E-18));
#2108=DIRECTION('center_axis',(1.,-2.08166817117217E-16,6.9388939039072E-18));
#2109=DIRECTION('ref_axis',(6.9388939039072E-18,-1.44444745829042E-33,-1.));
#2110=DIRECTION('',(6.9388939039072E-18,-6.84227765783599E-49,-1.));
#2111=DIRECTION('center_axis',(1.,-2.08166817117217E-16,6.9388939039072E-18));
#2112=DIRECTION('ref_axis',(6.9388939039072E-18,-1.44444745829042E-33,-1.));
#2113=DIRECTION('center_axis',(1.,-2.08166817117217E-16,6.9388939039072E-18));
#2114=DIRECTION('ref_axis',(6.9388939039072E-18,-1.44444745829042E-33,-1.));
#2115=DIRECTION('',(-6.9388939039072E-18,6.84227765783599E-49,1.));
#2116=DIRECTION('',(-6.9388939039072E-18,1.44444745829042E-33,1.));
#2117=DIRECTION('center_axis',(1.,-2.08166817117217E-16,6.9388939039072E-18));
#2118=DIRECTION('ref_axis',(6.9388939039072E-18,-1.44444745829042E-33,-1.));
#2119=DIRECTION('',(-6.9388939039072E-18,6.84227765783599E-49,1.));
#2120=DIRECTION('center_axis',(-1.,2.08166817117217E-16,-6.9388939039072E-18));
#2121=DIRECTION('ref_axis',(-6.9388939039072E-18,1.44444745829042E-33,1.));
#2122=DIRECTION('',(6.9388939039072E-18,-1.44444745829042E-33,-1.));
#2123=DIRECTION('center_axis',(-4.30211422042248E-16,-1.,-1.54074395550978E-33));
#2124=DIRECTION('ref_axis',(-6.9388939039072E-18,1.44444745829042E-33,1.));
#2125=DIRECTION('center_axis',(4.30211422042248E-16,1.,1.54074395550978E-33));
#2126=DIRECTION('ref_axis',(6.9388939039072E-18,-1.44444745829042E-33,-1.));
#2127=DIRECTION('center_axis',(5.93472984109987E-67,-1.75562863300957E-97,
1.));
#2128=DIRECTION('ref_axis',(-0.70710678118654,-0.707106781186555,0.));
#2129=DIRECTION('center_axis',(0.,0.,-1.));
#2130=DIRECTION('ref_axis',(-0.70710678118654,-0.707106781186555,0.));
#2131=DIRECTION('',(-5.93472984109987E-67,1.75562863300957E-97,-1.));
#2132=DIRECTION('',(5.93472984109987E-67,-1.75562863300957E-97,1.));
#2133=DIRECTION('center_axis',(-2.95822839457879E-31,-1.,0.));
#2134=DIRECTION('ref_axis',(0.,0.,-1.));
#2135=DIRECTION('',(-5.93472984109987E-67,1.75562863300957E-97,-1.));
#2136=DIRECTION('',(-1.,9.86076131526265E-32,0.));
#2137=DIRECTION('center_axis',(2.95822839457879E-31,1.,0.));
#2138=DIRECTION('ref_axis',(-0.707106781186547,0.,-0.707106781186547));
#2139=DIRECTION('',(2.95822839457879E-31,1.,0.));
#2140=DIRECTION('',(-2.95822839457879E-31,-1.,0.));
#2141=DIRECTION('',(2.95822839457879E-31,1.,0.));
#2142=DIRECTION('center_axis',(0.643192086423272,0.765704864789613,0.));
#2143=DIRECTION('ref_axis',(-0.765704864789612,0.643192086423272,0.));
#2144=DIRECTION('',(-2.95822839457879E-31,-1.,0.));
#2145=DIRECTION('center_axis',(-5.93472984109987E-67,1.75562863300957E-97,
-1.));
#2146=DIRECTION('ref_axis',(-0.707106781186548,0.707106781186548,0.));
#2147=DIRECTION('center_axis',(7.17754133659637E-46,2.42629722226648E-15,
-1.));
#2148=DIRECTION('ref_axis',(-0.707106781186548,0.707106781186548,0.));
#2149=DIRECTION('',(-5.93472984109987E-67,1.75562863300957E-97,-1.));
#2150=DIRECTION('',(5.93472984109987E-67,-1.75562863300957E-97,1.));
#2151=DIRECTION('center_axis',(-0.765704864789613,-0.643192086423272,5.44066029412429E-15));
#2152=DIRECTION('ref_axis',(-0.643192086423272,0.765704864789612,0.));
#2153=DIRECTION('center_axis',(2.95822839457879E-31,1.,9.9250295130181E-119));
#2154=DIRECTION('ref_axis',(-5.93472984109987E-67,1.75562863300957E-97,
-1.));
#2155=DIRECTION('',(1.,-2.95822839457879E-31,0.));
#2156=DIRECTION('',(5.93472984109987E-67,-1.75562863300957E-97,1.));
#2157=DIRECTION('',(1.,-2.95822839457879E-31,0.));
#2158=DIRECTION('center_axis',(-7.17754133659637E-46,-2.42629722226648E-15,
1.));
#2159=DIRECTION('ref_axis',(2.95822839457879E-31,1.,2.42629722226648E-15));
#2160=DIRECTION('',(2.95822839457879E-31,1.,9.9250295130181E-119));
#2161=DIRECTION('',(1.,-9.86076131526265E-32,4.78502755773091E-46));
#2162=DIRECTION('',(-9.86076131526265E-32,-1.,-2.42629722226648E-15));
#2163=DIRECTION('',(1.,0.,0.));
#2164=DIRECTION('',(1.66533453693774E-16,-1.,-2.42629722226648E-15));
#2165=DIRECTION('',(-1.,0.,0.));
#2166=DIRECTION('',(-9.86076131526265E-32,-1.,-2.42629722226648E-15));
#2167=DIRECTION('',(1.,-9.86076131526265E-32,4.78502755773091E-46));
#2168=DIRECTION('',(1.22464679914735E-16,1.,2.42629722226648E-15));
#2169=DIRECTION('',(1.,-1.22464679914735E-16,-2.97135712702876E-31));
#2170=DIRECTION('',(-2.95822839457879E-31,-1.,-2.42629722226648E-15));
#2171=DIRECTION('center_axis',(7.17754133659637E-46,2.42629722226648E-15,
-1.));
#2172=DIRECTION('ref_axis',(0.707106781186555,0.70710678118654,0.));
#2173=DIRECTION('center_axis',(-1.,2.95822839457879E-31,5.93472984109987E-67));
#2174=DIRECTION('ref_axis',(5.93472984109987E-67,-1.75562863300957E-97,
1.));
#2175=DIRECTION('',(9.86076131526265E-32,1.,0.));
#2176=DIRECTION('',(5.93472984109987E-67,-5.85209544336525E-98,1.));
#2177=DIRECTION('',(9.86076131526265E-32,1.,1.99840144432528E-15));
#2178=DIRECTION('',(5.93472984109987E-67,-5.85209544336525E-98,1.));
#2179=DIRECTION('center_axis',(-1.,2.95822839457879E-31,5.93472984109987E-67));
#2180=DIRECTION('ref_axis',(2.09178335810526E-31,0.707106781186548,-0.707106781186548));
#2181=DIRECTION('',(-7.69734460390654E-64,-2.60000542492277E-33,-1.));
#2182=DIRECTION('center_axis',(-1.,2.95822839457879E-31,5.93472984109987E-67));
#2183=DIRECTION('ref_axis',(2.09178335810527E-31,0.707106781186552,0.707106781186543));
#2184=DIRECTION('',(2.95822839457879E-31,1.,-2.60000542492276E-33));
#2185=DIRECTION('center_axis',(-1.,2.95822839457879E-31,5.93472984109987E-67));
#2186=DIRECTION('ref_axis',(-2.09178335810526E-31,-0.707106781186548,0.707106781186548));
#2187=DIRECTION('',(7.69734460390654E-64,2.60000542492277E-33,1.));
#2188=DIRECTION('center_axis',(-1.,2.95822839457879E-31,5.93472984109987E-67));
#2189=DIRECTION('ref_axis',(-2.09178335810526E-31,-0.707106781186548,-0.707106781186548));
#2190=DIRECTION('center_axis',(-5.93472984109987E-67,5.85209544336525E-98,
-1.));
#2191=DIRECTION('ref_axis',(-0.707106781186548,0.707106781186548,0.));
#2192=DIRECTION('center_axis',(0.,0.,-1.));
#2193=DIRECTION('ref_axis',(-0.707106781186548,0.707106781186548,0.));
#2194=DIRECTION('',(-5.93472984109987E-67,5.85209544336525E-98,-1.));
#2195=DIRECTION('center_axis',(-1.97057596545677E-46,-1.99840144432528E-15,
1.));
#2196=DIRECTION('ref_axis',(-0.707106781186548,0.707106781186548,0.));
#2197=DIRECTION('center_axis',(9.86076131526265E-32,1.,9.9250295130181E-119));
#2198=DIRECTION('ref_axis',(-5.93472984109987E-67,5.85209544336525E-98,
-1.));
#2199=DIRECTION('',(1.,-9.86076131526265E-32,0.));
#2200=DIRECTION('',(5.93472984109987E-67,-5.85209544336525E-98,1.));
#2201=DIRECTION('',(1.,-9.86076131526265E-32,0.));
#2202=DIRECTION('center_axis',(0.,0.,-1.));
#2203=DIRECTION('ref_axis',(-1.,9.86076131526265E-32,0.));
#2204=DIRECTION('center_axis',(0.,0.,-1.));
#2205=DIRECTION('ref_axis',(0.707106781186538,-0.707106781186557,0.));
#2206=DIRECTION('',(-1.22464679914735E-16,-1.,0.));
#2207=DIRECTION('center_axis',(0.,0.,-1.));
#2208=DIRECTION('ref_axis',(0.707106781186555,0.70710678118654,0.));
#2209=DIRECTION('',(1.22464679914735E-16,1.,-7.26794790370724E-83));
#2210=DIRECTION('',(-1.,9.86076131526265E-32,0.));
#2211=DIRECTION('',(-9.86076131526265E-32,-1.,-9.9250295130181E-119));
#2212=DIRECTION('',(1.,-9.86076131526265E-32,0.));
#2213=DIRECTION('center_axis',(5.93472984109987E-67,-1.75562863300957E-97,
1.));
#2214=DIRECTION('ref_axis',(0.707106781186555,0.70710678118654,0.));
#2215=DIRECTION('',(-5.93472984109987E-67,1.75562863300957E-97,-1.));
#2216=DIRECTION('center_axis',(1.,-2.95822839457879E-31,0.));
#2217=DIRECTION('ref_axis',(0.,0.707106781186547,-0.707106781186547));
#2218=DIRECTION('',(-1.,2.95822839457879E-31,0.));
#2219=DIRECTION('center_axis',(-1.22464679914736E-16,-1.,0.));
#2220=DIRECTION('ref_axis',(0.707106781186547,0.,-0.707106781186547));
#2221=DIRECTION('center_axis',(-0.643192086423275,-0.76570486478961,0.));
#2222=DIRECTION('ref_axis',(0.76570486478961,-0.643192086423275,0.));
#2223=DIRECTION('',(1.22464679914736E-16,1.,0.));
#2224=DIRECTION('',(-1.22464679914736E-16,-1.,0.));
#2225=DIRECTION('center_axis',(1.,-1.22464679914736E-16,-5.93472984109987E-67));
#2226=DIRECTION('ref_axis',(5.93472984109987E-67,-1.75562863300957E-97,
1.));
#2227=DIRECTION('',(-5.93472984109987E-67,4.13162991671582E-82,-1.));
#2228=DIRECTION('',(-1.22464679914735E-16,-1.,-1.99840144432528E-15));
#2229=DIRECTION('',(-5.93472984109987E-67,5.85209544336525E-98,-1.));
#2230=DIRECTION('',(5.93472984109987E-67,-1.75562863300957E-97,1.));
#2231=DIRECTION('center_axis',(5.93472984109987E-67,-5.85209544336525E-98,
1.));
#2232=DIRECTION('ref_axis',(0.707106781186555,0.70710678118654,0.));
#2233=DIRECTION('center_axis',(-1.97057596545677E-46,-1.99840144432528E-15,
1.));
#2234=DIRECTION('ref_axis',(0.707106781186555,0.70710678118654,0.));
#2235=DIRECTION('center_axis',(-5.93472984109987E-67,1.75562863300957E-97,
-1.));
#2236=DIRECTION('ref_axis',(0.707106781186538,-0.707106781186557,0.));
#2237=DIRECTION('center_axis',(-1.,9.86076131526265E-32,5.93472984109987E-67));
#2238=DIRECTION('ref_axis',(0.,0.,1.));
#2239=DIRECTION('center_axis',(0.,-8.88178419700128E-15,-1.));
#2240=DIRECTION('ref_axis',(0.,1.,-8.88178419700128E-15));
#2241=DIRECTION('center_axis',(1.,-9.86076131526265E-32,-5.93472984109987E-67));
#2242=DIRECTION('ref_axis',(-8.51379061581009E-32,-0.86340094274793,-0.504518396158144));
#2243=DIRECTION('center_axis',(-1.,9.86076131526265E-32,5.93472984109987E-67));
#2244=DIRECTION('ref_axis',(0.,-0.86340094274793,-0.504518396158144));
#2245=DIRECTION('center_axis',(2.56973802119625E-64,2.60000542492277E-33,
1.));
#2246=DIRECTION('ref_axis',(0.707106781186554,0.707106781186541,0.));
#2247=DIRECTION('center_axis',(0.,0.,-1.));
#2248=DIRECTION('ref_axis',(0.,1.,0.));
#2249=DIRECTION('',(-2.56973802119625E-64,-2.60000542492277E-33,-1.));
#2250=DIRECTION('',(2.56973802119625E-64,2.60000542492277E-33,1.));
#2251=DIRECTION('center_axis',(-1.,9.86076131526265E-32,5.93472984109987E-67));
#2252=DIRECTION('ref_axis',(0.,0.,1.));
#2253=DIRECTION('center_axis',(0.,-1.,0.));
#2254=DIRECTION('ref_axis',(0.,0.,-1.));
#2255=DIRECTION('center_axis',(1.,-9.86076131526265E-32,-5.93472984109987E-67));
#2256=DIRECTION('ref_axis',(-6.9726111936842E-32,-0.707106781186548,0.707106781186548));
#2257=DIRECTION('center_axis',(-1.,9.86076131526265E-32,5.93472984109987E-67));
#2258=DIRECTION('ref_axis',(0.,-0.707106781186548,0.707106781186548));
#2259=DIRECTION('center_axis',(9.86076131526265E-32,1.,-2.60000542492277E-33));
#2260=DIRECTION('ref_axis',(0.707106781186554,0.,-0.707106781186541));
#2261=DIRECTION('center_axis',(0.,-1.,0.));
#2262=DIRECTION('ref_axis',(0.,0.,-1.));
#2263=DIRECTION('',(-9.86076131526265E-32,-1.,2.60000542492276E-33));
#2264=DIRECTION('',(9.86076131526265E-32,1.,-2.60000542492276E-33));
#2265=DIRECTION('center_axis',(-1.,9.86076131526265E-32,5.93472984109987E-67));
#2266=DIRECTION('ref_axis',(0.,0.,1.));
#2267=DIRECTION('center_axis',(0.,8.8817841970012E-15,1.));
#2268=DIRECTION('ref_axis',(0.,-1.,8.8817841970012E-15));
#2269=DIRECTION('center_axis',(1.,-9.86076131526265E-32,-5.93472984109987E-67));
#2270=DIRECTION('ref_axis',(6.97261119368424E-32,0.707106781186552,0.707106781186543));
#2271=DIRECTION('center_axis',(-1.,9.86076131526265E-32,5.93472984109987E-67));
#2272=DIRECTION('ref_axis',(0.,0.707106781186552,0.707106781186543));
#2273=DIRECTION('center_axis',(-2.56973802119625E-64,-2.60000542492277E-33,
-1.));
#2274=DIRECTION('ref_axis',(0.707106781186554,-0.707106781186541,0.));
#2275=DIRECTION('center_axis',(0.,0.,1.));
#2276=DIRECTION('ref_axis',(0.,-1.,0.));
#2277=DIRECTION('',(2.56973802119625E-64,2.60000542492277E-33,1.));
#2278=DIRECTION('',(-2.56973802119625E-64,-2.60000542492277E-33,-1.));
#2279=DIRECTION('center_axis',(-1.,9.86076131526265E-32,5.93472984109987E-67));
#2280=DIRECTION('ref_axis',(0.,0.,1.));
#2281=DIRECTION('center_axis',(1.,-9.86076131526265E-32,-5.93472984109987E-67));
#2282=DIRECTION('ref_axis',(8.51379061581015E-32,0.863400942747936,-0.504518396158134));
#2283=DIRECTION('center_axis',(-1.,9.86076131526265E-32,5.93472984109987E-67));
#2284=DIRECTION('ref_axis',(0.,0.863400942747936,-0.504518396158134));
#2285=DIRECTION('center_axis',(1.,0.,0.));
#2286=DIRECTION('ref_axis',(0.,1.,5.5511151231258E-15));
#2287=DIRECTION('',(1.,0.,0.));
#2288=DIRECTION('center_axis',(1.,-2.95822839457879E-31,-5.93472984109987E-67));
#2289=DIRECTION('ref_axis',(0.,0.707106781186548,-0.707106781186548));
#2290=DIRECTION('',(1.,0.,0.));
#2291=DIRECTION('center_axis',(1.,1.66533453693774E-16,-2.46519032881566E-32));
#2292=DIRECTION('ref_axis',(-1.66533453693774E-16,1.,5.5511151231258E-15));
#2293=DIRECTION('center_axis',(0.,1.,-2.60000542492277E-33));
#2294=DIRECTION('ref_axis',(2.46519032881566E-32,2.60000542492277E-33,1.));
#2295=DIRECTION('',(1.,0.,0.));
#2296=DIRECTION('',(7.69734460390654E-64,2.60000542492277E-33,1.));
#2297=DIRECTION('center_axis',(1.,0.,0.));
#2298=DIRECTION('ref_axis',(0.,2.60000542492277E-33,1.));
#2299=DIRECTION('',(1.,0.,0.));
#2300=DIRECTION('center_axis',(1.,-2.95822839457879E-31,-5.93472984109987E-67));
#2301=DIRECTION('ref_axis',(0.,0.707106781186552,0.707106781186543));
#2302=DIRECTION('center_axis',(0.,2.60000542492277E-33,1.));
#2303=DIRECTION('ref_axis',(1.66533453693774E-16,-1.,2.60000542492276E-33));
#2304=DIRECTION('',(1.,0.,0.));
#2305=DIRECTION('',(-2.95822839457879E-31,-1.,2.60000542492276E-33));
#2306=DIRECTION('center_axis',(1.,0.,0.));
#2307=DIRECTION('ref_axis',(0.,-1.,-5.5511151231258E-15));
#2308=DIRECTION('',(1.,0.,0.));
#2309=DIRECTION('center_axis',(1.,-2.95822839457879E-31,-5.93472984109987E-67));
#2310=DIRECTION('ref_axis',(0.,-0.707106781186548,0.707106781186548));
#2311=DIRECTION('center_axis',(0.,-1.,2.60000542492277E-33));
#2312=DIRECTION('ref_axis',(-2.46519032881566E-32,-2.60000542492277E-33,
-1.));
#2313=DIRECTION('',(1.,0.,0.));
#2314=DIRECTION('',(-7.69734460390654E-64,-2.60000542492277E-33,-1.));
#2315=DIRECTION('center_axis',(1.,0.,0.));
#2316=DIRECTION('ref_axis',(0.,-2.60000542492277E-33,-1.));
#2317=DIRECTION('center_axis',(1.,1.66533453693774E-16,-2.46519032881566E-32));
#2318=DIRECTION('ref_axis',(-2.50370892770342E-32,-2.60000542492277E-33,
-1.));
#2319=DIRECTION('',(1.,0.,0.));
#2320=DIRECTION('center_axis',(1.,-2.95822839457879E-31,-5.93472984109987E-67));
#2321=DIRECTION('ref_axis',(0.,-0.707106781186548,-0.707106781186548));
#2322=DIRECTION('center_axis',(1.,-2.95822839457879E-31,-5.93472984109987E-67));
#2323=DIRECTION('ref_axis',(0.,0.,-1.));
#2324=DIRECTION('center_axis',(-6.35934531268574E-15,0.698101684953623,
0.715998629513293));
#2325=DIRECTION('ref_axis',(-1.,0.,-8.88178419700128E-15));
#2326=DIRECTION('center_axis',(0.,8.88178419700128E-15,-1.));
#2327=DIRECTION('ref_axis',(0.,-1.,-8.88178419700128E-15));
#2328=DIRECTION('center_axis',(7.69734460390654E-64,2.60000542492277E-33,
1.));
#2329=DIRECTION('ref_axis',(-0.707106781186554,-0.707106781186541,0.));
#2330=DIRECTION('center_axis',(0.,0.,-1.));
#2331=DIRECTION('ref_axis',(0.,-1.,0.));
#2332=DIRECTION('center_axis',(-2.95822839457879E-31,-1.,2.60000542492277E-33));
#2333=DIRECTION('ref_axis',(-0.707106781186554,0.,-0.707106781186541));
#2334=DIRECTION('center_axis',(0.,-1.,0.));
#2335=DIRECTION('ref_axis',(-1.,0.,0.));
#2336=DIRECTION('center_axis',(0.,1.,0.));
#2337=DIRECTION('ref_axis',(0.,0.,-1.));
#2338=DIRECTION('center_axis',(1.,-2.95822839457879E-31,-5.93472984109987E-67));
#2339=DIRECTION('ref_axis',(0.,0.,-1.));
#2340=DIRECTION('center_axis',(0.,-8.88178419700128E-15,1.));
#2341=DIRECTION('ref_axis',(0.,1.,8.88178419700128E-15));
#2342=DIRECTION('center_axis',(-7.69734460390654E-64,-2.60000542492277E-33,
-1.));
#2343=DIRECTION('ref_axis',(-0.707106781186554,0.707106781186541,0.));
#2344=DIRECTION('center_axis',(0.,0.,1.));
#2345=DIRECTION('ref_axis',(0.,1.,0.));
#2346=DIRECTION('center_axis',(1.,-2.95822839457879E-31,-5.93472984109987E-67));
#2347=DIRECTION('ref_axis',(0.,0.,-1.));
#2348=DIRECTION('center_axis',(-6.35934531268574E-15,-0.698101684953623,
0.715998629513293));
#2349=DIRECTION('ref_axis',(0.,0.715998629513293,0.698101684953623));
#2350=DIRECTION('center_axis',(1.,-2.95822839457879E-31,-5.93472984109987E-67));
#2351=DIRECTION('ref_axis',(0.,0.,-1.));
#2352=DIRECTION('center_axis',(3.90558179533615E-15,-1.,-8.88178419700128E-15));
#2353=DIRECTION('ref_axis',(0.,-8.88178419700128E-15,1.));
#2354=DIRECTION('center_axis',(3.90558179533622E-15,1.,-8.88178419700128E-15));
#2355=DIRECTION('ref_axis',(-0.915406316461263,0.,-0.402531086728495));
#2356=DIRECTION('center_axis',(-2.78970121705915E-16,1.,6.34413142073171E-16));
#2357=DIRECTION('ref_axis',(-0.837415991825002,0.,0.546566058803277));
#2358=DIRECTION('',(-2.78970121705915E-16,1.,6.34413142073171E-16));
#2359=DIRECTION('center_axis',(0.,0.,-1.));
#2360=DIRECTION('ref_axis',(-1.,2.95822839457879E-31,0.));
#2361=DIRECTION('center_axis',(-1.,-1.66533453693774E-16,2.46519032881566E-32));
#2362=DIRECTION('ref_axis',(1.66533453693774E-16,-1.,2.60000542492276E-33));
#2363=DIRECTION('',(-1.66533453693774E-16,1.,6.34413142073171E-16));
#2364=DIRECTION('center_axis',(0.,6.34413142073171E-16,-1.));
#2365=DIRECTION('ref_axis',(-1.66533453693774E-16,1.,6.34413142073171E-16));
#2366=DIRECTION('center_axis',(1.,-9.86076131526265E-32,-5.93472984109987E-67));
#2367=DIRECTION('ref_axis',(-5.93472984109987E-67,-4.13162991671582E-82,
-1.));
#2368=DIRECTION('',(-5.93472984109987E-67,5.85209544336525E-98,-1.));
#2369=DIRECTION('',(-9.86076131526265E-32,-1.,-1.99840144432528E-15));
#2370=DIRECTION('',(-5.93472984109987E-67,5.85209544336525E-98,-1.));
#2371=DIRECTION('',(5.93472984109987E-67,-5.85209544336525E-98,1.));
#2372=DIRECTION('center_axis',(1.97057596545677E-46,1.99840144432528E-15,
-1.));
#2373=DIRECTION('ref_axis',(-9.86076131526265E-32,-1.,-1.99840144432528E-15));
#2374=DIRECTION('',(1.,-1.22464679914735E-16,-2.4473359322044E-31));
#2375=DIRECTION('',(1.22464679914735E-16,1.,1.99840144432528E-15));
#2376=DIRECTION('',(-1.,9.86076131526265E-32,0.));
#2377=DIRECTION('',(1.,-9.86076131526265E-32,0.));
#2378=DIRECTION('center_axis',(9.86076131526265E-32,1.,9.9250295130181E-119));
#2379=DIRECTION('ref_axis',(5.93472984109987E-67,-5.85209544336525E-98,
1.));
#2380=DIRECTION('center_axis',(1.22464679914735E-16,1.,3.40483512634509E-82));
#2381=DIRECTION('ref_axis',(-1.,1.22464679914735E-16,5.93472984109987E-67));
#2382=DIRECTION('',(5.93472984109987E-67,-4.13162991671582E-82,1.));
#2383=DIRECTION('center_axis',(-1.,1.22464679914735E-16,5.93472984109987E-67));
#2384=DIRECTION('ref_axis',(-5.93472984109987E-67,4.13162991671582E-82,
-1.));
#2385=DIRECTION('',(-5.93472984109987E-67,5.85209544336525E-98,-1.));
#2386=DIRECTION('',(5.93472984109987E-67,-5.85209544336525E-98,1.));
#2387=DIRECTION('center_axis',(-9.86076131526265E-32,-1.,-9.9250295130181E-119));
#2388=DIRECTION('ref_axis',(-6.97972398698744E-52,6.88253922820965E-83,
1.));
#2389=DIRECTION('center_axis',(9.86076131526265E-32,1.,0.));
#2390=DIRECTION('ref_axis',(6.65582375893529E-52,-6.56314894433151E-83,
1.));
#2391=CARTESIAN_POINT('',(0.,0.,0.));
#2392=CARTESIAN_POINT('Origin',(-120.956727007679,13.5151060388008,-21.7499998658896));
#2393=CARTESIAN_POINT('',(-119.506727007679,13.5151060388008,-81.7500000004814));
#2394=CARTESIAN_POINT('Origin',(-120.956727007679,13.5151060388008,-81.7500000004814));
#2395=CARTESIAN_POINT('',(-119.506727007679,13.5151060388008,-101.018937299522));
#2396=CARTESIAN_POINT('',(-119.506727007679,13.5151060388008,-21.7499998658896));
#2397=CARTESIAN_POINT('',(-120.956727007679,12.0651060388008,-99.6778508759636));
#2398=CARTESIAN_POINT('Ctrl Pts',(-120.956727007679,12.0651060388008,-99.6778508759636));
#2399=CARTESIAN_POINT('Ctrl Pts',(-120.861763917575,12.0651060388008,-99.6778508759636));
#2400=CARTESIAN_POINT('Ctrl Pts',(-120.76738567219,12.0745314670328,-99.6910157832076));
#2401=CARTESIAN_POINT('Ctrl Pts',(-120.585115978739,12.110450829768,-99.7397685510225));
#2402=CARTESIAN_POINT('Ctrl Pts',(-120.497216087165,12.1369568255104,-99.7753159484283));
#2403=CARTESIAN_POINT('Ctrl Pts',(-120.249199050414,12.2369483987382,-99.9039773700887));
#2404=CARTESIAN_POINT('Ctrl Pts',(-120.104543203893,12.3319349642323,-100.019104152259));
#2405=CARTESIAN_POINT('Ctrl Pts',(-119.845090525552,12.5640153011991,-100.271991898422));
#2406=CARTESIAN_POINT('Ctrl Pts',(-119.721513479057,12.7285559209392,-100.433629538598));
#2407=CARTESIAN_POINT('Ctrl Pts',(-119.552031686439,13.1012890193158,-100.744630509897));
#2408=CARTESIAN_POINT('Ctrl Pts',(-119.506727007679,13.3099065608545,-100.893810953899));
#2409=CARTESIAN_POINT('Ctrl Pts',(-119.506727007679,13.5151060388008,-101.018937299522));
#2410=CARTESIAN_POINT('Ctrl Pts',(-119.506727007679,13.5151060388008,-101.018937299522));
#2411=CARTESIAN_POINT('Ctrl Pts',(-119.506727007679,13.6843327779849,-101.122128222169));
#2412=CARTESIAN_POINT('Ctrl Pts',(-119.53835230282,13.8732898624089,-101.222066754092));
#2413=CARTESIAN_POINT('Ctrl Pts',(-119.682264163312,14.2333170932378,-101.385324077221));
#2414=CARTESIAN_POINT('Ctrl Pts',(-119.794989886482,14.4039785830446,-101.449155995149));
#2415=CARTESIAN_POINT('Ctrl Pts',(-120.057934809236,14.6669235057994,-101.536598957955));
#2416=CARTESIAN_POINT('Ctrl Pts',(-120.219846874813,14.7788394538612,-101.567884615433));
#2417=CARTESIAN_POINT('Ctrl Pts',(-120.577375457854,14.9279425986446,-101.606870421551));
#2418=CARTESIAN_POINT('Ctrl Pts',(-120.772931052612,14.9651060388008,-101.615217423909));
#2419=CARTESIAN_POINT('Ctrl Pts',(-121.137322844804,14.9651060388008,-101.615217423909));
#2420=CARTESIAN_POINT('Ctrl Pts',(-121.329704513916,14.9292175361967,-101.607144629389));
#2421=CARTESIAN_POINT('Ctrl Pts',(-121.682462554141,14.7848033326246,-101.569500239993));
#2422=CARTESIAN_POINT('Ctrl Pts',(-121.842784499299,14.6763030298615,-101.539323650606));
#2423=CARTESIAN_POINT('Ctrl Pts',(-122.109384085487,14.4164450120603,-101.453699617832));
#2424=CARTESIAN_POINT('Ctrl Pts',(-122.225607017434,14.2439689867649,-101.389748986272));
#2425=CARTESIAN_POINT('Ctrl Pts',(-122.374058582261,13.8790684767831,-101.225074541844));
#2426=CARTESIAN_POINT('Ctrl Pts',(-122.406727007679,13.6870724491681,-101.123798816299));
#2427=CARTESIAN_POINT('Ctrl Pts',(-122.406727007679,13.3099065608545,-100.893810953899));
#2428=CARTESIAN_POINT('Ctrl Pts',(-122.361422328918,13.1012890193158,-100.744630509897));
#2429=CARTESIAN_POINT('Ctrl Pts',(-122.191940536301,12.7285559209392,-100.433629538598));
#2430=CARTESIAN_POINT('Ctrl Pts',(-122.068363489806,12.5640153011991,-100.271991898422));
#2431=CARTESIAN_POINT('Ctrl Pts',(-121.808910811464,12.3319349642323,-100.019104152259));
#2432=CARTESIAN_POINT('Ctrl Pts',(-121.664254964943,12.2369483987382,-99.9039773700887));
#2433=CARTESIAN_POINT('Ctrl Pts',(-121.416237928193,12.1369568255104,-99.7753159484283));
#2434=CARTESIAN_POINT('Ctrl Pts',(-121.328338036618,12.110450829768,-99.7397685510225));
#2435=CARTESIAN_POINT('Ctrl Pts',(-121.146068343167,12.0745314670328,-99.6910157832076));
#2436=CARTESIAN_POINT('Ctrl Pts',(-121.051690097782,12.0651060388008,-99.6778508759636));
#2437=CARTESIAN_POINT('Ctrl Pts',(-120.956727007679,12.0651060388008,-99.6778508759636));
#2438=CARTESIAN_POINT('Origin',(-120.956727007679,154.10394690918,-21.7499998658896));
#2439=CARTESIAN_POINT('',(-119.506727007679,154.10394690918,-81.7500000004814));
#2440=CARTESIAN_POINT('Origin',(-120.956727007679,154.10394690918,-81.7500000004814));
#2441=CARTESIAN_POINT('',(-119.506727007679,154.10394690918,-95.6998422622063));
#2442=CARTESIAN_POINT('',(-119.506727007679,154.10394690918,-21.7499998658896));
#2443=CARTESIAN_POINT('Origin',(-120.956727007679,154.10394690918,-95.6998422622063));
#2444=CARTESIAN_POINT('Origin',(-120.956727007679,154.10394690918,-21.7499998658896));
#2445=CARTESIAN_POINT('',(-119.506727007679,154.10394690918,-95.6999998961735));
#2446=CARTESIAN_POINT('Origin',(-120.956727007679,154.10394690918,-95.6999998961735));
#2447=CARTESIAN_POINT('',(-119.506727007679,154.10394690918,-100.760661137531));
#2448=CARTESIAN_POINT('',(-119.506727007679,154.10394690918,-21.7499998658896));
#2449=CARTESIAN_POINT('',(-120.956727007679,155.55394690918,-99.0574399555438));
#2450=CARTESIAN_POINT('Ctrl Pts',(-120.956727007679,155.55394690918,-99.0574399555438));
#2451=CARTESIAN_POINT('Ctrl Pts',(-121.055548091999,155.55394690918,-99.0574399555438));
#2452=CARTESIAN_POINT('Ctrl Pts',(-121.149804840341,155.5439249961,-99.076907230403));
#2453=CARTESIAN_POINT('Ctrl Pts',(-121.328665925516,155.508394260273,-99.1432711149818));
#2454=CARTESIAN_POINT('Ctrl Pts',(-121.413290658928,155.482841797597,-99.1900893563427));
#2455=CARTESIAN_POINT('Ctrl Pts',(-121.65148170821,155.388089277292,-99.3546489879114));
#2456=CARTESIAN_POINT('Ctrl Pts',(-121.789282569504,155.299959605917,-99.4958871846347));
#2457=CARTESIAN_POINT('Ctrl Pts',(-122.04938748947,155.077320361445,-99.8118647311483));
#2458=CARTESIAN_POINT('Ctrl Pts',(-122.178065242692,154.913106399751,-100.017040550195));
#2459=CARTESIAN_POINT('Ctrl Pts',(-122.357176096312,154.534235372163,-100.411360474205));
#2460=CARTESIAN_POINT('Ctrl Pts',(-122.406727007679,154.319126712606,-100.600470769162));
#2461=CARTESIAN_POINT('Ctrl Pts',(-122.406727007679,153.934550830799,-100.886767862066));
#2462=CARTESIAN_POINT('Ctrl Pts',(-122.375064487142,153.742950389556,-101.010902135142));
#2463=CARTESIAN_POINT('Ctrl Pts',(-122.225618670108,153.374622586593,-101.216894610682));
#2464=CARTESIAN_POINT('Ctrl Pts',(-122.107227414474,153.198434205094,-101.299274343959));
#2465=CARTESIAN_POINT('Ctrl Pts',(-121.836476499577,152.938471080422,-101.408700438771));
#2466=CARTESIAN_POINT('Ctrl Pts',(-121.67781133783,152.831851803739,-101.447778401342));
#2467=CARTESIAN_POINT('Ctrl Pts',(-121.327800355391,152.689558884824,-101.497267762144));
#2468=CARTESIAN_POINT('Ctrl Pts',(-121.13651913571,152.65394690918,-101.508311294025));
#2469=CARTESIAN_POINT('Ctrl Pts',(-120.776934879647,152.65394690918,-101.508311294025));
#2470=CARTESIAN_POINT('Ctrl Pts',(-120.585653659967,152.689558884824,-101.497267762144));
#2471=CARTESIAN_POINT('Ctrl Pts',(-120.235642677527,152.831851803739,-101.447778401342));
#2472=CARTESIAN_POINT('Ctrl Pts',(-120.076977515781,152.938471080422,-101.408700438771));
#2473=CARTESIAN_POINT('Ctrl Pts',(-119.806226600883,153.198434205094,-101.299274343959));
#2474=CARTESIAN_POINT('Ctrl Pts',(-119.687835345249,153.374622586593,-101.216894610682));
#2475=CARTESIAN_POINT('Ctrl Pts',(-119.538389528215,153.742950389556,-101.010902135142));
#2476=CARTESIAN_POINT('Ctrl Pts',(-119.506727007679,153.934550830799,-100.886767862066));
#2477=CARTESIAN_POINT('Ctrl Pts',(-119.506727007679,154.10394690918,-100.760661137531));
#2478=CARTESIAN_POINT('Ctrl Pts',(-119.506727007679,154.10394690918,-100.760661137531));
#2479=CARTESIAN_POINT('Ctrl Pts',(-119.506727007679,154.298901269399,-100.615527578148));
#2480=CARTESIAN_POINT('Ctrl Pts',(-119.54768739591,154.496196294117,-100.444876454176));
#2481=CARTESIAN_POINT('Ctrl Pts',(-119.698040861546,154.848904313105,-100.088386777555));
#2482=CARTESIAN_POINT('Ctrl Pts',(-119.806830118792,155.004659685735,-99.9026326463592));
#2483=CARTESIAN_POINT('Ctrl Pts',(-120.046772771837,155.24460233878,-99.5802387949925));
#2484=CARTESIAN_POINT('Ctrl Pts',(-120.193827035805,155.351291439261,-99.4153221131571));
#2485=CARTESIAN_POINT('Ctrl Pts',(-120.451478499431,155.466323681907,-99.2197504500227));
#2486=CARTESIAN_POINT('Ctrl Pts',(-120.54335905981,155.497394600171,-99.1634992943024));
#2487=CARTESIAN_POINT('Ctrl Pts',(-120.739721976987,155.541158177626,-99.0823013528154));
#2488=CARTESIAN_POINT('Ctrl Pts',(-120.844218209733,155.55394690918,-99.0574399555438));
#2489=CARTESIAN_POINT('Ctrl Pts',(-120.956727007679,155.55394690918,-99.0574399555438));
#2490=CARTESIAN_POINT('Origin',(-273.130723603157,13.5151060388008,-21.7499998658896));
#2491=CARTESIAN_POINT('',(-271.680723603157,13.5151060388008,-81.7500000004814));
#2492=CARTESIAN_POINT('Origin',(-273.130723603157,13.5151060388008,-81.7500000004814));
#2493=CARTESIAN_POINT('',(-271.680723603157,13.5151060388008,-101.018937299522));
#2494=CARTESIAN_POINT('',(-271.680723603157,13.5151060388008,-21.7499998658896));
#2495=CARTESIAN_POINT('',(-274.113746650655,12.4491953070379,-100.146806914149));
#2496=CARTESIAN_POINT('Ctrl Pts',(-274.113746650655,12.4491953070379,-100.146806914149));
#2497=CARTESIAN_POINT('Ctrl Pts',(-274.108339302231,12.4442084465369,-100.141420417947));
#2498=CARTESIAN_POINT('Ctrl Pts',(-274.102901301931,12.4392694645392,-100.136061841233));
#2499=CARTESIAN_POINT('Ctrl Pts',(-273.982907406942,12.3319349642323,-100.019104152259));
#2500=CARTESIAN_POINT('Ctrl Pts',(-273.838251560421,12.2369483987382,-99.9039773700887));
#2501=CARTESIAN_POINT('Ctrl Pts',(-273.590234523671,12.1369568255104,-99.7753159484283));
#2502=CARTESIAN_POINT('Ctrl Pts',(-273.502334632096,12.110450829768,-99.7397685510225));
#2503=CARTESIAN_POINT('Ctrl Pts',(-273.320064938645,12.0745314670328,-99.6910157832077));
#2504=CARTESIAN_POINT('Ctrl Pts',(-273.22568669326,12.0651060388008,-99.6778508759636));
#2505=CARTESIAN_POINT('Ctrl Pts',(-273.130723603157,12.0651060388008,-99.6778508759636));
#2506=CARTESIAN_POINT('Ctrl Pts',(-273.035760513053,12.0651060388008,-99.6778508759636));
#2507=CARTESIAN_POINT('Ctrl Pts',(-272.941382267668,12.0745314670328,-99.6910157832077));
#2508=CARTESIAN_POINT('Ctrl Pts',(-272.759112574217,12.110450829768,-99.7397685510225));
#2509=CARTESIAN_POINT('Ctrl Pts',(-272.671212682642,12.1369568255104,-99.7753159484283));
#2510=CARTESIAN_POINT('Ctrl Pts',(-272.423195645892,12.2369483987382,-99.9039773700888));
#2511=CARTESIAN_POINT('Ctrl Pts',(-272.278539799371,12.3319349642323,-100.019104152259));
#2512=CARTESIAN_POINT('Ctrl Pts',(-272.019087121029,12.5640153011991,-100.271991898422));
#2513=CARTESIAN_POINT('Ctrl Pts',(-271.895510074534,12.7285559209392,-100.433629538598));
#2514=CARTESIAN_POINT('Ctrl Pts',(-271.726028281917,13.1012890193158,-100.744630509897));
#2515=CARTESIAN_POINT('Ctrl Pts',(-271.680723603157,13.3099065608545,-100.893810953899));
#2516=CARTESIAN_POINT('Ctrl Pts',(-271.680723603157,13.5151060388008,-101.018937299522));
#2517=CARTESIAN_POINT('',(-274.539481238556,13.1717375418408,-100.313139740901));
#2518=CARTESIAN_POINT('Ctrl Pts',(-274.539481238556,13.1717375418408,-100.313139740901));
#2519=CARTESIAN_POINT('Ctrl Pts',(-274.518195434397,13.0844070517137,-100.334094418791));
#2520=CARTESIAN_POINT('Ctrl Pts',(-274.488016798907,12.9966443904256,-100.343015538643));
#2521=CARTESIAN_POINT('Ctrl Pts',(-274.409916290589,12.8256970690462,-100.33736064464));
#2522=CARTESIAN_POINT('Ctrl Pts',(-274.361974761763,12.7438362512127,-100.322012322747));
#2523=CARTESIAN_POINT('Ctrl Pts',(-274.246946342801,12.5835600455527,-100.261318323058));
#2524=CARTESIAN_POINT('Ctrl Pts',(-274.179464135211,12.5098024479714,-100.212270974026));
#2525=CARTESIAN_POINT('Ctrl Pts',(-274.113746650655,12.4491953070379,-100.146806914149));
#2526=CARTESIAN_POINT('',(-272.549346185969,14.8434509860133,-101.514133058339));
#2527=CARTESIAN_POINT('Ctrl Pts',(-272.549346185969,14.8434509860133,-101.514133058339));
#2528=CARTESIAN_POINT('Ctrl Pts',(-272.561719925555,14.8488666069905,-101.510191504418));
#2529=CARTESIAN_POINT('Ctrl Pts',(-272.574155262164,14.8541031221714,-101.506177208754));
#2530=CARTESIAN_POINT('Ctrl Pts',(-272.766326615007,14.9318952132569,-101.443299213033));
#2531=CARTESIAN_POINT('Ctrl Pts',(-272.957338332125,14.9651060388008,-101.368298572551));
#2532=CARTESIAN_POINT('Ctrl Pts',(-273.319163067893,14.9651060388008,-101.200948278109));
#2533=CARTESIAN_POINT('Ctrl Pts',(-273.514280118197,14.9265964696226,-101.095219847251));
#2534=CARTESIAN_POINT('Ctrl Pts',(-273.868675483736,14.7779788814618,-100.872591357294));
#2535=CARTESIAN_POINT('Ctrl Pts',(-274.028260437457,14.6681788699413,-100.755974115335));
#2536=CARTESIAN_POINT('Ctrl Pts',(-274.276828624229,14.4196106831697,-100.557037816479));
#2537=CARTESIAN_POINT('Ctrl Pts',(-274.386974283704,14.2643656904568,-100.458573962721));
#2538=CARTESIAN_POINT('Ctrl Pts',(-274.500958358387,13.9990692065959,-100.351036476647));
#2539=CARTESIAN_POINT('Ctrl Pts',(-274.530735963612,13.9052163503188,-100.321833532571));
#2540=CARTESIAN_POINT('Ctrl Pts',(-274.570616331283,13.7123109141568,-100.282335056036));
#2541=CARTESIAN_POINT('Ctrl Pts',(-274.580723603157,13.6132543578553,-100.272063500773));
#2542=CARTESIAN_POINT('Ctrl Pts',(-274.580723603157,13.5151060388008,-100.272063500773));
#2543=CARTESIAN_POINT('Ctrl Pts',(-274.580723603157,13.4004614490099,-100.272063500773));
#2544=CARTESIAN_POINT('Ctrl Pts',(-274.566823371708,13.2839156804498,-100.286222947493));
#2545=CARTESIAN_POINT('Ctrl Pts',(-274.539481238556,13.1717375418408,-100.313139740901));
#2546=CARTESIAN_POINT('',(-272.250489055679,14.6673591105809,-101.534873902913));
#2547=CARTESIAN_POINT('Ctrl Pts',(-272.25048851986,14.6673597484609,-101.534870441599));
#2548=CARTESIAN_POINT('Ctrl Pts',(-272.27613162844,14.6869502967436,-101.540807429512));
#2549=CARTESIAN_POINT('Ctrl Pts',(-272.302600108306,14.7058175881579,-101.54440781211));
#2550=CARTESIAN_POINT('Ctrl Pts',(-272.329790397106,14.7238391576294,-101.545785106897));
#2551=CARTESIAN_POINT('Ctrl Pts',(-272.349168952047,14.7366831541266,-101.546766706722));
#2552=CARTESIAN_POINT('Ctrl Pts',(-272.368914166078,14.7490983674382,-101.54661787655));
#2553=CARTESIAN_POINT('Ctrl Pts',(-272.388984885719,14.7610467554333,-101.545365579549));
#2554=CARTESIAN_POINT('Ctrl Pts',(-272.417123538775,14.7777981001976,-101.543609890093));
#2555=CARTESIAN_POINT('Ctrl Pts',(-272.445596955818,14.7934480477158,-101.53970676493));
#2556=CARTESIAN_POINT('Ctrl Pts',(-272.474257058675,14.8079957504275,-101.533834027027));
#2557=CARTESIAN_POINT('Ctrl Pts',(-272.499183198022,14.8206481148237,-101.528726415094));
#2558=CARTESIAN_POINT('Ctrl Pts',(-272.524250154437,14.8324671929672,-101.522127194696));
#2559=CARTESIAN_POINT('Ctrl Pts',(-272.549346185969,14.8434509860133,-101.514133058339));
#2560=CARTESIAN_POINT('Ctrl Pts',(-271.680723603157,13.5151060388008,-101.018937299522));
#2561=CARTESIAN_POINT('Ctrl Pts',(-271.680723603157,13.6843327779849,-101.122128222169));
#2562=CARTESIAN_POINT('Ctrl Pts',(-271.712348898297,13.8732898624089,-101.222066754092));
#2563=CARTESIAN_POINT('Ctrl Pts',(-271.85626075879,14.2333170932379,-101.385324077221));
#2564=CARTESIAN_POINT('Ctrl Pts',(-271.968986481959,14.4039785830447,-101.449155995149));
#2565=CARTESIAN_POINT('Ctrl Pts',(-272.149767856126,14.5847599572117,-101.509275273406));
#2566=CARTESIAN_POINT('Ctrl Pts',(-272.198308343078,14.6274969769332,-101.522787022926));
#2567=CARTESIAN_POINT('Ctrl Pts',(-272.250489055679,14.6673591105809,-101.534873902913));
#2568=CARTESIAN_POINT('Origin',(31.3157918663833,13.5151060388008,-21.7499998658896));
#2569=CARTESIAN_POINT('',(32.7657918663833,13.5151060388008,-81.7500000004814));
#2570=CARTESIAN_POINT('Origin',(31.3157918663833,13.5151060388008,-81.7500000004814));
#2571=CARTESIAN_POINT('',(32.7657918663833,13.5151060388008,-100.002463787363));
#2572=CARTESIAN_POINT('',(32.7657918663833,13.5151060388008,-21.7499998658896));
#2573=CARTESIAN_POINT('',(32.6734224929474,13.0058525834219,-100.107312241201));
#2574=CARTESIAN_POINT('Ctrl Pts',(32.6734224929474,13.0058525834219,-100.107312241201));
#2575=CARTESIAN_POINT('Ctrl Pts',(32.698925532474,13.0738417294279,-100.079166607276));
#2576=CARTESIAN_POINT('Ctrl Pts',(32.719660312672,13.1447190506428,-100.055643454235));
#2577=CARTESIAN_POINT('Ctrl Pts',(32.7552523542413,13.3144515305531,-100.014881477677));
#2578=CARTESIAN_POINT('Ctrl Pts',(32.7657918663833,13.4147533707607,-100.002463787363));
#2579=CARTESIAN_POINT('Ctrl Pts',(32.7657918663833,13.5151060388008,-100.002463787363));
#2580=CARTESIAN_POINT('',(32.1506794103656,12.329583880044,-100.012863319949));
#2581=CARTESIAN_POINT('Ctrl Pts',(32.1506794103656,12.329583880044,-100.012863319949));
#2582=CARTESIAN_POINT('Ctrl Pts',(32.2202006584163,12.3785432551269,-100.069711853207));
#2583=CARTESIAN_POINT('Ctrl Pts',(32.2925470610782,12.4388873152625,-100.111223098347));
#2584=CARTESIAN_POINT('Ctrl Pts',(32.4277163803662,12.5795033039818,-100.162747259955));
#2585=CARTESIAN_POINT('Ctrl Pts',(32.4894212316451,12.6578174452165,-100.173188384769));
#2586=CARTESIAN_POINT('Ctrl Pts',(32.5963607731949,12.8274302564638,-100.163980873033));
#2587=CARTESIAN_POINT('Ctrl Pts',(32.6403375305928,12.9176506130733,-100.143825427713));
#2588=CARTESIAN_POINT('Ctrl Pts',(32.6734224929474,13.0058525834219,-100.107312241201));
#2589=CARTESIAN_POINT('',(30.2921718301714,14.5420929040846,-101.495085911772));
#2590=CARTESIAN_POINT('Ctrl Pts',(30.2921718301714,14.5420929040846,-101.495085911772));
#2591=CARTESIAN_POINT('Ctrl Pts',(30.2916095695594,14.5415324867633,-101.494899764265));
#2592=CARTESIAN_POINT('Ctrl Pts',(30.2910479704751,14.5409718083336,-101.494713419792));
#2593=CARTESIAN_POINT('Ctrl Pts',(30.1540547451862,14.4039785830446,-101.449155995149));
#2594=CARTESIAN_POINT('Ctrl Pts',(30.0413290220169,14.2333170932378,-101.385324077221));
#2595=CARTESIAN_POINT('Ctrl Pts',(29.8974171615242,13.8732898624088,-101.222066754092));
#2596=CARTESIAN_POINT('Ctrl Pts',(29.8657918663833,13.6843327779849,-101.122128222168));
#2597=CARTESIAN_POINT('Ctrl Pts',(29.8657918663833,13.3240166206025,-100.902414972927));
#2598=CARTESIAN_POINT('Ctrl Pts',(29.9052533076999,13.1282160809109,-100.763985179493));
#2599=CARTESIAN_POINT('Ctrl Pts',(30.0543978770719,12.7747087844124,-100.474666001494));
#2600=CARTESIAN_POINT('Ctrl Pts',(30.1636237702791,12.616664469464,-100.323953666236));
#2601=CARTESIAN_POINT('Ctrl Pts',(30.4079438922159,12.3723443475271,-100.066262865179));
#2602=CARTESIAN_POINT('Ctrl Pts',(30.5589463338077,12.2636353204526,-99.9371005237389));
#2603=CARTESIAN_POINT('Ctrl Pts',(30.8214132647619,12.1486459326211,-99.790784812742));
#2604=CARTESIAN_POINT('Ctrl Pts',(30.9149290845072,12.1180335463657,-99.7499593649849));
#2605=CARTESIAN_POINT('Ctrl Pts',(31.1103086747865,12.0762757446852,-99.6934661713811));
#2606=CARTESIAN_POINT('Ctrl Pts',(31.2121824152253,12.0651060388008,-99.6778508759635));
#2607=CARTESIAN_POINT('Ctrl Pts',(31.3157918663833,12.0651060388008,-99.6778508759635));
#2608=CARTESIAN_POINT('Ctrl Pts',(31.4107549564867,12.0651060388008,-99.6778508759635));
#2609=CARTESIAN_POINT('Ctrl Pts',(31.5051332018716,12.0745314670327,-99.6910157832075));
#2610=CARTESIAN_POINT('Ctrl Pts',(31.6874028953226,12.110450829768,-99.7397685510224));
#2611=CARTESIAN_POINT('Ctrl Pts',(31.7753027868975,12.1369568255103,-99.7753159484283));
#2612=CARTESIAN_POINT('Ctrl Pts',(31.9650421493177,12.2134529307788,-99.873745219392));
#2613=CARTESIAN_POINT('Ctrl Pts',(32.0635766132914,12.2682429428156,-99.9416380989542));
#2614=CARTESIAN_POINT('Ctrl Pts',(32.1506794103656,12.329583880044,-100.012863319949));
#2615=CARTESIAN_POINT('',(30.5798442458996,14.764458310942,-101.483148864644));
#2616=CARTESIAN_POINT('Ctrl Pts',(30.5798442458996,14.764458310942,-101.483148864644));
#2617=CARTESIAN_POINT('Ctrl Pts',(30.5503587810225,14.747089504562,-101.493188525127));
#2618=CARTESIAN_POINT('Ctrl Pts',(30.5211259091915,14.7284613920251,-101.500792398992));
#2619=CARTESIAN_POINT('Ctrl Pts',(30.4923628797099,14.7086236526512,-101.505860020032));
#2620=CARTESIAN_POINT('Ctrl Pts',(30.46650872841,14.690792154215,-101.510415139693));
#2621=CARTESIAN_POINT('Ctrl Pts',(30.4410334470502,14.6719824082933,-101.512921969082));
#2622=CARTESIAN_POINT('Ctrl Pts',(30.4160701417009,14.6522326737127,-101.51327384356));
#2623=CARTESIAN_POINT('Ctrl Pts',(30.4046569467798,14.6432031174397,-101.513434720173));
#2624=CARTESIAN_POINT('Ctrl Pts',(30.3933504733022,14.6339771837452,-101.513144575805));
#2625=CARTESIAN_POINT('Ctrl Pts',(30.3821621612545,14.6245595497611,-101.51238981741));
#2626=CARTESIAN_POINT('Ctrl Pts',(30.3570051271915,14.6033839034327,-101.510692735442));
#2627=CARTESIAN_POINT('Ctrl Pts',(30.3327847719141,14.5815265099465,-101.506672987437));
#2628=CARTESIAN_POINT('Ctrl Pts',(30.3095682884363,14.559146137755,-101.500333061325));
#2629=CARTESIAN_POINT('Ctrl Pts',(30.3037050375129,14.5534940441448,-101.498731932642));
#2630=CARTESIAN_POINT('Ctrl Pts',(30.2979057945338,14.547808747464,-101.496982612911));
#2631=CARTESIAN_POINT('Ctrl Pts',(30.2921716345611,14.5420931369541,-101.495084735373));
#2632=CARTESIAN_POINT('Ctrl Pts',(32.7657918663833,13.5151060388008,-100.002463787363));
#2633=CARTESIAN_POINT('Ctrl Pts',(32.7657918663833,13.6089071125395,-100.002463787363));
#2634=CARTESIAN_POINT('Ctrl Pts',(32.756563184257,13.7032712690842,-100.013328864691));
#2635=CARTESIAN_POINT('Ctrl Pts',(32.7204605877644,13.8868256469557,-100.054767256593));
#2636=CARTESIAN_POINT('Ctrl Pts',(32.6935810262589,13.9760208237783,-100.085313695751));
#2637=CARTESIAN_POINT('Ctrl Pts',(32.591179228089,14.2284570934022,-100.19738720987));
#2638=CARTESIAN_POINT('Ctrl Pts',(32.4927822753216,14.376699709163,-100.29951104512));
#2639=CARTESIAN_POINT('Ctrl Pts',(32.2560376623605,14.6355416741747,-100.521192889294));
#2640=CARTESIAN_POINT('Ctrl Pts',(32.0917561015861,14.7566091225527,-100.660977471737));
#2641=CARTESIAN_POINT('Ctrl Pts',(31.7221986226149,14.9216208625817,-100.92945180739));
#2642=CARTESIAN_POINT('Ctrl Pts',(31.5165300899752,14.9651060388008,-101.057882905985));
#2643=CARTESIAN_POINT('Ctrl Pts',(31.1423953182286,14.9651060388008,-101.256836120971));
#2644=CARTESIAN_POINT('Ctrl Pts',(30.9502050686967,14.9318849678351,-101.344521645633));
#2645=CARTESIAN_POINT('Ctrl Pts',(30.704031013825,14.8315875835697,-101.439541257449));
#2646=CARTESIAN_POINT('Ctrl Pts',(30.6406588993877,14.8002819937599,-101.462441764521));
#2647=CARTESIAN_POINT('Ctrl Pts',(30.5798442458996,14.764458310942,-101.483148864644));
#2648=CARTESIAN_POINT('Origin',(31.0434498567358,154.10394690918,-21.7499998658896));
#2649=CARTESIAN_POINT('',(32.4934498567358,154.10394690918,-81.7500000004814));
#2650=CARTESIAN_POINT('Origin',(31.0434498567358,154.10394690918,-81.7500000004814));
#2651=CARTESIAN_POINT('',(32.4934498567358,154.10394690918,-95.6998422622063));
#2652=CARTESIAN_POINT('',(32.4934498567358,154.10394690918,-21.7499998658896));
#2653=CARTESIAN_POINT('Origin',(31.0434498567358,154.10394690918,-95.6998422622063));
#2654=CARTESIAN_POINT('Origin',(31.0434498567358,154.10394690918,-21.7499998658896));
#2655=CARTESIAN_POINT('',(32.4934498567358,154.10394690918,-95.6999998961735));
#2656=CARTESIAN_POINT('Origin',(31.0434498567358,154.10394690918,-95.6999998961735));
#2657=CARTESIAN_POINT('',(32.4934498567358,154.103946888555,-100.295448558539));
#2658=CARTESIAN_POINT('',(32.4934498567358,154.10394690918,-21.7499998658896));
#2659=CARTESIAN_POINT('',(32.4932390509971,154.079222585065,-100.296027105994));
#2660=CARTESIAN_POINT('Ctrl Pts',(32.4932390509971,154.079222585065,-100.296027105994));
#2661=CARTESIAN_POINT('Ctrl Pts',(32.4933796963184,154.087469769741,-100.295887294291));
#2662=CARTESIAN_POINT('Ctrl Pts',(32.4934484944388,154.095711343566,-100.295692180729));
#2663=CARTESIAN_POINT('Ctrl Pts',(32.4934452320115,154.103945341733,-100.295442340369));
#2664=CARTESIAN_POINT('',(30.8175580448943,152.671650539939,-101.395426162939));
#2665=CARTESIAN_POINT('Ctrl Pts',(30.8175580448943,152.671650539939,-101.395426162939));
#2666=CARTESIAN_POINT('Ctrl Pts',(30.8945083827399,152.659514468375,-101.364792493359));
#2667=CARTESIAN_POINT('Ctrl Pts',(30.9705040299046,152.65394690918,-101.332283874459));
#2668=CARTESIAN_POINT('Ctrl Pts',(31.2405303687402,152.65394690918,-101.209100026641));
#2669=CARTESIAN_POINT('Ctrl Pts',(31.4437658691446,152.695978474311,-101.099552178402));
#2670=CARTESIAN_POINT('Ctrl Pts',(31.8105115090113,152.857253522274,-100.869261754256));
#2671=CARTESIAN_POINT('Ctrl Pts',(31.9743762310801,152.976148660797,-100.748840294295));
#2672=CARTESIAN_POINT('Ctrl Pts',(32.2151514616092,153.234329418926,-100.554984499425));
#2673=CARTESIAN_POINT('Ctrl Pts',(32.3164740765379,153.385688995757,-100.464613781828));
#2674=CARTESIAN_POINT('Ctrl Pts',(32.4526249599715,153.719538365335,-100.33710177823));
#2675=CARTESIAN_POINT('Ctrl Pts',(32.4901992403574,153.900973642949,-100.299048899392));
#2676=CARTESIAN_POINT('Ctrl Pts',(32.4932390509971,154.079222585065,-100.296027105994));
#2677=CARTESIAN_POINT('',(30.3892546357513,152.809911124188,-101.45512093103));
#2678=CARTESIAN_POINT('Ctrl Pts',(30.3892494651981,152.809904968768,-101.455093481345));
#2679=CARTESIAN_POINT('Ctrl Pts',(30.4177197868586,152.795509087565,-101.460262711357));
#2680=CARTESIAN_POINT('Ctrl Pts',(30.44683009908,152.781964614193,-101.463141002174));
#2681=CARTESIAN_POINT('Ctrl Pts',(30.4764605122916,152.769368018047,-101.463929058182));
#2682=CARTESIAN_POINT('Ctrl Pts',(30.4932225383605,152.762242080536,-101.46437486416));
#2683=CARTESIAN_POINT('Ctrl Pts',(30.510150957941,152.755418879072,-101.464150742099));
#2684=CARTESIAN_POINT('Ctrl Pts',(30.5272230816519,152.748912594239,-101.463286864434));
#2685=CARTESIAN_POINT('Ctrl Pts',(30.5586639681776,152.736930291006,-101.461695903632));
#2686=CARTESIAN_POINT('Ctrl Pts',(30.5903172120547,152.726129787279,-101.457952301753));
#2687=CARTESIAN_POINT('Ctrl Pts',(30.6220276121653,152.71650259445,-101.452323501537));
#2688=CARTESIAN_POINT('Ctrl Pts',(30.6441756005242,152.709778524304,-101.448392090983));
#2689=CARTESIAN_POINT('Ctrl Pts',(30.6663512255617,152.703626345435,-101.443539659244));
#2690=CARTESIAN_POINT('Ctrl Pts',(30.68849877431,152.698040266213,-101.437846725025));
#2691=CARTESIAN_POINT('Ctrl Pts',(30.7276900125509,152.688155408792,-101.427772782133));
#2692=CARTESIAN_POINT('Ctrl Pts',(30.7666331779832,152.680080841919,-101.415112196855));
#2693=CARTESIAN_POINT('Ctrl Pts',(30.8050558000277,152.673678078461,-101.400321201565));
#2694=CARTESIAN_POINT('Ctrl Pts',(30.8092294787022,152.672982574722,-101.398714521481));
#2695=CARTESIAN_POINT('Ctrl Pts',(30.813397010547,152.672306789307,-101.397082656658));
#2696=CARTESIAN_POINT('Ctrl Pts',(30.8175580448943,152.671650539939,-101.395426162939));
#2697=CARTESIAN_POINT('',(32.2051437156297,154.971683838329,-99.9360281013309));
#2698=CARTESIAN_POINT('Ctrl Pts',(32.2051437156297,154.971683838329,-99.9360281013309));
#2699=CARTESIAN_POINT('Ctrl Pts',(32.1627322042881,155.028462788973,-99.8673545268773));
#2700=CARTESIAN_POINT('Ctrl Pts',(32.1168842912067,155.08112214015,-99.7998954929138));
#2701=CARTESIAN_POINT('Ctrl Pts',(31.953404092577,155.24460233878,-99.5802387949925));
#2702=CARTESIAN_POINT('Ctrl Pts',(31.8063498286094,155.351291439261,-99.4153221131572));
#2703=CARTESIAN_POINT('Ctrl Pts',(31.5486983649834,155.466323681907,-99.2197504500227));
#2704=CARTESIAN_POINT('Ctrl Pts',(31.4568178046049,155.497394600171,-99.1634992943024));
#2705=CARTESIAN_POINT('Ctrl Pts',(31.2604548874273,155.541158177626,-99.0823013528154));
#2706=CARTESIAN_POINT('Ctrl Pts',(31.1559586546818,155.55394690918,-99.0574399555439));
#2707=CARTESIAN_POINT('Ctrl Pts',(31.0434498567358,155.55394690918,-99.0574399555438));
#2708=CARTESIAN_POINT('Ctrl Pts',(30.9446287724151,155.55394690918,-99.0574399555438));
#2709=CARTESIAN_POINT('Ctrl Pts',(30.8503720240732,155.5439249961,-99.076907230403));
#2710=CARTESIAN_POINT('Ctrl Pts',(30.6715109388986,155.508394260273,-99.1432711149818));
#2711=CARTESIAN_POINT('Ctrl Pts',(30.5868862054861,155.482841797597,-99.1900893563427));
#2712=CARTESIAN_POINT('Ctrl Pts',(30.3486951562047,155.388089277292,-99.3546489879114));
#2713=CARTESIAN_POINT('Ctrl Pts',(30.2108942949106,155.299959605917,-99.4958871846348));
#2714=CARTESIAN_POINT('Ctrl Pts',(29.9507893749442,155.077320361445,-99.8118647311483));
#2715=CARTESIAN_POINT('Ctrl Pts',(29.8221116217229,154.913106399751,-100.017040550195));
#2716=CARTESIAN_POINT('Ctrl Pts',(29.6430007681021,154.534235372163,-100.411360474205));
#2717=CARTESIAN_POINT('Ctrl Pts',(29.5934498567358,154.319126712606,-100.600470769162));
#2718=CARTESIAN_POINT('Ctrl Pts',(29.5934498567358,153.934550830799,-100.886767862066));
#2719=CARTESIAN_POINT('Ctrl Pts',(29.6251123772721,153.742950389556,-101.010902135142));
#2720=CARTESIAN_POINT('Ctrl Pts',(29.7745581943062,153.374622586593,-101.216894610682));
#2721=CARTESIAN_POINT('Ctrl Pts',(29.8929494499402,153.198434205094,-101.299274343959));
#2722=CARTESIAN_POINT('Ctrl Pts',(30.137529304627,152.963599381802,-101.398123200585));
#2723=CARTESIAN_POINT('Ctrl Pts',(30.2569152418948,152.876814837372,-101.431066123785));
#2724=CARTESIAN_POINT('Ctrl Pts',(30.3892546357513,152.809911124188,-101.45512093103));
#2725=CARTESIAN_POINT('Ctrl Pts',(32.4934498567358,154.103946888536,-100.295448557923));
#2726=CARTESIAN_POINT('Ctrl Pts',(32.4934498582196,154.208165155565,-100.292333386839));
#2727=CARTESIAN_POINT('Ctrl Pts',(32.4821579266399,154.311311681101,-100.280712313688));
#2728=CARTESIAN_POINT('Ctrl Pts',(32.4366734948502,154.521310771611,-100.233847813955));
#2729=CARTESIAN_POINT('Ctrl Pts',(32.4006875219901,154.624584501102,-100.19678045115));
#2730=CARTESIAN_POINT('Ctrl Pts',(32.3107764637182,154.816879780418,-100.090305099999));
#2731=CARTESIAN_POINT('Ctrl Pts',(32.2575802502725,154.901483760137,-100.020934395683));
#2732=CARTESIAN_POINT('Ctrl Pts',(32.2051437156297,154.971683838329,-99.9360281013309));
#2733=CARTESIAN_POINT('Origin',(-273.130723603156,154.10394690918,-21.7499998658896));
#2734=CARTESIAN_POINT('',(-271.680723603156,154.10394690918,-81.7500000004814));
#2735=CARTESIAN_POINT('Origin',(-273.130723603156,154.10394690918,-81.7500000004814));
#2736=CARTESIAN_POINT('',(-271.680723603156,154.10394690918,-95.6998422622063));
#2737=CARTESIAN_POINT('',(-271.680723603156,154.10394690918,-21.7499998658896));
#2738=CARTESIAN_POINT('Origin',(-273.130723603156,154.10394690918,-95.6998422622063));
#2739=CARTESIAN_POINT('Origin',(-273.130723603156,154.10394690918,-21.7499998658896));
#2740=CARTESIAN_POINT('',(-271.680723603156,154.10394690918,-95.6999998961735));
#2741=CARTESIAN_POINT('Origin',(-273.130723603156,154.10394690918,-95.6999998961735));
#2742=CARTESIAN_POINT('',(-271.680723603156,154.10394690918,-100.760661137531));
#2743=CARTESIAN_POINT('',(-271.680723603156,154.10394690918,-21.7499998658896));
#2744=CARTESIAN_POINT('',(-272.459948869344,152.818427070174,-101.452050367907));
#2745=CARTESIAN_POINT('Ctrl Pts',(-272.459948869344,152.818427070174,-101.452050367907));
#2746=CARTESIAN_POINT('Ctrl Pts',(-272.334176807051,152.884054001044,-101.428320353219));
#2747=CARTESIAN_POINT('Ctrl Pts',(-272.22068071384,152.967557468746,-101.396457125838));
#2748=CARTESIAN_POINT('Ctrl Pts',(-271.980223196361,153.198434205094,-101.299274343959));
#2749=CARTESIAN_POINT('Ctrl Pts',(-271.861831940727,153.374622586593,-101.216894610682));
#2750=CARTESIAN_POINT('Ctrl Pts',(-271.712386123693,153.742950389556,-101.010902135142));
#2751=CARTESIAN_POINT('Ctrl Pts',(-271.680723603156,153.934550830799,-100.886767862066));
#2752=CARTESIAN_POINT('Ctrl Pts',(-271.680723603156,154.10394690918,-100.760661137531));
#2753=CARTESIAN_POINT('',(-272.88499191805,152.67492068866,-101.393874468772));
#2754=CARTESIAN_POINT('Ctrl Pts',(-272.88499191805,152.67492068866,-101.393874468772));
#2755=CARTESIAN_POINT('Ctrl Pts',(-272.847834142103,152.681310244546,-101.408702946522));
#2756=CARTESIAN_POINT('Ctrl Pts',(-272.810177977759,152.689273807997,-101.421513839428));
#2757=CARTESIAN_POINT('Ctrl Pts',(-272.772282890256,152.698930500364,-101.431897997791));
#2758=CARTESIAN_POINT('Ctrl Pts',(-272.756274039271,152.703009988216,-101.436284805022));
#2759=CARTESIAN_POINT('Ctrl Pts',(-272.740222481568,152.707391585903,-101.440238081033));
#2760=CARTESIAN_POINT('Ctrl Pts',(-272.724147206229,152.712083697522,-101.443723927667));
#2761=CARTESIAN_POINT('Ctrl Pts',(-272.691302807936,152.721670443603,-101.450846078475));
#2762=CARTESIAN_POINT('Ctrl Pts',(-272.658502742686,152.732512758871,-101.455988113576));
#2763=CARTESIAN_POINT('Ctrl Pts',(-272.625929037329,152.744609817115,-101.458880858515));
#2764=CARTESIAN_POINT('Ctrl Pts',(-272.612433911,152.749621569001,-101.460079308553));
#2765=CARTESIAN_POINT('Ctrl Pts',(-272.598977482091,152.754848562578,-101.460891225263));
#2766=CARTESIAN_POINT('Ctrl Pts',(-272.585572048119,152.760289862157,-101.46129482155));
#2767=CARTESIAN_POINT('Ctrl Pts',(-272.555720781272,152.772406566923,-101.462193551161));
#2768=CARTESIAN_POINT('Ctrl Pts',(-272.526366255888,152.785487956556,-101.461062726416));
#2769=CARTESIAN_POINT('Ctrl Pts',(-272.497627412599,152.799443070369,-101.457734391822));
#2770=CARTESIAN_POINT('Ctrl Pts',(-272.484943112888,152.805602359535,-101.456265383724));
#2771=CARTESIAN_POINT('Ctrl Pts',(-272.472378642403,152.811931579884,-101.454367777031));
#2772=CARTESIAN_POINT('Ctrl Pts',(-272.459943926204,152.818421185484,-101.452024211002));
#2773=CARTESIAN_POINT('',(-274.580716250066,154.099329127553,-100.272070909986));
#2774=CARTESIAN_POINT('Ctrl Pts',(-274.580716250066,154.099329127553,-100.272070909986));
#2775=CARTESIAN_POINT('Ctrl Pts',(-274.580408492468,154.002692627475,-100.272381015908));
#2776=CARTESIAN_POINT('Ctrl Pts',(-274.570303653801,153.905229580714,-100.282644739344));
#2777=CARTESIAN_POINT('Ctrl Pts',(-274.530735963612,153.713836597662,-100.321833532571));
#2778=CARTESIAN_POINT('Ctrl Pts',(-274.500958358387,153.619983741385,-100.351036476647));
#2779=CARTESIAN_POINT('Ctrl Pts',(-274.386974283704,153.354687257524,-100.458573962721));
#2780=CARTESIAN_POINT('Ctrl Pts',(-274.276828624229,153.199442264812,-100.557037816479));
#2781=CARTESIAN_POINT('Ctrl Pts',(-274.028260437457,152.95087407804,-100.755974115335));
#2782=CARTESIAN_POINT('Ctrl Pts',(-273.868675483736,152.84107406652,-100.872591357294));
#2783=CARTESIAN_POINT('Ctrl Pts',(-273.514280118197,152.692456478359,-101.095219847251));
#2784=CARTESIAN_POINT('Ctrl Pts',(-273.319163067892,152.65394690918,-101.200948278109));
#2785=CARTESIAN_POINT('Ctrl Pts',(-273.051561713996,152.65394690918,-101.324718603741));
#2786=CARTESIAN_POINT('Ctrl Pts',(-272.968745254588,152.660518679638,-101.360451195834));
#2787=CARTESIAN_POINT('Ctrl Pts',(-272.88499191805,152.67492068866,-101.393874468772));
#2788=CARTESIAN_POINT('',(-274.281167580581,154.986544583552,-99.9179683351381));
#2789=CARTESIAN_POINT('Ctrl Pts',(-274.281167580581,154.986544583552,-99.9179683351381));
#2790=CARTESIAN_POINT('Ctrl Pts',(-274.327266773476,154.926455439462,-99.9913417440308));
#2791=CARTESIAN_POINT('Ctrl Pts',(-274.374225974763,154.85544548334,-100.053145747109));
#2792=CARTESIAN_POINT('Ctrl Pts',(-274.457438408768,154.695581108342,-100.15185767589));
#2793=CARTESIAN_POINT('Ctrl Pts',(-274.493087257168,154.609679983488,-100.188749881826));
#2794=CARTESIAN_POINT('Ctrl Pts',(-274.559976346128,154.384740770078,-100.2543789166));
#2795=CARTESIAN_POINT('Ctrl Pts',(-274.581174268043,154.243147686236,-100.271609397135));
#2796=CARTESIAN_POINT('Ctrl Pts',(-274.580716250066,154.099329127553,-100.272070909986));
#2797=CARTESIAN_POINT('Ctrl Pts',(-271.680723603156,154.10394690918,-100.760661137531));
#2798=CARTESIAN_POINT('Ctrl Pts',(-271.680723603156,154.298901269399,-100.615527578148));
#2799=CARTESIAN_POINT('Ctrl Pts',(-271.721683991388,154.496196294117,-100.444876454176));
#2800=CARTESIAN_POINT('Ctrl Pts',(-271.872037457024,154.848904313105,-100.088386777555));
#2801=CARTESIAN_POINT('Ctrl Pts',(-271.98082671427,155.004659685735,-99.9026326463591));
#2802=CARTESIAN_POINT('Ctrl Pts',(-272.220769367315,155.24460233878,-99.5802387949924));
#2803=CARTESIAN_POINT('Ctrl Pts',(-272.367823631283,155.351291439261,-99.4153221131571));
#2804=CARTESIAN_POINT('Ctrl Pts',(-272.625475094909,155.466323681907,-99.2197504500226));
#2805=CARTESIAN_POINT('Ctrl Pts',(-272.717355655287,155.497394600171,-99.1634992943024));
#2806=CARTESIAN_POINT('Ctrl Pts',(-272.913718572465,155.541158177626,-99.0823013528154));
#2807=CARTESIAN_POINT('Ctrl Pts',(-273.01821480521,155.55394690918,-99.0574399555437));
#2808=CARTESIAN_POINT('Ctrl Pts',(-273.130723603156,155.55394690918,-99.0574399555437));
#2809=CARTESIAN_POINT('Ctrl Pts',(-273.229544687477,155.55394690918,-99.0574399555437));
#2810=CARTESIAN_POINT('Ctrl Pts',(-273.323801435819,155.5439249961,-99.0769072304029));
#2811=CARTESIAN_POINT('Ctrl Pts',(-273.502662520994,155.508394260273,-99.1432711149817));
#2812=CARTESIAN_POINT('Ctrl Pts',(-273.587287254406,155.482841797597,-99.1900893563426));
#2813=CARTESIAN_POINT('Ctrl Pts',(-273.825478303688,155.388089277292,-99.3546489879113));
#2814=CARTESIAN_POINT('Ctrl Pts',(-273.963279164982,155.299959605917,-99.4958871846347));
#2815=CARTESIAN_POINT('Ctrl Pts',(-274.14887549707,155.141096685684,-99.7213510999758));
#2816=CARTESIAN_POINT('Ctrl Pts',(-274.218846331549,155.067778771787,-99.8187752213137));
#2817=CARTESIAN_POINT('Ctrl Pts',(-274.281167580581,154.986544583552,-99.9179683351381));
#2818=CARTESIAN_POINT('Ctrl Pts',(-271.031770419482,16.1182146298626,-101.750000000482));
#2819=CARTESIAN_POINT('Ctrl Pts',(-271.463501974075,15.6042484934423,-101.750000000482));
#2820=CARTESIAN_POINT('Ctrl Pts',(-271.89516874906,15.0903594756031,-101.670129569024));
#2821=CARTESIAN_POINT('Ctrl Pts',(-272.306534063331,14.6006388633753,-101.514133058339));
#2822=CARTESIAN_POINT('Ctrl Pts',(-271.031770419482,16.1182146298626,-101.750000000482));
#2823=CARTESIAN_POINT('Ctrl Pts',(-271.490913501351,15.6316600207181,-101.750000000482));
#2824=CARTESIAN_POINT('Ctrl Pts',(-271.949987931388,15.1451351555157,-101.678880088682));
#2825=CARTESIAN_POINT('Ctrl Pts',(-272.390052145647,14.6764631389904,-101.538286263505));
#2826=CARTESIAN_POINT('Ctrl Pts',(-271.031770419482,16.1182146298626,-101.750000000482));
#2827=CARTESIAN_POINT('Ctrl Pts',(-271.518325028627,15.6590715479938,-101.750000000482));
#2828=CARTESIAN_POINT('Ctrl Pts',(-272.004849893829,15.1999971179569,-101.678880088682));
#2829=CARTESIAN_POINT('Ctrl Pts',(-272.473521910354,14.7599329036975,-101.538286263505));
#2830=CARTESIAN_POINT('Ctrl Pts',(-271.031770419482,16.1182146298626,-101.750000000482));
#2831=CARTESIAN_POINT('Ctrl Pts',(-271.545736555902,15.6864830752696,-101.750000000482));
#2832=CARTESIAN_POINT('Ctrl Pts',(-272.059625573742,15.2548163002846,-101.670129569024));
#2833=CARTESIAN_POINT('Ctrl Pts',(-272.549346185969,14.8434509860132,-101.514133058339));
#2834=CARTESIAN_POINT('',(-271.031770419482,16.1182146298626,-101.750000000482));
#2835=CARTESIAN_POINT('Origin',(-271.031770419482,16.1182146298626,-96.7500000004815));
#2836=CARTESIAN_POINT('Origin',(-271.031770419482,16.1182146298626,-96.7500000004815));
#2837=CARTESIAN_POINT('Ctrl Pts',(-273.978247507504,12.610503810789,-100.313139740901));
#2838=CARTESIAN_POINT('Ctrl Pts',(-274.430473835874,12.0721391341579,-99.7831499738971));
#2839=CARTESIAN_POINT('Ctrl Pts',(-275.041434042441,11.3448055549112,-98.6388500713579));
#2840=CARTESIAN_POINT('Ctrl Pts',(-275.231770419482,11.1182146298626,-97.3165979125603));
#2841=CARTESIAN_POINT('Ctrl Pts',(-275.231770419482,11.1182146298626,-96.7500000004815));
#2842=CARTESIAN_POINT('Ctrl Pts',(-274.107073005186,12.6759263701956,-100.377544573762));
#2843=CARTESIAN_POINT('Ctrl Pts',(-274.587610881785,12.132169749871,-99.8622011004725));
#2844=CARTESIAN_POINT('Ctrl Pts',(-275.253291306253,11.370664893147,-98.7274657866506));
#2845=CARTESIAN_POINT('Ctrl Pts',(-275.471129859756,11.1182146298626,-97.344129268543));
#2846=CARTESIAN_POINT('Ctrl Pts',(-275.471129859756,11.1182146298626,-96.7500000004815));
#2847=CARTESIAN_POINT('Ctrl Pts',(-274.332034949897,12.8495880341214,-100.429655502681));
#2848=CARTESIAN_POINT('Ctrl Pts',(-274.861402509389,12.326811880556,-99.9270065421184));
#2849=CARTESIAN_POINT('Ctrl Pts',(-275.62154830935,11.5782374603675,-98.803216261227));
#2850=CARTESIAN_POINT('Ctrl Pts',(-275.885339751766,11.3192768353446,-97.3677822107047));
#2851=CARTESIAN_POINT('Ctrl Pts',(-275.885339751766,11.3192768353446,-96.7500000004815));
#2852=CARTESIAN_POINT('Ctrl Pts',(-274.490414319001,13.0751184185795,-100.361443365546));
#2853=CARTESIAN_POINT('Ctrl Pts',(-275.032699438744,12.6017688029218,-99.8422827978155));
#2854=CARTESIAN_POINT('Ctrl Pts',(-275.785877532803,11.9495702584058,-98.7046115425671));
#2855=CARTESIAN_POINT('Ctrl Pts',(-276.031770419482,11.7386950496575,-97.336973063135));
#2856=CARTESIAN_POINT('Ctrl Pts',(-276.031770419482,11.7386950496575,-96.7500000004815));
#2857=CARTESIAN_POINT('Ctrl Pts',(-274.539481238556,13.1717375418408,-100.313139740901));
#2858=CARTESIAN_POINT('Ctrl Pts',(-275.077845915187,12.7195112134707,-99.7831499738971));
#2859=CARTESIAN_POINT('Ctrl Pts',(-275.805179494433,12.1085510069035,-98.6388500713579));
#2860=CARTESIAN_POINT('Ctrl Pts',(-276.031770419482,11.9182146298626,-97.3165979125603));
#2861=CARTESIAN_POINT('Ctrl Pts',(-276.031770419482,11.9182146298626,-96.7500000004815));
#2862=CARTESIAN_POINT('',(-275.231770419482,11.1182146298626,-96.7500000004815));
#2863=CARTESIAN_POINT('Origin',(-271.031770419482,16.1182146298626,-96.7500000004815));
#2864=CARTESIAN_POINT('',(-276.031770419482,11.9182146298626,-96.7500000004815));
#2865=CARTESIAN_POINT('Origin',(-275.231770419482,11.9182146298626,-96.7500000004815));
#2866=CARTESIAN_POINT('Origin',(-271.031770419482,16.1182146298626,-96.7500000004815));
#2867=CARTESIAN_POINT('Ctrl Pts',(33.1682295805179,11.1182146298626,-96.7500000004815));
#2868=CARTESIAN_POINT('Ctrl Pts',(33.1682295805179,11.1182146298626,-97.3634837828273));
#2869=CARTESIAN_POINT('Ctrl Pts',(32.9763188009921,11.3466798435839,-98.590209432279));
#2870=CARTESIAN_POINT('Ctrl Pts',(32.4266139377666,12.0010903950427,-99.6526970887531));
#2871=CARTESIAN_POINT('Ctrl Pts',(32.0805916269586,12.4130217174332,-100.107312241201));
#2872=CARTESIAN_POINT('Ctrl Pts',(33.4075890207915,11.1182146298626,-96.7500000004815));
#2873=CARTESIAN_POINT('Ctrl Pts',(33.4075890207915,11.1182146298626,-97.3932933533204));
#2874=CARTESIAN_POINT('Ctrl Pts',(33.1885294920879,11.3718719265608,-98.6754300323772));
#2875=CARTESIAN_POINT('Ctrl Pts',(32.589435509983,12.057157691405,-99.732181736455));
#2876=CARTESIAN_POINT('Ctrl Pts',(32.2201381558194,12.4759379193078,-100.176747744528));
#2877=CARTESIAN_POINT('Ctrl Pts',(33.8218379073707,11.3192443360516,-96.7500000004815));
#2878=CARTESIAN_POINT('Ctrl Pts',(33.8218379073707,11.3192443360516,-97.4189035719811));
#2879=CARTESIAN_POINT('Ctrl Pts',(33.5570411572188,11.5792413108054,-98.7486054007956));
#2880=CARTESIAN_POINT('Ctrl Pts',(32.8729826505192,12.2528939459808,-99.7979131827818));
#2881=CARTESIAN_POINT('Ctrl Pts',(32.4636847312678,12.6568671166392,-100.233485975169));
#2882=CARTESIAN_POINT('Ctrl Pts',(33.9682295805179,11.7386950496575,-96.7500000004815));
#2883=CARTESIAN_POINT('Ctrl Pts',(33.9682295805179,11.7386950496575,-97.3855449732659));
#2884=CARTESIAN_POINT('Ctrl Pts',(33.7208331022411,11.9509977642111,-98.6535580610519));
#2885=CARTESIAN_POINT('Ctrl Pts',(33.0431785520405,12.537825842702,-99.7121780913475));
#2886=CARTESIAN_POINT('Ctrl Pts',(32.6262353415414,12.9011926867763,-100.159388868696));
#2887=CARTESIAN_POINT('Ctrl Pts',(33.9682295805179,11.9182146298626,-96.7500000004815));
#2888=CARTESIAN_POINT('Ctrl Pts',(33.9682295805179,11.9182146298626,-97.3634837828273));
#2889=CARTESIAN_POINT('Ctrl Pts',(33.7397643667967,12.1101254093884,-98.590209432279));
#2890=CARTESIAN_POINT('Ctrl Pts',(33.0853538153378,12.6598302726139,-99.6526970887531));
#2891=CARTESIAN_POINT('Ctrl Pts',(32.6734224929474,13.0058525834219,-100.107312241201));
#2892=CARTESIAN_POINT('',(33.968229580518,11.9182146298626,-96.7500000004815));
#2893=CARTESIAN_POINT('Origin',(28.968229580518,16.1182146298626,-96.7500000004815));
#2894=CARTESIAN_POINT('',(33.168229580518,11.1182146298626,-96.7500000004815));
#2895=CARTESIAN_POINT('Origin',(33.168229580518,11.9182146298626,-96.7500000004815));
#2896=CARTESIAN_POINT('Origin',(28.9682295805179,16.1182146298626,-96.7500000004815));
#2897=CARTESIAN_POINT('Ctrl Pts',(33.968229580518,155.318214629863,-96.7500000004815));
#2898=CARTESIAN_POINT('Ctrl Pts',(33.968229580518,155.318214629863,-97.3131217934997));
#2899=CARTESIAN_POINT('Ctrl Pts',(33.7444373311544,155.130229140397,-98.6272586019272));
#2900=CARTESIAN_POINT('Ctrl Pts',(33.0257310887965,154.526515896817,-99.7666911984151));
#2901=CARTESIAN_POINT('Ctrl Pts',(32.4932390509971,154.079222585065,-100.296027105994));
#2902=CARTESIAN_POINT('Ctrl Pts',(33.968229580518,155.557574070136,-96.7500000004815));
#2903=CARTESIAN_POINT('Ctrl Pts',(33.968229580518,155.557574070136,-97.3404842426275));
#2904=CARTESIAN_POINT('Ctrl Pts',(33.7189418408828,155.342451950244,-98.7154074031731));
#2905=CARTESIAN_POINT('Ctrl Pts',(32.9661005114845,154.684423280344,-99.8459455589487));
#2906=CARTESIAN_POINT('Ctrl Pts',(32.427986009323,154.208957438993,-100.360893386774));
#2907=CARTESIAN_POINT('Ctrl Pts',(33.7671744501571,155.971792451295,-96.7500000004815));
#2908=CARTESIAN_POINT('Ctrl Pts',(33.7671744501571,155.971792451295,-97.3639920722831));
#2909=CARTESIAN_POINT('Ctrl Pts',(33.5114649465576,155.711315996001,-98.7908046731489));
#2910=CARTESIAN_POINT('Ctrl Pts',(32.7711554796083,154.959539490335,-99.9109750423217));
#2911=CARTESIAN_POINT('Ctrl Pts',(32.2536634881413,154.435497746136,-100.413422517819));
#2912=CARTESIAN_POINT('Ctrl Pts',(33.3477491607231,156.118214629863,-96.7500000004815));
#2913=CARTESIAN_POINT('Ctrl Pts',(33.3477491607231,156.118214629863,-97.333371941056));
#2914=CARTESIAN_POINT('Ctrl Pts',(33.1394943663376,155.875388281736,-98.6926799186919));
#2915=CARTESIAN_POINT('Ctrl Pts',(32.4948494742084,155.130867992681,-99.8259764919022));
#2916=CARTESIAN_POINT('Ctrl Pts',(32.0265386761661,154.594284319086,-100.344676816579));
#2917=CARTESIAN_POINT('Ctrl Pts',(33.168229580518,156.118214629863,-96.7500000004815));
#2918=CARTESIAN_POINT('Ctrl Pts',(33.168229580518,156.118214629863,-97.3131217934997));
#2919=CARTESIAN_POINT('Ctrl Pts',(32.9802440910526,155.894422380499,-98.6272586019272));
#2920=CARTESIAN_POINT('Ctrl Pts',(32.376530847472,155.175716138141,-99.7666911984151));
#2921=CARTESIAN_POINT('Ctrl Pts',(31.9292375357205,154.643224100342,-100.296027105994));
#2922=CARTESIAN_POINT('',(33.168229580518,156.118214629863,-96.7500000004815));
#2923=CARTESIAN_POINT('Origin',(28.968229580518,151.118214629863,-96.7500000004815));
#2924=CARTESIAN_POINT('',(33.968229580518,155.318214629863,-96.7500000004815));
#2925=CARTESIAN_POINT('Origin',(33.168229580518,155.318214629863,-96.7500000004815));
#2926=CARTESIAN_POINT('Origin',(28.968229580518,151.118214629863,-96.7500000004815));
#2927=CARTESIAN_POINT('Ctrl Pts',(30.8175580448943,152.671650539939,-101.395426162939));
#2928=CARTESIAN_POINT('Ctrl Pts',(30.2308957563615,152.178854217571,-101.62897443843));
#2929=CARTESIAN_POINT('Ctrl Pts',(29.5996703439876,151.648624871177,-101.750000000482));
#2930=CARTESIAN_POINT('Ctrl Pts',(28.968229580518,151.118214629863,-101.750000000482));
#2931=CARTESIAN_POINT('Ctrl Pts',(30.7283119374321,152.775040452679,-101.430954736873));
#2932=CARTESIAN_POINT('Ctrl Pts',(30.1636787573289,152.246200610153,-101.642422225468));
#2933=CARTESIAN_POINT('Ctrl Pts',(29.5659935032692,151.682301711895,-101.750000000482));
#2934=CARTESIAN_POINT('Ctrl Pts',(28.968229580518,151.118214629863,-101.750000000482));
#2935=CARTESIAN_POINT('Ctrl Pts',(30.6250554033339,152.878296986777,-101.430954736873));
#2936=CARTESIAN_POINT('Ctrl Pts',(30.0962155608079,152.313663806674,-101.642422225468));
#2937=CARTESIAN_POINT('Ctrl Pts',(29.5323166625509,151.715978552614,-101.750000000482));
#2938=CARTESIAN_POINT('Ctrl Pts',(28.968229580518,151.118214629863,-101.750000000482));
#2939=CARTESIAN_POINT('Ctrl Pts',(30.5216654905941,152.967543094239,-101.395426162939));
#2940=CARTESIAN_POINT('Ctrl Pts',(30.0288691682265,152.380880805706,-101.62897443843));
#2941=CARTESIAN_POINT('Ctrl Pts',(29.4986398218325,151.749655393332,-101.750000000482));
#2942=CARTESIAN_POINT('Ctrl Pts',(28.968229580518,151.118214629863,-101.750000000482));
#2943=CARTESIAN_POINT('',(28.968229580518,151.118214629863,-101.750000000482));
#2944=CARTESIAN_POINT('Origin',(28.968229580518,151.118214629863,-96.7500000004815));
#2945=CARTESIAN_POINT('Origin',(28.968229580518,151.118214629863,-96.7500000004815));
#2946=CARTESIAN_POINT('Ctrl Pts',(-275.231770419482,156.118214629863,-96.7500000004815));
#2947=CARTESIAN_POINT('Ctrl Pts',(-275.231770419482,156.118214629863,-97.3082839050952));
#2948=CARTESIAN_POINT('Ctrl Pts',(-275.047024271154,155.898278738996,-98.6111230799506));
#2949=CARTESIAN_POINT('Ctrl Pts',(-274.453339589102,155.191511260363,-99.7437190871697));
#2950=CARTESIAN_POINT('Ctrl Pts',(-274.012884917173,154.667160460447,-100.272070909986));
#2951=CARTESIAN_POINT('Ctrl Pts',(-275.471129859756,156.118214629863,-96.7500000004815));
#2952=CARTESIAN_POINT('Ctrl Pts',(-275.471129859756,156.118214629863,-97.3354112781223));
#2953=CARTESIAN_POINT('Ctrl Pts',(-275.259749003129,155.873282693176,-98.6986359360564));
#2954=CARTESIAN_POINT('Ctrl Pts',(-274.612318729633,155.132444466316,-99.8232430400289));
#2955=CARTESIAN_POINT('Ctrl Pts',(-274.143887101704,154.602157262988,-100.337570109895));
#2956=CARTESIAN_POINT('Ctrl Pts',(-275.885333136787,155.917146911249,-96.7500000004815));
#2957=CARTESIAN_POINT('Ctrl Pts',(-275.885333136787,155.917146911249,-97.3587171474596));
#2958=CARTESIAN_POINT('Ctrl Pts',(-275.629429587631,155.665921021689,-98.7734883696941));
#2959=CARTESIAN_POINT('Ctrl Pts',(-274.889274109844,154.937084471705,-99.8885680810898));
#2960=CARTESIAN_POINT('Ctrl Pts',(-274.372623381383,154.42692505506,-100.39066901409));
#2961=CARTESIAN_POINT('Ctrl Pts',(-276.031770419482,155.497734210068,-96.7500000004815));
#2962=CARTESIAN_POINT('Ctrl Pts',(-276.031770419482,155.497734210068,-97.3283600797112));
#2963=CARTESIAN_POINT('Ctrl Pts',(-275.793168272249,155.293089070807,-98.6760621838452));
#2964=CARTESIAN_POINT('Ctrl Pts',(-275.060639395281,154.658904118359,-99.8032067294569));
#2965=CARTESIAN_POINT('Ctrl Pts',(-274.531963851972,154.197580765952,-100.321195309918));
#2966=CARTESIAN_POINT('Ctrl Pts',(-276.031770419482,155.318214629863,-96.7500000004815));
#2967=CARTESIAN_POINT('Ctrl Pts',(-276.031770419482,155.318214629863,-97.3082839050952));
#2968=CARTESIAN_POINT('Ctrl Pts',(-275.811834528615,155.133468481534,-98.6111230799506));
#2969=CARTESIAN_POINT('Ctrl Pts',(-275.105067049982,154.539783799483,-99.7437190871697));
#2970=CARTESIAN_POINT('Ctrl Pts',(-274.580716250066,154.099329127553,-100.272070909986));
#2971=CARTESIAN_POINT('',(-276.031770419482,155.318214629863,-96.7500000004815));
#2972=CARTESIAN_POINT('Origin',(-271.031770419482,151.118214629863,-96.7500000004815));
#2973=CARTESIAN_POINT('',(-275.231770419482,156.118214629863,-96.7500000004815));
#2974=CARTESIAN_POINT('Origin',(-275.231770419482,155.318214629863,-96.7500000004815));
#2975=CARTESIAN_POINT('Origin',(-271.031770419482,151.118214629863,-96.7500000004815));
#2976=CARTESIAN_POINT('Origin',(-193.531770419482,16.1182146298626,-96.7500000004815));
#2977=CARTESIAN_POINT('',(28.968229580518,16.1182146298626,-101.750000000482));
#2978=CARTESIAN_POINT('',(-193.531770419482,16.1182146298626,-101.750000000482));
#2979=CARTESIAN_POINT('Origin',(28.9682295805179,16.1182146298626,-96.7500000004815));
#2980=CARTESIAN_POINT('',(-193.531770419482,11.1182146298626,-96.7500000004815));
#2981=CARTESIAN_POINT('Origin',(-268.000003963709,83.5000004321335,-86.2500000004815));
#2982=CARTESIAN_POINT('',(-268.000003963709,15.9182146298626,-87.0000000004815));
#2983=CARTESIAN_POINT('',(-268.000003963709,15.9182146298626,-85.5000000004814));
#2984=CARTESIAN_POINT('',(-268.000003963709,15.9182146298626,-85.9750000156233));
#2985=CARTESIAN_POINT('',(-268.000003963709,16.1190759462414,-87.0000000004815));
#2986=CARTESIAN_POINT('',(-268.000003963709,83.5000004321335,-87.0000000004815));
#2987=CARTESIAN_POINT('',(-268.000003963709,16.1190759462414,-85.5000000004814));
#2988=CARTESIAN_POINT('',(-268.000003963709,16.1190759462414,-86.2500000004815));
#2989=CARTESIAN_POINT('',(-268.000003963709,83.5000004321335,-85.5000000004814));
#2990=CARTESIAN_POINT('Origin',(-268.000003963709,83.5000004321335,-86.2500000004815));
#2991=CARTESIAN_POINT('',(-268.000003963709,151.318214629863,-85.5000000004814));
#2992=CARTESIAN_POINT('',(-268.000003963709,151.318214629863,-87.0000000004815));
#2993=CARTESIAN_POINT('',(-268.000003963709,151.318214629863,-85.9749211313439));
#2994=CARTESIAN_POINT('',(-268.000003963709,151.119075946241,-85.5000000004814));
#2995=CARTESIAN_POINT('',(-268.000003963709,83.5000004321335,-85.5000000004814));
#2996=CARTESIAN_POINT('',(-268.000003963709,151.119075946241,-87.0000000004815));
#2997=CARTESIAN_POINT('',(-268.000003963709,151.119075946241,-86.2500000004815));
#2998=CARTESIAN_POINT('',(-268.000003963709,83.5000004321335,-87.0000000004815));
#2999=CARTESIAN_POINT('Origin',(-53.5306381067197,149.619075946241,-87.0000000004815));
#3000=CARTESIAN_POINT('',(-271.000003963709,151.119075946241,-87.0000000004815));
#3001=CARTESIAN_POINT('',(-271.000003963709,151.318214629863,-87.0000000004815));
#3002=CARTESIAN_POINT('',(-271.000003963709,83.5000004321335,-87.0000000004815));
#3003=CARTESIAN_POINT('',(-14.781204263101,151.318214629863,-87.0000000004815));
#3004=CARTESIAN_POINT('',(25.9999960362912,151.119075946241,-87.0000000004815));
#3005=CARTESIAN_POINT('',(-53.5306381067197,151.119075946241,-87.0000000004815));
#3006=CARTESIAN_POINT('',(25.9999960362912,151.318214629863,-87.0000000004815));
#3007=CARTESIAN_POINT('',(25.9999960362912,83.5000004321335,-87.0000000004815));
#3008=CARTESIAN_POINT('',(28.9999960362911,151.318214629863,-87.0000000004815));
#3009=CARTESIAN_POINT('',(-14.781204263101,151.318214629863,-87.0000000004815));
#3010=CARTESIAN_POINT('',(28.9999960362911,15.9182146298626,-87.0000000004815));
#3011=CARTESIAN_POINT('',(28.9999960362911,83.5000004321335,-87.0000000004815));
#3012=CARTESIAN_POINT('',(25.9999960362911,15.9182146298626,-87.0000000004815));
#3013=CARTESIAN_POINT('',(-159.781204263101,15.9182146298626,-87.0000000004815));
#3014=CARTESIAN_POINT('',(25.9999960362911,16.1190759462413,-87.0000000004815));
#3015=CARTESIAN_POINT('',(25.9999960362912,83.5000004321335,-87.0000000004815));
#3016=CARTESIAN_POINT('',(-53.5306381067198,16.1190759462413,-87.0000000004815));
#3017=CARTESIAN_POINT('',(-271.000003963709,15.9182146298626,-87.0000000004815));
#3018=CARTESIAN_POINT('',(-159.781204263101,15.9182146298626,-87.0000000004815));
#3019=CARTESIAN_POINT('',(-271.000003963709,16.1190759462414,-87.0000000004815));
#3020=CARTESIAN_POINT('',(-271.000003963709,83.5000004321335,-87.0000000004815));
#3021=CARTESIAN_POINT('',(-271.03063810672,16.1190759462414,-87.0000000004815));
#3022=CARTESIAN_POINT('',(-53.5306381067198,16.1190759462413,-87.0000000004815));
#3023=CARTESIAN_POINT('',(-271.03063810672,19.1190759462414,-87.0000000004815));
#3024=CARTESIAN_POINT('',(-271.03063810672,17.6190759462414,-87.0000000004815));
#3025=CARTESIAN_POINT('',(-271.000003963709,19.1190759462414,-87.0000000004815));
#3026=CARTESIAN_POINT('',(-53.5306381067198,19.1190759462413,-87.0000000004815));
#3027=CARTESIAN_POINT('',(-271.000003963709,148.119075946241,-87.0000000004815));
#3028=CARTESIAN_POINT('',(-271.000003963709,83.5000004321335,-87.0000000004815));
#3029=CARTESIAN_POINT('',(-270.99963810672,149.619075946241,-87.0000000004815));
#3030=CARTESIAN_POINT('',(25.9999960362912,148.119075946241,-87.0000000004815));
#3031=CARTESIAN_POINT('',(25.9999960362911,19.1190759462412,-87.0000000004815));
#3032=CARTESIAN_POINT('',(25.9999960362912,83.5000004321335,-87.0000000004815));
#3033=CARTESIAN_POINT('',(-268.000003963709,148.119075946241,-87.0000000004815));
#3034=CARTESIAN_POINT('',(-53.5306381067198,148.119075946241,-87.0000000004815));
#3035=CARTESIAN_POINT('',(-268.000003963709,19.1190759462414,-87.0000000004815));
#3036=CARTESIAN_POINT('',(-268.000003963709,83.5000004321335,-87.0000000004815));
#3037=CARTESIAN_POINT('',(-53.5306381067198,19.1190759462413,-87.0000000004815));
#3038=CARTESIAN_POINT('Origin',(25.9999960362912,83.5000004321335,-86.2500000004815));
#3039=CARTESIAN_POINT('',(25.9999960362911,15.9182146298626,-85.5000000004814));
#3040=CARTESIAN_POINT('',(25.9999960362911,15.9182146298626,-85.9750000156233));
#3041=CARTESIAN_POINT('',(25.9999960362911,16.1190759462413,-85.5000000004814));
#3042=CARTESIAN_POINT('',(25.9999960362912,83.5000004321335,-85.5000000004814));
#3043=CARTESIAN_POINT('',(25.9999960362911,16.1190759462413,-86.2500000004815));
#3044=CARTESIAN_POINT('Origin',(28.9999960362911,83.5000004321335,-86.2500000004815));
#3045=CARTESIAN_POINT('',(28.9999960362911,151.318214629863,-85.5000000004814));
#3046=CARTESIAN_POINT('',(28.9999960362911,151.318214629863,-85.9749211313439));
#3047=CARTESIAN_POINT('',(28.9999960362911,15.9182146298626,-85.5000000004814));
#3048=CARTESIAN_POINT('',(28.9999960362911,83.5000004321335,-85.5000000004814));
#3049=CARTESIAN_POINT('',(28.9999960362911,15.9182146298626,-85.9750000156233));
#3050=CARTESIAN_POINT('Origin',(-270.99963810672,149.619075946241,-86.2500000004814));
#3051=CARTESIAN_POINT('',(-271.000003963709,148.119075946241,-85.5000000004815));
#3052=CARTESIAN_POINT('',(-271.000003963709,148.119075946241,-86.2500000004815));
#3053=CARTESIAN_POINT('',(-271.000003963709,151.119075946241,-85.5000000004815));
#3054=CARTESIAN_POINT('',(-270.99963810672,182.559538189187,-85.5000000004814));
#3055=CARTESIAN_POINT('',(-271.000003963709,151.119075946241,-86.2500000004815));
#3056=CARTESIAN_POINT('Origin',(-53.5306381067198,19.1190759462413,-86.2500000004814));
#3057=CARTESIAN_POINT('',(-271.000003963709,19.1190759462414,-85.5000000004814));
#3058=CARTESIAN_POINT('',(-271.000003963709,19.1190759462414,-86.2500000004815));
#3059=CARTESIAN_POINT('',(-271.03063810672,19.1190759462414,-85.5000000004814));
#3060=CARTESIAN_POINT('',(-271.03063810672,19.1190759462414,-86.2500000004814));
#3061=CARTESIAN_POINT('',(-53.5306381067198,19.1190759462413,-85.5000000004814));
#3062=CARTESIAN_POINT('Origin',(-53.5306381067198,19.1190759462413,-86.2500000004814));
#3063=CARTESIAN_POINT('',(-268.000003963709,19.1190759462414,-85.5000000004814));
#3064=CARTESIAN_POINT('',(-268.000003963709,19.1190759462414,-86.2500000004815));
#3065=CARTESIAN_POINT('',(25.9999960362911,19.1190759462412,-85.5000000004814));
#3066=CARTESIAN_POINT('',(-53.5306381067198,19.1190759462413,-85.5000000004814));
#3067=CARTESIAN_POINT('',(25.9999960362911,19.1190759462412,-86.2500000004815));
#3068=CARTESIAN_POINT('Origin',(-53.5306381067198,16.1190759462413,-86.2500000004814));
#3069=CARTESIAN_POINT('',(-271.000003963709,16.1190759462414,-85.5000000004814));
#3070=CARTESIAN_POINT('',(-271.000003963709,16.1190759462414,-86.2500000004815));
#3071=CARTESIAN_POINT('',(-271.03063810672,16.1190759462414,-85.5000000004814));
#3072=CARTESIAN_POINT('',(-53.5306381067198,16.1190759462413,-85.5000000004814));
#3073=CARTESIAN_POINT('',(-271.03063810672,16.1190759462414,-86.2500000004814));
#3074=CARTESIAN_POINT('Origin',(-53.5306381067198,16.1190759462413,-86.2500000004814));
#3075=CARTESIAN_POINT('',(-53.5306381067198,16.1190759462413,-85.5000000004814));
#3076=CARTESIAN_POINT('Origin',(-271.03063810672,17.6190759462414,-86.2500000004814));
#3077=CARTESIAN_POINT('',(-271.03063810672,17.6190759462414,-85.5000000004814));
#3078=CARTESIAN_POINT('Origin',(25.9999960362912,83.5000004321335,-86.2500000004815));
#3079=CARTESIAN_POINT('',(25.9999960362912,148.119075946241,-85.5000000004814));
#3080=CARTESIAN_POINT('',(25.9999960362912,83.5000004321335,-85.5000000004814));
#3081=CARTESIAN_POINT('',(25.9999960362912,148.119075946241,-86.2500000004815));
#3082=CARTESIAN_POINT('Origin',(27.4999960362912,215.500000432133,-85.5000000004814));
#3083=CARTESIAN_POINT('',(-271.000003963709,83.5000004321335,-85.5000000004814));
#3084=CARTESIAN_POINT('',(-271.000003963709,15.9182146298626,-85.5000000004814));
#3085=CARTESIAN_POINT('',(-271.000003963709,83.5000004321335,-85.5000000004814));
#3086=CARTESIAN_POINT('',(-119.265887191596,15.9182146298626,-85.5000000004814));
#3087=CARTESIAN_POINT('',(-119.265887191596,15.9182146298626,-85.5000000004814));
#3088=CARTESIAN_POINT('',(25.9999960362912,151.318214629863,-85.5000000004814));
#3089=CARTESIAN_POINT('',(25.7341128084045,151.318214629863,-85.5000000004814));
#3090=CARTESIAN_POINT('',(25.9999960362912,151.119075946241,-85.5000000004814));
#3091=CARTESIAN_POINT('',(25.9999960362912,83.5000004321335,-85.5000000004814));
#3092=CARTESIAN_POINT('',(-53.5306381067197,151.119075946241,-85.5000000004814));
#3093=CARTESIAN_POINT('',(-271.000003963709,151.318214629863,-85.5000000004814));
#3094=CARTESIAN_POINT('',(25.7341128084045,151.318214629863,-85.5000000004814));
#3095=CARTESIAN_POINT('',(-271.000003963709,83.5000004321335,-85.5000000004814));
#3096=CARTESIAN_POINT('',(-268.000003963709,148.119075946241,-85.5000000004814));
#3097=CARTESIAN_POINT('',(-268.000003963709,83.5000004321335,-85.5000000004814));
#3098=CARTESIAN_POINT('',(-53.5306381067197,148.119075946241,-85.5000000004814));
#3099=CARTESIAN_POINT('Origin',(-271.000003963709,83.5000004321335,-86.2500000004815));
#3100=CARTESIAN_POINT('',(-271.000003963709,15.9182146298626,-85.9750000156233));
#3101=CARTESIAN_POINT('Origin',(-271.000003963709,83.5000004321335,-86.2500000004815));
#3102=CARTESIAN_POINT('Origin',(25.9999960362912,83.5000004321335,-86.2500000004815));
#3103=CARTESIAN_POINT('',(25.9999960362912,151.318214629863,-85.9749211313439));
#3104=CARTESIAN_POINT('',(25.9999960362912,151.119075946241,-86.2500000004815));
#3105=CARTESIAN_POINT('Origin',(-271.000003963709,83.5000004321335,-86.2500000004815));
#3106=CARTESIAN_POINT('',(-271.000003963709,151.318214629863,-85.9749211313439));
#3107=CARTESIAN_POINT('Origin',(-268.000003963709,83.5000004321335,-86.2500000004815));
#3108=CARTESIAN_POINT('',(-268.000003963709,148.119075946241,-86.2500000004815));
#3109=CARTESIAN_POINT('Origin',(-53.5306381067197,151.119075946241,-86.2500000004814));
#3110=CARTESIAN_POINT('Origin',(-53.5306381067197,148.119075946241,-86.2500000004814));
#3111=CARTESIAN_POINT('Origin',(-275.231770419482,11.9182146298626,-100.700000030765));
#3112=CARTESIAN_POINT('',(-275.231770419482,11.1182146298626,-81.7500000004814));
#3113=CARTESIAN_POINT('',(-276.031770419482,11.9182146298626,-81.7500000004814));
#3114=CARTESIAN_POINT('Origin',(-275.231770419482,11.9182146298626,-81.7500000004814));
#3115=CARTESIAN_POINT('',(-276.031770419482,11.9182146298626,-100.700000030765));
#3116=CARTESIAN_POINT('',(-275.231770419482,11.1182146298626,-100.700000030765));
#3117=CARTESIAN_POINT('Origin',(-266.031770419482,11.1182146298626,-95.7000000307653));
#3118=CARTESIAN_POINT('',(33.168229580518,11.1182146298626,-81.7500000004814));
#3119=CARTESIAN_POINT('',(33.168229580518,11.1182146298626,-100.700000030765));
#3120=CARTESIAN_POINT('',(-193.531770419482,11.1182146298626,-81.7500000004814));
#3121=CARTESIAN_POINT('Origin',(-271.031770419482,49.8682146298626,-96.7500000004815));
#3122=CARTESIAN_POINT('',(-276.031770419482,126.136007374394,-96.7500000004815));
#3123=CARTESIAN_POINT('',(-276.031770419482,49.8682146298626,-96.7500000004815));
#3124=CARTESIAN_POINT('',(-275.608802001788,129.000001892447,-98.762655434124));
#3125=CARTESIAN_POINT('Ctrl Pts',(-275.608802001788,129.000001892447,-98.7626554341239));
#3126=CARTESIAN_POINT('Ctrl Pts',(-275.608802001788,128.389574412987,-98.7626554341239));
#3127=CARTESIAN_POINT('Ctrl Pts',(-275.821344845436,127.328301625315,-98.3487187117833));
#3128=CARTESIAN_POINT('Ctrl Pts',(-276.031770419482,126.455583059704,-97.2962808590806));
#3129=CARTESIAN_POINT('Ctrl Pts',(-276.031770419482,126.136007374394,-96.7500000004815));
#3130=CARTESIAN_POINT('',(-275.608802001788,136.00000205636,-98.762655434124));
#3131=CARTESIAN_POINT('',(-275.608802001788,49.8682146298626,-98.762655434124));
#3132=CARTESIAN_POINT('',(-276.031770419482,138.863996574413,-96.7500000004815));
#3133=CARTESIAN_POINT('Ctrl Pts',(-276.031770419482,138.863996574413,-96.7500000004815));
#3134=CARTESIAN_POINT('Ctrl Pts',(-276.031770419482,138.437895660668,-97.4783744786124));
#3135=CARTESIAN_POINT('Ctrl Pts',(-275.760388631483,137.52200279272,-98.4540336612311));
#3136=CARTESIAN_POINT('Ctrl Pts',(-275.608802001788,136.457822665955,-98.762655434124));
#3137=CARTESIAN_POINT('Ctrl Pts',(-275.608802001788,136.00000205636,-98.762655434124));
#3138=CARTESIAN_POINT('',(-276.031770419482,49.8682146298626,-96.7500000004815));
#3139=CARTESIAN_POINT('',(-271.031770419482,151.118214629863,-101.750000000482));
#3140=CARTESIAN_POINT('Origin',(-271.031770419482,151.118214629863,-96.7500000004815));
#3141=CARTESIAN_POINT('',(-271.031770419482,49.8682146298626,-101.750000000482));
#3142=CARTESIAN_POINT('Origin',(-275.231770419482,155.318214629863,-100.699999963469));
#3143=CARTESIAN_POINT('',(-276.031770419482,155.318214629863,-95.7000000307653));
#3144=CARTESIAN_POINT('',(-275.231770419482,156.118214629863,-95.6999998961734));
#3145=CARTESIAN_POINT('Origin',(-275.231770419482,155.318214629863,-95.6999998961735));
#3146=CARTESIAN_POINT('',(-275.231770419482,156.118214629863,-100.699999963469));
#3147=CARTESIAN_POINT('',(-276.031770419482,155.318214629863,-100.699999963469));
#3148=CARTESIAN_POINT('Ctrl Pts',(-272.58847647828,152.971436128431,-101.393874468772));
#3149=CARTESIAN_POINT('Ctrl Pts',(-272.09475489538,152.383672339265,-101.628432163559));
#3150=CARTESIAN_POINT('Ctrl Pts',(-271.563354107058,151.751052353168,-101.750000000482));
#3151=CARTESIAN_POINT('Ctrl Pts',(-271.031770419482,151.118214629863,-101.750000000482));
#3152=CARTESIAN_POINT('Ctrl Pts',(-272.692105316525,152.882043529503,-101.429548190635));
#3153=CARTESIAN_POINT('Ctrl Pts',(-272.162250263695,152.316307904436,-101.641942730353));
#3154=CARTESIAN_POINT('Ctrl Pts',(-271.597105452301,151.717301007925,-101.750000000482));
#3155=CARTESIAN_POINT('Ctrl Pts',(-271.031770419482,151.118214629863,-101.750000000482));
#3156=CARTESIAN_POINT('Ctrl Pts',(-272.795599319122,152.778549526905,-101.429548190635));
#3157=CARTESIAN_POINT('Ctrl Pts',(-272.229863694055,152.248694474075,-101.641942730353));
#3158=CARTESIAN_POINT('Ctrl Pts',(-271.630856797544,151.683549662682,-101.750000000482));
#3159=CARTESIAN_POINT('Ctrl Pts',(-271.031770419482,151.118214629863,-101.750000000482));
#3160=CARTESIAN_POINT('Ctrl Pts',(-272.88499191805,152.67492068866,-101.393874468772));
#3161=CARTESIAN_POINT('Ctrl Pts',(-272.297228128885,152.181199105761,-101.628432163559));
#3162=CARTESIAN_POINT('Ctrl Pts',(-271.664608142787,151.649798317439,-101.750000000482));
#3163=CARTESIAN_POINT('Ctrl Pts',(-271.031770419482,151.118214629863,-101.750000000482));
#3164=CARTESIAN_POINT('Origin',(-271.031770419482,151.118214629863,-96.7500000004815));
#3165=CARTESIAN_POINT('Origin',(23.9682295805179,156.118214629863,-95.6999998961734));
#3166=CARTESIAN_POINT('',(33.168229580518,156.118214629863,-95.6999998961734));
#3167=CARTESIAN_POINT('',(23.9682295805179,156.118214629863,-95.6999998961734));
#3168=CARTESIAN_POINT('',(33.168229580518,156.118214629863,-100.699999963469));
#3169=CARTESIAN_POINT('',(-48.5317704194821,156.118214629863,-96.7500000004815));
#3170=CARTESIAN_POINT('Origin',(23.9682295805179,122.200001817942,-95.6999998961735));
#3171=CARTESIAN_POINT('',(-276.031770419482,152.118214629863,-95.7000000307652));
#3172=CARTESIAN_POINT('',(-276.031770419482,16.1182146298626,-95.7000000307653));
#3173=CARTESIAN_POINT('',(-271.231770419482,152.118214629863,-95.7000000307652));
#3174=CARTESIAN_POINT('',(-123.531770419482,152.118214629863,-95.6999998961734));
#3175=CARTESIAN_POINT('',(-271.231770419482,139.60056022372,-95.6999998961734));
#3176=CARTESIAN_POINT('',(-271.231770419482,69.1591082239022,-95.6999998961736));
#3177=CARTESIAN_POINT('',(-273.231770419482,136.981846808112,-95.6999998961734));
#3178=CARTESIAN_POINT('Ctrl Pts',(-271.231770419482,139.60056022372,-95.6999998961734));
#3179=CARTESIAN_POINT('Ctrl Pts',(-271.231770419482,139.308484653491,-95.6999998961734));
#3180=CARTESIAN_POINT('Ctrl Pts',(-271.29686408102,138.964091658511,-95.6999998961734));
#3181=CARTESIAN_POINT('Ctrl Pts',(-271.505411839176,138.390753497984,-95.6999998961734));
#3182=CARTESIAN_POINT('Ctrl Pts',(-271.695089960387,138.05961419252,-95.6999998961734));
#3183=CARTESIAN_POINT('Ctrl Pts',(-272.079542824949,137.579533205055,-95.6999998961734));
#3184=CARTESIAN_POINT('Ctrl Pts',(-272.337947962567,137.33402236873,-95.6999998961734));
#3185=CARTESIAN_POINT('Ctrl Pts',(-272.691146442346,137.12166728406,-95.6999998961734));
#3186=CARTESIAN_POINT('Ctrl Pts',(-272.815888053213,137.062397601238,-95.6999998961734));
#3187=CARTESIAN_POINT('Ctrl Pts',(-273.019121944984,137.000561420737,-95.6999998961734));
#3188=CARTESIAN_POINT('Ctrl Pts',(-273.134426168345,136.981846808112,-95.6999998961734));
#3189=CARTESIAN_POINT('Ctrl Pts',(-273.231770419482,136.981846808112,-95.6999998961734));
#3190=CARTESIAN_POINT('',(-260.031770419481,136.981846808112,-95.6999998961734));
#3191=CARTESIAN_POINT('',(-276.031770419481,136.981846808112,-95.6999998961734));
#3192=CARTESIAN_POINT('',(-260.031770419481,128.018157140695,-95.6999998961735));
#3193=CARTESIAN_POINT('',(-260.031770419481,127.350001896173,-95.6999998961735));
#3194=CARTESIAN_POINT('',(-273.231770419482,128.018157140695,-95.6999998961735));
#3195=CARTESIAN_POINT('',(-276.031770419481,128.018157140695,-95.6999998961735));
#3196=CARTESIAN_POINT('',(-271.231770419482,125.399443725087,-95.6999998961735));
#3197=CARTESIAN_POINT('Ctrl Pts',(-273.231770419482,128.018157140695,-95.6999998961735));
#3198=CARTESIAN_POINT('Ctrl Pts',(-273.134426168345,128.018157140695,-95.6999998961735));
#3199=CARTESIAN_POINT('Ctrl Pts',(-273.019121944984,127.999442528071,-95.6999998961735));
#3200=CARTESIAN_POINT('Ctrl Pts',(-272.815888053213,127.937606347569,-95.6999998961735));
#3201=CARTESIAN_POINT('Ctrl Pts',(-272.691146442346,127.878336664747,-95.6999998961735));
#3202=CARTESIAN_POINT('Ctrl Pts',(-272.337947962567,127.665981580077,-95.6999998961735));
#3203=CARTESIAN_POINT('Ctrl Pts',(-272.079542824949,127.420470743753,-95.6999998961735));
#3204=CARTESIAN_POINT('Ctrl Pts',(-271.695089960387,126.940389756287,-95.6999998961735));
#3205=CARTESIAN_POINT('Ctrl Pts',(-271.505411839176,126.609250450823,-95.6999998961735));
#3206=CARTESIAN_POINT('Ctrl Pts',(-271.29686408102,126.035912290296,-95.6999998961735));
#3207=CARTESIAN_POINT('Ctrl Pts',(-271.231770419482,125.691519295316,-95.6999998961735));
#3208=CARTESIAN_POINT('Ctrl Pts',(-271.231770419482,125.399443725087,-95.6999998961735));
#3209=CARTESIAN_POINT('',(-271.231770419482,15.9182146298626,-95.7000000307652));
#3210=CARTESIAN_POINT('',(-271.231770419482,69.1591082239022,-95.6999998961736));
#3211=CARTESIAN_POINT('',(29.1682295805178,15.9182146298626,-95.7000000307652));
#3212=CARTESIAN_POINT('',(-121.031770419482,15.9182146298626,-95.6999998961737));
#3213=CARTESIAN_POINT('',(29.1682295805179,151.918214629863,-95.7000000307652));
#3214=CARTESIAN_POINT('',(29.1682295805179,136.659108223902,-95.6999998961734));
#3215=CARTESIAN_POINT('',(33.9682295805179,151.918214629863,-95.7000000307652));
#3216=CARTESIAN_POINT('',(26.4682295805179,151.918214629863,-95.6999998961734));
#3217=CARTESIAN_POINT('',(33.9682295805179,155.318214629863,-95.6999998961734));
#3218=CARTESIAN_POINT('',(33.9682295805179,152.000002264977,-95.6999998961734));
#3219=CARTESIAN_POINT('Origin',(33.168229580518,155.318214629863,-95.6999998961735));
#3220=CARTESIAN_POINT('Origin',(-276.031770419482,16.1182146298626,-105.700000030765));
#3221=CARTESIAN_POINT('',(-276.031770419482,155.318214629863,-81.7500000004814));
#3222=CARTESIAN_POINT('',(-276.031770419482,49.8682146298626,-81.7500000004814));
#3223=CARTESIAN_POINT('',(-276.031770419482,155.318214629863,-95.6998422622063));
#3224=CARTESIAN_POINT('',(-276.031770419482,155.318214629863,-90.6999999634693));
#3225=CARTESIAN_POINT('',(-276.031770419482,152.118214629863,-95.6998422622063));
#3226=CARTESIAN_POINT('',(-276.031770419482,86.1182146298626,-95.6998422622065));
#3227=CARTESIAN_POINT('',(-276.031770419482,152.118214629863,-83.2000000307652));
#3228=CARTESIAN_POINT('',(-276.031770419482,140.00000205636,-93.957593260667));
#3229=CARTESIAN_POINT('Origin',(-276.031770419482,136.00000205636,-93.957593260667));
#3230=CARTESIAN_POINT('',(-276.031770419482,140.00000205636,-90.9199165455054));
#3231=CARTESIAN_POINT('',(-276.031770419482,140.00000205636,-99.8287966457161));
#3232=CARTESIAN_POINT('',(-276.031770419482,136.00000205636,-86.9199165455054));
#3233=CARTESIAN_POINT('Origin',(-276.031770419482,136.00000205636,-90.9199165455053));
#3234=CARTESIAN_POINT('',(-276.031770419482,129.000001892447,-86.9199165455054));
#3235=CARTESIAN_POINT('',(-276.031770419482,76.0591083431113,-86.9199165455054));
#3236=CARTESIAN_POINT('',(-276.031770419482,125.000001892447,-90.9199165455054));
#3237=CARTESIAN_POINT('Origin',(-276.031770419482,129.000001892447,-90.9199165455053));
#3238=CARTESIAN_POINT('',(-276.031770419482,125.000001892447,-93.957593260667));
#3239=CARTESIAN_POINT('',(-276.031770419482,125.000001892447,-98.3099582881353));
#3240=CARTESIAN_POINT('Origin',(-276.031770419482,129.000001892447,-93.957593260667));
#3241=CARTESIAN_POINT('Origin',(-275.231770419482,155.318214629863,-90.6999999634693));
#3242=CARTESIAN_POINT('',(-275.231770419482,156.118214629863,-81.7500000004814));
#3243=CARTESIAN_POINT('Origin',(-275.231770419482,155.318214629863,-81.7500000004814));
#3244=CARTESIAN_POINT('',(-275.231770419482,156.118214629863,-95.6998422622063));
#3245=CARTESIAN_POINT('',(-275.231770419482,156.118214629863,-90.6999999634693));
#3246=CARTESIAN_POINT('Origin',(-275.231770419482,155.318214629863,-95.6998422622063));
#3247=CARTESIAN_POINT('Origin',(23.9682295805178,156.118214629863,-75.6999998961733));
#3248=CARTESIAN_POINT('',(33.168229580518,156.118214629863,-81.7500000004814));
#3249=CARTESIAN_POINT('',(-48.5317704194822,156.118214629863,-81.7500000004814));
#3250=CARTESIAN_POINT('',(33.168229580518,156.118214629863,-95.6998422622063));
#3251=CARTESIAN_POINT('',(33.168229580518,156.118214629863,-90.6999999634693));
#3252=CARTESIAN_POINT('',(23.9682295805178,156.118214629863,-95.6998422622063));
#3253=CARTESIAN_POINT('Origin',(-121.031770419482,83.6182146298626,-81.7500000004814));
#3254=CARTESIAN_POINT('',(33.9682295805178,11.9182146298626,-81.7500000004814));
#3255=CARTESIAN_POINT('Origin',(33.168229580518,11.9182146298626,-81.7500000004814));
#3256=CARTESIAN_POINT('',(33.9682295805179,155.318214629863,-81.7500000004814));
#3257=CARTESIAN_POINT('',(33.9682295805179,117.368214629863,-81.7500000004814));
#3258=CARTESIAN_POINT('Origin',(33.168229580518,155.318214629863,-81.7500000004814));
#3259=CARTESIAN_POINT('',(29.1682295805179,151.318214629863,-81.7500000228331));
#3260=CARTESIAN_POINT('',(29.1682295805178,15.9182146298626,-81.7500000228331));
#3261=CARTESIAN_POINT('',(29.1682295805179,151.118214629863,-81.7500000451849));
#3262=CARTESIAN_POINT('',(-271.231770419482,15.9182146298626,-81.7500000228331));
#3263=CARTESIAN_POINT('',(-266.031770419482,15.9182146298626,-81.7500000004814));
#3264=CARTESIAN_POINT('',(-271.231770419482,151.318214629863,-81.7500000228331));
#3265=CARTESIAN_POINT('',(-271.231770419482,16.1182146298626,-81.7500000451849));
#3266=CARTESIAN_POINT('',(23.9682295805178,151.318214629863,-81.7500000004814));
#3267=CARTESIAN_POINT('Origin',(33.168229580518,155.318214629863,-100.699999963469));
#3268=CARTESIAN_POINT('',(33.968229580518,155.318214629863,-100.699999963469));
#3269=CARTESIAN_POINT('Origin',(-48.5317704194821,151.118214629863,-96.7500000004815));
#3270=CARTESIAN_POINT('',(-48.5317704194821,151.118214629863,-101.750000000482));
#3271=CARTESIAN_POINT('Origin',(28.968229580518,117.368214629863,-96.7500000004815));
#3272=CARTESIAN_POINT('Origin',(28.968229580518,16.1182146298626,-96.7500000004815));
#3273=CARTESIAN_POINT('',(28.968229580518,117.368214629863,-101.750000000482));
#3274=CARTESIAN_POINT('',(33.968229580518,117.368214629863,-96.7500000004815));
#3275=CARTESIAN_POINT('Origin',(33.968229580518,151.118214629863,-105.700000030765));
#3276=CARTESIAN_POINT('',(33.9682295805179,151.918214629863,-95.6998422622063));
#3277=CARTESIAN_POINT('',(33.9682295805179,151.918214629863,-83.2000000307652));
#3278=CARTESIAN_POINT('',(33.9682295805179,155.318214629863,-95.6998422622063));
#3279=CARTESIAN_POINT('',(33.9682295805179,153.618214629863,-95.6998422622063));
#3280=CARTESIAN_POINT('',(33.968229580518,155.318214629863,-90.6999999634693));
#3281=CARTESIAN_POINT('',(33.968229580518,11.9182146298626,-100.700000030765));
#3282=CARTESIAN_POINT('Origin',(33.168229580518,155.318214629863,-90.6999999634693));
#3283=CARTESIAN_POINT('Origin',(33.168229580518,155.318214629863,-95.6998422622063));
#3284=CARTESIAN_POINT('Origin',(33.168229580518,11.9182146298626,-100.700000030765));
#3285=CARTESIAN_POINT('Ctrl Pts',(30.3219858994386,14.5065999644809,-101.483148864644));
#3286=CARTESIAN_POINT('Ctrl Pts',(29.8870518245859,15.0243786250198,-101.659450034689));
#3287=CARTESIAN_POINT('Ctrl Pts',(29.4276848895891,15.5712440238256,-101.750000000482));
#3288=CARTESIAN_POINT('Ctrl Pts',(28.968229580518,16.1182146298626,-101.750000000482));
#3289=CARTESIAN_POINT('Ctrl Pts',(30.4110447586849,14.5864063142045,-101.510322546964));
#3290=CARTESIAN_POINT('Ctrl Pts',(29.9453905165947,15.0826569722168,-101.669406808324));
#3291=CARTESIAN_POINT('Ctrl Pts',(29.4568566552444,15.6004157894809,-101.750000000482));
#3292=CARTESIAN_POINT('Ctrl Pts',(28.968229580518,16.1182146298626,-101.750000000482));
#3293=CARTESIAN_POINT('Ctrl Pts',(30.5000378961761,14.6753994516956,-101.510322546964));
#3294=CARTESIAN_POINT('Ctrl Pts',(30.0037872381638,15.1410536937858,-101.669406808324));
#3295=CARTESIAN_POINT('Ctrl Pts',(29.4860284208997,15.6295875551362,-101.750000000482));
#3296=CARTESIAN_POINT('Ctrl Pts',(28.968229580518,16.1182146298626,-101.750000000482));
#3297=CARTESIAN_POINT('Ctrl Pts',(30.5798442458996,14.764458310942,-101.483148864644));
#3298=CARTESIAN_POINT('Ctrl Pts',(30.0620655853607,15.1993923857947,-101.659450034689));
#3299=CARTESIAN_POINT('Ctrl Pts',(29.515200186555,15.6587593207915,-101.750000000482));
#3300=CARTESIAN_POINT('Ctrl Pts',(28.968229580518,16.1182146298626,-101.750000000482));
#3301=CARTESIAN_POINT('Origin',(-273.231770419482,129.000001892447,-93.957593260667));
#3302=CARTESIAN_POINT('',(-273.231770419482,127.000001892447,-93.957593260667));
#3303=CARTESIAN_POINT('',(-271.231770419482,125.000001892447,-93.957593260667));
#3304=CARTESIAN_POINT('Origin',(-273.231770419482,125.000001892447,-93.957593260667));
#3305=CARTESIAN_POINT('Origin',(-271.231770419482,129.000001892447,-93.957593260667));
#3306=CARTESIAN_POINT('Origin',(-273.231770419482,129.000001892447,-93.957593260667));
#3307=CARTESIAN_POINT('Origin',(-273.231770419482,125.000001892447,-86.4349582953451));
#3308=CARTESIAN_POINT('',(-273.231770419482,127.000001892447,-90.9199165455054));
#3309=CARTESIAN_POINT('',(-271.231770419482,125.000001892447,-90.9199165455054));
#3310=CARTESIAN_POINT('Origin',(-273.231770419482,125.000001892447,-90.9199165455054));
#3311=CARTESIAN_POINT('',(-271.231770419482,125.000001892447,-86.4349582953451));
#3312=CARTESIAN_POINT('',(-273.231770419482,127.000001892447,-86.4349582953451));
#3313=CARTESIAN_POINT('Origin',(-273.231770419482,129.000001892447,-90.9199165455053));
#3314=CARTESIAN_POINT('',(-273.231770419482,129.000001892447,-88.9199165455054));
#3315=CARTESIAN_POINT('',(-271.231770419482,129.000001892447,-86.9199165455054));
#3316=CARTESIAN_POINT('Origin',(-273.231770419482,129.000001892447,-86.9199165455054));
#3317=CARTESIAN_POINT('Origin',(-271.231770419482,129.000001892447,-90.9199165455053));
#3318=CARTESIAN_POINT('Origin',(-273.231770419482,129.000001892447,-90.9199165455053));
#3319=CARTESIAN_POINT('Origin',(-273.231770419482,76.0591083431113,-86.9199165455054));
#3320=CARTESIAN_POINT('',(-273.231770419482,136.00000205636,-88.9199165455054));
#3321=CARTESIAN_POINT('',(-271.231770419482,136.00000205636,-86.9199165455054));
#3322=CARTESIAN_POINT('Origin',(-273.231770419482,136.00000205636,-86.9199165455054));
#3323=CARTESIAN_POINT('',(-271.231770419482,76.0591083431113,-86.9199165455054));
#3324=CARTESIAN_POINT('',(-273.231770419482,76.0591083431113,-88.9199165455054));
#3325=CARTESIAN_POINT('Origin',(-273.231770419482,136.00000205636,-90.9199165455053));
#3326=CARTESIAN_POINT('',(-273.231770419482,138.00000205636,-90.9199165455054));
#3327=CARTESIAN_POINT('',(-271.231770419482,140.00000205636,-90.9199165455054));
#3328=CARTESIAN_POINT('Origin',(-273.231770419482,140.00000205636,-90.9199165455054));
#3329=CARTESIAN_POINT('Origin',(-271.231770419482,136.00000205636,-90.9199165455053));
#3330=CARTESIAN_POINT('Origin',(-273.231770419482,136.00000205636,-90.9199165455053));
#3331=CARTESIAN_POINT('Origin',(-273.231770419482,140.00000205636,-87.9537966529259));
#3332=CARTESIAN_POINT('',(-273.231770419482,138.00000205636,-93.957593260667));
#3333=CARTESIAN_POINT('',(-271.231770419482,140.00000205636,-93.957593260667));
#3334=CARTESIAN_POINT('Origin',(-273.231770419482,140.00000205636,-93.957593260667));
#3335=CARTESIAN_POINT('',(-271.231770419482,140.00000205636,-87.9537966529259));
#3336=CARTESIAN_POINT('',(-273.231770419482,138.00000205636,-87.9537966529259));
#3337=CARTESIAN_POINT('Origin',(-273.231770419482,136.00000205636,-93.957593260667));
#3338=CARTESIAN_POINT('Origin',(-271.231770419482,136.00000205636,-93.957593260667));
#3339=CARTESIAN_POINT('Origin',(-273.231770419482,136.00000205636,-93.957593260667));
#3340=CARTESIAN_POINT('Origin',(-276.031770419481,136.00000205636,-93.957593260667));
#3341=CARTESIAN_POINT('',(-274.031770419482,138.00000205636,-93.957593260667));
#3342=CARTESIAN_POINT('',(-276.031770419481,138.00000205636,-93.957593260667));
#3343=CARTESIAN_POINT('',(-274.031770419482,137.431999315387,-95.3537966305743));
#3344=CARTESIAN_POINT('Origin',(-274.031770419482,136.00000205636,-93.957593260667));
#3345=CARTESIAN_POINT('',(-273.777989368866,136.00000205636,-95.957593260667));
#3346=CARTESIAN_POINT('Ctrl Pts',(-273.777989368866,136.00000205636,-95.957593260667));
#3347=CARTESIAN_POINT('Ctrl Pts',(-273.777989368866,136.228912361158,-95.957593260667));
#3348=CARTESIAN_POINT('Ctrl Pts',(-273.868941346683,136.76100242454,-95.8650067287991));
#3349=CARTESIAN_POINT('Ctrl Pts',(-274.031770419482,137.218948858514,-95.5723089740137));
#3350=CARTESIAN_POINT('Ctrl Pts',(-274.031770419482,137.431999315387,-95.3537966305743));
#3351=CARTESIAN_POINT('',(-260.031770419481,136.00000205636,-95.957593260667));
#3352=CARTESIAN_POINT('',(-276.031770419481,136.00000205636,-95.957593260667));
#3353=CARTESIAN_POINT('Origin',(-260.031770419481,136.00000205636,-93.957593260667));
#3354=CARTESIAN_POINT('Origin',(-276.031770419481,138.00000205636,-93.957593260667));
#3355=CARTESIAN_POINT('',(-274.031770419482,138.00000205636,-90.9199165455054));
#3356=CARTESIAN_POINT('',(-276.031770419481,138.00000205636,-90.9199165455054));
#3357=CARTESIAN_POINT('',(-274.031770419482,138.00000205636,-99.8287966457161));
#3358=CARTESIAN_POINT('Origin',(-276.031770419481,136.00000205636,-90.9199165455053));
#3359=CARTESIAN_POINT('',(-274.031770419482,136.00000205636,-88.9199165455054));
#3360=CARTESIAN_POINT('',(-276.031770419481,136.00000205636,-88.9199165455054));
#3361=CARTESIAN_POINT('Origin',(-274.031770419482,136.00000205636,-90.9199165455053));
#3362=CARTESIAN_POINT('Origin',(-276.031770419481,136.00000205636,-88.9199165455054));
#3363=CARTESIAN_POINT('',(-274.031770419482,129.000001892447,-88.9199165455054));
#3364=CARTESIAN_POINT('',(-276.031770419481,129.000001892447,-88.9199165455054));
#3365=CARTESIAN_POINT('',(-274.031770419482,76.0591083431113,-88.9199165455054));
#3366=CARTESIAN_POINT('Origin',(-276.031770419481,129.000001892447,-90.9199165455053));
#3367=CARTESIAN_POINT('',(-274.031770419482,127.000001892447,-90.9199165455054));
#3368=CARTESIAN_POINT('',(-276.031770419481,127.000001892447,-90.9199165455054));
#3369=CARTESIAN_POINT('Origin',(-274.031770419482,129.000001892447,-90.9199165455053));
#3370=CARTESIAN_POINT('Origin',(-276.031770419481,127.000001892447,-90.9199165455054));
#3371=CARTESIAN_POINT('',(-274.031770419482,127.000001892447,-93.957593260667));
#3372=CARTESIAN_POINT('',(-276.031770419481,127.000001892447,-93.957593260667));
#3373=CARTESIAN_POINT('',(-274.031770419482,127.000001892447,-98.3099582881353));
#3374=CARTESIAN_POINT('Origin',(-276.031770419481,129.000001892447,-93.957593260667));
#3375=CARTESIAN_POINT('',(-260.031770419481,129.000001892447,-95.957593260667));
#3376=CARTESIAN_POINT('Origin',(-260.031770419481,129.000001892447,-93.957593260667));
#3377=CARTESIAN_POINT('',(-273.777989368866,129.000001892447,-95.957593260667));
#3378=CARTESIAN_POINT('',(-276.031770419481,129.000001892447,-95.957593260667));
#3379=CARTESIAN_POINT('',(-274.031770419482,127.568004633421,-95.3537966305743));
#3380=CARTESIAN_POINT('Ctrl Pts',(-274.031770419482,127.568004633421,-95.3537966305743));
#3381=CARTESIAN_POINT('Ctrl Pts',(-274.031770419482,127.727792476075,-95.5176808881538));
#3382=CARTESIAN_POINT('Ctrl Pts',(-273.905515075055,128.164151758881,-95.8334122439648));
#3383=CARTESIAN_POINT('Ctrl Pts',(-273.777989368866,128.694788152717,-95.957593260667));
#3384=CARTESIAN_POINT('Ctrl Pts',(-273.777989368866,129.000001892447,-95.957593260667));
#3385=CARTESIAN_POINT('Origin',(-274.031770419482,129.000001892447,-93.957593260667));
#3386=CARTESIAN_POINT('Origin',(-274.031770419482,136.00000205636,-93.957593260667));
#3387=CARTESIAN_POINT('Origin',(-274.031770419482,138.863996574413,-96.7500000004815));
#3388=CARTESIAN_POINT('Origin',(-274.031770419482,140.00000205636,-93.957593260667));
#3389=CARTESIAN_POINT('Origin',(-274.031770419482,140.00000205636,-99.8287966457161));
#3390=CARTESIAN_POINT('Origin',(-274.031770419482,140.00000205636,-90.9199165455054));
#3391=CARTESIAN_POINT('Origin',(-274.031770419482,76.0591083431113,-86.9199165455054));
#3392=CARTESIAN_POINT('Origin',(-274.031770419482,136.00000205636,-86.9199165455054));
#3393=CARTESIAN_POINT('Origin',(-274.031770419482,129.000001892447,-86.9199165455054));
#3394=CARTESIAN_POINT('Origin',(-274.031770419482,129.000001892447,-90.9199165455053));
#3395=CARTESIAN_POINT('Origin',(-274.031770419482,125.000001892447,-90.9199165455054));
#3396=CARTESIAN_POINT('Origin',(-274.031770419482,125.000001892447,-98.3099582881353));
#3397=CARTESIAN_POINT('Origin',(-274.031770419482,125.000001892447,-93.957593260667));
#3398=CARTESIAN_POINT('Origin',(-274.031770419482,129.000001892447,-93.957593260667));
#3399=CARTESIAN_POINT('Origin',(-274.031770419482,126.136007374394,-96.7500000004815));
#3400=CARTESIAN_POINT('Origin',(-274.031770419482,136.00000205636,-90.9199165455053));
#3401=CARTESIAN_POINT('Ctrl Pts',(-274.031770419482,127.568004633421,-95.3537966305743));
#3402=CARTESIAN_POINT('Ctrl Pts',(-274.031770419482,127.727792476075,-95.5176808881538));
#3403=CARTESIAN_POINT('Ctrl Pts',(-273.905515075055,128.164151758881,-95.8334122439648));
#3404=CARTESIAN_POINT('Ctrl Pts',(-273.777989368866,128.694788152717,-95.957593260667));
#3405=CARTESIAN_POINT('Ctrl Pts',(-273.777989368866,129.000001892447,-95.957593260667));
#3406=CARTESIAN_POINT('Ctrl Pts',(-274.330969719824,127.568004633421,-95.3537966305743));
#3407=CARTESIAN_POINT('Ctrl Pts',(-274.345527399243,127.744150816031,-95.534385776815));
#3408=CARTESIAN_POINT('Ctrl Pts',(-274.254293714079,128.220755741175,-95.8594104984606));
#3409=CARTESIAN_POINT('Ctrl Pts',(-274.156099175475,128.720285975333,-95.957593260667));
#3410=CARTESIAN_POINT('Ctrl Pts',(-274.156099175475,129.000001892447,-95.957593260667));
#3411=CARTESIAN_POINT('Ctrl Pts',(-274.928029521939,127.469930856888,-95.4494189765191));
#3412=CARTESIAN_POINT('Ctrl Pts',(-274.971507641411,127.679978501644,-95.6841494704947));
#3413=CARTESIAN_POINT('Ctrl Pts',(-274.949369366883,128.245747002185,-96.0871529395297));
#3414=CARTESIAN_POINT('Ctrl Pts',(-274.90865598632,128.737228399348,-96.1779267271622));
#3415=CARTESIAN_POINT('Ctrl Pts',(-274.90865598632,129.000001892447,-96.1779267271622));
#3416=CARTESIAN_POINT('Ctrl Pts',(-275.769127976496,126.990866248314,-95.9165089913059));
#3417=CARTESIAN_POINT('Ctrl Pts',(-275.833728274622,127.256183523419,-96.2961559321184));
#3418=CARTESIAN_POINT('Ctrl Pts',(-275.843681981337,127.975469273024,-96.992336392882));
#3419=CARTESIAN_POINT('Ctrl Pts',(-275.821070499541,128.640284443362,-97.2137237691039));
#3420=CARTESIAN_POINT('Ctrl Pts',(-275.821070499541,129.000001892447,-97.2137237691039));
#3421=CARTESIAN_POINT('Ctrl Pts',(-276.031770419482,126.457346807888,-96.4366926969231));
#3422=CARTESIAN_POINT('Ctrl Pts',(-276.066503200139,126.75672896372,-96.9310847230503));
#3423=CARTESIAN_POINT('Ctrl Pts',(-275.964797272564,127.572627284593,-97.8791221466455));
#3424=CARTESIAN_POINT('Ctrl Pts',(-275.837103428824,128.484466768191,-98.2434692761956));
#3425=CARTESIAN_POINT('Ctrl Pts',(-275.837103428824,129.000001892447,-98.2434692761956));
#3426=CARTESIAN_POINT('Ctrl Pts',(-276.031770419482,126.136007374394,-96.7500000004815));
#3427=CARTESIAN_POINT('Ctrl Pts',(-276.031770419482,126.455583059704,-97.2962808590806));
#3428=CARTESIAN_POINT('Ctrl Pts',(-275.821344845436,127.328301625315,-98.3487187117833));
#3429=CARTESIAN_POINT('Ctrl Pts',(-275.608802001788,128.389574412987,-98.7626554341239));
#3430=CARTESIAN_POINT('Ctrl Pts',(-275.608802001788,129.000001892447,-98.7626554341239));
#3431=CARTESIAN_POINT('Origin',(-273.777989368866,129.000001892447,-97.957593260667));
#3432=CARTESIAN_POINT('Ctrl Pts',(-273.777989368866,136.00000205636,-95.957593260667));
#3433=CARTESIAN_POINT('Ctrl Pts',(-273.777989368866,136.228912361158,-95.957593260667));
#3434=CARTESIAN_POINT('Ctrl Pts',(-273.868941346683,136.76100242454,-95.8650067287991));
#3435=CARTESIAN_POINT('Ctrl Pts',(-274.031770419482,137.218948858514,-95.5723089740137));
#3436=CARTESIAN_POINT('Ctrl Pts',(-274.031770419482,137.431999315387,-95.3537966305743));
#3437=CARTESIAN_POINT('Ctrl Pts',(-274.156099175475,136.00000205636,-95.957593260667));
#3438=CARTESIAN_POINT('Ctrl Pts',(-274.156099175475,136.209788994195,-95.957593260667));
#3439=CARTESIAN_POINT('Ctrl Pts',(-274.224210658284,136.703091406546,-95.8852973116599));
#3440=CARTESIAN_POINT('Ctrl Pts',(-274.350379959049,137.197137738573,-95.5945821588952));
#3441=CARTESIAN_POINT('Ctrl Pts',(-274.330969719824,137.431999315387,-95.3537966305743));
#3442=CARTESIAN_POINT('Ctrl Pts',(-274.908655270758,136.00000205636,-96.1779268607163));
#3443=CARTESIAN_POINT('Ctrl Pts',(-274.908655270758,136.197082176185,-96.1779268607163));
#3444=CARTESIAN_POINT('Ctrl Pts',(-274.931863218042,136.670535733662,-96.112502985872));
#3445=CARTESIAN_POINT('Ctrl Pts',(-274.986000079635,137.250009668561,-95.7623930688943));
#3446=CARTESIAN_POINT('Ctrl Pts',(-274.928029253673,137.530073194902,-95.4494190769273));
#3447=CARTESIAN_POINT('Ctrl Pts',(-275.821068990003,136.00000205636,-97.213723801072));
#3448=CARTESIAN_POINT('Ctrl Pts',(-275.821068990003,136.269790143174,-97.213723801072));
#3449=CARTESIAN_POINT('Ctrl Pts',(-275.829541773476,136.914917011631,-97.0508016358478));
#3450=CARTESIAN_POINT('Ctrl Pts',(-275.855261139617,137.655381483964,-96.4227050589079));
#3451=CARTESIAN_POINT('Ctrl Pts',(-275.769127408783,138.009137850769,-95.9165091378257));
#3452=CARTESIAN_POINT('Ctrl Pts',(-275.837103428824,136.00000205636,-98.2434692761956));
#3453=CARTESIAN_POINT('Ctrl Pts',(-275.837103428824,136.386653399552,-98.2434692761956));
#3454=CARTESIAN_POINT('Ctrl Pts',(-275.924506105401,137.292569611684,-97.9722081576608));
#3455=CARTESIAN_POINT('Ctrl Pts',(-276.078080793692,138.143480933144,-97.0958820650916));
#3456=CARTESIAN_POINT('Ctrl Pts',(-276.031770419482,138.542657140919,-96.4366926969231));
#3457=CARTESIAN_POINT('Ctrl Pts',(-275.608802001788,136.00000205636,-98.762655434124));
#3458=CARTESIAN_POINT('Ctrl Pts',(-275.608802001788,136.457822665955,-98.762655434124));
#3459=CARTESIAN_POINT('Ctrl Pts',(-275.760388631483,137.52200279272,-98.4540336612311));
#3460=CARTESIAN_POINT('Ctrl Pts',(-276.031770419482,138.437895660668,-97.4783744786124));
#3461=CARTESIAN_POINT('Ctrl Pts',(-276.031770419482,138.863996574413,-96.7500000004815));
#3462=CARTESIAN_POINT('Origin',(-273.777989368866,136.00000205636,-97.957593260667));
#3463=CARTESIAN_POINT('Origin',(-273.777989368866,49.8682146298626,-97.957593260667));
#3464=CARTESIAN_POINT('',(-273.777989368866,49.8682146298626,-95.957593260667));
#3465=CARTESIAN_POINT('Origin',(-121.031770419482,83.6182146298626,-101.750000000482));
#3466=CARTESIAN_POINT('Origin',(-260.031770419481,132.500001974404,-92.4387549030862));
#3467=CARTESIAN_POINT('',(-260.031770419481,129.000001892447,-95.957593260667));
#3468=CARTESIAN_POINT('Origin',(-276.031770419481,129.000001892447,-95.957593260667));
#3469=CARTESIAN_POINT('Origin',(-271.231770419482,16.1182146298626,-81.9500000451849));
#3470=CARTESIAN_POINT('',(-271.231770419482,152.118214629863,-95.6998422622063));
#3471=CARTESIAN_POINT('',(-271.231770419482,152.118214629863,-81.325000037975));
#3472=CARTESIAN_POINT('',(-271.231770419482,151.318214629863,-95.6998422622063));
#3473=CARTESIAN_POINT('',(-271.231770419482,86.1182146298626,-95.6998422622065));
#3474=CARTESIAN_POINT('',(-271.231770419482,151.318214629863,-83.8249211536956));
#3475=CARTESIAN_POINT('',(-271.231770419482,15.9182146298626,-83.825000037975));
#3476=CARTESIAN_POINT('Origin',(23.9682295805178,156.118214629863,-95.6998422622063));
#3477=CARTESIAN_POINT('',(29.1682295805179,151.918214629863,-95.6998422622063));
#3478=CARTESIAN_POINT('',(26.4682295805179,151.918214629863,-95.6998422622063));
#3479=CARTESIAN_POINT('',(29.1682295805179,151.318214629863,-95.6998422622063));
#3480=CARTESIAN_POINT('',(29.1682295805179,153.618214629863,-95.6998422622063));
#3481=CARTESIAN_POINT('',(23.9682295805178,151.318214629863,-95.6998422622063));
#3482=CARTESIAN_POINT('',(-123.531770419482,152.118214629863,-95.6998422622063));
#3483=CARTESIAN_POINT('Origin',(-271.031770419482,152.118214629863,-80.7000000307652));
#3484=CARTESIAN_POINT('Origin',(28.9682295805179,151.918214629863,-80.7000000307652));
#3485=CARTESIAN_POINT('',(29.1682295805179,151.918214629863,-81.325000037975));
#3486=CARTESIAN_POINT('Origin',(29.1682295805179,151.118214629863,-81.9500000451849));
#3487=CARTESIAN_POINT('',(29.1682295805178,15.9182146298626,-83.825000037975));
#3488=CARTESIAN_POINT('',(29.1682295805179,151.318214629863,-83.8249211536956));
#3489=CARTESIAN_POINT('Origin',(23.9682295805178,151.318214629863,-85.6998422622063));
#3490=CARTESIAN_POINT('Origin',(-266.031770419482,15.9182146298626,-85.7000000307652));
#3491=UNCERTAINTY_MEASURE_WITH_UNIT(LENGTH_MEASURE(0.01),#3495,
'DISTANCE_ACCURACY_VALUE',
'Maximum model space distance between geometric entities at asserted c
onnectivities');
#3492=UNCERTAINTY_MEASURE_WITH_UNIT(LENGTH_MEASURE(0.01),#3495,
'DISTANCE_ACCURACY_VALUE',
'Maximum model space distance between geometric entities at asserted c
onnectivities');
#3493=(
GEOMETRIC_REPRESENTATION_CONTEXT(3)
GLOBAL_UNCERTAINTY_ASSIGNED_CONTEXT((#3491))
GLOBAL_UNIT_ASSIGNED_CONTEXT((#3495,#3497,#3498))
REPRESENTATION_CONTEXT('','3D')
);
#3494=(
GEOMETRIC_REPRESENTATION_CONTEXT(3)
GLOBAL_UNCERTAINTY_ASSIGNED_CONTEXT((#3492))
GLOBAL_UNIT_ASSIGNED_CONTEXT((#3495,#3497,#3498))
REPRESENTATION_CONTEXT('','3D')
);
#3495=(
LENGTH_UNIT()
NAMED_UNIT(*)
SI_UNIT(.MILLI.,.METRE.)
);
#3496=(
LENGTH_UNIT()
NAMED_UNIT(*)
SI_UNIT($,.METRE.)
);
#3497=(
NAMED_UNIT(*)
PLANE_ANGLE_UNIT()
SI_UNIT($,.RADIAN.)
);
#3498=(
NAMED_UNIT(*)
SI_UNIT($,.STERADIAN.)
SOLID_ANGLE_UNIT()
);
#3499=SHAPE_DEFINITION_REPRESENTATION(#3500,#3501);
#3500=PRODUCT_DEFINITION_SHAPE('',$,#3503);
#3501=SHAPE_REPRESENTATION('',(#1777),#3493);
#3502=PRODUCT_DEFINITION_CONTEXT('part definition',#3507,'design');
#3503=PRODUCT_DEFINITION('2026-09-15-21-14-28-653','bottom case',#3504,
#3502);
#3504=PRODUCT_DEFINITION_FORMATION('',$,#3509);
#3505=PRODUCT_RELATED_PRODUCT_CATEGORY('bottom case','bottom case',(#3509));
#3506=APPLICATION_PROTOCOL_DEFINITION('international standard',
'automotive_design',2009,#3507);
#3507=APPLICATION_CONTEXT(
'Core Data for Automotive Mechanical Design Process');
#3508=PRODUCT_CONTEXT('part definition',#3507,'mechanical');
#3509=PRODUCT('2026-09-15-21-14-28-653','bottom case',$,(#3508));
#3510=PRESENTATION_STYLE_ASSIGNMENT((#3512));
#3511=PRESENTATION_STYLE_ASSIGNMENT((#3513));
#3512=SURFACE_STYLE_USAGE(.BOTH.,#3514);
#3513=SURFACE_STYLE_USAGE(.BOTH.,#3515);
#3514=SURFACE_SIDE_STYLE('',(#3516));
#3515=SURFACE_SIDE_STYLE('',(#3517));
#3516=SURFACE_STYLE_FILL_AREA(#3518);
#3517=SURFACE_STYLE_FILL_AREA(#3519);
#3518=FILL_AREA_STYLE('Steel - Satin',(#3520));
#3519=FILL_AREA_STYLE('Paek (Beige)',(#3521));
#3520=FILL_AREA_STYLE_COLOUR('Steel - Satin',#3522);
#3521=FILL_AREA_STYLE_COLOUR('Paek (Beige)',#3523);
#3522=COLOUR_RGB('Steel - Satin',0.627450980392157,0.627450980392157,0.627450980392157);
#3523=COLOUR_RGB('Paek (Beige)',0.898039215686275,0.792156862745098,0.619607843137255);
ENDSEC;
END-ISO-10303-21;
