ISO-10303-21;
HEADER;
/* Generated by software containing ST-Developer
 * from STEP Tools, Inc. (www.steptools.com) 
 */

FILE_DESCRIPTION(
/* description */ (''),
/* implementation_level */ '2;1');

FILE_NAME(
/* name */ 'plate.step',
/* time_stamp */ '2026-09-15T21:14:51-04:00',
/* author */ (''),
/* organization */ (''),
/* preprocessor_version */ 'ST-DEVELOPER v20.2',
/* originating_system */ 'Autodesk Translation Framework v15.15.0.0',
/* authorisation */ '');

FILE_SCHEMA (('AUTOMOTIVE_DESIGN { 1 0 10303 214 3 1 1 }'));
ENDSEC;

DATA;
#10=MECHANICAL_DESIGN_GEOMETRIC_PRESENTATION_REPRESENTATION('',(#13),#19779);
#11=SHAPE_REPRESENTATION_RELATIONSHIP('SRR','None',#19786,#12);
#12=ADVANCED_BREP_SHAPE_REPRESENTATION('',(#14),#19778);
#13=STYLED_ITEM('',(#19795),#14);
#14=MANIFOLD_SOLID_BREP('Body1',#11751);
#15=FACE_BOUND('',#1675,.T.);
#16=FACE_BOUND('',#1676,.T.);
#17=FACE_BOUND('',#1677,.T.);
#18=FACE_BOUND('',#1678,.T.);
#19=FACE_BOUND('',#1679,.T.);
#20=FACE_BOUND('',#1680,.T.);
#21=FACE_BOUND('',#1681,.T.);
#22=FACE_BOUND('',#1682,.T.);
#23=FACE_BOUND('',#1683,.T.);
#24=FACE_BOUND('',#1684,.T.);
#25=FACE_BOUND('',#1685,.T.);
#26=FACE_BOUND('',#1686,.T.);
#27=FACE_BOUND('',#1687,.T.);
#28=FACE_BOUND('',#1688,.T.);
#29=FACE_BOUND('',#1689,.T.);
#30=FACE_BOUND('',#1690,.T.);
#31=FACE_BOUND('',#1691,.T.);
#32=FACE_BOUND('',#1692,.T.);
#33=FACE_BOUND('',#1693,.T.);
#34=FACE_BOUND('',#1694,.T.);
#35=FACE_BOUND('',#1695,.T.);
#36=FACE_BOUND('',#1696,.T.);
#37=FACE_BOUND('',#1697,.T.);
#38=FACE_BOUND('',#1698,.T.);
#39=FACE_BOUND('',#1699,.T.);
#40=FACE_BOUND('',#1700,.T.);
#41=FACE_BOUND('',#1701,.T.);
#42=FACE_BOUND('',#1702,.T.);
#43=FACE_BOUND('',#1703,.T.);
#44=FACE_BOUND('',#1704,.T.);
#45=FACE_BOUND('',#1705,.T.);
#46=FACE_BOUND('',#1706,.T.);
#47=FACE_BOUND('',#1707,.T.);
#48=FACE_BOUND('',#1708,.T.);
#49=FACE_BOUND('',#1709,.T.);
#50=FACE_BOUND('',#1710,.T.);
#51=FACE_BOUND('',#1711,.T.);
#52=FACE_BOUND('',#1712,.T.);
#53=FACE_BOUND('',#1713,.T.);
#54=FACE_BOUND('',#1714,.T.);
#55=FACE_BOUND('',#1715,.T.);
#56=FACE_BOUND('',#1716,.T.);
#57=FACE_BOUND('',#1717,.T.);
#58=FACE_BOUND('',#1718,.T.);
#59=FACE_BOUND('',#1719,.T.);
#60=FACE_BOUND('',#1720,.T.);
#61=FACE_BOUND('',#1721,.T.);
#62=FACE_BOUND('',#1722,.T.);
#63=FACE_BOUND('',#1723,.T.);
#64=FACE_BOUND('',#1724,.T.);
#65=FACE_BOUND('',#1725,.T.);
#66=FACE_BOUND('',#1726,.T.);
#67=FACE_BOUND('',#1727,.T.);
#68=FACE_BOUND('',#1728,.T.);
#69=FACE_BOUND('',#1729,.T.);
#70=FACE_BOUND('',#1730,.T.);
#71=FACE_BOUND('',#1731,.T.);
#72=FACE_BOUND('',#1732,.T.);
#73=FACE_BOUND('',#1733,.T.);
#74=FACE_BOUND('',#1734,.T.);
#75=FACE_BOUND('',#1735,.T.);
#76=FACE_BOUND('',#1736,.T.);
#77=FACE_BOUND('',#1737,.T.);
#78=FACE_BOUND('',#1738,.T.);
#79=FACE_BOUND('',#1739,.T.);
#80=FACE_BOUND('',#1740,.T.);
#81=FACE_BOUND('',#1741,.T.);
#82=FACE_BOUND('',#1742,.T.);
#83=FACE_BOUND('',#1743,.T.);
#84=FACE_BOUND('',#1744,.T.);
#85=FACE_BOUND('',#1745,.T.);
#86=FACE_BOUND('',#1772,.T.);
#87=FACE_BOUND('',#1773,.T.);
#88=FACE_BOUND('',#1774,.T.);
#89=FACE_BOUND('',#1775,.T.);
#90=FACE_BOUND('',#1776,.T.);
#91=FACE_BOUND('',#1777,.T.);
#92=FACE_BOUND('',#1778,.T.);
#93=FACE_BOUND('',#1779,.T.);
#94=FACE_BOUND('',#1780,.T.);
#95=FACE_BOUND('',#1781,.T.);
#96=FACE_BOUND('',#1782,.T.);
#97=FACE_BOUND('',#1783,.T.);
#98=FACE_BOUND('',#1784,.T.);
#99=FACE_BOUND('',#1785,.T.);
#100=FACE_BOUND('',#1786,.T.);
#101=FACE_BOUND('',#1787,.T.);
#102=FACE_BOUND('',#1788,.T.);
#103=FACE_BOUND('',#1789,.T.);
#104=FACE_BOUND('',#1790,.T.);
#105=FACE_BOUND('',#1791,.T.);
#106=FACE_BOUND('',#1792,.T.);
#107=FACE_BOUND('',#1793,.T.);
#108=FACE_BOUND('',#1794,.T.);
#109=FACE_BOUND('',#1795,.T.);
#110=FACE_BOUND('',#1796,.T.);
#111=FACE_BOUND('',#1797,.T.);
#112=FACE_BOUND('',#1798,.T.);
#113=FACE_BOUND('',#1799,.T.);
#114=FACE_BOUND('',#1800,.T.);
#115=FACE_BOUND('',#1801,.T.);
#116=FACE_BOUND('',#1802,.T.);
#117=FACE_BOUND('',#1803,.T.);
#118=FACE_BOUND('',#1804,.T.);
#119=FACE_BOUND('',#1805,.T.);
#120=FACE_BOUND('',#1806,.T.);
#121=FACE_BOUND('',#1807,.T.);
#122=FACE_BOUND('',#1808,.T.);
#123=FACE_BOUND('',#1809,.T.);
#124=FACE_BOUND('',#1810,.T.);
#125=FACE_BOUND('',#1811,.T.);
#126=FACE_BOUND('',#1812,.T.);
#127=FACE_BOUND('',#1813,.T.);
#128=FACE_BOUND('',#1814,.T.);
#129=FACE_BOUND('',#1815,.T.);
#130=FACE_BOUND('',#1816,.T.);
#131=FACE_BOUND('',#1817,.T.);
#132=FACE_BOUND('',#1818,.T.);
#133=FACE_BOUND('',#1819,.T.);
#134=FACE_BOUND('',#1820,.T.);
#135=FACE_BOUND('',#1821,.T.);
#136=FACE_BOUND('',#1822,.T.);
#137=FACE_BOUND('',#1823,.T.);
#138=FACE_BOUND('',#1824,.T.);
#139=FACE_BOUND('',#1825,.T.);
#140=FACE_BOUND('',#1826,.T.);
#141=FACE_BOUND('',#1827,.T.);
#142=FACE_BOUND('',#1828,.T.);
#143=FACE_BOUND('',#1829,.T.);
#144=FACE_BOUND('',#1830,.T.);
#145=FACE_BOUND('',#1831,.T.);
#146=FACE_BOUND('',#1832,.T.);
#147=FACE_BOUND('',#1833,.T.);
#148=FACE_BOUND('',#1834,.T.);
#149=FACE_BOUND('',#1835,.T.);
#150=FACE_BOUND('',#1836,.T.);
#151=FACE_BOUND('',#1837,.T.);
#152=FACE_BOUND('',#1838,.T.);
#153=FACE_BOUND('',#1839,.T.);
#154=FACE_BOUND('',#1840,.T.);
#155=FACE_BOUND('',#1841,.T.);
#156=FACE_BOUND('',#1842,.T.);
#157=CIRCLE('',#11770,0.499999999999998);
#158=CIRCLE('',#11771,0.499999999999998);
#159=CIRCLE('',#11774,0.500000000000007);
#160=CIRCLE('',#11775,0.500000000000007);
#161=CIRCLE('',#11777,0.5);
#162=CIRCLE('',#11778,0.5);
#163=CIRCLE('',#11781,0.500000000000007);
#164=CIRCLE('',#11782,0.500000000000007);
#165=CIRCLE('',#11784,0.499999999999998);
#166=CIRCLE('',#11785,0.499999999999998);
#167=CIRCLE('',#11788,0.500000000000007);
#168=CIRCLE('',#11789,0.500000000000007);
#169=CIRCLE('',#11791,0.5);
#170=CIRCLE('',#11792,0.5);
#171=CIRCLE('',#11795,0.500000000000007);
#172=CIRCLE('',#11796,0.500000000000007);
#173=CIRCLE('',#11798,0.499999999999998);
#174=CIRCLE('',#11799,0.499999999999998);
#175=CIRCLE('',#11802,0.500000000000007);
#176=CIRCLE('',#11803,0.500000000000007);
#177=CIRCLE('',#11805,0.5);
#178=CIRCLE('',#11806,0.5);
#179=CIRCLE('',#11809,0.500000000000007);
#180=CIRCLE('',#11810,0.500000000000007);
#181=CIRCLE('',#11812,0.499999999999998);
#182=CIRCLE('',#11813,0.499999999999998);
#183=CIRCLE('',#11816,0.500000000000007);
#184=CIRCLE('',#11817,0.500000000000007);
#185=CIRCLE('',#11819,0.5);
#186=CIRCLE('',#11820,0.5);
#187=CIRCLE('',#11823,0.499999999999972);
#188=CIRCLE('',#11824,0.499999999999972);
#189=CIRCLE('',#11826,0.499999999999998);
#190=CIRCLE('',#11827,0.499999999999998);
#191=CIRCLE('',#11830,0.500000000000007);
#192=CIRCLE('',#11831,0.500000000000007);
#193=CIRCLE('',#11833,0.5);
#194=CIRCLE('',#11834,0.5);
#195=CIRCLE('',#11837,0.500000000000007);
#196=CIRCLE('',#11838,0.500000000000007);
#197=CIRCLE('',#11840,0.499999999999998);
#198=CIRCLE('',#11841,0.499999999999998);
#199=CIRCLE('',#11844,0.500000000000007);
#200=CIRCLE('',#11845,0.500000000000007);
#201=CIRCLE('',#11847,0.5);
#202=CIRCLE('',#11848,0.5);
#203=CIRCLE('',#11851,0.500000000000007);
#204=CIRCLE('',#11852,0.500000000000007);
#205=CIRCLE('',#11854,0.499999999999998);
#206=CIRCLE('',#11855,0.499999999999998);
#207=CIRCLE('',#11858,0.500000000000007);
#208=CIRCLE('',#11859,0.500000000000007);
#209=CIRCLE('',#11861,0.5);
#210=CIRCLE('',#11862,0.5);
#211=CIRCLE('',#11865,0.500000000000007);
#212=CIRCLE('',#11866,0.500000000000007);
#213=CIRCLE('',#11868,0.499999999999998);
#214=CIRCLE('',#11869,0.499999999999998);
#215=CIRCLE('',#11872,0.500000000000007);
#216=CIRCLE('',#11873,0.500000000000007);
#217=CIRCLE('',#11875,0.5);
#218=CIRCLE('',#11876,0.5);
#219=CIRCLE('',#11879,0.500000000000007);
#220=CIRCLE('',#11880,0.500000000000007);
#221=CIRCLE('',#11882,0.499999999999998);
#222=CIRCLE('',#11883,0.499999999999998);
#223=CIRCLE('',#11886,0.499999999999972);
#224=CIRCLE('',#11887,0.499999999999972);
#225=CIRCLE('',#11889,0.5);
#226=CIRCLE('',#11890,0.5);
#227=CIRCLE('',#11893,0.500000000000007);
#228=CIRCLE('',#11894,0.500000000000007);
#229=CIRCLE('',#11896,0.499999999999998);
#230=CIRCLE('',#11897,0.499999999999998);
#231=CIRCLE('',#11900,0.500000000000007);
#232=CIRCLE('',#11901,0.500000000000007);
#233=CIRCLE('',#11903,0.5);
#234=CIRCLE('',#11904,0.5);
#235=CIRCLE('',#11907,0.500000000000007);
#236=CIRCLE('',#11908,0.500000000000007);
#237=CIRCLE('',#11910,0.499999999999998);
#238=CIRCLE('',#11911,0.499999999999998);
#239=CIRCLE('',#11914,0.499999999999972);
#240=CIRCLE('',#11915,0.499999999999972);
#241=CIRCLE('',#11917,0.5);
#242=CIRCLE('',#11918,0.5);
#243=CIRCLE('',#11921,0.500000000000007);
#244=CIRCLE('',#11922,0.500000000000007);
#245=CIRCLE('',#11924,0.499999999999998);
#246=CIRCLE('',#11925,0.499999999999998);
#247=CIRCLE('',#11928,0.500000000000007);
#248=CIRCLE('',#11929,0.500000000000007);
#249=CIRCLE('',#11931,0.5);
#250=CIRCLE('',#11932,0.5);
#251=CIRCLE('',#11935,0.499999999999972);
#252=CIRCLE('',#11936,0.499999999999972);
#253=CIRCLE('',#11938,0.499999999999998);
#254=CIRCLE('',#11939,0.499999999999998);
#255=CIRCLE('',#11942,0.500000000000007);
#256=CIRCLE('',#11943,0.500000000000007);
#257=CIRCLE('',#11945,0.5);
#258=CIRCLE('',#11946,0.5);
#259=CIRCLE('',#11949,0.500000000000007);
#260=CIRCLE('',#11950,0.500000000000007);
#261=CIRCLE('',#11952,0.499999999999998);
#262=CIRCLE('',#11953,0.499999999999998);
#263=CIRCLE('',#11956,0.499999999999972);
#264=CIRCLE('',#11957,0.499999999999972);
#265=CIRCLE('',#11960,0.5);
#266=CIRCLE('',#11961,0.5);
#267=CIRCLE('',#11964,0.500000000000007);
#268=CIRCLE('',#11965,0.500000000000007);
#269=CIRCLE('',#11969,0.499999999999998);
#270=CIRCLE('',#11970,0.500000000000007);
#271=CIRCLE('',#11971,0.499999999999998);
#272=CIRCLE('',#11972,0.499999999999972);
#273=CIRCLE('',#11973,0.499999999999998);
#274=CIRCLE('',#11974,0.499999999999972);
#275=CIRCLE('',#11975,0.499999999999998);
#276=CIRCLE('',#11976,0.500000000000007);
#277=CIRCLE('',#11977,0.499999999999998);
#278=CIRCLE('',#11978,0.500000000000007);
#279=CIRCLE('',#11979,0.499999999999998);
#280=CIRCLE('',#11980,0.500000000000007);
#281=CIRCLE('',#11981,0.499999999999998);
#282=CIRCLE('',#11982,0.499999999999972);
#283=CIRCLE('',#11983,0.499999999999998);
#284=CIRCLE('',#11984,0.499999999999972);
#285=CIRCLE('',#11985,0.499999999999998);
#286=CIRCLE('',#11986,0.500000000000007);
#287=CIRCLE('',#11987,0.499999999999998);
#288=CIRCLE('',#11988,0.499999999999972);
#289=CIRCLE('',#11989,0.499999999999998);
#290=CIRCLE('',#11990,0.500000000000007);
#291=CIRCLE('',#11991,0.499999999999998);
#292=CIRCLE('',#11992,0.500000000000007);
#293=CIRCLE('',#11993,0.499999999999998);
#294=CIRCLE('',#11994,0.500000000000007);
#295=CIRCLE('',#11995,0.499999999999998);
#296=CIRCLE('',#11996,0.500000000000007);
#297=CIRCLE('',#11997,0.499999999999998);
#298=CIRCLE('',#11998,0.500000000000007);
#299=CIRCLE('',#11999,0.499999999999998);
#300=CIRCLE('',#12000,0.500000000000007);
#301=CIRCLE('',#12001,0.499999999999998);
#302=CIRCLE('',#12002,0.500000000000007);
#303=CIRCLE('',#12003,0.499999999999998);
#304=CIRCLE('',#12004,0.500000000000007);
#305=CIRCLE('',#12005,0.499999999999998);
#306=CIRCLE('',#12006,0.500000000000007);
#307=CIRCLE('',#12007,0.499999999999998);
#308=CIRCLE('',#12008,0.500000000000007);
#309=CIRCLE('',#12009,0.499999999999998);
#310=CIRCLE('',#12010,0.500000000000007);
#311=CIRCLE('',#12011,0.499999999999998);
#312=CIRCLE('',#12012,0.499999999999972);
#313=CIRCLE('',#12013,0.499999999999998);
#314=CIRCLE('',#12014,0.500000000000007);
#315=CIRCLE('',#12015,0.499999999999998);
#316=CIRCLE('',#12016,0.499999999999972);
#317=CIRCLE('',#12017,0.499999999999998);
#318=CIRCLE('',#12018,0.500000000000007);
#319=CIRCLE('',#12019,0.499999999999998);
#320=CIRCLE('',#12020,0.500000000000007);
#321=CIRCLE('',#12021,0.499999999999998);
#322=CIRCLE('',#12022,0.500000000000007);
#323=CIRCLE('',#12023,0.499999999999998);
#324=CIRCLE('',#12024,0.500000000000007);
#325=CIRCLE('',#12025,0.500000000000007);
#326=CIRCLE('',#12026,0.499999999999998);
#327=CIRCLE('',#12027,0.500000000000007);
#328=CIRCLE('',#12028,0.499999999999998);
#329=CIRCLE('',#12029,0.499999999999998);
#330=CIRCLE('',#12030,0.499999999999972);
#331=CIRCLE('',#12031,0.499999999999998);
#332=CIRCLE('',#12032,0.500000000000007);
#333=CIRCLE('',#12033,0.499999999999998);
#334=CIRCLE('',#12034,0.499999999999972);
#335=CIRCLE('',#12035,0.499999999999998);
#336=CIRCLE('',#12036,0.500000000000007);
#337=CIRCLE('',#12037,0.499999999999998);
#338=CIRCLE('',#12038,0.500000000000007);
#339=CIRCLE('',#12039,0.499999999999998);
#340=CIRCLE('',#12040,0.500000000000007);
#341=CIRCLE('',#12041,0.499999999999998);
#342=CIRCLE('',#12042,0.500000000000007);
#343=CIRCLE('',#12043,0.499999999999998);
#344=CIRCLE('',#12044,0.500000000000007);
#345=CIRCLE('',#12045,0.499999999999998);
#346=CIRCLE('',#12046,0.500000000000007);
#347=CIRCLE('',#12047,0.499999999999998);
#348=CIRCLE('',#12048,0.499999999999989);
#349=CIRCLE('',#12049,0.499999999999998);
#350=CIRCLE('',#12050,0.500000000000007);
#351=CIRCLE('',#12051,0.499999999999998);
#352=CIRCLE('',#12052,0.500000000000007);
#353=CIRCLE('',#12053,0.499999999999998);
#354=CIRCLE('',#12054,0.500000000000007);
#355=CIRCLE('',#12055,0.499999999999998);
#356=CIRCLE('',#12056,0.500000000000007);
#357=CIRCLE('',#12057,0.499999999999998);
#358=CIRCLE('',#12058,0.499999999999972);
#359=CIRCLE('',#12059,0.499999999999998);
#360=CIRCLE('',#12060,0.500000000000007);
#361=CIRCLE('',#12061,0.499999999999998);
#362=CIRCLE('',#12062,0.499999999999972);
#363=CIRCLE('',#12063,0.499999999999998);
#364=CIRCLE('',#12064,0.500000000000007);
#365=CIRCLE('',#12065,0.499999999999998);
#366=CIRCLE('',#12066,0.500000000000007);
#367=CIRCLE('',#12067,0.499999999999998);
#368=CIRCLE('',#12068,0.499999999999972);
#369=CIRCLE('',#12069,0.499999999999998);
#370=CIRCLE('',#12070,0.499999999999972);
#371=CIRCLE('',#12071,0.499999999999998);
#372=CIRCLE('',#12072,0.500000000000007);
#373=CIRCLE('',#12073,0.499999999999998);
#374=CIRCLE('',#12074,0.500000000000007);
#375=CIRCLE('',#12075,0.499999999999998);
#376=CIRCLE('',#12076,0.500000000000007);
#377=CIRCLE('',#12077,0.499999999999998);
#378=CIRCLE('',#12078,0.500000000000007);
#379=CIRCLE('',#12079,0.499999999999998);
#380=CIRCLE('',#12080,0.500000000000007);
#381=CIRCLE('',#12081,0.499999999999998);
#382=CIRCLE('',#12082,0.500000000000007);
#383=CIRCLE('',#12083,0.499999999999998);
#384=CIRCLE('',#12084,0.500000000000007);
#385=CIRCLE('',#12085,0.499999999999989);
#386=CIRCLE('',#12086,0.499999999999972);
#387=CIRCLE('',#12087,0.499999999999998);
#388=CIRCLE('',#12088,0.500000000000007);
#389=CIRCLE('',#12089,0.499999999999989);
#390=CIRCLE('',#12090,0.500000000000007);
#391=CIRCLE('',#12091,0.499999999999998);
#392=CIRCLE('',#12092,0.499999999999972);
#393=CIRCLE('',#12093,0.499999999999989);
#394=CIRCLE('',#12094,0.500000000000007);
#395=CIRCLE('',#12095,0.499999999999998);
#396=CIRCLE('',#12096,0.500000000000007);
#397=CIRCLE('',#12097,0.499999999999989);
#398=CIRCLE('',#12098,0.500000000000007);
#399=CIRCLE('',#12099,0.499999999999998);
#400=CIRCLE('',#12100,0.500000000000007);
#401=CIRCLE('',#12101,0.499999999999989);
#402=CIRCLE('',#12102,0.499999999999989);
#403=CIRCLE('',#12103,0.499999999999998);
#404=CIRCLE('',#12104,0.499999999999989);
#405=CIRCLE('',#12105,0.499999999999989);
#406=CIRCLE('',#12106,0.500000000000007);
#407=CIRCLE('',#12107,0.499999999999998);
#408=CIRCLE('',#12108,0.500000000000007);
#409=CIRCLE('',#12109,0.499999999999989);
#410=CIRCLE('',#12110,0.500000000000007);
#411=CIRCLE('',#12111,0.499999999999998);
#412=CIRCLE('',#12112,0.500000000000007);
#413=CIRCLE('',#12113,0.499999999999989);
#414=CIRCLE('',#12114,0.500000000000007);
#415=CIRCLE('',#12115,0.500000000000007);
#416=CIRCLE('',#12116,0.500000000000007);
#417=CIRCLE('',#12117,0.499999999999989);
#418=CIRCLE('',#12118,0.499999999999972);
#419=CIRCLE('',#12119,0.500000000000007);
#420=CIRCLE('',#12120,0.500000000000007);
#421=CIRCLE('',#12121,0.499999999999989);
#422=CIRCLE('',#12122,0.499999999999972);
#423=CIRCLE('',#12123,0.499999999999998);
#424=CIRCLE('',#12124,0.500000000000007);
#425=CIRCLE('',#12125,0.499999999999998);
#426=CIRCLE('',#12126,0.500000000000007);
#427=CIRCLE('',#12127,0.499999999999998);
#428=CIRCLE('',#12128,0.500000000000007);
#429=CIRCLE('',#12129,0.499999999999998);
#430=CIRCLE('',#12130,0.499999999999972);
#431=CIRCLE('',#12131,0.499999999999998);
#432=CIRCLE('',#12132,0.500000000000007);
#433=CIRCLE('',#12133,0.500000000000003);
#434=CIRCLE('',#12134,0.499999999999972);
#435=CIRCLE('',#12135,0.499999999999998);
#436=CIRCLE('',#12136,0.500000000000007);
#437=CIRCLE('',#12137,0.500000000000003);
#438=CIRCLE('',#12138,0.500000000000007);
#439=CIRCLE('',#12139,0.499999999999998);
#440=CIRCLE('',#12140,0.500000000000007);
#441=CIRCLE('',#12141,0.500000000000003);
#442=CIRCLE('',#12142,0.500000000000007);
#443=CIRCLE('',#12143,0.499999999999998);
#444=CIRCLE('',#12144,0.499999999999972);
#445=CIRCLE('',#12145,0.500000000000003);
#446=CIRCLE('',#12146,0.499999999999972);
#447=CIRCLE('',#12147,0.499999999999998);
#448=CIRCLE('',#12148,0.499999999999972);
#449=CIRCLE('',#12149,0.500000000000003);
#450=CIRCLE('',#12150,0.499999999999972);
#451=CIRCLE('',#12151,0.499999999999998);
#452=CIRCLE('',#12152,0.500000000000007);
#453=CIRCLE('',#12153,0.500000000000003);
#454=CIRCLE('',#12154,0.500000000000007);
#455=CIRCLE('',#12155,0.499999999999998);
#456=CIRCLE('',#12156,0.500000000000007);
#457=CIRCLE('',#12157,0.500000000000003);
#458=CIRCLE('',#12158,0.500000000000007);
#459=CIRCLE('',#12159,0.499999999999998);
#460=CIRCLE('',#12160,0.500000000000007);
#461=CIRCLE('',#12161,0.500000000000003);
#462=CIRCLE('',#12162,0.500000000000007);
#463=CIRCLE('',#12163,0.499999999999998);
#464=CIRCLE('',#12164,0.500000000000007);
#465=CIRCLE('',#12165,0.500000000000003);
#466=CIRCLE('',#12166,0.500000000000007);
#467=CIRCLE('',#12167,0.499999999999998);
#468=CIRCLE('',#12168,0.500000000000007);
#469=CIRCLE('',#12169,0.500000000000003);
#470=CIRCLE('',#12170,0.500000000000007);
#471=CIRCLE('',#12171,0.499999999999998);
#472=CIRCLE('',#12172,0.499999999999972);
#473=CIRCLE('',#12173,0.500000000000003);
#474=CIRCLE('',#12174,0.500000000000007);
#475=CIRCLE('',#12175,0.499999999999998);
#476=CIRCLE('',#12176,0.499999999999972);
#477=CIRCLE('',#12177,0.500000000000003);
#478=CIRCLE('',#12178,0.500000000000007);
#479=CIRCLE('',#12179,0.499999999999998);
#480=CIRCLE('',#12180,0.500000000000007);
#481=CIRCLE('',#12181,0.500000000000003);
#482=CIRCLE('',#12182,0.500000000000007);
#483=CIRCLE('',#12183,0.499999999999998);
#484=CIRCLE('',#12184,0.500000000000007);
#485=CIRCLE('',#12185,0.499999999999972);
#486=CIRCLE('',#12186,0.500000000000003);
#487=CIRCLE('',#12187,0.500000000000007);
#488=CIRCLE('',#12188,0.499999999999998);
#489=CIRCLE('',#12189,0.5);
#490=CIRCLE('',#12190,0.500000000000007);
#491=CIRCLE('',#12191,0.5);
#492=CIRCLE('',#12192,0.500000000000007);
#493=CIRCLE('',#12193,0.5);
#494=CIRCLE('',#12194,0.499999999999972);
#495=CIRCLE('',#12195,0.5);
#496=CIRCLE('',#12196,0.500000000000007);
#497=CIRCLE('',#12223,0.500000000000007);
#498=CIRCLE('',#12224,0.5);
#499=CIRCLE('',#12225,0.500000000000007);
#500=CIRCLE('',#12226,0.5);
#501=CIRCLE('',#12227,0.499999999999972);
#502=CIRCLE('',#12228,0.5);
#503=CIRCLE('',#12229,0.500000000000007);
#504=CIRCLE('',#12230,0.5);
#505=CIRCLE('',#12231,0.500000000000007);
#506=CIRCLE('',#12232,0.499999999999998);
#507=CIRCLE('',#12233,0.499999999999972);
#508=CIRCLE('',#12234,0.500000000000003);
#509=CIRCLE('',#12235,0.500000000000007);
#510=CIRCLE('',#12236,0.499999999999998);
#511=CIRCLE('',#12237,0.500000000000007);
#512=CIRCLE('',#12238,0.500000000000003);
#513=CIRCLE('',#12239,0.499999999999972);
#514=CIRCLE('',#12240,0.499999999999998);
#515=CIRCLE('',#12241,0.500000000000007);
#516=CIRCLE('',#12242,0.500000000000003);
#517=CIRCLE('',#12243,0.499999999999972);
#518=CIRCLE('',#12244,0.499999999999998);
#519=CIRCLE('',#12245,0.499999999999972);
#520=CIRCLE('',#12246,0.500000000000003);
#521=CIRCLE('',#12247,0.500000000000007);
#522=CIRCLE('',#12248,0.499999999999998);
#523=CIRCLE('',#12249,0.499999999999972);
#524=CIRCLE('',#12250,0.500000000000003);
#525=CIRCLE('',#12251,0.500000000000007);
#526=CIRCLE('',#12252,0.499999999999998);
#527=CIRCLE('',#12253,0.500000000000007);
#528=CIRCLE('',#12254,0.500000000000003);
#529=CIRCLE('',#12255,0.500000000000007);
#530=CIRCLE('',#12256,0.499999999999998);
#531=CIRCLE('',#12257,0.500000000000007);
#532=CIRCLE('',#12258,0.500000000000003);
#533=CIRCLE('',#12259,0.500000000000007);
#534=CIRCLE('',#12260,0.499999999999998);
#535=CIRCLE('',#12261,0.500000000000007);
#536=CIRCLE('',#12262,0.500000000000003);
#537=CIRCLE('',#12263,0.500000000000007);
#538=CIRCLE('',#12264,0.499999999999998);
#539=CIRCLE('',#12265,0.500000000000007);
#540=CIRCLE('',#12266,0.500000000000003);
#541=CIRCLE('',#12267,0.499999999999972);
#542=CIRCLE('',#12268,0.499999999999998);
#543=CIRCLE('',#12269,0.500000000000007);
#544=CIRCLE('',#12270,0.500000000000003);
#545=CIRCLE('',#12271,0.499999999999972);
#546=CIRCLE('',#12272,0.499999999999998);
#547=CIRCLE('',#12273,0.500000000000007);
#548=CIRCLE('',#12274,0.500000000000003);
#549=CIRCLE('',#12275,0.500000000000007);
#550=CIRCLE('',#12276,0.499999999999998);
#551=CIRCLE('',#12277,0.500000000000007);
#552=CIRCLE('',#12278,0.500000000000003);
#553=CIRCLE('',#12279,0.500000000000007);
#554=CIRCLE('',#12280,0.499999999999998);
#555=CIRCLE('',#12281,0.500000000000007);
#556=CIRCLE('',#12282,0.500000000000003);
#557=CIRCLE('',#12283,0.500000000000003);
#558=CIRCLE('',#12284,0.499999999999972);
#559=CIRCLE('',#12285,0.499999999999998);
#560=CIRCLE('',#12286,0.500000000000007);
#561=CIRCLE('',#12287,0.499999999999998);
#562=CIRCLE('',#12288,0.500000000000007);
#563=CIRCLE('',#12289,0.499999999999998);
#564=CIRCLE('',#12290,0.500000000000007);
#565=CIRCLE('',#12291,0.500000000000007);
#566=CIRCLE('',#12292,0.499999999999998);
#567=CIRCLE('',#12293,0.499999999999972);
#568=CIRCLE('',#12294,0.499999999999998);
#569=CIRCLE('',#12295,0.500000000000007);
#570=CIRCLE('',#12296,0.499999999999998);
#571=CIRCLE('',#12297,0.500000000000007);
#572=CIRCLE('',#12298,0.499999999999998);
#573=CIRCLE('',#12299,0.500000000000007);
#574=CIRCLE('',#12300,0.499999999999998);
#575=CIRCLE('',#12301,0.499999999999972);
#576=CIRCLE('',#12302,0.499999999999998);
#577=CIRCLE('',#12303,0.500000000000007);
#578=CIRCLE('',#12304,0.499999999999998);
#579=CIRCLE('',#12305,0.500000000000007);
#580=CIRCLE('',#12306,0.499999999999998);
#581=CIRCLE('',#12307,0.500000000000007);
#582=CIRCLE('',#12308,0.499999999999998);
#583=CIRCLE('',#12309,0.500000000000007);
#584=CIRCLE('',#12310,0.499999999999998);
#585=CIRCLE('',#12311,0.500000000000007);
#586=CIRCLE('',#12312,0.499999999999998);
#587=CIRCLE('',#12313,0.500000000000007);
#588=CIRCLE('',#12314,0.499999999999998);
#589=CIRCLE('',#12315,0.500000000000007);
#590=CIRCLE('',#12316,0.499999999999998);
#591=CIRCLE('',#12317,0.500000000000007);
#592=CIRCLE('',#12318,0.499999999999998);
#593=CIRCLE('',#12319,0.500000000000007);
#594=CIRCLE('',#12320,0.499999999999998);
#595=CIRCLE('',#12321,0.500000000000007);
#596=CIRCLE('',#12322,0.499999999999998);
#597=CIRCLE('',#12323,0.500000000000007);
#598=CIRCLE('',#12324,0.499999999999998);
#599=CIRCLE('',#12325,0.499999999999972);
#600=CIRCLE('',#12326,0.499999999999998);
#601=CIRCLE('',#12327,0.499999999999972);
#602=CIRCLE('',#12328,0.499999999999998);
#603=CIRCLE('',#12329,0.499999999999972);
#604=CIRCLE('',#12330,0.499999999999998);
#605=CIRCLE('',#12331,0.500000000000007);
#606=CIRCLE('',#12332,0.499999999999998);
#607=CIRCLE('',#12333,0.500000000000007);
#608=CIRCLE('',#12334,0.499999999999998);
#609=CIRCLE('',#12335,0.499999999999972);
#610=CIRCLE('',#12336,0.499999999999998);
#611=CIRCLE('',#12337,0.500000000000007);
#612=CIRCLE('',#12338,0.499999999999998);
#613=CIRCLE('',#12339,0.500000000000007);
#614=CIRCLE('',#12340,0.499999999999998);
#615=CIRCLE('',#12341,0.499999999999972);
#616=CIRCLE('',#12342,0.499999999999998);
#617=CIRCLE('',#12343,0.500000000000007);
#618=CIRCLE('',#12344,0.499999999999998);
#619=CIRCLE('',#12345,0.500000000000007);
#620=CIRCLE('',#12346,0.499999999999998);
#621=CIRCLE('',#12347,0.499999999999998);
#622=CIRCLE('',#12348,0.500000000000007);
#623=CIRCLE('',#12349,0.499999999999998);
#624=CIRCLE('',#12350,0.499999999999972);
#625=CIRCLE('',#12351,0.499999999999998);
#626=CIRCLE('',#12352,0.500000000000007);
#627=CIRCLE('',#12353,0.499999999999998);
#628=CIRCLE('',#12354,0.500000000000007);
#629=CIRCLE('',#12355,0.500000000000007);
#630=CIRCLE('',#12356,0.499999999999998);
#631=CIRCLE('',#12357,0.499999999999972);
#632=CIRCLE('',#12358,0.499999999999989);
#633=CIRCLE('',#12359,0.500000000000007);
#634=CIRCLE('',#12360,0.499999999999989);
#635=CIRCLE('',#12361,0.500000000000007);
#636=CIRCLE('',#12362,0.500000000000007);
#637=CIRCLE('',#12363,0.499999999999972);
#638=CIRCLE('',#12364,0.499999999999989);
#639=CIRCLE('',#12365,0.500000000000007);
#640=CIRCLE('',#12366,0.500000000000007);
#641=CIRCLE('',#12367,0.499999999999972);
#642=CIRCLE('',#12368,0.499999999999998);
#643=CIRCLE('',#12369,0.500000000000007);
#644=CIRCLE('',#12370,0.499999999999989);
#645=CIRCLE('',#12371,0.500000000000007);
#646=CIRCLE('',#12372,0.499999999999998);
#647=CIRCLE('',#12373,0.500000000000007);
#648=CIRCLE('',#12374,0.499999999999989);
#649=CIRCLE('',#12375,0.500000000000007);
#650=CIRCLE('',#12376,0.499999999999998);
#651=CIRCLE('',#12377,0.500000000000007);
#652=CIRCLE('',#12378,0.499999999999989);
#653=CIRCLE('',#12379,0.499999999999989);
#654=CIRCLE('',#12380,0.499999999999989);
#655=CIRCLE('',#12381,0.499999999999989);
#656=CIRCLE('',#12382,0.499999999999998);
#657=CIRCLE('',#12383,0.500000000000007);
#658=CIRCLE('',#12384,0.499999999999998);
#659=CIRCLE('',#12385,0.500000000000007);
#660=CIRCLE('',#12386,0.499999999999989);
#661=CIRCLE('',#12387,0.499999999999989);
#662=CIRCLE('',#12388,0.500000000000007);
#663=CIRCLE('',#12389,0.499999999999998);
#664=CIRCLE('',#12390,0.500000000000007);
#665=CIRCLE('',#12391,0.500000000000007);
#666=CIRCLE('',#12392,0.499999999999998);
#667=CIRCLE('',#12393,0.499999999999972);
#668=CIRCLE('',#12394,0.499999999999989);
#669=CIRCLE('',#12395,0.500000000000007);
#670=CIRCLE('',#12396,0.499999999999998);
#671=CIRCLE('',#12397,0.500000000000007);
#672=CIRCLE('',#12398,0.499999999999998);
#673=CIRCLE('',#12399,0.500000000000007);
#674=CIRCLE('',#12400,0.499999999999998);
#675=CIRCLE('',#12401,0.500000000000007);
#676=CIRCLE('',#12402,0.499999999999998);
#677=CIRCLE('',#12403,0.499999999999998);
#678=CIRCLE('',#12404,0.500000000000007);
#679=CIRCLE('',#12405,0.499999999999998);
#680=CIRCLE('',#12406,0.500000000000007);
#681=CIRCLE('',#12407,0.500000000000007);
#682=CIRCLE('',#12408,0.499999999999998);
#683=CIRCLE('',#12409,0.499999999999972);
#684=CIRCLE('',#12410,0.499999999999998);
#685=CIRCLE('',#12411,0.500000000000007);
#686=CIRCLE('',#12412,0.499999999999998);
#687=CIRCLE('',#12413,0.499999999999972);
#688=CIRCLE('',#12414,0.499999999999998);
#689=CIRCLE('',#12415,0.500000000000007);
#690=CIRCLE('',#12416,0.499999999999998);
#691=CIRCLE('',#12417,0.500000000000007);
#692=CIRCLE('',#12418,0.499999999999998);
#693=CIRCLE('',#12419,0.500000000000007);
#694=CIRCLE('',#12420,0.499999999999998);
#695=CIRCLE('',#12421,0.500000000000007);
#696=CIRCLE('',#12422,0.499999999999998);
#697=CIRCLE('',#12423,0.499999999999989);
#698=CIRCLE('',#12424,0.499999999999998);
#699=CIRCLE('',#12425,0.500000000000007);
#700=CIRCLE('',#12426,0.499999999999998);
#701=CIRCLE('',#12427,0.500000000000007);
#702=CIRCLE('',#12428,0.499999999999998);
#703=CIRCLE('',#12429,0.500000000000007);
#704=CIRCLE('',#12430,0.499999999999998);
#705=CIRCLE('',#12431,0.500000000000007);
#706=CIRCLE('',#12432,0.499999999999998);
#707=CIRCLE('',#12433,0.500000000000007);
#708=CIRCLE('',#12434,0.499999999999998);
#709=CIRCLE('',#12435,0.500000000000007);
#710=CIRCLE('',#12436,0.499999999999998);
#711=CIRCLE('',#12437,0.499999999999972);
#712=CIRCLE('',#12438,0.499999999999998);
#713=CIRCLE('',#12439,0.500000000000007);
#714=CIRCLE('',#12440,0.499999999999998);
#715=CIRCLE('',#12441,0.499999999999972);
#716=CIRCLE('',#12442,0.499999999999998);
#717=CIRCLE('',#12443,0.499999999999972);
#718=CIRCLE('',#12444,0.499999999999998);
#719=CIRCLE('',#12445,0.500000000000007);
#720=CIRCLE('',#12446,0.499999999999998);
#721=CIRCLE('',#12447,0.500000000000007);
#722=CIRCLE('',#12448,0.499999999999998);
#723=CIRCLE('',#12449,0.499999999999972);
#724=CIRCLE('',#12450,0.499999999999998);
#725=CYLINDRICAL_SURFACE('',#11769,0.499999999999998);
#726=CYLINDRICAL_SURFACE('',#11773,0.500000000000007);
#727=CYLINDRICAL_SURFACE('',#11776,0.5);
#728=CYLINDRICAL_SURFACE('',#11780,0.500000000000007);
#729=CYLINDRICAL_SURFACE('',#11783,0.499999999999998);
#730=CYLINDRICAL_SURFACE('',#11787,0.500000000000007);
#731=CYLINDRICAL_SURFACE('',#11790,0.5);
#732=CYLINDRICAL_SURFACE('',#11794,0.500000000000007);
#733=CYLINDRICAL_SURFACE('',#11797,0.499999999999998);
#734=CYLINDRICAL_SURFACE('',#11801,0.500000000000007);
#735=CYLINDRICAL_SURFACE('',#11804,0.5);
#736=CYLINDRICAL_SURFACE('',#11808,0.500000000000007);
#737=CYLINDRICAL_SURFACE('',#11811,0.499999999999998);
#738=CYLINDRICAL_SURFACE('',#11815,0.500000000000007);
#739=CYLINDRICAL_SURFACE('',#11818,0.5);
#740=CYLINDRICAL_SURFACE('',#11822,0.499999999999972);
#741=CYLINDRICAL_SURFACE('',#11825,0.499999999999998);
#742=CYLINDRICAL_SURFACE('',#11829,0.500000000000007);
#743=CYLINDRICAL_SURFACE('',#11832,0.5);
#744=CYLINDRICAL_SURFACE('',#11836,0.500000000000007);
#745=CYLINDRICAL_SURFACE('',#11839,0.499999999999998);
#746=CYLINDRICAL_SURFACE('',#11843,0.500000000000007);
#747=CYLINDRICAL_SURFACE('',#11846,0.5);
#748=CYLINDRICAL_SURFACE('',#11850,0.500000000000007);
#749=CYLINDRICAL_SURFACE('',#11853,0.499999999999998);
#750=CYLINDRICAL_SURFACE('',#11857,0.500000000000007);
#751=CYLINDRICAL_SURFACE('',#11860,0.5);
#752=CYLINDRICAL_SURFACE('',#11864,0.500000000000007);
#753=CYLINDRICAL_SURFACE('',#11867,0.499999999999998);
#754=CYLINDRICAL_SURFACE('',#11871,0.500000000000007);
#755=CYLINDRICAL_SURFACE('',#11874,0.5);
#756=CYLINDRICAL_SURFACE('',#11878,0.500000000000007);
#757=CYLINDRICAL_SURFACE('',#11881,0.499999999999998);
#758=CYLINDRICAL_SURFACE('',#11885,0.499999999999972);
#759=CYLINDRICAL_SURFACE('',#11888,0.5);
#760=CYLINDRICAL_SURFACE('',#11892,0.500000000000007);
#761=CYLINDRICAL_SURFACE('',#11895,0.499999999999998);
#762=CYLINDRICAL_SURFACE('',#11899,0.500000000000007);
#763=CYLINDRICAL_SURFACE('',#11902,0.5);
#764=CYLINDRICAL_SURFACE('',#11906,0.500000000000007);
#765=CYLINDRICAL_SURFACE('',#11909,0.499999999999998);
#766=CYLINDRICAL_SURFACE('',#11913,0.499999999999972);
#767=CYLINDRICAL_SURFACE('',#11916,0.5);
#768=CYLINDRICAL_SURFACE('',#11920,0.500000000000007);
#769=CYLINDRICAL_SURFACE('',#11923,0.499999999999998);
#770=CYLINDRICAL_SURFACE('',#11927,0.500000000000007);
#771=CYLINDRICAL_SURFACE('',#11930,0.5);
#772=CYLINDRICAL_SURFACE('',#11934,0.499999999999972);
#773=CYLINDRICAL_SURFACE('',#11937,0.499999999999998);
#774=CYLINDRICAL_SURFACE('',#11941,0.500000000000007);
#775=CYLINDRICAL_SURFACE('',#11944,0.5);
#776=CYLINDRICAL_SURFACE('',#11948,0.500000000000007);
#777=CYLINDRICAL_SURFACE('',#11951,0.499999999999998);
#778=CYLINDRICAL_SURFACE('',#11955,0.499999999999972);
#779=CYLINDRICAL_SURFACE('',#11959,0.5);
#780=CYLINDRICAL_SURFACE('',#11963,0.500000000000007);
#781=CYLINDRICAL_SURFACE('',#12451,0.500000000000003);
#782=CYLINDRICAL_SURFACE('',#12453,0.499999999999972);
#783=CYLINDRICAL_SURFACE('',#12454,0.499999999999998);
#784=CYLINDRICAL_SURFACE('',#12456,0.500000000000007);
#785=CYLINDRICAL_SURFACE('',#12457,0.500000000000003);
#786=CYLINDRICAL_SURFACE('',#12459,0.500000000000007);
#787=CYLINDRICAL_SURFACE('',#12460,0.499999999999998);
#788=CYLINDRICAL_SURFACE('',#12462,0.500000000000007);
#789=CYLINDRICAL_SURFACE('',#12463,0.500000000000003);
#790=CYLINDRICAL_SURFACE('',#12465,0.500000000000007);
#791=CYLINDRICAL_SURFACE('',#12466,0.499999999999998);
#792=CYLINDRICAL_SURFACE('',#12468,0.499999999999972);
#793=CYLINDRICAL_SURFACE('',#12469,0.500000000000003);
#794=CYLINDRICAL_SURFACE('',#12471,0.499999999999972);
#795=CYLINDRICAL_SURFACE('',#12472,0.499999999999998);
#796=CYLINDRICAL_SURFACE('',#12474,0.499999999999972);
#797=CYLINDRICAL_SURFACE('',#12475,0.500000000000003);
#798=CYLINDRICAL_SURFACE('',#12477,0.499999999999972);
#799=CYLINDRICAL_SURFACE('',#12478,0.499999999999998);
#800=CYLINDRICAL_SURFACE('',#12480,0.500000000000007);
#801=CYLINDRICAL_SURFACE('',#12481,0.500000000000003);
#802=CYLINDRICAL_SURFACE('',#12483,0.500000000000007);
#803=CYLINDRICAL_SURFACE('',#12484,0.499999999999998);
#804=CYLINDRICAL_SURFACE('',#12486,0.500000000000007);
#805=CYLINDRICAL_SURFACE('',#12487,0.500000000000003);
#806=CYLINDRICAL_SURFACE('',#12489,0.500000000000007);
#807=CYLINDRICAL_SURFACE('',#12490,0.499999999999998);
#808=CYLINDRICAL_SURFACE('',#12492,0.500000000000007);
#809=CYLINDRICAL_SURFACE('',#12493,0.500000000000003);
#810=CYLINDRICAL_SURFACE('',#12495,0.500000000000007);
#811=CYLINDRICAL_SURFACE('',#12496,0.499999999999998);
#812=CYLINDRICAL_SURFACE('',#12498,0.500000000000007);
#813=CYLINDRICAL_SURFACE('',#12499,0.500000000000003);
#814=CYLINDRICAL_SURFACE('',#12501,0.500000000000007);
#815=CYLINDRICAL_SURFACE('',#12502,0.499999999999998);
#816=CYLINDRICAL_SURFACE('',#12504,0.500000000000007);
#817=CYLINDRICAL_SURFACE('',#12505,0.500000000000003);
#818=CYLINDRICAL_SURFACE('',#12507,0.500000000000007);
#819=CYLINDRICAL_SURFACE('',#12508,0.499999999999998);
#820=CYLINDRICAL_SURFACE('',#12510,0.499999999999972);
#821=CYLINDRICAL_SURFACE('',#12511,0.500000000000003);
#822=CYLINDRICAL_SURFACE('',#12513,0.500000000000007);
#823=CYLINDRICAL_SURFACE('',#12514,0.499999999999998);
#824=CYLINDRICAL_SURFACE('',#12516,0.499999999999972);
#825=CYLINDRICAL_SURFACE('',#12517,0.500000000000003);
#826=CYLINDRICAL_SURFACE('',#12519,0.500000000000007);
#827=CYLINDRICAL_SURFACE('',#12520,0.499999999999998);
#828=CYLINDRICAL_SURFACE('',#12522,0.500000000000007);
#829=CYLINDRICAL_SURFACE('',#12523,0.500000000000003);
#830=CYLINDRICAL_SURFACE('',#12525,0.500000000000007);
#831=CYLINDRICAL_SURFACE('',#12526,0.499999999999998);
#832=CYLINDRICAL_SURFACE('',#12528,0.500000000000007);
#833=CYLINDRICAL_SURFACE('',#12529,0.500000000000003);
#834=CYLINDRICAL_SURFACE('',#12531,0.500000000000007);
#835=CYLINDRICAL_SURFACE('',#12533,0.499999999999998);
#836=CYLINDRICAL_SURFACE('',#12535,0.499999999999972);
#837=CYLINDRICAL_SURFACE('',#12562,0.499999999999998);
#838=CYLINDRICAL_SURFACE('',#12564,0.499999999999972);
#839=CYLINDRICAL_SURFACE('',#12565,0.499999999999998);
#840=CYLINDRICAL_SURFACE('',#12567,0.500000000000007);
#841=CYLINDRICAL_SURFACE('',#12568,0.499999999999998);
#842=CYLINDRICAL_SURFACE('',#12570,0.500000000000007);
#843=CYLINDRICAL_SURFACE('',#12571,0.499999999999998);
#844=CYLINDRICAL_SURFACE('',#12573,0.499999999999972);
#845=CYLINDRICAL_SURFACE('',#12574,0.499999999999998);
#846=CYLINDRICAL_SURFACE('',#12576,0.500000000000007);
#847=CYLINDRICAL_SURFACE('',#12577,0.499999999999998);
#848=CYLINDRICAL_SURFACE('',#12579,0.500000000000007);
#849=CYLINDRICAL_SURFACE('',#12580,0.499999999999998);
#850=CYLINDRICAL_SURFACE('',#12582,0.499999999999972);
#851=CYLINDRICAL_SURFACE('',#12583,0.499999999999998);
#852=CYLINDRICAL_SURFACE('',#12585,0.499999999999972);
#853=CYLINDRICAL_SURFACE('',#12586,0.499999999999998);
#854=CYLINDRICAL_SURFACE('',#12588,0.499999999999972);
#855=CYLINDRICAL_SURFACE('',#12589,0.499999999999998);
#856=CYLINDRICAL_SURFACE('',#12591,0.500000000000007);
#857=CYLINDRICAL_SURFACE('',#12592,0.499999999999998);
#858=CYLINDRICAL_SURFACE('',#12594,0.500000000000007);
#859=CYLINDRICAL_SURFACE('',#12595,0.499999999999998);
#860=CYLINDRICAL_SURFACE('',#12597,0.500000000000007);
#861=CYLINDRICAL_SURFACE('',#12598,0.499999999999998);
#862=CYLINDRICAL_SURFACE('',#12600,0.500000000000007);
#863=CYLINDRICAL_SURFACE('',#12601,0.499999999999998);
#864=CYLINDRICAL_SURFACE('',#12603,0.500000000000007);
#865=CYLINDRICAL_SURFACE('',#12604,0.499999999999998);
#866=CYLINDRICAL_SURFACE('',#12606,0.500000000000007);
#867=CYLINDRICAL_SURFACE('',#12607,0.499999999999998);
#868=CYLINDRICAL_SURFACE('',#12609,0.500000000000007);
#869=CYLINDRICAL_SURFACE('',#12610,0.499999999999998);
#870=CYLINDRICAL_SURFACE('',#12612,0.500000000000007);
#871=CYLINDRICAL_SURFACE('',#12613,0.499999999999998);
#872=CYLINDRICAL_SURFACE('',#12615,0.500000000000007);
#873=CYLINDRICAL_SURFACE('',#12616,0.499999999999998);
#874=CYLINDRICAL_SURFACE('',#12618,0.500000000000007);
#875=CYLINDRICAL_SURFACE('',#12619,0.499999999999998);
#876=CYLINDRICAL_SURFACE('',#12621,0.500000000000007);
#877=CYLINDRICAL_SURFACE('',#12622,0.499999999999998);
#878=CYLINDRICAL_SURFACE('',#12624,0.499999999999972);
#879=CYLINDRICAL_SURFACE('',#12625,0.499999999999998);
#880=CYLINDRICAL_SURFACE('',#12627,0.500000000000007);
#881=CYLINDRICAL_SURFACE('',#12628,0.499999999999998);
#882=CYLINDRICAL_SURFACE('',#12630,0.499999999999972);
#883=CYLINDRICAL_SURFACE('',#12631,0.499999999999998);
#884=CYLINDRICAL_SURFACE('',#12633,0.500000000000007);
#885=CYLINDRICAL_SURFACE('',#12634,0.499999999999998);
#886=CYLINDRICAL_SURFACE('',#12636,0.500000000000007);
#887=CYLINDRICAL_SURFACE('',#12638,0.499999999999998);
#888=CYLINDRICAL_SURFACE('',#12640,0.500000000000007);
#889=CYLINDRICAL_SURFACE('',#12665,0.499999999999998);
#890=CYLINDRICAL_SURFACE('',#12667,0.499999999999972);
#891=CYLINDRICAL_SURFACE('',#12668,0.499999999999998);
#892=CYLINDRICAL_SURFACE('',#12670,0.500000000000007);
#893=CYLINDRICAL_SURFACE('',#12671,0.499999999999998);
#894=CYLINDRICAL_SURFACE('',#12673,0.500000000000007);
#895=CYLINDRICAL_SURFACE('',#12674,0.499999999999998);
#896=CYLINDRICAL_SURFACE('',#12676,0.499999999999972);
#897=CYLINDRICAL_SURFACE('',#12677,0.499999999999998);
#898=CYLINDRICAL_SURFACE('',#12679,0.499999999999972);
#899=CYLINDRICAL_SURFACE('',#12680,0.499999999999998);
#900=CYLINDRICAL_SURFACE('',#12682,0.500000000000007);
#901=CYLINDRICAL_SURFACE('',#12683,0.499999999999998);
#902=CYLINDRICAL_SURFACE('',#12685,0.499999999999972);
#903=CYLINDRICAL_SURFACE('',#12686,0.499999999999998);
#904=CYLINDRICAL_SURFACE('',#12688,0.500000000000007);
#905=CYLINDRICAL_SURFACE('',#12689,0.499999999999998);
#906=CYLINDRICAL_SURFACE('',#12691,0.500000000000007);
#907=CYLINDRICAL_SURFACE('',#12692,0.499999999999998);
#908=CYLINDRICAL_SURFACE('',#12694,0.500000000000007);
#909=CYLINDRICAL_SURFACE('',#12695,0.499999999999998);
#910=CYLINDRICAL_SURFACE('',#12697,0.500000000000007);
#911=CYLINDRICAL_SURFACE('',#12698,0.499999999999998);
#912=CYLINDRICAL_SURFACE('',#12700,0.500000000000007);
#913=CYLINDRICAL_SURFACE('',#12701,0.499999999999998);
#914=CYLINDRICAL_SURFACE('',#12703,0.500000000000007);
#915=CYLINDRICAL_SURFACE('',#12704,0.499999999999998);
#916=CYLINDRICAL_SURFACE('',#12706,0.499999999999989);
#917=CYLINDRICAL_SURFACE('',#12707,0.499999999999998);
#918=CYLINDRICAL_SURFACE('',#12709,0.500000000000007);
#919=CYLINDRICAL_SURFACE('',#12710,0.499999999999998);
#920=CYLINDRICAL_SURFACE('',#12712,0.500000000000007);
#921=CYLINDRICAL_SURFACE('',#12713,0.499999999999998);
#922=CYLINDRICAL_SURFACE('',#12715,0.500000000000007);
#923=CYLINDRICAL_SURFACE('',#12716,0.499999999999998);
#924=CYLINDRICAL_SURFACE('',#12718,0.500000000000007);
#925=CYLINDRICAL_SURFACE('',#12719,0.499999999999998);
#926=CYLINDRICAL_SURFACE('',#12721,0.499999999999972);
#927=CYLINDRICAL_SURFACE('',#12722,0.499999999999998);
#928=CYLINDRICAL_SURFACE('',#12724,0.500000000000007);
#929=CYLINDRICAL_SURFACE('',#12725,0.499999999999998);
#930=CYLINDRICAL_SURFACE('',#12727,0.499999999999972);
#931=CYLINDRICAL_SURFACE('',#12728,0.499999999999998);
#932=CYLINDRICAL_SURFACE('',#12730,0.500000000000007);
#933=CYLINDRICAL_SURFACE('',#12731,0.499999999999998);
#934=CYLINDRICAL_SURFACE('',#12733,0.500000000000007);
#935=CYLINDRICAL_SURFACE('',#12735,0.499999999999998);
#936=CYLINDRICAL_SURFACE('',#12737,0.500000000000007);
#937=CYLINDRICAL_SURFACE('',#12760,0.499999999999989);
#938=CYLINDRICAL_SURFACE('',#12762,0.499999999999972);
#939=CYLINDRICAL_SURFACE('',#12763,0.499999999999998);
#940=CYLINDRICAL_SURFACE('',#12765,0.500000000000007);
#941=CYLINDRICAL_SURFACE('',#12766,0.499999999999989);
#942=CYLINDRICAL_SURFACE('',#12768,0.500000000000007);
#943=CYLINDRICAL_SURFACE('',#12769,0.499999999999998);
#944=CYLINDRICAL_SURFACE('',#12771,0.499999999999972);
#945=CYLINDRICAL_SURFACE('',#12772,0.499999999999989);
#946=CYLINDRICAL_SURFACE('',#12774,0.500000000000007);
#947=CYLINDRICAL_SURFACE('',#12775,0.499999999999998);
#948=CYLINDRICAL_SURFACE('',#12777,0.500000000000007);
#949=CYLINDRICAL_SURFACE('',#12778,0.499999999999989);
#950=CYLINDRICAL_SURFACE('',#12780,0.500000000000007);
#951=CYLINDRICAL_SURFACE('',#12781,0.499999999999998);
#952=CYLINDRICAL_SURFACE('',#12783,0.500000000000007);
#953=CYLINDRICAL_SURFACE('',#12784,0.499999999999998);
#954=CYLINDRICAL_SURFACE('',#12786,0.499999999999989);
#955=CYLINDRICAL_SURFACE('',#12787,0.499999999999989);
#956=CYLINDRICAL_SURFACE('',#12789,0.499999999999989);
#957=CYLINDRICAL_SURFACE('',#12790,0.499999999999989);
#958=CYLINDRICAL_SURFACE('',#12792,0.500000000000007);
#959=CYLINDRICAL_SURFACE('',#12793,0.499999999999998);
#960=CYLINDRICAL_SURFACE('',#12795,0.500000000000007);
#961=CYLINDRICAL_SURFACE('',#12796,0.499999999999989);
#962=CYLINDRICAL_SURFACE('',#12798,0.499999999999972);
#963=CYLINDRICAL_SURFACE('',#12799,0.499999999999998);
#964=CYLINDRICAL_SURFACE('',#12801,0.500000000000007);
#965=CYLINDRICAL_SURFACE('',#12802,0.499999999999998);
#966=CYLINDRICAL_SURFACE('',#12804,0.500000000000007);
#967=CYLINDRICAL_SURFACE('',#12806,0.499999999999989);
#968=CYLINDRICAL_SURFACE('',#12808,0.500000000000007);
#969=CYLINDRICAL_SURFACE('',#12824,0.500000000000007);
#970=CYLINDRICAL_SURFACE('',#12826,0.499999999999998);
#971=CYLINDRICAL_SURFACE('',#12828,0.500000000000007);
#972=CYLINDRICAL_SURFACE('',#12830,0.499999999999998);
#973=CYLINDRICAL_SURFACE('',#12835,0.500000000000007);
#974=CYLINDRICAL_SURFACE('',#12837,0.500000000000007);
#975=CYLINDRICAL_SURFACE('',#12839,0.499999999999972);
#976=CYLINDRICAL_SURFACE('',#12841,0.499999999999989);
#977=CYLINDRICAL_SURFACE('',#12844,0.500000000000007);
#978=CYLINDRICAL_SURFACE('',#12846,0.5);
#979=CYLINDRICAL_SURFACE('',#12848,0.499999999999972);
#980=CYLINDRICAL_SURFACE('',#12850,0.5);
#981=CYLINDRICAL_SURFACE('',#12852,0.500000000000007);
#982=CYLINDRICAL_SURFACE('',#12854,0.499999999999998);
#983=CYLINDRICAL_SURFACE('',#12856,0.500000000000007);
#984=CYLINDRICAL_SURFACE('',#12858,0.499999999999998);
#985=CYLINDRICAL_SURFACE('',#12860,0.500000000000007);
#986=CYLINDRICAL_SURFACE('',#12862,0.5);
#987=CYLINDRICAL_SURFACE('',#12864,0.500000000000007);
#988=CYLINDRICAL_SURFACE('',#12866,0.5);
#989=CYLINDRICAL_SURFACE('',#12868,0.500000000000007);
#990=CYLINDRICAL_SURFACE('',#12870,0.499999999999998);
#991=CYLINDRICAL_SURFACE('',#12872,0.499999999999972);
#992=CYLINDRICAL_SURFACE('',#12874,0.499999999999998);
#993=CYLINDRICAL_SURFACE('',#12876,0.500000000000007);
#994=CYLINDRICAL_SURFACE('',#12878,0.499999999999998);
#995=CYLINDRICAL_SURFACE('',#12880,0.500000000000007);
#996=CYLINDRICAL_SURFACE('',#12882,0.499999999999998);
#997=CYLINDRICAL_SURFACE('',#12884,0.500000000000007);
#998=CYLINDRICAL_SURFACE('',#12886,0.499999999999998);
#999=CYLINDRICAL_SURFACE('',#12888,0.500000000000007);
#1000=CYLINDRICAL_SURFACE('',#12890,0.499999999999998);
#1001=CYLINDRICAL_SURFACE('',#12892,0.500000000000007);
#1002=CYLINDRICAL_SURFACE('',#12894,0.499999999999998);
#1003=CYLINDRICAL_SURFACE('',#12896,0.500000000000007);
#1004=CYLINDRICAL_SURFACE('',#12898,0.499999999999998);
#1005=CYLINDRICAL_SURFACE('',#12900,0.500000000000007);
#1006=CYLINDRICAL_SURFACE('',#12902,0.500000000000007);
#1007=CYLINDRICAL_SURFACE('',#12904,0.500000000000007);
#1008=CYLINDRICAL_SURFACE('',#12906,0.499999999999989);
#1009=FACE_OUTER_BOUND('',#1583,.T.);
#1010=FACE_OUTER_BOUND('',#1584,.T.);
#1011=FACE_OUTER_BOUND('',#1585,.T.);
#1012=FACE_OUTER_BOUND('',#1586,.T.);
#1013=FACE_OUTER_BOUND('',#1587,.T.);
#1014=FACE_OUTER_BOUND('',#1588,.T.);
#1015=FACE_OUTER_BOUND('',#1589,.T.);
#1016=FACE_OUTER_BOUND('',#1590,.T.);
#1017=FACE_OUTER_BOUND('',#1591,.T.);
#1018=FACE_OUTER_BOUND('',#1592,.T.);
#1019=FACE_OUTER_BOUND('',#1593,.T.);
#1020=FACE_OUTER_BOUND('',#1594,.T.);
#1021=FACE_OUTER_BOUND('',#1595,.T.);
#1022=FACE_OUTER_BOUND('',#1596,.T.);
#1023=FACE_OUTER_BOUND('',#1597,.T.);
#1024=FACE_OUTER_BOUND('',#1598,.T.);
#1025=FACE_OUTER_BOUND('',#1599,.T.);
#1026=FACE_OUTER_BOUND('',#1600,.T.);
#1027=FACE_OUTER_BOUND('',#1601,.T.);
#1028=FACE_OUTER_BOUND('',#1602,.T.);
#1029=FACE_OUTER_BOUND('',#1603,.T.);
#1030=FACE_OUTER_BOUND('',#1604,.T.);
#1031=FACE_OUTER_BOUND('',#1605,.T.);
#1032=FACE_OUTER_BOUND('',#1606,.T.);
#1033=FACE_OUTER_BOUND('',#1607,.T.);
#1034=FACE_OUTER_BOUND('',#1608,.T.);
#1035=FACE_OUTER_BOUND('',#1609,.T.);
#1036=FACE_OUTER_BOUND('',#1610,.T.);
#1037=FACE_OUTER_BOUND('',#1611,.T.);
#1038=FACE_OUTER_BOUND('',#1612,.T.);
#1039=FACE_OUTER_BOUND('',#1613,.T.);
#1040=FACE_OUTER_BOUND('',#1614,.T.);
#1041=FACE_OUTER_BOUND('',#1615,.T.);
#1042=FACE_OUTER_BOUND('',#1616,.T.);
#1043=FACE_OUTER_BOUND('',#1617,.T.);
#1044=FACE_OUTER_BOUND('',#1618,.T.);
#1045=FACE_OUTER_BOUND('',#1619,.T.);
#1046=FACE_OUTER_BOUND('',#1620,.T.);
#1047=FACE_OUTER_BOUND('',#1621,.T.);
#1048=FACE_OUTER_BOUND('',#1622,.T.);
#1049=FACE_OUTER_BOUND('',#1623,.T.);
#1050=FACE_OUTER_BOUND('',#1624,.T.);
#1051=FACE_OUTER_BOUND('',#1625,.T.);
#1052=FACE_OUTER_BOUND('',#1626,.T.);
#1053=FACE_OUTER_BOUND('',#1627,.T.);
#1054=FACE_OUTER_BOUND('',#1628,.T.);
#1055=FACE_OUTER_BOUND('',#1629,.T.);
#1056=FACE_OUTER_BOUND('',#1630,.T.);
#1057=FACE_OUTER_BOUND('',#1631,.T.);
#1058=FACE_OUTER_BOUND('',#1632,.T.);
#1059=FACE_OUTER_BOUND('',#1633,.T.);
#1060=FACE_OUTER_BOUND('',#1634,.T.);
#1061=FACE_OUTER_BOUND('',#1635,.T.);
#1062=FACE_OUTER_BOUND('',#1636,.T.);
#1063=FACE_OUTER_BOUND('',#1637,.T.);
#1064=FACE_OUTER_BOUND('',#1638,.T.);
#1065=FACE_OUTER_BOUND('',#1639,.T.);
#1066=FACE_OUTER_BOUND('',#1640,.T.);
#1067=FACE_OUTER_BOUND('',#1641,.T.);
#1068=FACE_OUTER_BOUND('',#1642,.T.);
#1069=FACE_OUTER_BOUND('',#1643,.T.);
#1070=FACE_OUTER_BOUND('',#1644,.T.);
#1071=FACE_OUTER_BOUND('',#1645,.T.);
#1072=FACE_OUTER_BOUND('',#1646,.T.);
#1073=FACE_OUTER_BOUND('',#1647,.T.);
#1074=FACE_OUTER_BOUND('',#1648,.T.);
#1075=FACE_OUTER_BOUND('',#1649,.T.);
#1076=FACE_OUTER_BOUND('',#1650,.T.);
#1077=FACE_OUTER_BOUND('',#1651,.T.);
#1078=FACE_OUTER_BOUND('',#1652,.T.);
#1079=FACE_OUTER_BOUND('',#1653,.T.);
#1080=FACE_OUTER_BOUND('',#1654,.T.);
#1081=FACE_OUTER_BOUND('',#1655,.T.);
#1082=FACE_OUTER_BOUND('',#1656,.T.);
#1083=FACE_OUTER_BOUND('',#1657,.T.);
#1084=FACE_OUTER_BOUND('',#1658,.T.);
#1085=FACE_OUTER_BOUND('',#1659,.T.);
#1086=FACE_OUTER_BOUND('',#1660,.T.);
#1087=FACE_OUTER_BOUND('',#1661,.T.);
#1088=FACE_OUTER_BOUND('',#1662,.T.);
#1089=FACE_OUTER_BOUND('',#1663,.T.);
#1090=FACE_OUTER_BOUND('',#1664,.T.);
#1091=FACE_OUTER_BOUND('',#1665,.T.);
#1092=FACE_OUTER_BOUND('',#1666,.T.);
#1093=FACE_OUTER_BOUND('',#1667,.T.);
#1094=FACE_OUTER_BOUND('',#1668,.T.);
#1095=FACE_OUTER_BOUND('',#1669,.T.);
#1096=FACE_OUTER_BOUND('',#1670,.T.);
#1097=FACE_OUTER_BOUND('',#1671,.T.);
#1098=FACE_OUTER_BOUND('',#1672,.T.);
#1099=FACE_OUTER_BOUND('',#1673,.T.);
#1100=FACE_OUTER_BOUND('',#1674,.T.);
#1101=FACE_OUTER_BOUND('',#1746,.T.);
#1102=FACE_OUTER_BOUND('',#1747,.T.);
#1103=FACE_OUTER_BOUND('',#1748,.T.);
#1104=FACE_OUTER_BOUND('',#1749,.T.);
#1105=FACE_OUTER_BOUND('',#1750,.T.);
#1106=FACE_OUTER_BOUND('',#1751,.T.);
#1107=FACE_OUTER_BOUND('',#1752,.T.);
#1108=FACE_OUTER_BOUND('',#1753,.T.);
#1109=FACE_OUTER_BOUND('',#1754,.T.);
#1110=FACE_OUTER_BOUND('',#1755,.T.);
#1111=FACE_OUTER_BOUND('',#1756,.T.);
#1112=FACE_OUTER_BOUND('',#1757,.T.);
#1113=FACE_OUTER_BOUND('',#1758,.T.);
#1114=FACE_OUTER_BOUND('',#1759,.T.);
#1115=FACE_OUTER_BOUND('',#1760,.T.);
#1116=FACE_OUTER_BOUND('',#1761,.T.);
#1117=FACE_OUTER_BOUND('',#1762,.T.);
#1118=FACE_OUTER_BOUND('',#1763,.T.);
#1119=FACE_OUTER_BOUND('',#1764,.T.);
#1120=FACE_OUTER_BOUND('',#1765,.T.);
#1121=FACE_OUTER_BOUND('',#1766,.T.);
#1122=FACE_OUTER_BOUND('',#1767,.T.);
#1123=FACE_OUTER_BOUND('',#1768,.T.);
#1124=FACE_OUTER_BOUND('',#1769,.T.);
#1125=FACE_OUTER_BOUND('',#1770,.T.);
#1126=FACE_OUTER_BOUND('',#1771,.T.);
#1127=FACE_OUTER_BOUND('',#1843,.T.);
#1128=FACE_OUTER_BOUND('',#1844,.T.);
#1129=FACE_OUTER_BOUND('',#1845,.T.);
#1130=FACE_OUTER_BOUND('',#1846,.T.);
#1131=FACE_OUTER_BOUND('',#1847,.T.);
#1132=FACE_OUTER_BOUND('',#1848,.T.);
#1133=FACE_OUTER_BOUND('',#1849,.T.);
#1134=FACE_OUTER_BOUND('',#1850,.T.);
#1135=FACE_OUTER_BOUND('',#1851,.T.);
#1136=FACE_OUTER_BOUND('',#1852,.T.);
#1137=FACE_OUTER_BOUND('',#1853,.T.);
#1138=FACE_OUTER_BOUND('',#1854,.T.);
#1139=FACE_OUTER_BOUND('',#1855,.T.);
#1140=FACE_OUTER_BOUND('',#1856,.T.);
#1141=FACE_OUTER_BOUND('',#1857,.T.);
#1142=FACE_OUTER_BOUND('',#1858,.T.);
#1143=FACE_OUTER_BOUND('',#1859,.T.);
#1144=FACE_OUTER_BOUND('',#1860,.T.);
#1145=FACE_OUTER_BOUND('',#1861,.T.);
#1146=FACE_OUTER_BOUND('',#1862,.T.);
#1147=FACE_OUTER_BOUND('',#1863,.T.);
#1148=FACE_OUTER_BOUND('',#1864,.T.);
#1149=FACE_OUTER_BOUND('',#1865,.T.);
#1150=FACE_OUTER_BOUND('',#1866,.T.);
#1151=FACE_OUTER_BOUND('',#1867,.T.);
#1152=FACE_OUTER_BOUND('',#1868,.T.);
#1153=FACE_OUTER_BOUND('',#1869,.T.);
#1154=FACE_OUTER_BOUND('',#1870,.T.);
#1155=FACE_OUTER_BOUND('',#1871,.T.);
#1156=FACE_OUTER_BOUND('',#1872,.T.);
#1157=FACE_OUTER_BOUND('',#1873,.T.);
#1158=FACE_OUTER_BOUND('',#1874,.T.);
#1159=FACE_OUTER_BOUND('',#1875,.T.);
#1160=FACE_OUTER_BOUND('',#1876,.T.);
#1161=FACE_OUTER_BOUND('',#1877,.T.);
#1162=FACE_OUTER_BOUND('',#1878,.T.);
#1163=FACE_OUTER_BOUND('',#1879,.T.);
#1164=FACE_OUTER_BOUND('',#1880,.T.);
#1165=FACE_OUTER_BOUND('',#1881,.T.);
#1166=FACE_OUTER_BOUND('',#1882,.T.);
#1167=FACE_OUTER_BOUND('',#1883,.T.);
#1168=FACE_OUTER_BOUND('',#1884,.T.);
#1169=FACE_OUTER_BOUND('',#1885,.T.);
#1170=FACE_OUTER_BOUND('',#1886,.T.);
#1171=FACE_OUTER_BOUND('',#1887,.T.);
#1172=FACE_OUTER_BOUND('',#1888,.T.);
#1173=FACE_OUTER_BOUND('',#1889,.T.);
#1174=FACE_OUTER_BOUND('',#1890,.T.);
#1175=FACE_OUTER_BOUND('',#1891,.T.);
#1176=FACE_OUTER_BOUND('',#1892,.T.);
#1177=FACE_OUTER_BOUND('',#1893,.T.);
#1178=FACE_OUTER_BOUND('',#1894,.T.);
#1179=FACE_OUTER_BOUND('',#1895,.T.);
#1180=FACE_OUTER_BOUND('',#1896,.T.);
#1181=FACE_OUTER_BOUND('',#1897,.T.);
#1182=FACE_OUTER_BOUND('',#1898,.T.);
#1183=FACE_OUTER_BOUND('',#1899,.T.);
#1184=FACE_OUTER_BOUND('',#1900,.T.);
#1185=FACE_OUTER_BOUND('',#1901,.T.);
#1186=FACE_OUTER_BOUND('',#1902,.T.);
#1187=FACE_OUTER_BOUND('',#1903,.T.);
#1188=FACE_OUTER_BOUND('',#1904,.T.);
#1189=FACE_OUTER_BOUND('',#1905,.T.);
#1190=FACE_OUTER_BOUND('',#1906,.T.);
#1191=FACE_OUTER_BOUND('',#1907,.T.);
#1192=FACE_OUTER_BOUND('',#1908,.T.);
#1193=FACE_OUTER_BOUND('',#1909,.T.);
#1194=FACE_OUTER_BOUND('',#1910,.T.);
#1195=FACE_OUTER_BOUND('',#1911,.T.);
#1196=FACE_OUTER_BOUND('',#1912,.T.);
#1197=FACE_OUTER_BOUND('',#1913,.T.);
#1198=FACE_OUTER_BOUND('',#1914,.T.);
#1199=FACE_OUTER_BOUND('',#1915,.T.);
#1200=FACE_OUTER_BOUND('',#1916,.T.);
#1201=FACE_OUTER_BOUND('',#1917,.T.);
#1202=FACE_OUTER_BOUND('',#1918,.T.);
#1203=FACE_OUTER_BOUND('',#1919,.T.);
#1204=FACE_OUTER_BOUND('',#1920,.T.);
#1205=FACE_OUTER_BOUND('',#1921,.T.);
#1206=FACE_OUTER_BOUND('',#1922,.T.);
#1207=FACE_OUTER_BOUND('',#1923,.T.);
#1208=FACE_OUTER_BOUND('',#1924,.T.);
#1209=FACE_OUTER_BOUND('',#1925,.T.);
#1210=FACE_OUTER_BOUND('',#1926,.T.);
#1211=FACE_OUTER_BOUND('',#1927,.T.);
#1212=FACE_OUTER_BOUND('',#1928,.T.);
#1213=FACE_OUTER_BOUND('',#1929,.T.);
#1214=FACE_OUTER_BOUND('',#1930,.T.);
#1215=FACE_OUTER_BOUND('',#1931,.T.);
#1216=FACE_OUTER_BOUND('',#1932,.T.);
#1217=FACE_OUTER_BOUND('',#1933,.T.);
#1218=FACE_OUTER_BOUND('',#1934,.T.);
#1219=FACE_OUTER_BOUND('',#1935,.T.);
#1220=FACE_OUTER_BOUND('',#1936,.T.);
#1221=FACE_OUTER_BOUND('',#1937,.T.);
#1222=FACE_OUTER_BOUND('',#1938,.T.);
#1223=FACE_OUTER_BOUND('',#1939,.T.);
#1224=FACE_OUTER_BOUND('',#1940,.T.);
#1225=FACE_OUTER_BOUND('',#1941,.T.);
#1226=FACE_OUTER_BOUND('',#1942,.T.);
#1227=FACE_OUTER_BOUND('',#1943,.T.);
#1228=FACE_OUTER_BOUND('',#1944,.T.);
#1229=FACE_OUTER_BOUND('',#1945,.T.);
#1230=FACE_OUTER_BOUND('',#1946,.T.);
#1231=FACE_OUTER_BOUND('',#1947,.T.);
#1232=FACE_OUTER_BOUND('',#1948,.T.);
#1233=FACE_OUTER_BOUND('',#1949,.T.);
#1234=FACE_OUTER_BOUND('',#1950,.T.);
#1235=FACE_OUTER_BOUND('',#1951,.T.);
#1236=FACE_OUTER_BOUND('',#1952,.T.);
#1237=FACE_OUTER_BOUND('',#1953,.T.);
#1238=FACE_OUTER_BOUND('',#1954,.T.);
#1239=FACE_OUTER_BOUND('',#1955,.T.);
#1240=FACE_OUTER_BOUND('',#1956,.T.);
#1241=FACE_OUTER_BOUND('',#1957,.T.);
#1242=FACE_OUTER_BOUND('',#1958,.T.);
#1243=FACE_OUTER_BOUND('',#1959,.T.);
#1244=FACE_OUTER_BOUND('',#1960,.T.);
#1245=FACE_OUTER_BOUND('',#1961,.T.);
#1246=FACE_OUTER_BOUND('',#1962,.T.);
#1247=FACE_OUTER_BOUND('',#1963,.T.);
#1248=FACE_OUTER_BOUND('',#1964,.T.);
#1249=FACE_OUTER_BOUND('',#1965,.T.);
#1250=FACE_OUTER_BOUND('',#1966,.T.);
#1251=FACE_OUTER_BOUND('',#1967,.T.);
#1252=FACE_OUTER_BOUND('',#1968,.T.);
#1253=FACE_OUTER_BOUND('',#1969,.T.);
#1254=FACE_OUTER_BOUND('',#1970,.T.);
#1255=FACE_OUTER_BOUND('',#1971,.T.);
#1256=FACE_OUTER_BOUND('',#1972,.T.);
#1257=FACE_OUTER_BOUND('',#1973,.T.);
#1258=FACE_OUTER_BOUND('',#1974,.T.);
#1259=FACE_OUTER_BOUND('',#1975,.T.);
#1260=FACE_OUTER_BOUND('',#1976,.T.);
#1261=FACE_OUTER_BOUND('',#1977,.T.);
#1262=FACE_OUTER_BOUND('',#1978,.T.);
#1263=FACE_OUTER_BOUND('',#1979,.T.);
#1264=FACE_OUTER_BOUND('',#1980,.T.);
#1265=FACE_OUTER_BOUND('',#1981,.T.);
#1266=FACE_OUTER_BOUND('',#1982,.T.);
#1267=FACE_OUTER_BOUND('',#1983,.T.);
#1268=FACE_OUTER_BOUND('',#1984,.T.);
#1269=FACE_OUTER_BOUND('',#1985,.T.);
#1270=FACE_OUTER_BOUND('',#1986,.T.);
#1271=FACE_OUTER_BOUND('',#1987,.T.);
#1272=FACE_OUTER_BOUND('',#1988,.T.);
#1273=FACE_OUTER_BOUND('',#1989,.T.);
#1274=FACE_OUTER_BOUND('',#1990,.T.);
#1275=FACE_OUTER_BOUND('',#1991,.T.);
#1276=FACE_OUTER_BOUND('',#1992,.T.);
#1277=FACE_OUTER_BOUND('',#1993,.T.);
#1278=FACE_OUTER_BOUND('',#1994,.T.);
#1279=FACE_OUTER_BOUND('',#1995,.T.);
#1280=FACE_OUTER_BOUND('',#1996,.T.);
#1281=FACE_OUTER_BOUND('',#1997,.T.);
#1282=FACE_OUTER_BOUND('',#1998,.T.);
#1283=FACE_OUTER_BOUND('',#1999,.T.);
#1284=FACE_OUTER_BOUND('',#2000,.T.);
#1285=FACE_OUTER_BOUND('',#2001,.T.);
#1286=FACE_OUTER_BOUND('',#2002,.T.);
#1287=FACE_OUTER_BOUND('',#2003,.T.);
#1288=FACE_OUTER_BOUND('',#2004,.T.);
#1289=FACE_OUTER_BOUND('',#2005,.T.);
#1290=FACE_OUTER_BOUND('',#2006,.T.);
#1291=FACE_OUTER_BOUND('',#2007,.T.);
#1292=FACE_OUTER_BOUND('',#2008,.T.);
#1293=FACE_OUTER_BOUND('',#2009,.T.);
#1294=FACE_OUTER_BOUND('',#2010,.T.);
#1295=FACE_OUTER_BOUND('',#2011,.T.);
#1296=FACE_OUTER_BOUND('',#2012,.T.);
#1297=FACE_OUTER_BOUND('',#2013,.T.);
#1298=FACE_OUTER_BOUND('',#2014,.T.);
#1299=FACE_OUTER_BOUND('',#2015,.T.);
#1300=FACE_OUTER_BOUND('',#2016,.T.);
#1301=FACE_OUTER_BOUND('',#2017,.T.);
#1302=FACE_OUTER_BOUND('',#2018,.T.);
#1303=FACE_OUTER_BOUND('',#2019,.T.);
#1304=FACE_OUTER_BOUND('',#2020,.T.);
#1305=FACE_OUTER_BOUND('',#2021,.T.);
#1306=FACE_OUTER_BOUND('',#2022,.T.);
#1307=FACE_OUTER_BOUND('',#2023,.T.);
#1308=FACE_OUTER_BOUND('',#2024,.T.);
#1309=FACE_OUTER_BOUND('',#2025,.T.);
#1310=FACE_OUTER_BOUND('',#2026,.T.);
#1311=FACE_OUTER_BOUND('',#2027,.T.);
#1312=FACE_OUTER_BOUND('',#2028,.T.);
#1313=FACE_OUTER_BOUND('',#2029,.T.);
#1314=FACE_OUTER_BOUND('',#2030,.T.);
#1315=FACE_OUTER_BOUND('',#2031,.T.);
#1316=FACE_OUTER_BOUND('',#2032,.T.);
#1317=FACE_OUTER_BOUND('',#2033,.T.);
#1318=FACE_OUTER_BOUND('',#2034,.T.);
#1319=FACE_OUTER_BOUND('',#2035,.T.);
#1320=FACE_OUTER_BOUND('',#2036,.T.);
#1321=FACE_OUTER_BOUND('',#2037,.T.);
#1322=FACE_OUTER_BOUND('',#2038,.T.);
#1323=FACE_OUTER_BOUND('',#2039,.T.);
#1324=FACE_OUTER_BOUND('',#2040,.T.);
#1325=FACE_OUTER_BOUND('',#2041,.T.);
#1326=FACE_OUTER_BOUND('',#2042,.T.);
#1327=FACE_OUTER_BOUND('',#2043,.T.);
#1328=FACE_OUTER_BOUND('',#2044,.T.);
#1329=FACE_OUTER_BOUND('',#2045,.T.);
#1330=FACE_OUTER_BOUND('',#2046,.T.);
#1331=FACE_OUTER_BOUND('',#2047,.T.);
#1332=FACE_OUTER_BOUND('',#2048,.T.);
#1333=FACE_OUTER_BOUND('',#2049,.T.);
#1334=FACE_OUTER_BOUND('',#2050,.T.);
#1335=FACE_OUTER_BOUND('',#2051,.T.);
#1336=FACE_OUTER_BOUND('',#2052,.T.);
#1337=FACE_OUTER_BOUND('',#2053,.T.);
#1338=FACE_OUTER_BOUND('',#2054,.T.);
#1339=FACE_OUTER_BOUND('',#2055,.T.);
#1340=FACE_OUTER_BOUND('',#2056,.T.);
#1341=FACE_OUTER_BOUND('',#2057,.T.);
#1342=FACE_OUTER_BOUND('',#2058,.T.);
#1343=FACE_OUTER_BOUND('',#2059,.T.);
#1344=FACE_OUTER_BOUND('',#2060,.T.);
#1345=FACE_OUTER_BOUND('',#2061,.T.);
#1346=FACE_OUTER_BOUND('',#2062,.T.);
#1347=FACE_OUTER_BOUND('',#2063,.T.);
#1348=FACE_OUTER_BOUND('',#2064,.T.);
#1349=FACE_OUTER_BOUND('',#2065,.T.);
#1350=FACE_OUTER_BOUND('',#2066,.T.);
#1351=FACE_OUTER_BOUND('',#2067,.T.);
#1352=FACE_OUTER_BOUND('',#2068,.T.);
#1353=FACE_OUTER_BOUND('',#2069,.T.);
#1354=FACE_OUTER_BOUND('',#2070,.T.);
#1355=FACE_OUTER_BOUND('',#2071,.T.);
#1356=FACE_OUTER_BOUND('',#2072,.T.);
#1357=FACE_OUTER_BOUND('',#2073,.T.);
#1358=FACE_OUTER_BOUND('',#2074,.T.);
#1359=FACE_OUTER_BOUND('',#2075,.T.);
#1360=FACE_OUTER_BOUND('',#2076,.T.);
#1361=FACE_OUTER_BOUND('',#2077,.T.);
#1362=FACE_OUTER_BOUND('',#2078,.T.);
#1363=FACE_OUTER_BOUND('',#2079,.T.);
#1364=FACE_OUTER_BOUND('',#2080,.T.);
#1365=FACE_OUTER_BOUND('',#2081,.T.);
#1366=FACE_OUTER_BOUND('',#2082,.T.);
#1367=FACE_OUTER_BOUND('',#2083,.T.);
#1368=FACE_OUTER_BOUND('',#2084,.T.);
#1369=FACE_OUTER_BOUND('',#2085,.T.);
#1370=FACE_OUTER_BOUND('',#2086,.T.);
#1371=FACE_OUTER_BOUND('',#2087,.T.);
#1372=FACE_OUTER_BOUND('',#2088,.T.);
#1373=FACE_OUTER_BOUND('',#2089,.T.);
#1374=FACE_OUTER_BOUND('',#2090,.T.);
#1375=FACE_OUTER_BOUND('',#2091,.T.);
#1376=FACE_OUTER_BOUND('',#2092,.T.);
#1377=FACE_OUTER_BOUND('',#2093,.T.);
#1378=FACE_OUTER_BOUND('',#2094,.T.);
#1379=FACE_OUTER_BOUND('',#2095,.T.);
#1380=FACE_OUTER_BOUND('',#2096,.T.);
#1381=FACE_OUTER_BOUND('',#2097,.T.);
#1382=FACE_OUTER_BOUND('',#2098,.T.);
#1383=FACE_OUTER_BOUND('',#2099,.T.);
#1384=FACE_OUTER_BOUND('',#2100,.T.);
#1385=FACE_OUTER_BOUND('',#2101,.T.);
#1386=FACE_OUTER_BOUND('',#2102,.T.);
#1387=FACE_OUTER_BOUND('',#2103,.T.);
#1388=FACE_OUTER_BOUND('',#2104,.T.);
#1389=FACE_OUTER_BOUND('',#2105,.T.);
#1390=FACE_OUTER_BOUND('',#2106,.T.);
#1391=FACE_OUTER_BOUND('',#2107,.T.);
#1392=FACE_OUTER_BOUND('',#2108,.T.);
#1393=FACE_OUTER_BOUND('',#2109,.T.);
#1394=FACE_OUTER_BOUND('',#2110,.T.);
#1395=FACE_OUTER_BOUND('',#2111,.T.);
#1396=FACE_OUTER_BOUND('',#2112,.T.);
#1397=FACE_OUTER_BOUND('',#2113,.T.);
#1398=FACE_OUTER_BOUND('',#2114,.T.);
#1399=FACE_OUTER_BOUND('',#2115,.T.);
#1400=FACE_OUTER_BOUND('',#2116,.T.);
#1401=FACE_OUTER_BOUND('',#2117,.T.);
#1402=FACE_OUTER_BOUND('',#2118,.T.);
#1403=FACE_OUTER_BOUND('',#2119,.T.);
#1404=FACE_OUTER_BOUND('',#2120,.T.);
#1405=FACE_OUTER_BOUND('',#2121,.T.);
#1406=FACE_OUTER_BOUND('',#2122,.T.);
#1407=FACE_OUTER_BOUND('',#2123,.T.);
#1408=FACE_OUTER_BOUND('',#2124,.T.);
#1409=FACE_OUTER_BOUND('',#2125,.T.);
#1410=FACE_OUTER_BOUND('',#2126,.T.);
#1411=FACE_OUTER_BOUND('',#2127,.T.);
#1412=FACE_OUTER_BOUND('',#2128,.T.);
#1413=FACE_OUTER_BOUND('',#2129,.T.);
#1414=FACE_OUTER_BOUND('',#2130,.T.);
#1415=FACE_OUTER_BOUND('',#2131,.T.);
#1416=FACE_OUTER_BOUND('',#2132,.T.);
#1417=FACE_OUTER_BOUND('',#2133,.T.);
#1418=FACE_OUTER_BOUND('',#2134,.T.);
#1419=FACE_OUTER_BOUND('',#2135,.T.);
#1420=FACE_OUTER_BOUND('',#2136,.T.);
#1421=FACE_OUTER_BOUND('',#2137,.T.);
#1422=FACE_OUTER_BOUND('',#2138,.T.);
#1423=FACE_OUTER_BOUND('',#2139,.T.);
#1424=FACE_OUTER_BOUND('',#2140,.T.);
#1425=FACE_OUTER_BOUND('',#2141,.T.);
#1426=FACE_OUTER_BOUND('',#2142,.T.);
#1427=FACE_OUTER_BOUND('',#2143,.T.);
#1428=FACE_OUTER_BOUND('',#2144,.T.);
#1429=FACE_OUTER_BOUND('',#2145,.T.);
#1430=FACE_OUTER_BOUND('',#2146,.T.);
#1431=FACE_OUTER_BOUND('',#2147,.T.);
#1432=FACE_OUTER_BOUND('',#2148,.T.);
#1433=FACE_OUTER_BOUND('',#2149,.T.);
#1434=FACE_OUTER_BOUND('',#2150,.T.);
#1435=FACE_OUTER_BOUND('',#2151,.T.);
#1436=FACE_OUTER_BOUND('',#2152,.T.);
#1437=FACE_OUTER_BOUND('',#2153,.T.);
#1438=FACE_OUTER_BOUND('',#2154,.T.);
#1439=FACE_OUTER_BOUND('',#2155,.T.);
#1440=FACE_OUTER_BOUND('',#2156,.T.);
#1441=FACE_OUTER_BOUND('',#2157,.T.);
#1442=FACE_OUTER_BOUND('',#2158,.T.);
#1443=FACE_OUTER_BOUND('',#2159,.T.);
#1444=FACE_OUTER_BOUND('',#2160,.T.);
#1445=FACE_OUTER_BOUND('',#2161,.T.);
#1446=FACE_OUTER_BOUND('',#2162,.T.);
#1447=FACE_OUTER_BOUND('',#2163,.T.);
#1448=FACE_OUTER_BOUND('',#2164,.T.);
#1449=FACE_OUTER_BOUND('',#2165,.T.);
#1450=FACE_OUTER_BOUND('',#2166,.T.);
#1451=FACE_OUTER_BOUND('',#2167,.T.);
#1452=FACE_OUTER_BOUND('',#2168,.T.);
#1453=FACE_OUTER_BOUND('',#2169,.T.);
#1454=FACE_OUTER_BOUND('',#2170,.T.);
#1455=FACE_OUTER_BOUND('',#2171,.T.);
#1456=FACE_OUTER_BOUND('',#2172,.T.);
#1457=FACE_OUTER_BOUND('',#2173,.T.);
#1458=FACE_OUTER_BOUND('',#2174,.T.);
#1459=FACE_OUTER_BOUND('',#2175,.T.);
#1460=FACE_OUTER_BOUND('',#2176,.T.);
#1461=FACE_OUTER_BOUND('',#2177,.T.);
#1462=FACE_OUTER_BOUND('',#2178,.T.);
#1463=FACE_OUTER_BOUND('',#2179,.T.);
#1464=FACE_OUTER_BOUND('',#2180,.T.);
#1465=FACE_OUTER_BOUND('',#2181,.T.);
#1466=FACE_OUTER_BOUND('',#2182,.T.);
#1467=FACE_OUTER_BOUND('',#2183,.T.);
#1468=FACE_OUTER_BOUND('',#2184,.T.);
#1469=FACE_OUTER_BOUND('',#2185,.T.);
#1470=FACE_OUTER_BOUND('',#2186,.T.);
#1471=FACE_OUTER_BOUND('',#2187,.T.);
#1472=FACE_OUTER_BOUND('',#2188,.T.);
#1473=FACE_OUTER_BOUND('',#2189,.T.);
#1474=FACE_OUTER_BOUND('',#2190,.T.);
#1475=FACE_OUTER_BOUND('',#2191,.T.);
#1476=FACE_OUTER_BOUND('',#2192,.T.);
#1477=FACE_OUTER_BOUND('',#2193,.T.);
#1478=FACE_OUTER_BOUND('',#2194,.T.);
#1479=FACE_OUTER_BOUND('',#2195,.T.);
#1480=FACE_OUTER_BOUND('',#2196,.T.);
#1481=FACE_OUTER_BOUND('',#2197,.T.);
#1482=FACE_OUTER_BOUND('',#2198,.T.);
#1483=FACE_OUTER_BOUND('',#2199,.T.);
#1484=FACE_OUTER_BOUND('',#2200,.T.);
#1485=FACE_OUTER_BOUND('',#2201,.T.);
#1486=FACE_OUTER_BOUND('',#2202,.T.);
#1487=FACE_OUTER_BOUND('',#2203,.T.);
#1488=FACE_OUTER_BOUND('',#2204,.T.);
#1489=FACE_OUTER_BOUND('',#2205,.T.);
#1490=FACE_OUTER_BOUND('',#2206,.T.);
#1491=FACE_OUTER_BOUND('',#2207,.T.);
#1492=FACE_OUTER_BOUND('',#2208,.T.);
#1493=FACE_OUTER_BOUND('',#2209,.T.);
#1494=FACE_OUTER_BOUND('',#2210,.T.);
#1495=FACE_OUTER_BOUND('',#2211,.T.);
#1496=FACE_OUTER_BOUND('',#2212,.T.);
#1497=FACE_OUTER_BOUND('',#2213,.T.);
#1498=FACE_OUTER_BOUND('',#2214,.T.);
#1499=FACE_OUTER_BOUND('',#2215,.T.);
#1500=FACE_OUTER_BOUND('',#2216,.T.);
#1501=FACE_OUTER_BOUND('',#2217,.T.);
#1502=FACE_OUTER_BOUND('',#2218,.T.);
#1503=FACE_OUTER_BOUND('',#2219,.T.);
#1504=FACE_OUTER_BOUND('',#2220,.T.);
#1505=FACE_OUTER_BOUND('',#2221,.T.);
#1506=FACE_OUTER_BOUND('',#2222,.T.);
#1507=FACE_OUTER_BOUND('',#2223,.T.);
#1508=FACE_OUTER_BOUND('',#2224,.T.);
#1509=FACE_OUTER_BOUND('',#2225,.T.);
#1510=FACE_OUTER_BOUND('',#2226,.T.);
#1511=FACE_OUTER_BOUND('',#2227,.T.);
#1512=FACE_OUTER_BOUND('',#2228,.T.);
#1513=FACE_OUTER_BOUND('',#2229,.T.);
#1514=FACE_OUTER_BOUND('',#2230,.T.);
#1515=FACE_OUTER_BOUND('',#2231,.T.);
#1516=FACE_OUTER_BOUND('',#2232,.T.);
#1517=FACE_OUTER_BOUND('',#2233,.T.);
#1518=FACE_OUTER_BOUND('',#2234,.T.);
#1519=FACE_OUTER_BOUND('',#2235,.T.);
#1520=FACE_OUTER_BOUND('',#2236,.T.);
#1521=FACE_OUTER_BOUND('',#2237,.T.);
#1522=FACE_OUTER_BOUND('',#2238,.T.);
#1523=FACE_OUTER_BOUND('',#2239,.T.);
#1524=FACE_OUTER_BOUND('',#2240,.T.);
#1525=FACE_OUTER_BOUND('',#2241,.T.);
#1526=FACE_OUTER_BOUND('',#2242,.T.);
#1527=FACE_OUTER_BOUND('',#2243,.T.);
#1528=FACE_OUTER_BOUND('',#2244,.T.);
#1529=FACE_OUTER_BOUND('',#2245,.T.);
#1530=FACE_OUTER_BOUND('',#2246,.T.);
#1531=FACE_OUTER_BOUND('',#2247,.T.);
#1532=FACE_OUTER_BOUND('',#2248,.T.);
#1533=FACE_OUTER_BOUND('',#2249,.T.);
#1534=FACE_OUTER_BOUND('',#2250,.T.);
#1535=FACE_OUTER_BOUND('',#2251,.T.);
#1536=FACE_OUTER_BOUND('',#2252,.T.);
#1537=FACE_OUTER_BOUND('',#2253,.T.);
#1538=FACE_OUTER_BOUND('',#2254,.T.);
#1539=FACE_OUTER_BOUND('',#2255,.T.);
#1540=FACE_OUTER_BOUND('',#2256,.T.);
#1541=FACE_OUTER_BOUND('',#2257,.T.);
#1542=FACE_OUTER_BOUND('',#2258,.T.);
#1543=FACE_OUTER_BOUND('',#2259,.T.);
#1544=FACE_OUTER_BOUND('',#2260,.T.);
#1545=FACE_OUTER_BOUND('',#2261,.T.);
#1546=FACE_OUTER_BOUND('',#2262,.T.);
#1547=FACE_OUTER_BOUND('',#2263,.T.);
#1548=FACE_OUTER_BOUND('',#2264,.T.);
#1549=FACE_OUTER_BOUND('',#2265,.T.);
#1550=FACE_OUTER_BOUND('',#2266,.T.);
#1551=FACE_OUTER_BOUND('',#2267,.T.);
#1552=FACE_OUTER_BOUND('',#2268,.T.);
#1553=FACE_OUTER_BOUND('',#2269,.T.);
#1554=FACE_OUTER_BOUND('',#2270,.T.);
#1555=FACE_OUTER_BOUND('',#2271,.T.);
#1556=FACE_OUTER_BOUND('',#2272,.T.);
#1557=FACE_OUTER_BOUND('',#2273,.T.);
#1558=FACE_OUTER_BOUND('',#2274,.T.);
#1559=FACE_OUTER_BOUND('',#2275,.T.);
#1560=FACE_OUTER_BOUND('',#2276,.T.);
#1561=FACE_OUTER_BOUND('',#2277,.T.);
#1562=FACE_OUTER_BOUND('',#2278,.T.);
#1563=FACE_OUTER_BOUND('',#2279,.T.);
#1564=FACE_OUTER_BOUND('',#2280,.T.);
#1565=FACE_OUTER_BOUND('',#2281,.T.);
#1566=FACE_OUTER_BOUND('',#2282,.T.);
#1567=FACE_OUTER_BOUND('',#2283,.T.);
#1568=FACE_OUTER_BOUND('',#2284,.T.);
#1569=FACE_OUTER_BOUND('',#2285,.T.);
#1570=FACE_OUTER_BOUND('',#2286,.T.);
#1571=FACE_OUTER_BOUND('',#2287,.T.);
#1572=FACE_OUTER_BOUND('',#2288,.T.);
#1573=FACE_OUTER_BOUND('',#2289,.T.);
#1574=FACE_OUTER_BOUND('',#2290,.T.);
#1575=FACE_OUTER_BOUND('',#2291,.T.);
#1576=FACE_OUTER_BOUND('',#2292,.T.);
#1577=FACE_OUTER_BOUND('',#2293,.T.);
#1578=FACE_OUTER_BOUND('',#2294,.T.);
#1579=FACE_OUTER_BOUND('',#2295,.T.);
#1580=FACE_OUTER_BOUND('',#2296,.T.);
#1581=FACE_OUTER_BOUND('',#2297,.T.);
#1582=FACE_OUTER_BOUND('',#2298,.T.);
#1583=EDGE_LOOP('',(#7455,#7456,#7457,#7458));
#1584=EDGE_LOOP('',(#7459,#7460,#7461,#7462));
#1585=EDGE_LOOP('',(#7463,#7464,#7465,#7466));
#1586=EDGE_LOOP('',(#7467,#7468,#7469,#7470));
#1587=EDGE_LOOP('',(#7471,#7472,#7473,#7474));
#1588=EDGE_LOOP('',(#7475,#7476,#7477,#7478));
#1589=EDGE_LOOP('',(#7479,#7480,#7481,#7482));
#1590=EDGE_LOOP('',(#7483,#7484,#7485,#7486));
#1591=EDGE_LOOP('',(#7487,#7488,#7489,#7490));
#1592=EDGE_LOOP('',(#7491,#7492,#7493,#7494));
#1593=EDGE_LOOP('',(#7495,#7496,#7497,#7498));
#1594=EDGE_LOOP('',(#7499,#7500,#7501,#7502));
#1595=EDGE_LOOP('',(#7503,#7504,#7505,#7506));
#1596=EDGE_LOOP('',(#7507,#7508,#7509,#7510));
#1597=EDGE_LOOP('',(#7511,#7512,#7513,#7514));
#1598=EDGE_LOOP('',(#7515,#7516,#7517,#7518));
#1599=EDGE_LOOP('',(#7519,#7520,#7521,#7522));
#1600=EDGE_LOOP('',(#7523,#7524,#7525,#7526));
#1601=EDGE_LOOP('',(#7527,#7528,#7529,#7530));
#1602=EDGE_LOOP('',(#7531,#7532,#7533,#7534));
#1603=EDGE_LOOP('',(#7535,#7536,#7537,#7538));
#1604=EDGE_LOOP('',(#7539,#7540,#7541,#7542));
#1605=EDGE_LOOP('',(#7543,#7544,#7545,#7546));
#1606=EDGE_LOOP('',(#7547,#7548,#7549,#7550));
#1607=EDGE_LOOP('',(#7551,#7552,#7553,#7554));
#1608=EDGE_LOOP('',(#7555,#7556,#7557,#7558));
#1609=EDGE_LOOP('',(#7559,#7560,#7561,#7562));
#1610=EDGE_LOOP('',(#7563,#7564,#7565,#7566));
#1611=EDGE_LOOP('',(#7567,#7568,#7569,#7570));
#1612=EDGE_LOOP('',(#7571,#7572,#7573,#7574));
#1613=EDGE_LOOP('',(#7575,#7576,#7577,#7578));
#1614=EDGE_LOOP('',(#7579,#7580,#7581,#7582));
#1615=EDGE_LOOP('',(#7583,#7584,#7585,#7586));
#1616=EDGE_LOOP('',(#7587,#7588,#7589,#7590));
#1617=EDGE_LOOP('',(#7591,#7592,#7593,#7594));
#1618=EDGE_LOOP('',(#7595,#7596,#7597,#7598));
#1619=EDGE_LOOP('',(#7599,#7600,#7601,#7602));
#1620=EDGE_LOOP('',(#7603,#7604,#7605,#7606));
#1621=EDGE_LOOP('',(#7607,#7608,#7609,#7610));
#1622=EDGE_LOOP('',(#7611,#7612,#7613,#7614));
#1623=EDGE_LOOP('',(#7615,#7616,#7617,#7618));
#1624=EDGE_LOOP('',(#7619,#7620,#7621,#7622));
#1625=EDGE_LOOP('',(#7623,#7624,#7625,#7626));
#1626=EDGE_LOOP('',(#7627,#7628,#7629,#7630));
#1627=EDGE_LOOP('',(#7631,#7632,#7633,#7634));
#1628=EDGE_LOOP('',(#7635,#7636,#7637,#7638));
#1629=EDGE_LOOP('',(#7639,#7640,#7641,#7642));
#1630=EDGE_LOOP('',(#7643,#7644,#7645,#7646));
#1631=EDGE_LOOP('',(#7647,#7648,#7649,#7650));
#1632=EDGE_LOOP('',(#7651,#7652,#7653,#7654));
#1633=EDGE_LOOP('',(#7655,#7656,#7657,#7658));
#1634=EDGE_LOOP('',(#7659,#7660,#7661,#7662));
#1635=EDGE_LOOP('',(#7663,#7664,#7665,#7666));
#1636=EDGE_LOOP('',(#7667,#7668,#7669,#7670));
#1637=EDGE_LOOP('',(#7671,#7672,#7673,#7674));
#1638=EDGE_LOOP('',(#7675,#7676,#7677,#7678));
#1639=EDGE_LOOP('',(#7679,#7680,#7681,#7682));
#1640=EDGE_LOOP('',(#7683,#7684,#7685,#7686));
#1641=EDGE_LOOP('',(#7687,#7688,#7689,#7690));
#1642=EDGE_LOOP('',(#7691,#7692,#7693,#7694));
#1643=EDGE_LOOP('',(#7695,#7696,#7697,#7698));
#1644=EDGE_LOOP('',(#7699,#7700,#7701,#7702));
#1645=EDGE_LOOP('',(#7703,#7704,#7705,#7706));
#1646=EDGE_LOOP('',(#7707,#7708,#7709,#7710));
#1647=EDGE_LOOP('',(#7711,#7712,#7713,#7714));
#1648=EDGE_LOOP('',(#7715,#7716,#7717,#7718));
#1649=EDGE_LOOP('',(#7719,#7720,#7721,#7722));
#1650=EDGE_LOOP('',(#7723,#7724,#7725,#7726));
#1651=EDGE_LOOP('',(#7727,#7728,#7729,#7730));
#1652=EDGE_LOOP('',(#7731,#7732,#7733,#7734));
#1653=EDGE_LOOP('',(#7735,#7736,#7737,#7738));
#1654=EDGE_LOOP('',(#7739,#7740,#7741,#7742));
#1655=EDGE_LOOP('',(#7743,#7744,#7745,#7746));
#1656=EDGE_LOOP('',(#7747,#7748,#7749,#7750));
#1657=EDGE_LOOP('',(#7751,#7752,#7753,#7754));
#1658=EDGE_LOOP('',(#7755,#7756,#7757,#7758));
#1659=EDGE_LOOP('',(#7759,#7760,#7761,#7762));
#1660=EDGE_LOOP('',(#7763,#7764,#7765,#7766));
#1661=EDGE_LOOP('',(#7767,#7768,#7769,#7770));
#1662=EDGE_LOOP('',(#7771,#7772,#7773,#7774));
#1663=EDGE_LOOP('',(#7775,#7776,#7777,#7778));
#1664=EDGE_LOOP('',(#7779,#7780,#7781,#7782));
#1665=EDGE_LOOP('',(#7783,#7784,#7785,#7786));
#1666=EDGE_LOOP('',(#7787,#7788,#7789,#7790));
#1667=EDGE_LOOP('',(#7791,#7792,#7793,#7794));
#1668=EDGE_LOOP('',(#7795,#7796,#7797,#7798));
#1669=EDGE_LOOP('',(#7799,#7800,#7801,#7802));
#1670=EDGE_LOOP('',(#7803,#7804,#7805,#7806));
#1671=EDGE_LOOP('',(#7807,#7808,#7809,#7810));
#1672=EDGE_LOOP('',(#7811,#7812,#7813,#7814));
#1673=EDGE_LOOP('',(#7815,#7816,#7817,#7818));
#1674=EDGE_LOOP('',(#7819,#7820,#7821,#7822));
#1675=EDGE_LOOP('',(#7823,#7824,#7825,#7826,#7827,#7828,#7829,#7830));
#1676=EDGE_LOOP('',(#7831,#7832,#7833,#7834,#7835,#7836,#7837,#7838));
#1677=EDGE_LOOP('',(#7839,#7840,#7841,#7842,#7843,#7844,#7845,#7846));
#1678=EDGE_LOOP('',(#7847,#7848,#7849,#7850,#7851,#7852,#7853,#7854));
#1679=EDGE_LOOP('',(#7855,#7856,#7857,#7858,#7859,#7860,#7861,#7862));
#1680=EDGE_LOOP('',(#7863,#7864,#7865,#7866,#7867,#7868,#7869,#7870));
#1681=EDGE_LOOP('',(#7871,#7872,#7873,#7874,#7875,#7876,#7877,#7878));
#1682=EDGE_LOOP('',(#7879,#7880,#7881,#7882,#7883,#7884,#7885,#7886));
#1683=EDGE_LOOP('',(#7887,#7888,#7889,#7890,#7891,#7892,#7893,#7894));
#1684=EDGE_LOOP('',(#7895,#7896,#7897,#7898,#7899,#7900,#7901,#7902));
#1685=EDGE_LOOP('',(#7903,#7904,#7905,#7906,#7907,#7908,#7909,#7910));
#1686=EDGE_LOOP('',(#7911,#7912,#7913,#7914,#7915,#7916,#7917,#7918));
#1687=EDGE_LOOP('',(#7919,#7920,#7921,#7922,#7923,#7924,#7925,#7926));
#1688=EDGE_LOOP('',(#7927,#7928,#7929,#7930,#7931,#7932,#7933,#7934));
#1689=EDGE_LOOP('',(#7935,#7936,#7937,#7938,#7939,#7940,#7941,#7942));
#1690=EDGE_LOOP('',(#7943,#7944,#7945,#7946,#7947,#7948,#7949,#7950));
#1691=EDGE_LOOP('',(#7951,#7952,#7953,#7954,#7955,#7956,#7957,#7958));
#1692=EDGE_LOOP('',(#7959,#7960,#7961,#7962,#7963,#7964,#7965,#7966));
#1693=EDGE_LOOP('',(#7967,#7968,#7969,#7970,#7971,#7972,#7973,#7974));
#1694=EDGE_LOOP('',(#7975,#7976,#7977,#7978,#7979,#7980,#7981,#7982));
#1695=EDGE_LOOP('',(#7983,#7984,#7985,#7986,#7987,#7988,#7989,#7990));
#1696=EDGE_LOOP('',(#7991,#7992,#7993,#7994,#7995,#7996,#7997,#7998));
#1697=EDGE_LOOP('',(#7999,#8000,#8001,#8002,#8003,#8004,#8005,#8006));
#1698=EDGE_LOOP('',(#8007,#8008,#8009,#8010,#8011,#8012,#8013,#8014));
#1699=EDGE_LOOP('',(#8015,#8016,#8017,#8018,#8019,#8020,#8021,#8022));
#1700=EDGE_LOOP('',(#8023,#8024,#8025,#8026,#8027,#8028,#8029,#8030));
#1701=EDGE_LOOP('',(#8031,#8032,#8033,#8034,#8035,#8036,#8037,#8038));
#1702=EDGE_LOOP('',(#8039,#8040,#8041,#8042,#8043,#8044,#8045,#8046));
#1703=EDGE_LOOP('',(#8047,#8048,#8049,#8050,#8051,#8052,#8053,#8054));
#1704=EDGE_LOOP('',(#8055,#8056,#8057,#8058,#8059,#8060,#8061,#8062));
#1705=EDGE_LOOP('',(#8063,#8064,#8065,#8066,#8067,#8068,#8069,#8070));
#1706=EDGE_LOOP('',(#8071,#8072,#8073,#8074,#8075,#8076,#8077,#8078));
#1707=EDGE_LOOP('',(#8079,#8080,#8081,#8082,#8083,#8084,#8085,#8086));
#1708=EDGE_LOOP('',(#8087,#8088,#8089,#8090,#8091,#8092,#8093,#8094));
#1709=EDGE_LOOP('',(#8095,#8096,#8097,#8098,#8099,#8100,#8101,#8102));
#1710=EDGE_LOOP('',(#8103,#8104,#8105,#8106,#8107,#8108,#8109,#8110));
#1711=EDGE_LOOP('',(#8111,#8112,#8113,#8114,#8115,#8116,#8117,#8118));
#1712=EDGE_LOOP('',(#8119,#8120,#8121,#8122,#8123,#8124,#8125,#8126));
#1713=EDGE_LOOP('',(#8127,#8128,#8129,#8130,#8131,#8132,#8133,#8134));
#1714=EDGE_LOOP('',(#8135,#8136,#8137,#8138,#8139,#8140,#8141,#8142));
#1715=EDGE_LOOP('',(#8143,#8144,#8145,#8146,#8147,#8148,#8149,#8150));
#1716=EDGE_LOOP('',(#8151,#8152,#8153,#8154,#8155,#8156,#8157,#8158));
#1717=EDGE_LOOP('',(#8159,#8160,#8161,#8162,#8163,#8164,#8165,#8166));
#1718=EDGE_LOOP('',(#8167,#8168,#8169,#8170,#8171,#8172,#8173,#8174));
#1719=EDGE_LOOP('',(#8175,#8176,#8177,#8178,#8179,#8180,#8181,#8182));
#1720=EDGE_LOOP('',(#8183,#8184,#8185,#8186,#8187,#8188,#8189,#8190));
#1721=EDGE_LOOP('',(#8191,#8192,#8193,#8194,#8195,#8196,#8197,#8198));
#1722=EDGE_LOOP('',(#8199,#8200,#8201,#8202,#8203,#8204,#8205,#8206));
#1723=EDGE_LOOP('',(#8207,#8208,#8209,#8210,#8211,#8212,#8213,#8214));
#1724=EDGE_LOOP('',(#8215,#8216,#8217,#8218,#8219,#8220,#8221,#8222));
#1725=EDGE_LOOP('',(#8223,#8224,#8225,#8226,#8227,#8228,#8229,#8230));
#1726=EDGE_LOOP('',(#8231,#8232,#8233,#8234,#8235,#8236,#8237,#8238));
#1727=EDGE_LOOP('',(#8239,#8240,#8241,#8242,#8243,#8244,#8245,#8246));
#1728=EDGE_LOOP('',(#8247,#8248,#8249,#8250,#8251,#8252,#8253,#8254));
#1729=EDGE_LOOP('',(#8255,#8256,#8257,#8258,#8259,#8260,#8261,#8262));
#1730=EDGE_LOOP('',(#8263,#8264,#8265,#8266,#8267,#8268,#8269,#8270));
#1731=EDGE_LOOP('',(#8271,#8272,#8273,#8274,#8275,#8276,#8277,#8278));
#1732=EDGE_LOOP('',(#8279,#8280,#8281,#8282,#8283,#8284,#8285,#8286));
#1733=EDGE_LOOP('',(#8287,#8288,#8289,#8290,#8291,#8292,#8293,#8294));
#1734=EDGE_LOOP('',(#8295,#8296,#8297,#8298,#8299,#8300,#8301,#8302));
#1735=EDGE_LOOP('',(#8303,#8304,#8305,#8306,#8307,#8308,#8309,#8310));
#1736=EDGE_LOOP('',(#8311,#8312,#8313,#8314,#8315,#8316,#8317,#8318));
#1737=EDGE_LOOP('',(#8319,#8320,#8321,#8322,#8323,#8324,#8325,#8326));
#1738=EDGE_LOOP('',(#8327,#8328,#8329,#8330,#8331,#8332,#8333,#8334));
#1739=EDGE_LOOP('',(#8335,#8336,#8337,#8338,#8339,#8340,#8341,#8342));
#1740=EDGE_LOOP('',(#8343,#8344,#8345,#8346,#8347,#8348,#8349,#8350));
#1741=EDGE_LOOP('',(#8351,#8352,#8353,#8354,#8355,#8356,#8357,#8358));
#1742=EDGE_LOOP('',(#8359,#8360,#8361,#8362,#8363,#8364,#8365,#8366));
#1743=EDGE_LOOP('',(#8367,#8368,#8369,#8370,#8371,#8372,#8373,#8374));
#1744=EDGE_LOOP('',(#8375,#8376,#8377,#8378,#8379,#8380,#8381,#8382));
#1745=EDGE_LOOP('',(#8383,#8384,#8385,#8386,#8387,#8388,#8389,#8390));
#1746=EDGE_LOOP('',(#8391,#8392,#8393,#8394));
#1747=EDGE_LOOP('',(#8395,#8396,#8397,#8398));
#1748=EDGE_LOOP('',(#8399,#8400,#8401,#8402));
#1749=EDGE_LOOP('',(#8403,#8404,#8405,#8406));
#1750=EDGE_LOOP('',(#8407,#8408,#8409,#8410));
#1751=EDGE_LOOP('',(#8411,#8412,#8413,#8414));
#1752=EDGE_LOOP('',(#8415,#8416,#8417,#8418));
#1753=EDGE_LOOP('',(#8419,#8420,#8421,#8422));
#1754=EDGE_LOOP('',(#8423,#8424,#8425,#8426));
#1755=EDGE_LOOP('',(#8427,#8428,#8429,#8430));
#1756=EDGE_LOOP('',(#8431,#8432,#8433,#8434));
#1757=EDGE_LOOP('',(#8435,#8436,#8437,#8438));
#1758=EDGE_LOOP('',(#8439,#8440,#8441,#8442));
#1759=EDGE_LOOP('',(#8443,#8444,#8445,#8446));
#1760=EDGE_LOOP('',(#8447,#8448,#8449,#8450));
#1761=EDGE_LOOP('',(#8451,#8452,#8453,#8454));
#1762=EDGE_LOOP('',(#8455,#8456,#8457,#8458));
#1763=EDGE_LOOP('',(#8459,#8460,#8461,#8462));
#1764=EDGE_LOOP('',(#8463,#8464,#8465,#8466));
#1765=EDGE_LOOP('',(#8467,#8468,#8469,#8470));
#1766=EDGE_LOOP('',(#8471,#8472,#8473,#8474));
#1767=EDGE_LOOP('',(#8475,#8476,#8477,#8478));
#1768=EDGE_LOOP('',(#8479,#8480,#8481,#8482));
#1769=EDGE_LOOP('',(#8483,#8484,#8485,#8486));
#1770=EDGE_LOOP('',(#8487,#8488,#8489,#8490));
#1771=EDGE_LOOP('',(#8491,#8492,#8493,#8494));
#1772=EDGE_LOOP('',(#8495,#8496,#8497,#8498,#8499,#8500,#8501,#8502));
#1773=EDGE_LOOP('',(#8503,#8504,#8505,#8506,#8507,#8508,#8509,#8510));
#1774=EDGE_LOOP('',(#8511,#8512,#8513,#8514,#8515,#8516,#8517,#8518));
#1775=EDGE_LOOP('',(#8519,#8520,#8521,#8522,#8523,#8524,#8525,#8526));
#1776=EDGE_LOOP('',(#8527,#8528,#8529,#8530,#8531,#8532,#8533,#8534));
#1777=EDGE_LOOP('',(#8535,#8536,#8537,#8538,#8539,#8540,#8541,#8542));
#1778=EDGE_LOOP('',(#8543,#8544,#8545,#8546,#8547,#8548,#8549,#8550));
#1779=EDGE_LOOP('',(#8551,#8552,#8553,#8554,#8555,#8556,#8557,#8558));
#1780=EDGE_LOOP('',(#8559,#8560,#8561,#8562,#8563,#8564,#8565,#8566));
#1781=EDGE_LOOP('',(#8567,#8568,#8569,#8570,#8571,#8572,#8573,#8574));
#1782=EDGE_LOOP('',(#8575,#8576,#8577,#8578,#8579,#8580,#8581,#8582));
#1783=EDGE_LOOP('',(#8583,#8584,#8585,#8586,#8587,#8588,#8589,#8590));
#1784=EDGE_LOOP('',(#8591,#8592,#8593,#8594,#8595,#8596,#8597,#8598));
#1785=EDGE_LOOP('',(#8599,#8600,#8601,#8602,#8603,#8604,#8605,#8606));
#1786=EDGE_LOOP('',(#8607,#8608,#8609,#8610,#8611,#8612,#8613,#8614));
#1787=EDGE_LOOP('',(#8615,#8616,#8617,#8618,#8619,#8620,#8621,#8622));
#1788=EDGE_LOOP('',(#8623,#8624,#8625,#8626,#8627,#8628,#8629,#8630));
#1789=EDGE_LOOP('',(#8631,#8632,#8633,#8634,#8635,#8636,#8637,#8638));
#1790=EDGE_LOOP('',(#8639,#8640,#8641,#8642,#8643,#8644,#8645,#8646));
#1791=EDGE_LOOP('',(#8647,#8648,#8649,#8650,#8651,#8652,#8653,#8654));
#1792=EDGE_LOOP('',(#8655,#8656,#8657,#8658,#8659,#8660,#8661,#8662));
#1793=EDGE_LOOP('',(#8663,#8664,#8665,#8666,#8667,#8668,#8669,#8670));
#1794=EDGE_LOOP('',(#8671,#8672,#8673,#8674,#8675,#8676,#8677,#8678));
#1795=EDGE_LOOP('',(#8679,#8680,#8681,#8682,#8683,#8684,#8685,#8686));
#1796=EDGE_LOOP('',(#8687,#8688,#8689,#8690,#8691,#8692,#8693,#8694));
#1797=EDGE_LOOP('',(#8695,#8696,#8697,#8698,#8699,#8700,#8701,#8702));
#1798=EDGE_LOOP('',(#8703,#8704,#8705,#8706,#8707,#8708,#8709,#8710));
#1799=EDGE_LOOP('',(#8711,#8712,#8713,#8714,#8715,#8716,#8717,#8718));
#1800=EDGE_LOOP('',(#8719,#8720,#8721,#8722,#8723,#8724,#8725,#8726));
#1801=EDGE_LOOP('',(#8727,#8728,#8729,#8730,#8731,#8732,#8733,#8734));
#1802=EDGE_LOOP('',(#8735,#8736,#8737,#8738,#8739,#8740,#8741,#8742));
#1803=EDGE_LOOP('',(#8743,#8744,#8745,#8746,#8747,#8748,#8749,#8750));
#1804=EDGE_LOOP('',(#8751,#8752,#8753,#8754,#8755,#8756,#8757,#8758));
#1805=EDGE_LOOP('',(#8759,#8760,#8761,#8762,#8763,#8764,#8765,#8766));
#1806=EDGE_LOOP('',(#8767,#8768,#8769,#8770,#8771,#8772,#8773,#8774));
#1807=EDGE_LOOP('',(#8775,#8776,#8777,#8778,#8779,#8780,#8781,#8782));
#1808=EDGE_LOOP('',(#8783,#8784,#8785,#8786,#8787,#8788,#8789,#8790));
#1809=EDGE_LOOP('',(#8791,#8792,#8793,#8794,#8795,#8796,#8797,#8798));
#1810=EDGE_LOOP('',(#8799,#8800,#8801,#8802,#8803,#8804,#8805,#8806));
#1811=EDGE_LOOP('',(#8807,#8808,#8809,#8810,#8811,#8812,#8813,#8814));
#1812=EDGE_LOOP('',(#8815,#8816,#8817,#8818,#8819,#8820,#8821,#8822));
#1813=EDGE_LOOP('',(#8823,#8824,#8825,#8826,#8827,#8828,#8829,#8830));
#1814=EDGE_LOOP('',(#8831,#8832,#8833,#8834,#8835,#8836,#8837,#8838));
#1815=EDGE_LOOP('',(#8839,#8840,#8841,#8842,#8843,#8844,#8845,#8846));
#1816=EDGE_LOOP('',(#8847,#8848,#8849,#8850,#8851,#8852,#8853,#8854));
#1817=EDGE_LOOP('',(#8855,#8856,#8857,#8858,#8859,#8860,#8861,#8862));
#1818=EDGE_LOOP('',(#8863,#8864,#8865,#8866,#8867,#8868,#8869,#8870));
#1819=EDGE_LOOP('',(#8871,#8872,#8873,#8874,#8875,#8876,#8877,#8878));
#1820=EDGE_LOOP('',(#8879,#8880,#8881,#8882,#8883,#8884,#8885,#8886));
#1821=EDGE_LOOP('',(#8887,#8888,#8889,#8890,#8891,#8892,#8893,#8894));
#1822=EDGE_LOOP('',(#8895,#8896,#8897,#8898,#8899,#8900,#8901,#8902));
#1823=EDGE_LOOP('',(#8903,#8904,#8905,#8906,#8907,#8908,#8909,#8910));
#1824=EDGE_LOOP('',(#8911,#8912,#8913,#8914,#8915,#8916,#8917,#8918));
#1825=EDGE_LOOP('',(#8919,#8920,#8921,#8922,#8923,#8924,#8925,#8926));
#1826=EDGE_LOOP('',(#8927,#8928,#8929,#8930,#8931,#8932,#8933,#8934));
#1827=EDGE_LOOP('',(#8935,#8936,#8937,#8938,#8939,#8940,#8941,#8942));
#1828=EDGE_LOOP('',(#8943,#8944,#8945,#8946,#8947,#8948,#8949,#8950));
#1829=EDGE_LOOP('',(#8951,#8952,#8953,#8954,#8955,#8956,#8957,#8958));
#1830=EDGE_LOOP('',(#8959,#8960,#8961,#8962,#8963,#8964,#8965,#8966));
#1831=EDGE_LOOP('',(#8967,#8968,#8969,#8970,#8971,#8972,#8973,#8974));
#1832=EDGE_LOOP('',(#8975,#8976,#8977,#8978,#8979,#8980,#8981,#8982));
#1833=EDGE_LOOP('',(#8983,#8984,#8985,#8986,#8987,#8988,#8989,#8990));
#1834=EDGE_LOOP('',(#8991,#8992,#8993,#8994,#8995,#8996,#8997,#8998));
#1835=EDGE_LOOP('',(#8999,#9000,#9001,#9002,#9003,#9004,#9005,#9006));
#1836=EDGE_LOOP('',(#9007,#9008,#9009,#9010,#9011,#9012,#9013,#9014));
#1837=EDGE_LOOP('',(#9015,#9016,#9017,#9018,#9019,#9020,#9021,#9022));
#1838=EDGE_LOOP('',(#9023,#9024,#9025,#9026,#9027,#9028,#9029,#9030));
#1839=EDGE_LOOP('',(#9031,#9032,#9033,#9034,#9035,#9036,#9037,#9038));
#1840=EDGE_LOOP('',(#9039,#9040,#9041,#9042,#9043,#9044,#9045,#9046));
#1841=EDGE_LOOP('',(#9047,#9048,#9049,#9050,#9051,#9052,#9053,#9054));
#1842=EDGE_LOOP('',(#9055,#9056,#9057,#9058,#9059,#9060,#9061,#9062));
#1843=EDGE_LOOP('',(#9063,#9064,#9065,#9066));
#1844=EDGE_LOOP('',(#9067,#9068,#9069,#9070));
#1845=EDGE_LOOP('',(#9071,#9072,#9073,#9074));
#1846=EDGE_LOOP('',(#9075,#9076,#9077,#9078));
#1847=EDGE_LOOP('',(#9079,#9080,#9081,#9082));
#1848=EDGE_LOOP('',(#9083,#9084,#9085,#9086));
#1849=EDGE_LOOP('',(#9087,#9088,#9089,#9090));
#1850=EDGE_LOOP('',(#9091,#9092,#9093,#9094));
#1851=EDGE_LOOP('',(#9095,#9096,#9097,#9098));
#1852=EDGE_LOOP('',(#9099,#9100,#9101,#9102));
#1853=EDGE_LOOP('',(#9103,#9104,#9105,#9106));
#1854=EDGE_LOOP('',(#9107,#9108,#9109,#9110));
#1855=EDGE_LOOP('',(#9111,#9112,#9113,#9114));
#1856=EDGE_LOOP('',(#9115,#9116,#9117,#9118));
#1857=EDGE_LOOP('',(#9119,#9120,#9121,#9122));
#1858=EDGE_LOOP('',(#9123,#9124,#9125,#9126));
#1859=EDGE_LOOP('',(#9127,#9128,#9129,#9130));
#1860=EDGE_LOOP('',(#9131,#9132,#9133,#9134));
#1861=EDGE_LOOP('',(#9135,#9136,#9137,#9138));
#1862=EDGE_LOOP('',(#9139,#9140,#9141,#9142));
#1863=EDGE_LOOP('',(#9143,#9144,#9145,#9146));
#1864=EDGE_LOOP('',(#9147,#9148,#9149,#9150));
#1865=EDGE_LOOP('',(#9151,#9152,#9153,#9154));
#1866=EDGE_LOOP('',(#9155,#9156,#9157,#9158));
#1867=EDGE_LOOP('',(#9159,#9160,#9161,#9162));
#1868=EDGE_LOOP('',(#9163,#9164,#9165,#9166));
#1869=EDGE_LOOP('',(#9167,#9168,#9169,#9170));
#1870=EDGE_LOOP('',(#9171,#9172,#9173,#9174));
#1871=EDGE_LOOP('',(#9175,#9176,#9177,#9178));
#1872=EDGE_LOOP('',(#9179,#9180,#9181,#9182));
#1873=EDGE_LOOP('',(#9183,#9184,#9185,#9186));
#1874=EDGE_LOOP('',(#9187,#9188,#9189,#9190));
#1875=EDGE_LOOP('',(#9191,#9192,#9193,#9194));
#1876=EDGE_LOOP('',(#9195,#9196,#9197,#9198));
#1877=EDGE_LOOP('',(#9199,#9200,#9201,#9202));
#1878=EDGE_LOOP('',(#9203,#9204,#9205,#9206));
#1879=EDGE_LOOP('',(#9207,#9208,#9209,#9210));
#1880=EDGE_LOOP('',(#9211,#9212,#9213,#9214));
#1881=EDGE_LOOP('',(#9215,#9216,#9217,#9218));
#1882=EDGE_LOOP('',(#9219,#9220,#9221,#9222));
#1883=EDGE_LOOP('',(#9223,#9224,#9225,#9226));
#1884=EDGE_LOOP('',(#9227,#9228,#9229,#9230));
#1885=EDGE_LOOP('',(#9231,#9232,#9233,#9234));
#1886=EDGE_LOOP('',(#9235,#9236,#9237,#9238));
#1887=EDGE_LOOP('',(#9239,#9240,#9241,#9242));
#1888=EDGE_LOOP('',(#9243,#9244,#9245,#9246));
#1889=EDGE_LOOP('',(#9247,#9248,#9249,#9250));
#1890=EDGE_LOOP('',(#9251,#9252,#9253,#9254));
#1891=EDGE_LOOP('',(#9255,#9256,#9257,#9258));
#1892=EDGE_LOOP('',(#9259,#9260,#9261,#9262));
#1893=EDGE_LOOP('',(#9263,#9264,#9265,#9266));
#1894=EDGE_LOOP('',(#9267,#9268,#9269,#9270));
#1895=EDGE_LOOP('',(#9271,#9272,#9273,#9274));
#1896=EDGE_LOOP('',(#9275,#9276,#9277,#9278));
#1897=EDGE_LOOP('',(#9279,#9280,#9281,#9282));
#1898=EDGE_LOOP('',(#9283,#9284,#9285,#9286));
#1899=EDGE_LOOP('',(#9287,#9288,#9289,#9290));
#1900=EDGE_LOOP('',(#9291,#9292,#9293,#9294));
#1901=EDGE_LOOP('',(#9295,#9296,#9297,#9298));
#1902=EDGE_LOOP('',(#9299,#9300,#9301,#9302));
#1903=EDGE_LOOP('',(#9303,#9304,#9305,#9306));
#1904=EDGE_LOOP('',(#9307,#9308,#9309,#9310));
#1905=EDGE_LOOP('',(#9311,#9312,#9313,#9314));
#1906=EDGE_LOOP('',(#9315,#9316,#9317,#9318));
#1907=EDGE_LOOP('',(#9319,#9320,#9321,#9322));
#1908=EDGE_LOOP('',(#9323,#9324,#9325,#9326));
#1909=EDGE_LOOP('',(#9327,#9328,#9329,#9330));
#1910=EDGE_LOOP('',(#9331,#9332,#9333,#9334));
#1911=EDGE_LOOP('',(#9335,#9336,#9337,#9338));
#1912=EDGE_LOOP('',(#9339,#9340,#9341,#9342));
#1913=EDGE_LOOP('',(#9343,#9344,#9345,#9346));
#1914=EDGE_LOOP('',(#9347,#9348,#9349,#9350));
#1915=EDGE_LOOP('',(#9351,#9352,#9353,#9354));
#1916=EDGE_LOOP('',(#9355,#9356,#9357,#9358));
#1917=EDGE_LOOP('',(#9359,#9360,#9361,#9362));
#1918=EDGE_LOOP('',(#9363,#9364,#9365,#9366));
#1919=EDGE_LOOP('',(#9367,#9368,#9369,#9370));
#1920=EDGE_LOOP('',(#9371,#9372,#9373,#9374));
#1921=EDGE_LOOP('',(#9375,#9376,#9377,#9378));
#1922=EDGE_LOOP('',(#9379,#9380,#9381,#9382));
#1923=EDGE_LOOP('',(#9383,#9384,#9385,#9386));
#1924=EDGE_LOOP('',(#9387,#9388,#9389,#9390));
#1925=EDGE_LOOP('',(#9391,#9392,#9393,#9394));
#1926=EDGE_LOOP('',(#9395,#9396,#9397,#9398));
#1927=EDGE_LOOP('',(#9399,#9400,#9401,#9402));
#1928=EDGE_LOOP('',(#9403,#9404,#9405,#9406));
#1929=EDGE_LOOP('',(#9407,#9408,#9409,#9410));
#1930=EDGE_LOOP('',(#9411,#9412,#9413,#9414));
#1931=EDGE_LOOP('',(#9415,#9416,#9417,#9418));
#1932=EDGE_LOOP('',(#9419,#9420,#9421,#9422));
#1933=EDGE_LOOP('',(#9423,#9424,#9425,#9426));
#1934=EDGE_LOOP('',(#9427,#9428,#9429,#9430));
#1935=EDGE_LOOP('',(#9431,#9432,#9433,#9434));
#1936=EDGE_LOOP('',(#9435,#9436,#9437,#9438));
#1937=EDGE_LOOP('',(#9439,#9440,#9441,#9442));
#1938=EDGE_LOOP('',(#9443,#9444,#9445,#9446));
#1939=EDGE_LOOP('',(#9447,#9448,#9449,#9450));
#1940=EDGE_LOOP('',(#9451,#9452,#9453,#9454));
#1941=EDGE_LOOP('',(#9455,#9456,#9457,#9458));
#1942=EDGE_LOOP('',(#9459,#9460,#9461,#9462));
#1943=EDGE_LOOP('',(#9463,#9464,#9465,#9466));
#1944=EDGE_LOOP('',(#9467,#9468,#9469,#9470));
#1945=EDGE_LOOP('',(#9471,#9472,#9473,#9474));
#1946=EDGE_LOOP('',(#9475,#9476,#9477,#9478));
#1947=EDGE_LOOP('',(#9479,#9480,#9481,#9482));
#1948=EDGE_LOOP('',(#9483,#9484,#9485,#9486));
#1949=EDGE_LOOP('',(#9487,#9488,#9489,#9490));
#1950=EDGE_LOOP('',(#9491,#9492,#9493,#9494));
#1951=EDGE_LOOP('',(#9495,#9496,#9497,#9498));
#1952=EDGE_LOOP('',(#9499,#9500,#9501,#9502));
#1953=EDGE_LOOP('',(#9503,#9504,#9505,#9506));
#1954=EDGE_LOOP('',(#9507,#9508,#9509,#9510));
#1955=EDGE_LOOP('',(#9511,#9512,#9513,#9514));
#1956=EDGE_LOOP('',(#9515,#9516,#9517,#9518));
#1957=EDGE_LOOP('',(#9519,#9520,#9521,#9522));
#1958=EDGE_LOOP('',(#9523,#9524,#9525,#9526));
#1959=EDGE_LOOP('',(#9527,#9528,#9529,#9530));
#1960=EDGE_LOOP('',(#9531,#9532,#9533,#9534));
#1961=EDGE_LOOP('',(#9535,#9536,#9537,#9538));
#1962=EDGE_LOOP('',(#9539,#9540,#9541,#9542));
#1963=EDGE_LOOP('',(#9543,#9544,#9545,#9546));
#1964=EDGE_LOOP('',(#9547,#9548,#9549,#9550));
#1965=EDGE_LOOP('',(#9551,#9552,#9553,#9554));
#1966=EDGE_LOOP('',(#9555,#9556,#9557,#9558));
#1967=EDGE_LOOP('',(#9559,#9560,#9561,#9562));
#1968=EDGE_LOOP('',(#9563,#9564,#9565,#9566));
#1969=EDGE_LOOP('',(#9567,#9568,#9569,#9570));
#1970=EDGE_LOOP('',(#9571,#9572,#9573,#9574));
#1971=EDGE_LOOP('',(#9575,#9576,#9577,#9578));
#1972=EDGE_LOOP('',(#9579,#9580,#9581,#9582));
#1973=EDGE_LOOP('',(#9583,#9584,#9585,#9586));
#1974=EDGE_LOOP('',(#9587,#9588,#9589,#9590));
#1975=EDGE_LOOP('',(#9591,#9592,#9593,#9594));
#1976=EDGE_LOOP('',(#9595,#9596,#9597,#9598));
#1977=EDGE_LOOP('',(#9599,#9600,#9601,#9602));
#1978=EDGE_LOOP('',(#9603,#9604,#9605,#9606));
#1979=EDGE_LOOP('',(#9607,#9608,#9609,#9610));
#1980=EDGE_LOOP('',(#9611,#9612,#9613,#9614));
#1981=EDGE_LOOP('',(#9615,#9616,#9617,#9618));
#1982=EDGE_LOOP('',(#9619,#9620,#9621,#9622));
#1983=EDGE_LOOP('',(#9623,#9624,#9625,#9626));
#1984=EDGE_LOOP('',(#9627,#9628,#9629,#9630));
#1985=EDGE_LOOP('',(#9631,#9632,#9633,#9634));
#1986=EDGE_LOOP('',(#9635,#9636,#9637,#9638));
#1987=EDGE_LOOP('',(#9639,#9640,#9641,#9642));
#1988=EDGE_LOOP('',(#9643,#9644,#9645,#9646));
#1989=EDGE_LOOP('',(#9647,#9648,#9649,#9650));
#1990=EDGE_LOOP('',(#9651,#9652,#9653,#9654));
#1991=EDGE_LOOP('',(#9655,#9656,#9657,#9658));
#1992=EDGE_LOOP('',(#9659,#9660,#9661,#9662));
#1993=EDGE_LOOP('',(#9663,#9664,#9665,#9666));
#1994=EDGE_LOOP('',(#9667,#9668,#9669,#9670));
#1995=EDGE_LOOP('',(#9671,#9672,#9673,#9674));
#1996=EDGE_LOOP('',(#9675,#9676,#9677,#9678));
#1997=EDGE_LOOP('',(#9679,#9680,#9681,#9682));
#1998=EDGE_LOOP('',(#9683,#9684,#9685,#9686));
#1999=EDGE_LOOP('',(#9687,#9688,#9689,#9690));
#2000=EDGE_LOOP('',(#9691,#9692,#9693,#9694));
#2001=EDGE_LOOP('',(#9695,#9696,#9697,#9698));
#2002=EDGE_LOOP('',(#9699,#9700,#9701,#9702));
#2003=EDGE_LOOP('',(#9703,#9704,#9705,#9706));
#2004=EDGE_LOOP('',(#9707,#9708,#9709,#9710));
#2005=EDGE_LOOP('',(#9711,#9712,#9713,#9714));
#2006=EDGE_LOOP('',(#9715,#9716,#9717,#9718));
#2007=EDGE_LOOP('',(#9719,#9720,#9721,#9722));
#2008=EDGE_LOOP('',(#9723,#9724,#9725,#9726));
#2009=EDGE_LOOP('',(#9727,#9728,#9729,#9730));
#2010=EDGE_LOOP('',(#9731,#9732,#9733,#9734));
#2011=EDGE_LOOP('',(#9735,#9736,#9737,#9738));
#2012=EDGE_LOOP('',(#9739,#9740,#9741,#9742));
#2013=EDGE_LOOP('',(#9743,#9744,#9745,#9746));
#2014=EDGE_LOOP('',(#9747,#9748,#9749,#9750));
#2015=EDGE_LOOP('',(#9751,#9752,#9753,#9754));
#2016=EDGE_LOOP('',(#9755,#9756,#9757,#9758));
#2017=EDGE_LOOP('',(#9759,#9760,#9761,#9762));
#2018=EDGE_LOOP('',(#9763,#9764,#9765,#9766));
#2019=EDGE_LOOP('',(#9767,#9768,#9769,#9770));
#2020=EDGE_LOOP('',(#9771,#9772,#9773,#9774));
#2021=EDGE_LOOP('',(#9775,#9776,#9777,#9778));
#2022=EDGE_LOOP('',(#9779,#9780,#9781,#9782));
#2023=EDGE_LOOP('',(#9783,#9784,#9785,#9786));
#2024=EDGE_LOOP('',(#9787,#9788,#9789,#9790));
#2025=EDGE_LOOP('',(#9791,#9792,#9793,#9794));
#2026=EDGE_LOOP('',(#9795,#9796,#9797,#9798));
#2027=EDGE_LOOP('',(#9799,#9800,#9801,#9802));
#2028=EDGE_LOOP('',(#9803,#9804,#9805,#9806));
#2029=EDGE_LOOP('',(#9807,#9808,#9809,#9810));
#2030=EDGE_LOOP('',(#9811,#9812,#9813,#9814));
#2031=EDGE_LOOP('',(#9815,#9816,#9817,#9818));
#2032=EDGE_LOOP('',(#9819,#9820,#9821,#9822));
#2033=EDGE_LOOP('',(#9823,#9824,#9825,#9826));
#2034=EDGE_LOOP('',(#9827,#9828,#9829,#9830));
#2035=EDGE_LOOP('',(#9831,#9832,#9833,#9834));
#2036=EDGE_LOOP('',(#9835,#9836,#9837,#9838));
#2037=EDGE_LOOP('',(#9839,#9840,#9841,#9842));
#2038=EDGE_LOOP('',(#9843,#9844,#9845,#9846));
#2039=EDGE_LOOP('',(#9847,#9848,#9849,#9850));
#2040=EDGE_LOOP('',(#9851,#9852,#9853,#9854));
#2041=EDGE_LOOP('',(#9855,#9856,#9857,#9858));
#2042=EDGE_LOOP('',(#9859,#9860,#9861,#9862));
#2043=EDGE_LOOP('',(#9863,#9864,#9865,#9866));
#2044=EDGE_LOOP('',(#9867,#9868,#9869,#9870));
#2045=EDGE_LOOP('',(#9871,#9872,#9873,#9874));
#2046=EDGE_LOOP('',(#9875,#9876,#9877,#9878));
#2047=EDGE_LOOP('',(#9879,#9880,#9881,#9882));
#2048=EDGE_LOOP('',(#9883,#9884,#9885,#9886));
#2049=EDGE_LOOP('',(#9887,#9888,#9889,#9890));
#2050=EDGE_LOOP('',(#9891,#9892,#9893,#9894));
#2051=EDGE_LOOP('',(#9895,#9896,#9897,#9898));
#2052=EDGE_LOOP('',(#9899,#9900,#9901,#9902));
#2053=EDGE_LOOP('',(#9903,#9904,#9905,#9906));
#2054=EDGE_LOOP('',(#9907,#9908,#9909,#9910));
#2055=EDGE_LOOP('',(#9911,#9912,#9913,#9914));
#2056=EDGE_LOOP('',(#9915,#9916,#9917,#9918));
#2057=EDGE_LOOP('',(#9919,#9920,#9921,#9922));
#2058=EDGE_LOOP('',(#9923,#9924,#9925,#9926));
#2059=EDGE_LOOP('',(#9927,#9928,#9929,#9930));
#2060=EDGE_LOOP('',(#9931,#9932,#9933,#9934));
#2061=EDGE_LOOP('',(#9935,#9936,#9937,#9938));
#2062=EDGE_LOOP('',(#9939,#9940,#9941,#9942));
#2063=EDGE_LOOP('',(#9943,#9944,#9945,#9946));
#2064=EDGE_LOOP('',(#9947,#9948,#9949,#9950));
#2065=EDGE_LOOP('',(#9951,#9952,#9953,#9954));
#2066=EDGE_LOOP('',(#9955,#9956,#9957,#9958));
#2067=EDGE_LOOP('',(#9959,#9960,#9961,#9962));
#2068=EDGE_LOOP('',(#9963,#9964,#9965,#9966));
#2069=EDGE_LOOP('',(#9967,#9968,#9969,#9970));
#2070=EDGE_LOOP('',(#9971,#9972,#9973,#9974));
#2071=EDGE_LOOP('',(#9975,#9976,#9977,#9978));
#2072=EDGE_LOOP('',(#9979,#9980,#9981,#9982));
#2073=EDGE_LOOP('',(#9983,#9984,#9985,#9986));
#2074=EDGE_LOOP('',(#9987,#9988,#9989,#9990));
#2075=EDGE_LOOP('',(#9991,#9992,#9993,#9994));
#2076=EDGE_LOOP('',(#9995,#9996,#9997,#9998));
#2077=EDGE_LOOP('',(#9999,#10000,#10001,#10002));
#2078=EDGE_LOOP('',(#10003,#10004,#10005,#10006));
#2079=EDGE_LOOP('',(#10007,#10008,#10009,#10010));
#2080=EDGE_LOOP('',(#10011,#10012,#10013,#10014));
#2081=EDGE_LOOP('',(#10015,#10016,#10017,#10018));
#2082=EDGE_LOOP('',(#10019,#10020,#10021,#10022));
#2083=EDGE_LOOP('',(#10023,#10024,#10025,#10026));
#2084=EDGE_LOOP('',(#10027,#10028,#10029,#10030));
#2085=EDGE_LOOP('',(#10031,#10032,#10033,#10034));
#2086=EDGE_LOOP('',(#10035,#10036,#10037,#10038));
#2087=EDGE_LOOP('',(#10039,#10040,#10041,#10042));
#2088=EDGE_LOOP('',(#10043,#10044,#10045,#10046));
#2089=EDGE_LOOP('',(#10047,#10048,#10049,#10050));
#2090=EDGE_LOOP('',(#10051,#10052,#10053,#10054));
#2091=EDGE_LOOP('',(#10055,#10056,#10057,#10058));
#2092=EDGE_LOOP('',(#10059,#10060,#10061,#10062));
#2093=EDGE_LOOP('',(#10063,#10064,#10065,#10066));
#2094=EDGE_LOOP('',(#10067,#10068,#10069,#10070));
#2095=EDGE_LOOP('',(#10071,#10072,#10073,#10074));
#2096=EDGE_LOOP('',(#10075,#10076,#10077,#10078));
#2097=EDGE_LOOP('',(#10079,#10080,#10081,#10082));
#2098=EDGE_LOOP('',(#10083,#10084,#10085,#10086));
#2099=EDGE_LOOP('',(#10087,#10088,#10089,#10090));
#2100=EDGE_LOOP('',(#10091,#10092,#10093,#10094));
#2101=EDGE_LOOP('',(#10095,#10096,#10097,#10098));
#2102=EDGE_LOOP('',(#10099,#10100,#10101,#10102));
#2103=EDGE_LOOP('',(#10103,#10104,#10105,#10106));
#2104=EDGE_LOOP('',(#10107,#10108,#10109,#10110));
#2105=EDGE_LOOP('',(#10111,#10112,#10113,#10114));
#2106=EDGE_LOOP('',(#10115,#10116,#10117,#10118));
#2107=EDGE_LOOP('',(#10119,#10120,#10121,#10122));
#2108=EDGE_LOOP('',(#10123,#10124,#10125,#10126));
#2109=EDGE_LOOP('',(#10127,#10128,#10129,#10130));
#2110=EDGE_LOOP('',(#10131,#10132,#10133,#10134));
#2111=EDGE_LOOP('',(#10135,#10136,#10137,#10138));
#2112=EDGE_LOOP('',(#10139,#10140,#10141,#10142));
#2113=EDGE_LOOP('',(#10143,#10144,#10145,#10146));
#2114=EDGE_LOOP('',(#10147,#10148,#10149,#10150));
#2115=EDGE_LOOP('',(#10151,#10152,#10153,#10154));
#2116=EDGE_LOOP('',(#10155,#10156,#10157,#10158));
#2117=EDGE_LOOP('',(#10159,#10160,#10161,#10162));
#2118=EDGE_LOOP('',(#10163,#10164,#10165,#10166));
#2119=EDGE_LOOP('',(#10167,#10168,#10169,#10170));
#2120=EDGE_LOOP('',(#10171,#10172,#10173,#10174));
#2121=EDGE_LOOP('',(#10175,#10176,#10177,#10178));
#2122=EDGE_LOOP('',(#10179,#10180,#10181,#10182));
#2123=EDGE_LOOP('',(#10183,#10184,#10185,#10186));
#2124=EDGE_LOOP('',(#10187,#10188,#10189,#10190));
#2125=EDGE_LOOP('',(#10191,#10192,#10193,#10194));
#2126=EDGE_LOOP('',(#10195,#10196,#10197,#10198));
#2127=EDGE_LOOP('',(#10199,#10200,#10201,#10202));
#2128=EDGE_LOOP('',(#10203,#10204,#10205,#10206));
#2129=EDGE_LOOP('',(#10207,#10208,#10209,#10210));
#2130=EDGE_LOOP('',(#10211,#10212,#10213,#10214));
#2131=EDGE_LOOP('',(#10215,#10216,#10217,#10218));
#2132=EDGE_LOOP('',(#10219,#10220,#10221,#10222));
#2133=EDGE_LOOP('',(#10223,#10224,#10225,#10226));
#2134=EDGE_LOOP('',(#10227,#10228,#10229,#10230));
#2135=EDGE_LOOP('',(#10231,#10232,#10233,#10234));
#2136=EDGE_LOOP('',(#10235,#10236,#10237,#10238));
#2137=EDGE_LOOP('',(#10239,#10240,#10241,#10242));
#2138=EDGE_LOOP('',(#10243,#10244,#10245,#10246));
#2139=EDGE_LOOP('',(#10247,#10248,#10249,#10250));
#2140=EDGE_LOOP('',(#10251,#10252,#10253,#10254));
#2141=EDGE_LOOP('',(#10255,#10256,#10257,#10258));
#2142=EDGE_LOOP('',(#10259,#10260,#10261,#10262));
#2143=EDGE_LOOP('',(#10263,#10264,#10265,#10266));
#2144=EDGE_LOOP('',(#10267,#10268,#10269,#10270));
#2145=EDGE_LOOP('',(#10271,#10272,#10273,#10274));
#2146=EDGE_LOOP('',(#10275,#10276,#10277,#10278));
#2147=EDGE_LOOP('',(#10279,#10280,#10281,#10282));
#2148=EDGE_LOOP('',(#10283,#10284,#10285,#10286));
#2149=EDGE_LOOP('',(#10287,#10288,#10289,#10290));
#2150=EDGE_LOOP('',(#10291,#10292,#10293,#10294));
#2151=EDGE_LOOP('',(#10295,#10296,#10297,#10298));
#2152=EDGE_LOOP('',(#10299,#10300,#10301,#10302));
#2153=EDGE_LOOP('',(#10303,#10304,#10305,#10306));
#2154=EDGE_LOOP('',(#10307,#10308,#10309,#10310));
#2155=EDGE_LOOP('',(#10311,#10312,#10313,#10314));
#2156=EDGE_LOOP('',(#10315,#10316,#10317,#10318));
#2157=EDGE_LOOP('',(#10319,#10320,#10321,#10322));
#2158=EDGE_LOOP('',(#10323,#10324,#10325,#10326));
#2159=EDGE_LOOP('',(#10327,#10328,#10329,#10330));
#2160=EDGE_LOOP('',(#10331,#10332,#10333,#10334));
#2161=EDGE_LOOP('',(#10335,#10336,#10337,#10338));
#2162=EDGE_LOOP('',(#10339,#10340,#10341,#10342));
#2163=EDGE_LOOP('',(#10343,#10344,#10345,#10346));
#2164=EDGE_LOOP('',(#10347,#10348,#10349,#10350));
#2165=EDGE_LOOP('',(#10351,#10352,#10353,#10354));
#2166=EDGE_LOOP('',(#10355,#10356,#10357,#10358));
#2167=EDGE_LOOP('',(#10359,#10360,#10361,#10362));
#2168=EDGE_LOOP('',(#10363,#10364,#10365,#10366));
#2169=EDGE_LOOP('',(#10367,#10368,#10369,#10370));
#2170=EDGE_LOOP('',(#10371,#10372,#10373,#10374));
#2171=EDGE_LOOP('',(#10375,#10376,#10377,#10378));
#2172=EDGE_LOOP('',(#10379,#10380,#10381,#10382));
#2173=EDGE_LOOP('',(#10383,#10384,#10385,#10386));
#2174=EDGE_LOOP('',(#10387,#10388,#10389,#10390));
#2175=EDGE_LOOP('',(#10391,#10392,#10393,#10394));
#2176=EDGE_LOOP('',(#10395,#10396,#10397,#10398));
#2177=EDGE_LOOP('',(#10399,#10400,#10401,#10402));
#2178=EDGE_LOOP('',(#10403,#10404,#10405,#10406));
#2179=EDGE_LOOP('',(#10407,#10408,#10409,#10410));
#2180=EDGE_LOOP('',(#10411,#10412,#10413,#10414));
#2181=EDGE_LOOP('',(#10415,#10416,#10417,#10418));
#2182=EDGE_LOOP('',(#10419,#10420,#10421,#10422));
#2183=EDGE_LOOP('',(#10423,#10424,#10425,#10426));
#2184=EDGE_LOOP('',(#10427,#10428,#10429,#10430));
#2185=EDGE_LOOP('',(#10431,#10432,#10433,#10434));
#2186=EDGE_LOOP('',(#10435,#10436,#10437,#10438));
#2187=EDGE_LOOP('',(#10439,#10440,#10441,#10442));
#2188=EDGE_LOOP('',(#10443,#10444,#10445,#10446));
#2189=EDGE_LOOP('',(#10447,#10448,#10449,#10450));
#2190=EDGE_LOOP('',(#10451,#10452,#10453,#10454));
#2191=EDGE_LOOP('',(#10455,#10456,#10457,#10458));
#2192=EDGE_LOOP('',(#10459,#10460,#10461,#10462));
#2193=EDGE_LOOP('',(#10463,#10464,#10465,#10466));
#2194=EDGE_LOOP('',(#10467,#10468,#10469,#10470));
#2195=EDGE_LOOP('',(#10471,#10472,#10473,#10474));
#2196=EDGE_LOOP('',(#10475,#10476,#10477,#10478));
#2197=EDGE_LOOP('',(#10479,#10480,#10481,#10482));
#2198=EDGE_LOOP('',(#10483,#10484,#10485,#10486));
#2199=EDGE_LOOP('',(#10487,#10488,#10489,#10490));
#2200=EDGE_LOOP('',(#10491,#10492,#10493,#10494));
#2201=EDGE_LOOP('',(#10495,#10496,#10497,#10498));
#2202=EDGE_LOOP('',(#10499,#10500,#10501,#10502));
#2203=EDGE_LOOP('',(#10503,#10504,#10505,#10506));
#2204=EDGE_LOOP('',(#10507,#10508,#10509,#10510));
#2205=EDGE_LOOP('',(#10511,#10512,#10513,#10514));
#2206=EDGE_LOOP('',(#10515,#10516,#10517,#10518));
#2207=EDGE_LOOP('',(#10519,#10520,#10521,#10522));
#2208=EDGE_LOOP('',(#10523,#10524,#10525,#10526));
#2209=EDGE_LOOP('',(#10527,#10528,#10529,#10530));
#2210=EDGE_LOOP('',(#10531,#10532,#10533,#10534));
#2211=EDGE_LOOP('',(#10535,#10536,#10537,#10538));
#2212=EDGE_LOOP('',(#10539,#10540,#10541,#10542));
#2213=EDGE_LOOP('',(#10543,#10544,#10545,#10546));
#2214=EDGE_LOOP('',(#10547,#10548,#10549,#10550));
#2215=EDGE_LOOP('',(#10551,#10552,#10553,#10554));
#2216=EDGE_LOOP('',(#10555,#10556,#10557,#10558));
#2217=EDGE_LOOP('',(#10559,#10560,#10561,#10562));
#2218=EDGE_LOOP('',(#10563,#10564,#10565,#10566));
#2219=EDGE_LOOP('',(#10567,#10568,#10569,#10570));
#2220=EDGE_LOOP('',(#10571,#10572,#10573,#10574));
#2221=EDGE_LOOP('',(#10575,#10576,#10577,#10578));
#2222=EDGE_LOOP('',(#10579,#10580,#10581,#10582));
#2223=EDGE_LOOP('',(#10583,#10584,#10585,#10586));
#2224=EDGE_LOOP('',(#10587,#10588,#10589,#10590));
#2225=EDGE_LOOP('',(#10591,#10592,#10593,#10594));
#2226=EDGE_LOOP('',(#10595,#10596,#10597,#10598));
#2227=EDGE_LOOP('',(#10599,#10600,#10601,#10602));
#2228=EDGE_LOOP('',(#10603,#10604,#10605,#10606));
#2229=EDGE_LOOP('',(#10607,#10608,#10609,#10610));
#2230=EDGE_LOOP('',(#10611,#10612,#10613,#10614));
#2231=EDGE_LOOP('',(#10615,#10616,#10617,#10618));
#2232=EDGE_LOOP('',(#10619,#10620,#10621,#10622));
#2233=EDGE_LOOP('',(#10623,#10624,#10625,#10626));
#2234=EDGE_LOOP('',(#10627,#10628,#10629,#10630));
#2235=EDGE_LOOP('',(#10631,#10632,#10633,#10634));
#2236=EDGE_LOOP('',(#10635,#10636,#10637,#10638));
#2237=EDGE_LOOP('',(#10639,#10640,#10641,#10642));
#2238=EDGE_LOOP('',(#10643,#10644,#10645,#10646));
#2239=EDGE_LOOP('',(#10647,#10648,#10649,#10650));
#2240=EDGE_LOOP('',(#10651,#10652,#10653,#10654));
#2241=EDGE_LOOP('',(#10655,#10656,#10657,#10658));
#2242=EDGE_LOOP('',(#10659,#10660,#10661,#10662));
#2243=EDGE_LOOP('',(#10663,#10664,#10665,#10666));
#2244=EDGE_LOOP('',(#10667,#10668,#10669,#10670));
#2245=EDGE_LOOP('',(#10671,#10672,#10673,#10674));
#2246=EDGE_LOOP('',(#10675,#10676,#10677,#10678));
#2247=EDGE_LOOP('',(#10679,#10680,#10681,#10682));
#2248=EDGE_LOOP('',(#10683,#10684,#10685,#10686));
#2249=EDGE_LOOP('',(#10687,#10688,#10689,#10690));
#2250=EDGE_LOOP('',(#10691,#10692,#10693,#10694));
#2251=EDGE_LOOP('',(#10695,#10696,#10697,#10698));
#2252=EDGE_LOOP('',(#10699,#10700,#10701,#10702));
#2253=EDGE_LOOP('',(#10703,#10704,#10705,#10706));
#2254=EDGE_LOOP('',(#10707,#10708,#10709,#10710));
#2255=EDGE_LOOP('',(#10711,#10712,#10713,#10714));
#2256=EDGE_LOOP('',(#10715,#10716,#10717,#10718));
#2257=EDGE_LOOP('',(#10719,#10720,#10721,#10722));
#2258=EDGE_LOOP('',(#10723,#10724,#10725,#10726));
#2259=EDGE_LOOP('',(#10727,#10728,#10729,#10730));
#2260=EDGE_LOOP('',(#10731,#10732,#10733,#10734));
#2261=EDGE_LOOP('',(#10735,#10736,#10737,#10738));
#2262=EDGE_LOOP('',(#10739,#10740,#10741,#10742));
#2263=EDGE_LOOP('',(#10743,#10744,#10745,#10746));
#2264=EDGE_LOOP('',(#10747,#10748,#10749,#10750));
#2265=EDGE_LOOP('',(#10751,#10752,#10753,#10754));
#2266=EDGE_LOOP('',(#10755,#10756,#10757,#10758));
#2267=EDGE_LOOP('',(#10759,#10760,#10761,#10762));
#2268=EDGE_LOOP('',(#10763,#10764,#10765,#10766));
#2269=EDGE_LOOP('',(#10767,#10768,#10769,#10770));
#2270=EDGE_LOOP('',(#10771,#10772,#10773,#10774));
#2271=EDGE_LOOP('',(#10775,#10776,#10777,#10778));
#2272=EDGE_LOOP('',(#10779,#10780,#10781,#10782));
#2273=EDGE_LOOP('',(#10783,#10784,#10785,#10786));
#2274=EDGE_LOOP('',(#10787,#10788,#10789,#10790));
#2275=EDGE_LOOP('',(#10791,#10792,#10793,#10794));
#2276=EDGE_LOOP('',(#10795,#10796,#10797,#10798));
#2277=EDGE_LOOP('',(#10799,#10800,#10801,#10802));
#2278=EDGE_LOOP('',(#10803,#10804,#10805,#10806));
#2279=EDGE_LOOP('',(#10807,#10808,#10809,#10810));
#2280=EDGE_LOOP('',(#10811,#10812,#10813,#10814));
#2281=EDGE_LOOP('',(#10815,#10816,#10817,#10818));
#2282=EDGE_LOOP('',(#10819,#10820,#10821,#10822));
#2283=EDGE_LOOP('',(#10823,#10824,#10825,#10826));
#2284=EDGE_LOOP('',(#10827,#10828,#10829,#10830));
#2285=EDGE_LOOP('',(#10831,#10832,#10833,#10834));
#2286=EDGE_LOOP('',(#10835,#10836,#10837,#10838));
#2287=EDGE_LOOP('',(#10839,#10840,#10841,#10842));
#2288=EDGE_LOOP('',(#10843,#10844,#10845,#10846));
#2289=EDGE_LOOP('',(#10847,#10848,#10849,#10850));
#2290=EDGE_LOOP('',(#10851,#10852,#10853,#10854));
#2291=EDGE_LOOP('',(#10855,#10856,#10857,#10858));
#2292=EDGE_LOOP('',(#10859,#10860,#10861,#10862));
#2293=EDGE_LOOP('',(#10863,#10864,#10865,#10866));
#2294=EDGE_LOOP('',(#10867,#10868,#10869,#10870));
#2295=EDGE_LOOP('',(#10871,#10872,#10873,#10874));
#2296=EDGE_LOOP('',(#10875,#10876,#10877,#10878));
#2297=EDGE_LOOP('',(#10879,#10880,#10881,#10882));
#2298=EDGE_LOOP('',(#10883,#10884,#10885,#10886));
#2299=LINE('',#16345,#3447);
#2300=LINE('',#16347,#3448);
#2301=LINE('',#16349,#3449);
#2302=LINE('',#16350,#3450);
#2303=LINE('',#16353,#3451);
#2304=LINE('',#16355,#3452);
#2305=LINE('',#16356,#3453);
#2306=LINE('',#16359,#3454);
#2307=LINE('',#16361,#3455);
#2308=LINE('',#16362,#3456);
#2309=LINE('',#16364,#3457);
#2310=LINE('',#16365,#3458);
#2311=LINE('',#16371,#3459);
#2312=LINE('',#16374,#3460);
#2313=LINE('',#16377,#3461);
#2314=LINE('',#16379,#3462);
#2315=LINE('',#16380,#3463);
#2316=LINE('',#16386,#3464);
#2317=LINE('',#16392,#3465);
#2318=LINE('',#16395,#3466);
#2319=LINE('',#16398,#3467);
#2320=LINE('',#16400,#3468);
#2321=LINE('',#16401,#3469);
#2322=LINE('',#16407,#3470);
#2323=LINE('',#16413,#3471);
#2324=LINE('',#16416,#3472);
#2325=LINE('',#16419,#3473);
#2326=LINE('',#16421,#3474);
#2327=LINE('',#16422,#3475);
#2328=LINE('',#16428,#3476);
#2329=LINE('',#16434,#3477);
#2330=LINE('',#16437,#3478);
#2331=LINE('',#16440,#3479);
#2332=LINE('',#16442,#3480);
#2333=LINE('',#16443,#3481);
#2334=LINE('',#16449,#3482);
#2335=LINE('',#16455,#3483);
#2336=LINE('',#16458,#3484);
#2337=LINE('',#16461,#3485);
#2338=LINE('',#16463,#3486);
#2339=LINE('',#16464,#3487);
#2340=LINE('',#16470,#3488);
#2341=LINE('',#16476,#3489);
#2342=LINE('',#16479,#3490);
#2343=LINE('',#16482,#3491);
#2344=LINE('',#16484,#3492);
#2345=LINE('',#16485,#3493);
#2346=LINE('',#16491,#3494);
#2347=LINE('',#16497,#3495);
#2348=LINE('',#16500,#3496);
#2349=LINE('',#16503,#3497);
#2350=LINE('',#16505,#3498);
#2351=LINE('',#16506,#3499);
#2352=LINE('',#16512,#3500);
#2353=LINE('',#16518,#3501);
#2354=LINE('',#16521,#3502);
#2355=LINE('',#16524,#3503);
#2356=LINE('',#16526,#3504);
#2357=LINE('',#16527,#3505);
#2358=LINE('',#16533,#3506);
#2359=LINE('',#16539,#3507);
#2360=LINE('',#16542,#3508);
#2361=LINE('',#16545,#3509);
#2362=LINE('',#16547,#3510);
#2363=LINE('',#16548,#3511);
#2364=LINE('',#16554,#3512);
#2365=LINE('',#16560,#3513);
#2366=LINE('',#16563,#3514);
#2367=LINE('',#16566,#3515);
#2368=LINE('',#16568,#3516);
#2369=LINE('',#16569,#3517);
#2370=LINE('',#16575,#3518);
#2371=LINE('',#16581,#3519);
#2372=LINE('',#16584,#3520);
#2373=LINE('',#16587,#3521);
#2374=LINE('',#16589,#3522);
#2375=LINE('',#16590,#3523);
#2376=LINE('',#16596,#3524);
#2377=LINE('',#16602,#3525);
#2378=LINE('',#16605,#3526);
#2379=LINE('',#16608,#3527);
#2380=LINE('',#16610,#3528);
#2381=LINE('',#16611,#3529);
#2382=LINE('',#16617,#3530);
#2383=LINE('',#16623,#3531);
#2384=LINE('',#16626,#3532);
#2385=LINE('',#16629,#3533);
#2386=LINE('',#16631,#3534);
#2387=LINE('',#16632,#3535);
#2388=LINE('',#16638,#3536);
#2389=LINE('',#16644,#3537);
#2390=LINE('',#16647,#3538);
#2391=LINE('',#16650,#3539);
#2392=LINE('',#16652,#3540);
#2393=LINE('',#16653,#3541);
#2394=LINE('',#16659,#3542);
#2395=LINE('',#16665,#3543);
#2396=LINE('',#16668,#3544);
#2397=LINE('',#16671,#3545);
#2398=LINE('',#16673,#3546);
#2399=LINE('',#16674,#3547);
#2400=LINE('',#16680,#3548);
#2401=LINE('',#16686,#3549);
#2402=LINE('',#16689,#3550);
#2403=LINE('',#16692,#3551);
#2404=LINE('',#16694,#3552);
#2405=LINE('',#16695,#3553);
#2406=LINE('',#16701,#3554);
#2407=LINE('',#16707,#3555);
#2408=LINE('',#16710,#3556);
#2409=LINE('',#16713,#3557);
#2410=LINE('',#16715,#3558);
#2411=LINE('',#16716,#3559);
#2412=LINE('',#16722,#3560);
#2413=LINE('',#16728,#3561);
#2414=LINE('',#16731,#3562);
#2415=LINE('',#16734,#3563);
#2416=LINE('',#16736,#3564);
#2417=LINE('',#16737,#3565);
#2418=LINE('',#16743,#3566);
#2419=LINE('',#16749,#3567);
#2420=LINE('',#16752,#3568);
#2421=LINE('',#16755,#3569);
#2422=LINE('',#16757,#3570);
#2423=LINE('',#16758,#3571);
#2424=LINE('',#16764,#3572);
#2425=LINE('',#16770,#3573);
#2426=LINE('',#16773,#3574);
#2427=LINE('',#16776,#3575);
#2428=LINE('',#16778,#3576);
#2429=LINE('',#16779,#3577);
#2430=LINE('',#16785,#3578);
#2431=LINE('',#16791,#3579);
#2432=LINE('',#16794,#3580);
#2433=LINE('',#16797,#3581);
#2434=LINE('',#16799,#3582);
#2435=LINE('',#16800,#3583);
#2436=LINE('',#16806,#3584);
#2437=LINE('',#16812,#3585);
#2438=LINE('',#16815,#3586);
#2439=LINE('',#16818,#3587);
#2440=LINE('',#16820,#3588);
#2441=LINE('',#16821,#3589);
#2442=LINE('',#16827,#3590);
#2443=LINE('',#16833,#3591);
#2444=LINE('',#16836,#3592);
#2445=LINE('',#16839,#3593);
#2446=LINE('',#16841,#3594);
#2447=LINE('',#16842,#3595);
#2448=LINE('',#16848,#3596);
#2449=LINE('',#16854,#3597);
#2450=LINE('',#16857,#3598);
#2451=LINE('',#16860,#3599);
#2452=LINE('',#16862,#3600);
#2453=LINE('',#16863,#3601);
#2454=LINE('',#16869,#3602);
#2455=LINE('',#16875,#3603);
#2456=LINE('',#16878,#3604);
#2457=LINE('',#16881,#3605);
#2458=LINE('',#16883,#3606);
#2459=LINE('',#16884,#3607);
#2460=LINE('',#16890,#3608);
#2461=LINE('',#16896,#3609);
#2462=LINE('',#16899,#3610);
#2463=LINE('',#16902,#3611);
#2464=LINE('',#16904,#3612);
#2465=LINE('',#16905,#3613);
#2466=LINE('',#16911,#3614);
#2467=LINE('',#16917,#3615);
#2468=LINE('',#16920,#3616);
#2469=LINE('',#16923,#3617);
#2470=LINE('',#16925,#3618);
#2471=LINE('',#16926,#3619);
#2472=LINE('',#16931,#3620);
#2473=LINE('',#16935,#3621);
#2474=LINE('',#16937,#3622);
#2475=LINE('',#16938,#3623);
#2476=LINE('',#16943,#3624);
#2477=LINE('',#16947,#3625);
#2478=LINE('',#16949,#3626);
#2479=LINE('',#16950,#3627);
#2480=LINE('',#16956,#3628);
#2481=LINE('',#16958,#3629);
#2482=LINE('',#16959,#3630);
#2483=LINE('',#16961,#3631);
#2484=LINE('',#16962,#3632);
#2485=LINE('',#16964,#3633);
#2486=LINE('',#16965,#3634);
#2487=LINE('',#16966,#3635);
#2488=LINE('',#16967,#3636);
#2489=LINE('',#16968,#3637);
#2490=LINE('',#16969,#3638);
#2491=LINE('',#16970,#3639);
#2492=LINE('',#16971,#3640);
#2493=LINE('',#16972,#3641);
#2494=LINE('',#16973,#3642);
#2495=LINE('',#16974,#3643);
#2496=LINE('',#16975,#3644);
#2497=LINE('',#16976,#3645);
#2498=LINE('',#16977,#3646);
#2499=LINE('',#16978,#3647);
#2500=LINE('',#16979,#3648);
#2501=LINE('',#16980,#3649);
#2502=LINE('',#16981,#3650);
#2503=LINE('',#16982,#3651);
#2504=LINE('',#16983,#3652);
#2505=LINE('',#16984,#3653);
#2506=LINE('',#16985,#3654);
#2507=LINE('',#16986,#3655);
#2508=LINE('',#16987,#3656);
#2509=LINE('',#16988,#3657);
#2510=LINE('',#16991,#3658);
#2511=LINE('',#16995,#3659);
#2512=LINE('',#16999,#3660);
#2513=LINE('',#17003,#3661);
#2514=LINE('',#17007,#3662);
#2515=LINE('',#17011,#3663);
#2516=LINE('',#17015,#3664);
#2517=LINE('',#17019,#3665);
#2518=LINE('',#17023,#3666);
#2519=LINE('',#17027,#3667);
#2520=LINE('',#17031,#3668);
#2521=LINE('',#17035,#3669);
#2522=LINE('',#17039,#3670);
#2523=LINE('',#17043,#3671);
#2524=LINE('',#17047,#3672);
#2525=LINE('',#17051,#3673);
#2526=LINE('',#17055,#3674);
#2527=LINE('',#17059,#3675);
#2528=LINE('',#17063,#3676);
#2529=LINE('',#17067,#3677);
#2530=LINE('',#17071,#3678);
#2531=LINE('',#17075,#3679);
#2532=LINE('',#17079,#3680);
#2533=LINE('',#17083,#3681);
#2534=LINE('',#17087,#3682);
#2535=LINE('',#17091,#3683);
#2536=LINE('',#17095,#3684);
#2537=LINE('',#17099,#3685);
#2538=LINE('',#17103,#3686);
#2539=LINE('',#17107,#3687);
#2540=LINE('',#17111,#3688);
#2541=LINE('',#17115,#3689);
#2542=LINE('',#17119,#3690);
#2543=LINE('',#17123,#3691);
#2544=LINE('',#17127,#3692);
#2545=LINE('',#17131,#3693);
#2546=LINE('',#17135,#3694);
#2547=LINE('',#17139,#3695);
#2548=LINE('',#17143,#3696);
#2549=LINE('',#17147,#3697);
#2550=LINE('',#17151,#3698);
#2551=LINE('',#17155,#3699);
#2552=LINE('',#17159,#3700);
#2553=LINE('',#17163,#3701);
#2554=LINE('',#17167,#3702);
#2555=LINE('',#17171,#3703);
#2556=LINE('',#17175,#3704);
#2557=LINE('',#17179,#3705);
#2558=LINE('',#17183,#3706);
#2559=LINE('',#17187,#3707);
#2560=LINE('',#17191,#3708);
#2561=LINE('',#17195,#3709);
#2562=LINE('',#17199,#3710);
#2563=LINE('',#17203,#3711);
#2564=LINE('',#17207,#3712);
#2565=LINE('',#17211,#3713);
#2566=LINE('',#17215,#3714);
#2567=LINE('',#17219,#3715);
#2568=LINE('',#17223,#3716);
#2569=LINE('',#17227,#3717);
#2570=LINE('',#17231,#3718);
#2571=LINE('',#17235,#3719);
#2572=LINE('',#17239,#3720);
#2573=LINE('',#17243,#3721);
#2574=LINE('',#17247,#3722);
#2575=LINE('',#17251,#3723);
#2576=LINE('',#17255,#3724);
#2577=LINE('',#17259,#3725);
#2578=LINE('',#17263,#3726);
#2579=LINE('',#17267,#3727);
#2580=LINE('',#17271,#3728);
#2581=LINE('',#17275,#3729);
#2582=LINE('',#17279,#3730);
#2583=LINE('',#17283,#3731);
#2584=LINE('',#17287,#3732);
#2585=LINE('',#17291,#3733);
#2586=LINE('',#17295,#3734);
#2587=LINE('',#17299,#3735);
#2588=LINE('',#17303,#3736);
#2589=LINE('',#17307,#3737);
#2590=LINE('',#17311,#3738);
#2591=LINE('',#17315,#3739);
#2592=LINE('',#17319,#3740);
#2593=LINE('',#17323,#3741);
#2594=LINE('',#17327,#3742);
#2595=LINE('',#17331,#3743);
#2596=LINE('',#17335,#3744);
#2597=LINE('',#17339,#3745);
#2598=LINE('',#17343,#3746);
#2599=LINE('',#17347,#3747);
#2600=LINE('',#17351,#3748);
#2601=LINE('',#17355,#3749);
#2602=LINE('',#17359,#3750);
#2603=LINE('',#17363,#3751);
#2604=LINE('',#17367,#3752);
#2605=LINE('',#17371,#3753);
#2606=LINE('',#17375,#3754);
#2607=LINE('',#17379,#3755);
#2608=LINE('',#17383,#3756);
#2609=LINE('',#17387,#3757);
#2610=LINE('',#17391,#3758);
#2611=LINE('',#17395,#3759);
#2612=LINE('',#17399,#3760);
#2613=LINE('',#17403,#3761);
#2614=LINE('',#17407,#3762);
#2615=LINE('',#17411,#3763);
#2616=LINE('',#17415,#3764);
#2617=LINE('',#17419,#3765);
#2618=LINE('',#17423,#3766);
#2619=LINE('',#17427,#3767);
#2620=LINE('',#17431,#3768);
#2621=LINE('',#17435,#3769);
#2622=LINE('',#17439,#3770);
#2623=LINE('',#17443,#3771);
#2624=LINE('',#17447,#3772);
#2625=LINE('',#17451,#3773);
#2626=LINE('',#17455,#3774);
#2627=LINE('',#17459,#3775);
#2628=LINE('',#17463,#3776);
#2629=LINE('',#17467,#3777);
#2630=LINE('',#17471,#3778);
#2631=LINE('',#17475,#3779);
#2632=LINE('',#17479,#3780);
#2633=LINE('',#17483,#3781);
#2634=LINE('',#17487,#3782);
#2635=LINE('',#17491,#3783);
#2636=LINE('',#17495,#3784);
#2637=LINE('',#17499,#3785);
#2638=LINE('',#17503,#3786);
#2639=LINE('',#17507,#3787);
#2640=LINE('',#17511,#3788);
#2641=LINE('',#17515,#3789);
#2642=LINE('',#17519,#3790);
#2643=LINE('',#17523,#3791);
#2644=LINE('',#17527,#3792);
#2645=LINE('',#17531,#3793);
#2646=LINE('',#17535,#3794);
#2647=LINE('',#17539,#3795);
#2648=LINE('',#17543,#3796);
#2649=LINE('',#17547,#3797);
#2650=LINE('',#17551,#3798);
#2651=LINE('',#17555,#3799);
#2652=LINE('',#17559,#3800);
#2653=LINE('',#17563,#3801);
#2654=LINE('',#17567,#3802);
#2655=LINE('',#17571,#3803);
#2656=LINE('',#17575,#3804);
#2657=LINE('',#17579,#3805);
#2658=LINE('',#17583,#3806);
#2659=LINE('',#17587,#3807);
#2660=LINE('',#17591,#3808);
#2661=LINE('',#17595,#3809);
#2662=LINE('',#17599,#3810);
#2663=LINE('',#17603,#3811);
#2664=LINE('',#17607,#3812);
#2665=LINE('',#17611,#3813);
#2666=LINE('',#17617,#3814);
#2667=LINE('',#17621,#3815);
#2668=LINE('',#17625,#3816);
#2669=LINE('',#17628,#3817);
#2670=LINE('',#17633,#3818);
#2671=LINE('',#17637,#3819);
#2672=LINE('',#17641,#3820);
#2673=LINE('',#17644,#3821);
#2674=LINE('',#17647,#3822);
#2675=LINE('',#17651,#3823);
#2676=LINE('',#17655,#3824);
#2677=LINE('',#17659,#3825);
#2678=LINE('',#17663,#3826);
#2679=LINE('',#17667,#3827);
#2680=LINE('',#17671,#3828);
#2681=LINE('',#17675,#3829);
#2682=LINE('',#17679,#3830);
#2683=LINE('',#17683,#3831);
#2684=LINE('',#17687,#3832);
#2685=LINE('',#17691,#3833);
#2686=LINE('',#17695,#3834);
#2687=LINE('',#17699,#3835);
#2688=LINE('',#17703,#3836);
#2689=LINE('',#17707,#3837);
#2690=LINE('',#17711,#3838);
#2691=LINE('',#17715,#3839);
#2692=LINE('',#17719,#3840);
#2693=LINE('',#17723,#3841);
#2694=LINE('',#17727,#3842);
#2695=LINE('',#17731,#3843);
#2696=LINE('',#17735,#3844);
#2697=LINE('',#17739,#3845);
#2698=LINE('',#17743,#3846);
#2699=LINE('',#17747,#3847);
#2700=LINE('',#17751,#3848);
#2701=LINE('',#17755,#3849);
#2702=LINE('',#17759,#3850);
#2703=LINE('',#17763,#3851);
#2704=LINE('',#17767,#3852);
#2705=LINE('',#17771,#3853);
#2706=LINE('',#17775,#3854);
#2707=LINE('',#17779,#3855);
#2708=LINE('',#17783,#3856);
#2709=LINE('',#17787,#3857);
#2710=LINE('',#17791,#3858);
#2711=LINE('',#17795,#3859);
#2712=LINE('',#17799,#3860);
#2713=LINE('',#17803,#3861);
#2714=LINE('',#17807,#3862);
#2715=LINE('',#17811,#3863);
#2716=LINE('',#17815,#3864);
#2717=LINE('',#17819,#3865);
#2718=LINE('',#17823,#3866);
#2719=LINE('',#17827,#3867);
#2720=LINE('',#17831,#3868);
#2721=LINE('',#17835,#3869);
#2722=LINE('',#17839,#3870);
#2723=LINE('',#17843,#3871);
#2724=LINE('',#17847,#3872);
#2725=LINE('',#17851,#3873);
#2726=LINE('',#17855,#3874);
#2727=LINE('',#17859,#3875);
#2728=LINE('',#17863,#3876);
#2729=LINE('',#17867,#3877);
#2730=LINE('',#17871,#3878);
#2731=LINE('',#17875,#3879);
#2732=LINE('',#17879,#3880);
#2733=LINE('',#17883,#3881);
#2734=LINE('',#17887,#3882);
#2735=LINE('',#17891,#3883);
#2736=LINE('',#17895,#3884);
#2737=LINE('',#17899,#3885);
#2738=LINE('',#17902,#3886);
#2739=LINE('',#17904,#3887);
#2740=LINE('',#17906,#3888);
#2741=LINE('',#17908,#3889);
#2742=LINE('',#17910,#3890);
#2743=LINE('',#17912,#3891);
#2744=LINE('',#17914,#3892);
#2745=LINE('',#17916,#3893);
#2746=LINE('',#17918,#3894);
#2747=LINE('',#17920,#3895);
#2748=LINE('',#17922,#3896);
#2749=LINE('',#17924,#3897);
#2750=LINE('',#17926,#3898);
#2751=LINE('',#17928,#3899);
#2752=LINE('',#17930,#3900);
#2753=LINE('',#17932,#3901);
#2754=LINE('',#17934,#3902);
#2755=LINE('',#17936,#3903);
#2756=LINE('',#17938,#3904);
#2757=LINE('',#17940,#3905);
#2758=LINE('',#17942,#3906);
#2759=LINE('',#17944,#3907);
#2760=LINE('',#17946,#3908);
#2761=LINE('',#17948,#3909);
#2762=LINE('',#17950,#3910);
#2763=LINE('',#17954,#3911);
#2764=LINE('',#17958,#3912);
#2765=LINE('',#17962,#3913);
#2766=LINE('',#17966,#3914);
#2767=LINE('',#17970,#3915);
#2768=LINE('',#17974,#3916);
#2769=LINE('',#17978,#3917);
#2770=LINE('',#17982,#3918);
#2771=LINE('',#17986,#3919);
#2772=LINE('',#17990,#3920);
#2773=LINE('',#17994,#3921);
#2774=LINE('',#17998,#3922);
#2775=LINE('',#18002,#3923);
#2776=LINE('',#18006,#3924);
#2777=LINE('',#18010,#3925);
#2778=LINE('',#18014,#3926);
#2779=LINE('',#18018,#3927);
#2780=LINE('',#18022,#3928);
#2781=LINE('',#18026,#3929);
#2782=LINE('',#18030,#3930);
#2783=LINE('',#18034,#3931);
#2784=LINE('',#18038,#3932);
#2785=LINE('',#18042,#3933);
#2786=LINE('',#18046,#3934);
#2787=LINE('',#18050,#3935);
#2788=LINE('',#18054,#3936);
#2789=LINE('',#18058,#3937);
#2790=LINE('',#18062,#3938);
#2791=LINE('',#18066,#3939);
#2792=LINE('',#18070,#3940);
#2793=LINE('',#18074,#3941);
#2794=LINE('',#18078,#3942);
#2795=LINE('',#18082,#3943);
#2796=LINE('',#18086,#3944);
#2797=LINE('',#18090,#3945);
#2798=LINE('',#18094,#3946);
#2799=LINE('',#18098,#3947);
#2800=LINE('',#18102,#3948);
#2801=LINE('',#18106,#3949);
#2802=LINE('',#18110,#3950);
#2803=LINE('',#18114,#3951);
#2804=LINE('',#18118,#3952);
#2805=LINE('',#18122,#3953);
#2806=LINE('',#18126,#3954);
#2807=LINE('',#18130,#3955);
#2808=LINE('',#18134,#3956);
#2809=LINE('',#18138,#3957);
#2810=LINE('',#18142,#3958);
#2811=LINE('',#18146,#3959);
#2812=LINE('',#18150,#3960);
#2813=LINE('',#18154,#3961);
#2814=LINE('',#18158,#3962);
#2815=LINE('',#18162,#3963);
#2816=LINE('',#18166,#3964);
#2817=LINE('',#18170,#3965);
#2818=LINE('',#18174,#3966);
#2819=LINE('',#18178,#3967);
#2820=LINE('',#18182,#3968);
#2821=LINE('',#18186,#3969);
#2822=LINE('',#18190,#3970);
#2823=LINE('',#18196,#3971);
#2824=LINE('',#18200,#3972);
#2825=LINE('',#18204,#3973);
#2826=LINE('',#18207,#3974);
#2827=LINE('',#18212,#3975);
#2828=LINE('',#18216,#3976);
#2829=LINE('',#18220,#3977);
#2830=LINE('',#18223,#3978);
#2831=LINE('',#18226,#3979);
#2832=LINE('',#18230,#3980);
#2833=LINE('',#18234,#3981);
#2834=LINE('',#18238,#3982);
#2835=LINE('',#18242,#3983);
#2836=LINE('',#18246,#3984);
#2837=LINE('',#18250,#3985);
#2838=LINE('',#18254,#3986);
#2839=LINE('',#18258,#3987);
#2840=LINE('',#18262,#3988);
#2841=LINE('',#18266,#3989);
#2842=LINE('',#18270,#3990);
#2843=LINE('',#18274,#3991);
#2844=LINE('',#18278,#3992);
#2845=LINE('',#18282,#3993);
#2846=LINE('',#18286,#3994);
#2847=LINE('',#18290,#3995);
#2848=LINE('',#18294,#3996);
#2849=LINE('',#18298,#3997);
#2850=LINE('',#18302,#3998);
#2851=LINE('',#18306,#3999);
#2852=LINE('',#18310,#4000);
#2853=LINE('',#18314,#4001);
#2854=LINE('',#18318,#4002);
#2855=LINE('',#18322,#4003);
#2856=LINE('',#18326,#4004);
#2857=LINE('',#18330,#4005);
#2858=LINE('',#18334,#4006);
#2859=LINE('',#18338,#4007);
#2860=LINE('',#18342,#4008);
#2861=LINE('',#18346,#4009);
#2862=LINE('',#18350,#4010);
#2863=LINE('',#18354,#4011);
#2864=LINE('',#18358,#4012);
#2865=LINE('',#18362,#4013);
#2866=LINE('',#18366,#4014);
#2867=LINE('',#18370,#4015);
#2868=LINE('',#18374,#4016);
#2869=LINE('',#18378,#4017);
#2870=LINE('',#18382,#4018);
#2871=LINE('',#18386,#4019);
#2872=LINE('',#18390,#4020);
#2873=LINE('',#18394,#4021);
#2874=LINE('',#18398,#4022);
#2875=LINE('',#18402,#4023);
#2876=LINE('',#18406,#4024);
#2877=LINE('',#18410,#4025);
#2878=LINE('',#18414,#4026);
#2879=LINE('',#18418,#4027);
#2880=LINE('',#18422,#4028);
#2881=LINE('',#18426,#4029);
#2882=LINE('',#18430,#4030);
#2883=LINE('',#18434,#4031);
#2884=LINE('',#18438,#4032);
#2885=LINE('',#18442,#4033);
#2886=LINE('',#18446,#4034);
#2887=LINE('',#18452,#4035);
#2888=LINE('',#18456,#4036);
#2889=LINE('',#18460,#4037);
#2890=LINE('',#18463,#4038);
#2891=LINE('',#18468,#4039);
#2892=LINE('',#18472,#4040);
#2893=LINE('',#18476,#4041);
#2894=LINE('',#18479,#4042);
#2895=LINE('',#18482,#4043);
#2896=LINE('',#18486,#4044);
#2897=LINE('',#18490,#4045);
#2898=LINE('',#18494,#4046);
#2899=LINE('',#18498,#4047);
#2900=LINE('',#18502,#4048);
#2901=LINE('',#18506,#4049);
#2902=LINE('',#18510,#4050);
#2903=LINE('',#18514,#4051);
#2904=LINE('',#18518,#4052);
#2905=LINE('',#18522,#4053);
#2906=LINE('',#18526,#4054);
#2907=LINE('',#18530,#4055);
#2908=LINE('',#18534,#4056);
#2909=LINE('',#18538,#4057);
#2910=LINE('',#18542,#4058);
#2911=LINE('',#18546,#4059);
#2912=LINE('',#18550,#4060);
#2913=LINE('',#18554,#4061);
#2914=LINE('',#18558,#4062);
#2915=LINE('',#18562,#4063);
#2916=LINE('',#18566,#4064);
#2917=LINE('',#18570,#4065);
#2918=LINE('',#18574,#4066);
#2919=LINE('',#18578,#4067);
#2920=LINE('',#18582,#4068);
#2921=LINE('',#18586,#4069);
#2922=LINE('',#18590,#4070);
#2923=LINE('',#18594,#4071);
#2924=LINE('',#18598,#4072);
#2925=LINE('',#18602,#4073);
#2926=LINE('',#18606,#4074);
#2927=LINE('',#18612,#4075);
#2928=LINE('',#18616,#4076);
#2929=LINE('',#18620,#4077);
#2930=LINE('',#18623,#4078);
#2931=LINE('',#18626,#4079);
#2932=LINE('',#18630,#4080);
#2933=LINE('',#18634,#4081);
#2934=LINE('',#18638,#4082);
#2935=LINE('',#18642,#4083);
#2936=LINE('',#18646,#4084);
#2937=LINE('',#18650,#4085);
#2938=LINE('',#18654,#4086);
#2939=LINE('',#18658,#4087);
#2940=LINE('',#18662,#4088);
#2941=LINE('',#18666,#4089);
#2942=LINE('',#18670,#4090);
#2943=LINE('',#18676,#4091);
#2944=LINE('',#18680,#4092);
#2945=LINE('',#18684,#4093);
#2946=LINE('',#18687,#4094);
#2947=LINE('',#18690,#4095);
#2948=LINE('',#18694,#4096);
#2949=LINE('',#18698,#4097);
#2950=LINE('',#18702,#4098);
#2951=LINE('',#18706,#4099);
#2952=LINE('',#18710,#4100);
#2953=LINE('',#18714,#4101);
#2954=LINE('',#18718,#4102);
#2955=LINE('',#18722,#4103);
#2956=LINE('',#18726,#4104);
#2957=LINE('',#18730,#4105);
#2958=LINE('',#18734,#4106);
#2959=LINE('',#18738,#4107);
#2960=LINE('',#18742,#4108);
#2961=LINE('',#18746,#4109);
#2962=LINE('',#18750,#4110);
#2963=LINE('',#18754,#4111);
#2964=LINE('',#18758,#4112);
#2965=LINE('',#18762,#4113);
#2966=LINE('',#18766,#4114);
#2967=LINE('',#18770,#4115);
#2968=LINE('',#18774,#4116);
#2969=LINE('',#18778,#4117);
#2970=LINE('',#18782,#4118);
#2971=LINE('',#18786,#4119);
#2972=LINE('',#18790,#4120);
#2973=LINE('',#18794,#4121);
#2974=LINE('',#18798,#4122);
#2975=LINE('',#18802,#4123);
#2976=LINE('',#18806,#4124);
#2977=LINE('',#18810,#4125);
#2978=LINE('',#18814,#4126);
#2979=LINE('',#18818,#4127);
#2980=LINE('',#18822,#4128);
#2981=LINE('',#18826,#4129);
#2982=LINE('',#18830,#4130);
#2983=LINE('',#18834,#4131);
#2984=LINE('',#18838,#4132);
#2985=LINE('',#18842,#4133);
#2986=LINE('',#18846,#4134);
#2987=LINE('',#18850,#4135);
#2988=LINE('',#18854,#4136);
#2989=LINE('',#18858,#4137);
#2990=LINE('',#18862,#4138);
#2991=LINE('',#18865,#4139);
#2992=LINE('',#18866,#4140);
#2993=LINE('',#18868,#4141);
#2994=LINE('',#18870,#4142);
#2995=LINE('',#18872,#4143);
#2996=LINE('',#18873,#4144);
#2997=LINE('',#18875,#4145);
#2998=LINE('',#18877,#4146);
#2999=LINE('',#18879,#4147);
#3000=LINE('',#18880,#4148);
#3001=LINE('',#18882,#4149);
#3002=LINE('',#18884,#4150);
#3003=LINE('',#18886,#4151);
#3004=LINE('',#18887,#4152);
#3005=LINE('',#18889,#4153);
#3006=LINE('',#18891,#4154);
#3007=LINE('',#18893,#4155);
#3008=LINE('',#18894,#4156);
#3009=LINE('',#18896,#4157);
#3010=LINE('',#18898,#4158);
#3011=LINE('',#18900,#4159);
#3012=LINE('',#18901,#4160);
#3013=LINE('',#18903,#4161);
#3014=LINE('',#18905,#4162);
#3015=LINE('',#18907,#4163);
#3016=LINE('',#18908,#4164);
#3017=LINE('',#18910,#4165);
#3018=LINE('',#18912,#4166);
#3019=LINE('',#18914,#4167);
#3020=LINE('',#18915,#4168);
#3021=LINE('',#18917,#4169);
#3022=LINE('',#18919,#4170);
#3023=LINE('',#18921,#4171);
#3024=LINE('',#18922,#4172);
#3025=LINE('',#18924,#4173);
#3026=LINE('',#18926,#4174);
#3027=LINE('',#18928,#4175);
#3028=LINE('',#18929,#4176);
#3029=LINE('',#18931,#4177);
#3030=LINE('',#18933,#4178);
#3031=LINE('',#18935,#4179);
#3032=LINE('',#18936,#4180);
#3033=LINE('',#18938,#4181);
#3034=LINE('',#18940,#4182);
#3035=LINE('',#18942,#4183);
#3036=LINE('',#18943,#4184);
#3037=LINE('',#18945,#4185);
#3038=LINE('',#18947,#4186);
#3039=LINE('',#18949,#4187);
#3040=LINE('',#18950,#4188);
#3041=LINE('',#18952,#4189);
#3042=LINE('',#18954,#4190);
#3043=LINE('',#18956,#4191);
#3044=LINE('',#18957,#4192);
#3045=LINE('',#18959,#4193);
#3046=LINE('',#18961,#4194);
#3047=LINE('',#18963,#4195);
#3048=LINE('',#18964,#4196);
#3049=LINE('',#18966,#4197);
#3050=LINE('',#18968,#4198);
#3051=LINE('',#18970,#4199);
#3052=LINE('',#18971,#4200);
#3053=LINE('',#18973,#4201);
#3054=LINE('',#18975,#4202);
#3055=LINE('',#18977,#4203);
#3056=LINE('',#18978,#4204);
#3057=LINE('',#18980,#4205);
#3058=LINE('',#18982,#4206);
#3059=LINE('',#18984,#4207);
#3060=LINE('',#18985,#4208);
#3061=LINE('',#18987,#4209);
#3062=LINE('',#18989,#4210);
#3063=LINE('',#18991,#4211);
#3064=LINE('',#18992,#4212);
#3065=LINE('',#18994,#4213);
#3066=LINE('',#18996,#4214);
#3067=LINE('',#18998,#4215);
#3068=LINE('',#18999,#4216);
#3069=LINE('',#19001,#4217);
#3070=LINE('',#19003,#4218);
#3071=LINE('',#19005,#4219);
#3072=LINE('',#19006,#4220);
#3073=LINE('',#19008,#4221);
#3074=LINE('',#19010,#4222);
#3075=LINE('',#19012,#4223);
#3076=LINE('',#19013,#4224);
#3077=LINE('',#19015,#4225);
#3078=LINE('',#19017,#4226);
#3079=LINE('',#19019,#4227);
#3080=LINE('',#19020,#4228);
#3081=LINE('',#19022,#4229);
#3082=LINE('',#19024,#4230);
#3083=LINE('',#19026,#4231);
#3084=LINE('',#19027,#4232);
#3085=LINE('',#19029,#4233);
#3086=LINE('',#19031,#4234);
#3087=LINE('',#19033,#4235);
#3088=LINE('',#19034,#4236);
#3089=LINE('',#19036,#4237);
#3090=LINE('',#19038,#4238);
#3091=LINE('',#19040,#4239);
#3092=LINE('',#19041,#4240);
#3093=LINE('',#19043,#4241);
#3094=LINE('',#19045,#4242);
#3095=LINE('',#19047,#4243);
#3096=LINE('',#19048,#4244);
#3097=LINE('',#19050,#4245);
#3098=LINE('',#19052,#4246);
#3099=LINE('',#19053,#4247);
#3100=LINE('',#19055,#4248);
#3101=LINE('',#19057,#4249);
#3102=LINE('',#19059,#4250);
#3103=LINE('',#19088,#4251);
#3104=LINE('',#19089,#4252);
#3105=LINE('',#19091,#4253);
#3106=LINE('',#19093,#4254);
#3107=LINE('',#19095,#4255);
#3108=LINE('',#19096,#4256);
#3109=LINE('',#19098,#4257);
#3110=LINE('',#19100,#4258);
#3111=LINE('',#19102,#4259);
#3112=LINE('',#19103,#4260);
#3113=LINE('',#19105,#4261);
#3114=LINE('',#19107,#4262);
#3115=LINE('',#19109,#4263);
#3116=LINE('',#19110,#4264);
#3117=LINE('',#19112,#4265);
#3118=LINE('',#19114,#4266);
#3119=LINE('',#19116,#4267);
#3120=LINE('',#19117,#4268);
#3121=LINE('',#19119,#4269);
#3122=LINE('',#19121,#4270);
#3123=LINE('',#19123,#4271);
#3124=LINE('',#19124,#4272);
#3125=LINE('',#19126,#4273);
#3126=LINE('',#19128,#4274);
#3127=LINE('',#19130,#4275);
#3128=LINE('',#19131,#4276);
#3129=LINE('',#19133,#4277);
#3130=LINE('',#19135,#4278);
#3131=LINE('',#19137,#4279);
#3132=LINE('',#19138,#4280);
#3133=LINE('',#19140,#4281);
#3134=LINE('',#19142,#4282);
#3135=LINE('',#19144,#4283);
#3136=LINE('',#19145,#4284);
#3137=LINE('',#19147,#4285);
#3138=LINE('',#19149,#4286);
#3139=LINE('',#19151,#4287);
#3140=LINE('',#19152,#4288);
#3141=LINE('',#19154,#4289);
#3142=LINE('',#19156,#4290);
#3143=LINE('',#19158,#4291);
#3144=LINE('',#19159,#4292);
#3145=LINE('',#19161,#4293);
#3146=LINE('',#19163,#4294);
#3147=LINE('',#19165,#4295);
#3148=LINE('',#19166,#4296);
#3149=LINE('',#19168,#4297);
#3150=LINE('',#19170,#4298);
#3151=LINE('',#19172,#4299);
#3152=LINE('',#19173,#4300);
#3153=LINE('',#19175,#4301);
#3154=LINE('',#19177,#4302);
#3155=LINE('',#19179,#4303);
#3156=LINE('',#19180,#4304);
#3157=LINE('',#19182,#4305);
#3158=LINE('',#19184,#4306);
#3159=LINE('',#19186,#4307);
#3160=LINE('',#19187,#4308);
#3161=LINE('',#19189,#4309);
#3162=LINE('',#19191,#4310);
#3163=LINE('',#19193,#4311);
#3164=LINE('',#19194,#4312);
#3165=LINE('',#19196,#4313);
#3166=LINE('',#19198,#4314);
#3167=LINE('',#19200,#4315);
#3168=LINE('',#19201,#4316);
#3169=LINE('',#19203,#4317);
#3170=LINE('',#19205,#4318);
#3171=LINE('',#19207,#4319);
#3172=LINE('',#19208,#4320);
#3173=LINE('',#19210,#4321);
#3174=LINE('',#19212,#4322);
#3175=LINE('',#19214,#4323);
#3176=LINE('',#19215,#4324);
#3177=LINE('',#19217,#4325);
#3178=LINE('',#19219,#4326);
#3179=LINE('',#19221,#4327);
#3180=LINE('',#19222,#4328);
#3181=LINE('',#19224,#4329);
#3182=LINE('',#19226,#4330);
#3183=LINE('',#19228,#4331);
#3184=LINE('',#19229,#4332);
#3185=LINE('',#19231,#4333);
#3186=LINE('',#19233,#4334);
#3187=LINE('',#19235,#4335);
#3188=LINE('',#19236,#4336);
#3189=LINE('',#19238,#4337);
#3190=LINE('',#19240,#4338);
#3191=LINE('',#19242,#4339);
#3192=LINE('',#19243,#4340);
#3193=LINE('',#19245,#4341);
#3194=LINE('',#19247,#4342);
#3195=LINE('',#19249,#4343);
#3196=LINE('',#19250,#4344);
#3197=LINE('',#19252,#4345);
#3198=LINE('',#19254,#4346);
#3199=LINE('',#19256,#4347);
#3200=LINE('',#19257,#4348);
#3201=LINE('',#19259,#4349);
#3202=LINE('',#19261,#4350);
#3203=LINE('',#19262,#4351);
#3204=LINE('',#19264,#4352);
#3205=LINE('',#19266,#4353);
#3206=LINE('',#19268,#4354);
#3207=LINE('',#19295,#4355);
#3208=LINE('',#19296,#4356);
#3209=LINE('',#19298,#4357);
#3210=LINE('',#19300,#4358);
#3211=LINE('',#19302,#4359);
#3212=LINE('',#19303,#4360);
#3213=LINE('',#19305,#4361);
#3214=LINE('',#19307,#4362);
#3215=LINE('',#19309,#4363);
#3216=LINE('',#19310,#4364);
#3217=LINE('',#19312,#4365);
#3218=LINE('',#19314,#4366);
#3219=LINE('',#19316,#4367);
#3220=LINE('',#19317,#4368);
#3221=LINE('',#19319,#4369);
#3222=LINE('',#19321,#4370);
#3223=LINE('',#19323,#4371);
#3224=LINE('',#19324,#4372);
#3225=LINE('',#19326,#4373);
#3226=LINE('',#19328,#4374);
#3227=LINE('',#19330,#4375);
#3228=LINE('',#19331,#4376);
#3229=LINE('',#19333,#4377);
#3230=LINE('',#19335,#4378);
#3231=LINE('',#19337,#4379);
#3232=LINE('',#19338,#4380);
#3233=LINE('',#19340,#4381);
#3234=LINE('',#19342,#4382);
#3235=LINE('',#19344,#4383);
#3236=LINE('',#19345,#4384);
#3237=LINE('',#19347,#4385);
#3238=LINE('',#19349,#4386);
#3239=LINE('',#19351,#4387);
#3240=LINE('',#19352,#4388);
#3241=LINE('',#19354,#4389);
#3242=LINE('',#19356,#4390);
#3243=LINE('',#19358,#4391);
#3244=LINE('',#19359,#4392);
#3245=LINE('',#19361,#4393);
#3246=LINE('',#19363,#4394);
#3247=LINE('',#19365,#4395);
#3248=LINE('',#19366,#4396);
#3249=LINE('',#19368,#4397);
#3250=LINE('',#19370,#4398);
#3251=LINE('',#19372,#4399);
#3252=LINE('',#19373,#4400);
#3253=LINE('',#19375,#4401);
#3254=LINE('',#19377,#4402);
#3255=LINE('',#19379,#4403);
#3256=LINE('',#19380,#4404);
#3257=LINE('',#19382,#4405);
#3258=LINE('',#19384,#4406);
#3259=LINE('',#19386,#4407);
#3260=LINE('',#19387,#4408);
#3261=LINE('',#19389,#4409);
#3262=LINE('',#19391,#4410);
#3263=LINE('',#19393,#4411);
#3264=LINE('',#19394,#4412);
#3265=LINE('',#19396,#4413);
#3266=LINE('',#19398,#4414);
#3267=LINE('',#19400,#4415);
#3268=LINE('',#19401,#4416);
#3269=LINE('',#19403,#4417);
#3270=LINE('',#19405,#4418);
#3271=LINE('',#19407,#4419);
#3272=LINE('',#19408,#4420);
#3273=LINE('',#19410,#4421);
#3274=LINE('',#19412,#4422);
#3275=LINE('',#19414,#4423);
#3276=LINE('',#19415,#4424);
#3277=LINE('',#19417,#4425);
#3278=LINE('',#19419,#4426);
#3279=LINE('',#19421,#4427);
#3280=LINE('',#19422,#4428);
#3281=LINE('',#19424,#4429);
#3282=LINE('',#19426,#4430);
#3283=LINE('',#19428,#4431);
#3284=LINE('',#19429,#4432);
#3285=LINE('',#19431,#4433);
#3286=LINE('',#19433,#4434);
#3287=LINE('',#19435,#4435);
#3288=LINE('',#19436,#4436);
#3289=LINE('',#19438,#4437);
#3290=LINE('',#19440,#4438);
#3291=LINE('',#19442,#4439);
#3292=LINE('',#19443,#4440);
#3293=LINE('',#19445,#4441);
#3294=LINE('',#19447,#4442);
#3295=LINE('',#19449,#4443);
#3296=LINE('',#19450,#4444);
#3297=LINE('',#19452,#4445);
#3298=LINE('',#19454,#4446);
#3299=LINE('',#19455,#4447);
#3300=LINE('',#19457,#4448);
#3301=LINE('',#19459,#4449);
#3302=LINE('',#19461,#4450);
#3303=LINE('',#19486,#4451);
#3304=LINE('',#19487,#4452);
#3305=LINE('',#19489,#4453);
#3306=LINE('',#19491,#4454);
#3307=LINE('',#19493,#4455);
#3308=LINE('',#19494,#4456);
#3309=LINE('',#19496,#4457);
#3310=LINE('',#19498,#4458);
#3311=LINE('',#19500,#4459);
#3312=LINE('',#19501,#4460);
#3313=LINE('',#19503,#4461);
#3314=LINE('',#19505,#4462);
#3315=LINE('',#19507,#4463);
#3316=LINE('',#19508,#4464);
#3317=LINE('',#19510,#4465);
#3318=LINE('',#19512,#4466);
#3319=LINE('',#19514,#4467);
#3320=LINE('',#19515,#4468);
#3321=LINE('',#19517,#4469);
#3322=LINE('',#19519,#4470);
#3323=LINE('',#19521,#4471);
#3324=LINE('',#19522,#4472);
#3325=LINE('',#19524,#4473);
#3326=LINE('',#19526,#4474);
#3327=LINE('',#19528,#4475);
#3328=LINE('',#19529,#4476);
#3329=LINE('',#19531,#4477);
#3330=LINE('',#19533,#4478);
#3331=LINE('',#19535,#4479);
#3332=LINE('',#19536,#4480);
#3333=LINE('',#19538,#4481);
#3334=LINE('',#19540,#4482);
#3335=LINE('',#19542,#4483);
#3336=LINE('',#19543,#4484);
#3337=LINE('',#19545,#4485);
#3338=LINE('',#19547,#4486);
#3339=LINE('',#19549,#4487);
#3340=LINE('',#19550,#4488);
#3341=LINE('',#19552,#4489);
#3342=LINE('',#19554,#4490);
#3343=LINE('',#19556,#4491);
#3344=LINE('',#19557,#4492);
#3345=LINE('',#19559,#4493);
#3346=LINE('',#19561,#4494);
#3347=LINE('',#19563,#4495);
#3348=LINE('',#19564,#4496);
#3349=LINE('',#19566,#4497);
#3350=LINE('',#19568,#4498);
#3351=LINE('',#19570,#4499);
#3352=LINE('',#19571,#4500);
#3353=LINE('',#19573,#4501);
#3354=LINE('',#19575,#4502);
#3355=LINE('',#19577,#4503);
#3356=LINE('',#19578,#4504);
#3357=LINE('',#19580,#4505);
#3358=LINE('',#19582,#4506);
#3359=LINE('',#19584,#4507);
#3360=LINE('',#19585,#4508);
#3361=LINE('',#19587,#4509);
#3362=LINE('',#19589,#4510);
#3363=LINE('',#19590,#4511);
#3364=LINE('',#19592,#4512);
#3365=LINE('',#19594,#4513);
#3366=LINE('',#19596,#4514);
#3367=LINE('',#19613,#4515);
#3368=LINE('',#19614,#4516);
#3369=LINE('',#19616,#4517);
#3370=LINE('',#19618,#4518);
#3371=LINE('',#19620,#4519);
#3372=LINE('',#19622,#4520);
#3373=LINE('',#19624,#4521);
#3374=LINE('',#19626,#4522);
#3375=LINE('',#19632,#4523);
#3376=LINE('',#19633,#4524);
#3377=LINE('',#19635,#4525);
#3378=LINE('',#19637,#4526);
#3379=LINE('',#19639,#4527);
#3380=LINE('',#19641,#4528);
#3381=LINE('',#19643,#4529);
#3382=LINE('',#19645,#4530);
#3383=LINE('',#19649,#4531);
#3384=LINE('',#19650,#4532);
#3385=LINE('',#19652,#4533);
#3386=LINE('',#19654,#4534);
#3387=LINE('',#19656,#4535);
#3388=LINE('',#19658,#4536);
#3389=LINE('',#19660,#4537);
#3390=LINE('',#19662,#4538);
#3391=LINE('',#19665,#4539);
#3392=LINE('',#19666,#4540);
#3393=LINE('',#19668,#4541);
#3394=LINE('',#19670,#4542);
#3395=LINE('',#19672,#4543);
#3396=LINE('',#19674,#4544);
#3397=LINE('',#19676,#4545);
#3398=LINE('',#19678,#4546);
#3399=LINE('',#19681,#4547);
#3400=LINE('',#19682,#4548);
#3401=LINE('',#19684,#4549);
#3402=LINE('',#19686,#4550);
#3403=LINE('',#19688,#4551);
#3404=LINE('',#19690,#4552);
#3405=LINE('',#19692,#4553);
#3406=LINE('',#19694,#4554);
#3407=LINE('',#19697,#4555);
#3408=LINE('',#19698,#4556);
#3409=LINE('',#19700,#4557);
#3410=LINE('',#19702,#4558);
#3411=LINE('',#19704,#4559);
#3412=LINE('',#19706,#4560);
#3413=LINE('',#19708,#4561);
#3414=LINE('',#19710,#4562);
#3415=LINE('',#19713,#4563);
#3416=LINE('',#19714,#4564);
#3417=LINE('',#19716,#4565);
#3418=LINE('',#19718,#4566);
#3419=LINE('',#19720,#4567);
#3420=LINE('',#19722,#4568);
#3421=LINE('',#19724,#4569);
#3422=LINE('',#19726,#4570);
#3423=LINE('',#19729,#4571);
#3424=LINE('',#19730,#4572);
#3425=LINE('',#19732,#4573);
#3426=LINE('',#19734,#4574);
#3427=LINE('',#19736,#4575);
#3428=LINE('',#19738,#4576);
#3429=LINE('',#19740,#4577);
#3430=LINE('',#19742,#4578);
#3431=LINE('',#19745,#4579);
#3432=LINE('',#19746,#4580);
#3433=LINE('',#19748,#4581);
#3434=LINE('',#19750,#4582);
#3435=LINE('',#19752,#4583);
#3436=LINE('',#19754,#4584);
#3437=LINE('',#19756,#4585);
#3438=LINE('',#19758,#4586);
#3439=LINE('',#19761,#4587);
#3440=LINE('',#19762,#4588);
#3441=LINE('',#19764,#4589);
#3442=LINE('',#19766,#4590);
#3443=LINE('',#19768,#4591);
#3444=LINE('',#19770,#4592);
#3445=LINE('',#19772,#4593);
#3446=LINE('',#19774,#4594);
#3447=VECTOR('',#12911,10.);
#3448=VECTOR('',#12912,10.);
#3449=VECTOR('',#12913,10.);
#3450=VECTOR('',#12914,10.);
#3451=VECTOR('',#12917,10.);
#3452=VECTOR('',#12918,10.);
#3453=VECTOR('',#12919,10.);
#3454=VECTOR('',#12922,10.);
#3455=VECTOR('',#12923,10.);
#3456=VECTOR('',#12924,10.);
#3457=VECTOR('',#12927,10.);
#3458=VECTOR('',#12928,10.);
#3459=VECTOR('',#12933,10.);
#3460=VECTOR('',#12936,10.);
#3461=VECTOR('',#12939,10.);
#3462=VECTOR('',#12940,10.);
#3463=VECTOR('',#12941,10.);
#3464=VECTOR('',#12948,10.);
#3465=VECTOR('',#12953,10.);
#3466=VECTOR('',#12956,10.);
#3467=VECTOR('',#12959,10.);
#3468=VECTOR('',#12960,10.);
#3469=VECTOR('',#12961,10.);
#3470=VECTOR('',#12968,10.);
#3471=VECTOR('',#12973,10.);
#3472=VECTOR('',#12976,10.);
#3473=VECTOR('',#12979,10.);
#3474=VECTOR('',#12980,10.);
#3475=VECTOR('',#12981,10.);
#3476=VECTOR('',#12988,10.);
#3477=VECTOR('',#12993,10.);
#3478=VECTOR('',#12996,10.);
#3479=VECTOR('',#12999,10.);
#3480=VECTOR('',#13000,10.);
#3481=VECTOR('',#13001,10.);
#3482=VECTOR('',#13008,10.);
#3483=VECTOR('',#13013,10.);
#3484=VECTOR('',#13016,10.);
#3485=VECTOR('',#13019,10.);
#3486=VECTOR('',#13020,10.);
#3487=VECTOR('',#13021,10.);
#3488=VECTOR('',#13028,10.);
#3489=VECTOR('',#13033,10.);
#3490=VECTOR('',#13036,10.);
#3491=VECTOR('',#13039,10.);
#3492=VECTOR('',#13040,10.);
#3493=VECTOR('',#13041,10.);
#3494=VECTOR('',#13048,10.);
#3495=VECTOR('',#13053,10.);
#3496=VECTOR('',#13056,10.);
#3497=VECTOR('',#13059,10.);
#3498=VECTOR('',#13060,10.);
#3499=VECTOR('',#13061,10.);
#3500=VECTOR('',#13068,10.);
#3501=VECTOR('',#13073,10.);
#3502=VECTOR('',#13076,10.);
#3503=VECTOR('',#13079,10.);
#3504=VECTOR('',#13080,10.);
#3505=VECTOR('',#13081,10.);
#3506=VECTOR('',#13088,10.);
#3507=VECTOR('',#13093,10.);
#3508=VECTOR('',#13096,10.);
#3509=VECTOR('',#13099,10.);
#3510=VECTOR('',#13100,10.);
#3511=VECTOR('',#13101,10.);
#3512=VECTOR('',#13108,10.);
#3513=VECTOR('',#13113,10.);
#3514=VECTOR('',#13116,10.);
#3515=VECTOR('',#13119,10.);
#3516=VECTOR('',#13120,10.);
#3517=VECTOR('',#13121,10.);
#3518=VECTOR('',#13128,10.);
#3519=VECTOR('',#13133,10.);
#3520=VECTOR('',#13136,10.);
#3521=VECTOR('',#13139,10.);
#3522=VECTOR('',#13140,10.);
#3523=VECTOR('',#13141,10.);
#3524=VECTOR('',#13148,10.);
#3525=VECTOR('',#13153,10.);
#3526=VECTOR('',#13156,10.);
#3527=VECTOR('',#13159,10.);
#3528=VECTOR('',#13160,10.);
#3529=VECTOR('',#13161,10.);
#3530=VECTOR('',#13168,10.);
#3531=VECTOR('',#13173,10.);
#3532=VECTOR('',#13176,10.);
#3533=VECTOR('',#13179,10.);
#3534=VECTOR('',#13180,10.);
#3535=VECTOR('',#13181,10.);
#3536=VECTOR('',#13188,10.);
#3537=VECTOR('',#13193,10.);
#3538=VECTOR('',#13196,10.);
#3539=VECTOR('',#13199,10.);
#3540=VECTOR('',#13200,10.);
#3541=VECTOR('',#13201,10.);
#3542=VECTOR('',#13208,10.);
#3543=VECTOR('',#13213,10.);
#3544=VECTOR('',#13216,10.);
#3545=VECTOR('',#13219,10.);
#3546=VECTOR('',#13220,10.);
#3547=VECTOR('',#13221,10.);
#3548=VECTOR('',#13228,10.);
#3549=VECTOR('',#13233,10.);
#3550=VECTOR('',#13236,10.);
#3551=VECTOR('',#13239,10.);
#3552=VECTOR('',#13240,10.);
#3553=VECTOR('',#13241,10.);
#3554=VECTOR('',#13248,10.);
#3555=VECTOR('',#13253,10.);
#3556=VECTOR('',#13256,10.);
#3557=VECTOR('',#13259,10.);
#3558=VECTOR('',#13260,10.);
#3559=VECTOR('',#13261,10.);
#3560=VECTOR('',#13268,10.);
#3561=VECTOR('',#13273,10.);
#3562=VECTOR('',#13276,10.);
#3563=VECTOR('',#13279,10.);
#3564=VECTOR('',#13280,10.);
#3565=VECTOR('',#13281,10.);
#3566=VECTOR('',#13288,10.);
#3567=VECTOR('',#13293,10.);
#3568=VECTOR('',#13296,10.);
#3569=VECTOR('',#13299,10.);
#3570=VECTOR('',#13300,10.);
#3571=VECTOR('',#13301,10.);
#3572=VECTOR('',#13308,10.);
#3573=VECTOR('',#13313,10.);
#3574=VECTOR('',#13316,10.);
#3575=VECTOR('',#13319,10.);
#3576=VECTOR('',#13320,10.);
#3577=VECTOR('',#13321,10.);
#3578=VECTOR('',#13328,10.);
#3579=VECTOR('',#13333,10.);
#3580=VECTOR('',#13336,10.);
#3581=VECTOR('',#13339,10.);
#3582=VECTOR('',#13340,10.);
#3583=VECTOR('',#13341,10.);
#3584=VECTOR('',#13348,10.);
#3585=VECTOR('',#13353,10.);
#3586=VECTOR('',#13356,10.);
#3587=VECTOR('',#13359,10.);
#3588=VECTOR('',#13360,10.);
#3589=VECTOR('',#13361,10.);
#3590=VECTOR('',#13368,10.);
#3591=VECTOR('',#13373,10.);
#3592=VECTOR('',#13376,10.);
#3593=VECTOR('',#13379,10.);
#3594=VECTOR('',#13380,10.);
#3595=VECTOR('',#13381,10.);
#3596=VECTOR('',#13388,10.);
#3597=VECTOR('',#13393,10.);
#3598=VECTOR('',#13396,10.);
#3599=VECTOR('',#13399,10.);
#3600=VECTOR('',#13400,10.);
#3601=VECTOR('',#13401,10.);
#3602=VECTOR('',#13408,10.);
#3603=VECTOR('',#13413,10.);
#3604=VECTOR('',#13416,10.);
#3605=VECTOR('',#13419,10.);
#3606=VECTOR('',#13420,10.);
#3607=VECTOR('',#13421,10.);
#3608=VECTOR('',#13428,10.);
#3609=VECTOR('',#13433,10.);
#3610=VECTOR('',#13436,10.);
#3611=VECTOR('',#13439,10.);
#3612=VECTOR('',#13440,10.);
#3613=VECTOR('',#13441,10.);
#3614=VECTOR('',#13448,10.);
#3615=VECTOR('',#13453,10.);
#3616=VECTOR('',#13456,10.);
#3617=VECTOR('',#13459,10.);
#3618=VECTOR('',#13460,10.);
#3619=VECTOR('',#13461,10.);
#3620=VECTOR('',#13466,10.);
#3621=VECTOR('',#13471,10.);
#3622=VECTOR('',#13472,10.);
#3623=VECTOR('',#13473,10.);
#3624=VECTOR('',#13478,10.);
#3625=VECTOR('',#13483,10.);
#3626=VECTOR('',#13484,10.);
#3627=VECTOR('',#13485,10.);
#3628=VECTOR('',#13492,10.);
#3629=VECTOR('',#13495,10.);
#3630=VECTOR('',#13496,10.);
#3631=VECTOR('',#13499,10.);
#3632=VECTOR('',#13500,10.);
#3633=VECTOR('',#13503,10.);
#3634=VECTOR('',#13504,10.);
#3635=VECTOR('',#13505,10.);
#3636=VECTOR('',#13506,10.);
#3637=VECTOR('',#13507,10.);
#3638=VECTOR('',#13508,10.);
#3639=VECTOR('',#13509,10.);
#3640=VECTOR('',#13510,10.);
#3641=VECTOR('',#13511,10.);
#3642=VECTOR('',#13512,10.);
#3643=VECTOR('',#13513,10.);
#3644=VECTOR('',#13514,10.);
#3645=VECTOR('',#13515,10.);
#3646=VECTOR('',#13516,10.);
#3647=VECTOR('',#13517,10.);
#3648=VECTOR('',#13518,10.);
#3649=VECTOR('',#13519,10.);
#3650=VECTOR('',#13520,10.);
#3651=VECTOR('',#13521,10.);
#3652=VECTOR('',#13522,10.);
#3653=VECTOR('',#13523,10.);
#3654=VECTOR('',#13524,10.);
#3655=VECTOR('',#13525,10.);
#3656=VECTOR('',#13526,10.);
#3657=VECTOR('',#13527,10.);
#3658=VECTOR('',#13528,10.);
#3659=VECTOR('',#13531,10.);
#3660=VECTOR('',#13534,10.);
#3661=VECTOR('',#13537,10.);
#3662=VECTOR('',#13540,10.);
#3663=VECTOR('',#13543,10.);
#3664=VECTOR('',#13546,10.);
#3665=VECTOR('',#13549,10.);
#3666=VECTOR('',#13552,10.);
#3667=VECTOR('',#13555,10.);
#3668=VECTOR('',#13558,10.);
#3669=VECTOR('',#13561,10.);
#3670=VECTOR('',#13564,10.);
#3671=VECTOR('',#13567,10.);
#3672=VECTOR('',#13570,10.);
#3673=VECTOR('',#13573,10.);
#3674=VECTOR('',#13576,10.);
#3675=VECTOR('',#13579,10.);
#3676=VECTOR('',#13582,10.);
#3677=VECTOR('',#13585,10.);
#3678=VECTOR('',#13588,10.);
#3679=VECTOR('',#13591,10.);
#3680=VECTOR('',#13594,10.);
#3681=VECTOR('',#13597,10.);
#3682=VECTOR('',#13600,10.);
#3683=VECTOR('',#13603,10.);
#3684=VECTOR('',#13606,10.);
#3685=VECTOR('',#13609,10.);
#3686=VECTOR('',#13612,10.);
#3687=VECTOR('',#13615,10.);
#3688=VECTOR('',#13618,10.);
#3689=VECTOR('',#13621,10.);
#3690=VECTOR('',#13624,10.);
#3691=VECTOR('',#13627,10.);
#3692=VECTOR('',#13630,10.);
#3693=VECTOR('',#13633,10.);
#3694=VECTOR('',#13636,10.);
#3695=VECTOR('',#13639,10.);
#3696=VECTOR('',#13642,10.);
#3697=VECTOR('',#13645,10.);
#3698=VECTOR('',#13648,10.);
#3699=VECTOR('',#13651,10.);
#3700=VECTOR('',#13654,10.);
#3701=VECTOR('',#13657,10.);
#3702=VECTOR('',#13660,10.);
#3703=VECTOR('',#13663,10.);
#3704=VECTOR('',#13666,10.);
#3705=VECTOR('',#13669,10.);
#3706=VECTOR('',#13672,10.);
#3707=VECTOR('',#13675,10.);
#3708=VECTOR('',#13678,10.);
#3709=VECTOR('',#13681,10.);
#3710=VECTOR('',#13684,10.);
#3711=VECTOR('',#13687,10.);
#3712=VECTOR('',#13690,10.);
#3713=VECTOR('',#13693,10.);
#3714=VECTOR('',#13696,10.);
#3715=VECTOR('',#13699,10.);
#3716=VECTOR('',#13702,10.);
#3717=VECTOR('',#13705,10.);
#3718=VECTOR('',#13708,10.);
#3719=VECTOR('',#13711,10.);
#3720=VECTOR('',#13714,10.);
#3721=VECTOR('',#13717,10.);
#3722=VECTOR('',#13720,10.);
#3723=VECTOR('',#13723,10.);
#3724=VECTOR('',#13726,10.);
#3725=VECTOR('',#13729,10.);
#3726=VECTOR('',#13732,10.);
#3727=VECTOR('',#13735,10.);
#3728=VECTOR('',#13738,10.);
#3729=VECTOR('',#13741,10.);
#3730=VECTOR('',#13744,10.);
#3731=VECTOR('',#13747,10.);
#3732=VECTOR('',#13750,10.);
#3733=VECTOR('',#13753,10.);
#3734=VECTOR('',#13756,10.);
#3735=VECTOR('',#13759,10.);
#3736=VECTOR('',#13762,10.);
#3737=VECTOR('',#13765,10.);
#3738=VECTOR('',#13768,10.);
#3739=VECTOR('',#13771,10.);
#3740=VECTOR('',#13774,10.);
#3741=VECTOR('',#13777,10.);
#3742=VECTOR('',#13780,10.);
#3743=VECTOR('',#13783,10.);
#3744=VECTOR('',#13786,10.);
#3745=VECTOR('',#13789,10.);
#3746=VECTOR('',#13792,10.);
#3747=VECTOR('',#13795,10.);
#3748=VECTOR('',#13798,10.);
#3749=VECTOR('',#13801,10.);
#3750=VECTOR('',#13804,10.);
#3751=VECTOR('',#13807,10.);
#3752=VECTOR('',#13810,10.);
#3753=VECTOR('',#13813,10.);
#3754=VECTOR('',#13816,10.);
#3755=VECTOR('',#13819,10.);
#3756=VECTOR('',#13822,10.);
#3757=VECTOR('',#13825,10.);
#3758=VECTOR('',#13828,10.);
#3759=VECTOR('',#13831,10.);
#3760=VECTOR('',#13834,10.);
#3761=VECTOR('',#13837,10.);
#3762=VECTOR('',#13840,10.);
#3763=VECTOR('',#13843,10.);
#3764=VECTOR('',#13846,10.);
#3765=VECTOR('',#13849,10.);
#3766=VECTOR('',#13852,10.);
#3767=VECTOR('',#13855,10.);
#3768=VECTOR('',#13858,10.);
#3769=VECTOR('',#13861,10.);
#3770=VECTOR('',#13864,10.);
#3771=VECTOR('',#13867,10.);
#3772=VECTOR('',#13870,10.);
#3773=VECTOR('',#13873,10.);
#3774=VECTOR('',#13876,10.);
#3775=VECTOR('',#13879,10.);
#3776=VECTOR('',#13882,10.);
#3777=VECTOR('',#13885,10.);
#3778=VECTOR('',#13888,10.);
#3779=VECTOR('',#13891,10.);
#3780=VECTOR('',#13894,10.);
#3781=VECTOR('',#13897,10.);
#3782=VECTOR('',#13900,10.);
#3783=VECTOR('',#13903,10.);
#3784=VECTOR('',#13906,10.);
#3785=VECTOR('',#13909,10.);
#3786=VECTOR('',#13912,10.);
#3787=VECTOR('',#13915,10.);
#3788=VECTOR('',#13918,10.);
#3789=VECTOR('',#13921,10.);
#3790=VECTOR('',#13924,10.);
#3791=VECTOR('',#13927,10.);
#3792=VECTOR('',#13930,10.);
#3793=VECTOR('',#13933,10.);
#3794=VECTOR('',#13936,10.);
#3795=VECTOR('',#13939,10.);
#3796=VECTOR('',#13942,10.);
#3797=VECTOR('',#13945,10.);
#3798=VECTOR('',#13948,10.);
#3799=VECTOR('',#13951,10.);
#3800=VECTOR('',#13954,10.);
#3801=VECTOR('',#13957,10.);
#3802=VECTOR('',#13960,10.);
#3803=VECTOR('',#13963,10.);
#3804=VECTOR('',#13966,10.);
#3805=VECTOR('',#13969,10.);
#3806=VECTOR('',#13972,10.);
#3807=VECTOR('',#13975,10.);
#3808=VECTOR('',#13978,10.);
#3809=VECTOR('',#13981,10.);
#3810=VECTOR('',#13984,10.);
#3811=VECTOR('',#13987,10.);
#3812=VECTOR('',#13990,10.);
#3813=VECTOR('',#13993,10.);
#3814=VECTOR('',#13998,10.);
#3815=VECTOR('',#14001,10.);
#3816=VECTOR('',#14004,10.);
#3817=VECTOR('',#14007,10.);
#3818=VECTOR('',#14010,10.);
#3819=VECTOR('',#14013,10.);
#3820=VECTOR('',#14016,10.);
#3821=VECTOR('',#14019,10.);
#3822=VECTOR('',#14020,10.);
#3823=VECTOR('',#14023,10.);
#3824=VECTOR('',#14026,10.);
#3825=VECTOR('',#14029,10.);
#3826=VECTOR('',#14032,10.);
#3827=VECTOR('',#14035,10.);
#3828=VECTOR('',#14038,10.);
#3829=VECTOR('',#14041,10.);
#3830=VECTOR('',#14044,10.);
#3831=VECTOR('',#14047,10.);
#3832=VECTOR('',#14050,10.);
#3833=VECTOR('',#14053,10.);
#3834=VECTOR('',#14056,10.);
#3835=VECTOR('',#14059,10.);
#3836=VECTOR('',#14062,10.);
#3837=VECTOR('',#14065,10.);
#3838=VECTOR('',#14068,10.);
#3839=VECTOR('',#14071,10.);
#3840=VECTOR('',#14074,10.);
#3841=VECTOR('',#14077,10.);
#3842=VECTOR('',#14080,10.);
#3843=VECTOR('',#14083,10.);
#3844=VECTOR('',#14086,10.);
#3845=VECTOR('',#14089,10.);
#3846=VECTOR('',#14092,10.);
#3847=VECTOR('',#14095,10.);
#3848=VECTOR('',#14098,10.);
#3849=VECTOR('',#14101,10.);
#3850=VECTOR('',#14104,10.);
#3851=VECTOR('',#14107,10.);
#3852=VECTOR('',#14110,10.);
#3853=VECTOR('',#14113,10.);
#3854=VECTOR('',#14116,10.);
#3855=VECTOR('',#14119,10.);
#3856=VECTOR('',#14122,10.);
#3857=VECTOR('',#14125,10.);
#3858=VECTOR('',#14128,10.);
#3859=VECTOR('',#14131,10.);
#3860=VECTOR('',#14134,10.);
#3861=VECTOR('',#14137,10.);
#3862=VECTOR('',#14140,10.);
#3863=VECTOR('',#14143,10.);
#3864=VECTOR('',#14146,10.);
#3865=VECTOR('',#14149,10.);
#3866=VECTOR('',#14152,10.);
#3867=VECTOR('',#14155,10.);
#3868=VECTOR('',#14158,10.);
#3869=VECTOR('',#14161,10.);
#3870=VECTOR('',#14164,10.);
#3871=VECTOR('',#14167,10.);
#3872=VECTOR('',#14170,10.);
#3873=VECTOR('',#14173,10.);
#3874=VECTOR('',#14176,10.);
#3875=VECTOR('',#14179,10.);
#3876=VECTOR('',#14182,10.);
#3877=VECTOR('',#14185,10.);
#3878=VECTOR('',#14188,10.);
#3879=VECTOR('',#14191,10.);
#3880=VECTOR('',#14194,10.);
#3881=VECTOR('',#14197,10.);
#3882=VECTOR('',#14200,10.);
#3883=VECTOR('',#14203,10.);
#3884=VECTOR('',#14206,10.);
#3885=VECTOR('',#14209,10.);
#3886=VECTOR('',#14214,10.);
#3887=VECTOR('',#14217,10.);
#3888=VECTOR('',#14220,10.);
#3889=VECTOR('',#14223,10.);
#3890=VECTOR('',#14226,10.);
#3891=VECTOR('',#14229,10.);
#3892=VECTOR('',#14232,10.);
#3893=VECTOR('',#14235,10.);
#3894=VECTOR('',#14238,10.);
#3895=VECTOR('',#14241,10.);
#3896=VECTOR('',#14244,10.);
#3897=VECTOR('',#14247,10.);
#3898=VECTOR('',#14250,10.);
#3899=VECTOR('',#14253,10.);
#3900=VECTOR('',#14256,10.);
#3901=VECTOR('',#14259,10.);
#3902=VECTOR('',#14262,10.);
#3903=VECTOR('',#14265,10.);
#3904=VECTOR('',#14268,10.);
#3905=VECTOR('',#14271,10.);
#3906=VECTOR('',#14274,10.);
#3907=VECTOR('',#14277,10.);
#3908=VECTOR('',#14280,10.);
#3909=VECTOR('',#14283,10.);
#3910=VECTOR('',#14286,10.);
#3911=VECTOR('',#14289,10.);
#3912=VECTOR('',#14292,10.);
#3913=VECTOR('',#14295,10.);
#3914=VECTOR('',#14298,10.);
#3915=VECTOR('',#14301,10.);
#3916=VECTOR('',#14304,10.);
#3917=VECTOR('',#14307,10.);
#3918=VECTOR('',#14310,10.);
#3919=VECTOR('',#14313,10.);
#3920=VECTOR('',#14316,10.);
#3921=VECTOR('',#14319,10.);
#3922=VECTOR('',#14322,10.);
#3923=VECTOR('',#14325,10.);
#3924=VECTOR('',#14328,10.);
#3925=VECTOR('',#14331,10.);
#3926=VECTOR('',#14334,10.);
#3927=VECTOR('',#14337,10.);
#3928=VECTOR('',#14340,10.);
#3929=VECTOR('',#14343,10.);
#3930=VECTOR('',#14346,10.);
#3931=VECTOR('',#14349,10.);
#3932=VECTOR('',#14352,10.);
#3933=VECTOR('',#14355,10.);
#3934=VECTOR('',#14358,10.);
#3935=VECTOR('',#14361,10.);
#3936=VECTOR('',#14364,10.);
#3937=VECTOR('',#14367,10.);
#3938=VECTOR('',#14370,10.);
#3939=VECTOR('',#14373,10.);
#3940=VECTOR('',#14376,10.);
#3941=VECTOR('',#14379,10.);
#3942=VECTOR('',#14382,10.);
#3943=VECTOR('',#14385,10.);
#3944=VECTOR('',#14388,10.);
#3945=VECTOR('',#14391,10.);
#3946=VECTOR('',#14394,10.);
#3947=VECTOR('',#14397,10.);
#3948=VECTOR('',#14400,10.);
#3949=VECTOR('',#14403,10.);
#3950=VECTOR('',#14406,10.);
#3951=VECTOR('',#14409,10.);
#3952=VECTOR('',#14412,10.);
#3953=VECTOR('',#14415,10.);
#3954=VECTOR('',#14418,10.);
#3955=VECTOR('',#14421,10.);
#3956=VECTOR('',#14424,10.);
#3957=VECTOR('',#14427,10.);
#3958=VECTOR('',#14430,10.);
#3959=VECTOR('',#14433,10.);
#3960=VECTOR('',#14436,10.);
#3961=VECTOR('',#14439,10.);
#3962=VECTOR('',#14442,10.);
#3963=VECTOR('',#14445,10.);
#3964=VECTOR('',#14448,10.);
#3965=VECTOR('',#14451,10.);
#3966=VECTOR('',#14454,10.);
#3967=VECTOR('',#14457,10.);
#3968=VECTOR('',#14460,10.);
#3969=VECTOR('',#14463,10.);
#3970=VECTOR('',#14466,10.);
#3971=VECTOR('',#14471,10.);
#3972=VECTOR('',#14474,10.);
#3973=VECTOR('',#14477,10.);
#3974=VECTOR('',#14480,10.);
#3975=VECTOR('',#14483,10.);
#3976=VECTOR('',#14486,10.);
#3977=VECTOR('',#14489,10.);
#3978=VECTOR('',#14492,10.);
#3979=VECTOR('',#14493,10.);
#3980=VECTOR('',#14496,10.);
#3981=VECTOR('',#14499,10.);
#3982=VECTOR('',#14502,10.);
#3983=VECTOR('',#14505,10.);
#3984=VECTOR('',#14508,10.);
#3985=VECTOR('',#14511,10.);
#3986=VECTOR('',#14514,10.);
#3987=VECTOR('',#14517,10.);
#3988=VECTOR('',#14520,10.);
#3989=VECTOR('',#14523,10.);
#3990=VECTOR('',#14526,10.);
#3991=VECTOR('',#14529,10.);
#3992=VECTOR('',#14532,10.);
#3993=VECTOR('',#14535,10.);
#3994=VECTOR('',#14538,10.);
#3995=VECTOR('',#14541,10.);
#3996=VECTOR('',#14544,10.);
#3997=VECTOR('',#14547,10.);
#3998=VECTOR('',#14550,10.);
#3999=VECTOR('',#14553,10.);
#4000=VECTOR('',#14556,10.);
#4001=VECTOR('',#14559,10.);
#4002=VECTOR('',#14562,10.);
#4003=VECTOR('',#14565,10.);
#4004=VECTOR('',#14568,10.);
#4005=VECTOR('',#14571,10.);
#4006=VECTOR('',#14574,10.);
#4007=VECTOR('',#14577,10.);
#4008=VECTOR('',#14580,10.);
#4009=VECTOR('',#14583,10.);
#4010=VECTOR('',#14586,10.);
#4011=VECTOR('',#14589,10.);
#4012=VECTOR('',#14592,10.);
#4013=VECTOR('',#14595,10.);
#4014=VECTOR('',#14598,10.);
#4015=VECTOR('',#14601,10.);
#4016=VECTOR('',#14604,10.);
#4017=VECTOR('',#14607,10.);
#4018=VECTOR('',#14610,10.);
#4019=VECTOR('',#14613,10.);
#4020=VECTOR('',#14616,10.);
#4021=VECTOR('',#14619,10.);
#4022=VECTOR('',#14622,10.);
#4023=VECTOR('',#14625,10.);
#4024=VECTOR('',#14628,10.);
#4025=VECTOR('',#14631,10.);
#4026=VECTOR('',#14634,10.);
#4027=VECTOR('',#14637,10.);
#4028=VECTOR('',#14640,10.);
#4029=VECTOR('',#14643,10.);
#4030=VECTOR('',#14646,10.);
#4031=VECTOR('',#14649,10.);
#4032=VECTOR('',#14652,10.);
#4033=VECTOR('',#14655,10.);
#4034=VECTOR('',#14658,10.);
#4035=VECTOR('',#14663,10.);
#4036=VECTOR('',#14666,10.);
#4037=VECTOR('',#14669,10.);
#4038=VECTOR('',#14672,10.);
#4039=VECTOR('',#14675,10.);
#4040=VECTOR('',#14678,10.);
#4041=VECTOR('',#14681,10.);
#4042=VECTOR('',#14684,10.);
#4043=VECTOR('',#14685,10.);
#4044=VECTOR('',#14688,10.);
#4045=VECTOR('',#14691,10.);
#4046=VECTOR('',#14694,10.);
#4047=VECTOR('',#14697,10.);
#4048=VECTOR('',#14700,10.);
#4049=VECTOR('',#14703,10.);
#4050=VECTOR('',#14706,10.);
#4051=VECTOR('',#14709,10.);
#4052=VECTOR('',#14712,10.);
#4053=VECTOR('',#14715,10.);
#4054=VECTOR('',#14718,10.);
#4055=VECTOR('',#14721,10.);
#4056=VECTOR('',#14724,10.);
#4057=VECTOR('',#14727,10.);
#4058=VECTOR('',#14730,10.);
#4059=VECTOR('',#14733,10.);
#4060=VECTOR('',#14736,10.);
#4061=VECTOR('',#14739,10.);
#4062=VECTOR('',#14742,10.);
#4063=VECTOR('',#14745,10.);
#4064=VECTOR('',#14748,10.);
#4065=VECTOR('',#14751,10.);
#4066=VECTOR('',#14754,10.);
#4067=VECTOR('',#14757,10.);
#4068=VECTOR('',#14760,10.);
#4069=VECTOR('',#14763,10.);
#4070=VECTOR('',#14766,10.);
#4071=VECTOR('',#14769,10.);
#4072=VECTOR('',#14772,10.);
#4073=VECTOR('',#14775,10.);
#4074=VECTOR('',#14778,10.);
#4075=VECTOR('',#14783,10.);
#4076=VECTOR('',#14786,10.);
#4077=VECTOR('',#14789,10.);
#4078=VECTOR('',#14792,10.);
#4079=VECTOR('',#14793,10.);
#4080=VECTOR('',#14796,10.);
#4081=VECTOR('',#14799,10.);
#4082=VECTOR('',#14802,10.);
#4083=VECTOR('',#14805,10.);
#4084=VECTOR('',#14808,10.);
#4085=VECTOR('',#14811,10.);
#4086=VECTOR('',#14814,10.);
#4087=VECTOR('',#14817,10.);
#4088=VECTOR('',#14820,10.);
#4089=VECTOR('',#14823,10.);
#4090=VECTOR('',#14826,10.);
#4091=VECTOR('',#14831,10.);
#4092=VECTOR('',#14834,10.);
#4093=VECTOR('',#14837,10.);
#4094=VECTOR('',#14840,10.);
#4095=VECTOR('',#14841,10.);
#4096=VECTOR('',#14844,10.);
#4097=VECTOR('',#14847,10.);
#4098=VECTOR('',#14850,10.);
#4099=VECTOR('',#14853,10.);
#4100=VECTOR('',#14856,10.);
#4101=VECTOR('',#14859,10.);
#4102=VECTOR('',#14862,10.);
#4103=VECTOR('',#14865,10.);
#4104=VECTOR('',#14868,10.);
#4105=VECTOR('',#14871,10.);
#4106=VECTOR('',#14874,10.);
#4107=VECTOR('',#14877,10.);
#4108=VECTOR('',#14880,10.);
#4109=VECTOR('',#14883,10.);
#4110=VECTOR('',#14886,10.);
#4111=VECTOR('',#14889,10.);
#4112=VECTOR('',#14892,10.);
#4113=VECTOR('',#14895,10.);
#4114=VECTOR('',#14898,10.);
#4115=VECTOR('',#14901,10.);
#4116=VECTOR('',#14904,10.);
#4117=VECTOR('',#14907,10.);
#4118=VECTOR('',#14910,10.);
#4119=VECTOR('',#14913,10.);
#4120=VECTOR('',#14916,10.);
#4121=VECTOR('',#14919,10.);
#4122=VECTOR('',#14922,10.);
#4123=VECTOR('',#14925,10.);
#4124=VECTOR('',#14928,10.);
#4125=VECTOR('',#14931,10.);
#4126=VECTOR('',#14934,10.);
#4127=VECTOR('',#14937,10.);
#4128=VECTOR('',#14940,10.);
#4129=VECTOR('',#14943,10.);
#4130=VECTOR('',#14946,10.);
#4131=VECTOR('',#14949,10.);
#4132=VECTOR('',#14952,10.);
#4133=VECTOR('',#14955,10.);
#4134=VECTOR('',#14958,10.);
#4135=VECTOR('',#14961,10.);
#4136=VECTOR('',#14964,10.);
#4137=VECTOR('',#14967,10.);
#4138=VECTOR('',#14970,10.);
#4139=VECTOR('',#14975,10.);
#4140=VECTOR('',#14976,10.);
#4141=VECTOR('',#14979,10.);
#4142=VECTOR('',#14982,10.);
#4143=VECTOR('',#14985,10.);
#4144=VECTOR('',#14986,10.);
#4145=VECTOR('',#14989,10.);
#4146=VECTOR('',#14992,10.);
#4147=VECTOR('',#14995,10.);
#4148=VECTOR('',#14996,10.);
#4149=VECTOR('',#14999,10.);
#4150=VECTOR('',#15002,10.);
#4151=VECTOR('',#15005,10.);
#4152=VECTOR('',#15006,10.);
#4153=VECTOR('',#15009,10.);
#4154=VECTOR('',#15012,10.);
#4155=VECTOR('',#15015,10.);
#4156=VECTOR('',#15016,10.);
#4157=VECTOR('',#15019,10.);
#4158=VECTOR('',#15022,10.);
#4159=VECTOR('',#15025,10.);
#4160=VECTOR('',#15026,10.);
#4161=VECTOR('',#15029,10.);
#4162=VECTOR('',#15032,10.);
#4163=VECTOR('',#15035,10.);
#4164=VECTOR('',#15036,10.);
#4165=VECTOR('',#15039,10.);
#4166=VECTOR('',#15042,10.);
#4167=VECTOR('',#15045,10.);
#4168=VECTOR('',#15046,10.);
#4169=VECTOR('',#15049,10.);
#4170=VECTOR('',#15052,10.);
#4171=VECTOR('',#15055,10.);
#4172=VECTOR('',#15056,10.);
#4173=VECTOR('',#15059,10.);
#4174=VECTOR('',#15062,10.);
#4175=VECTOR('',#15065,10.);
#4176=VECTOR('',#15066,10.);
#4177=VECTOR('',#15069,10.);
#4178=VECTOR('',#15072,10.);
#4179=VECTOR('',#15075,10.);
#4180=VECTOR('',#15076,10.);
#4181=VECTOR('',#15079,10.);
#4182=VECTOR('',#15082,10.);
#4183=VECTOR('',#15085,10.);
#4184=VECTOR('',#15086,10.);
#4185=VECTOR('',#15089,10.);
#4186=VECTOR('',#15092,10.);
#4187=VECTOR('',#15095,10.);
#4188=VECTOR('',#15096,10.);
#4189=VECTOR('',#15099,10.);
#4190=VECTOR('',#15102,10.);
#4191=VECTOR('',#15105,10.);
#4192=VECTOR('',#15106,10.);
#4193=VECTOR('',#15109,10.);
#4194=VECTOR('',#15112,10.);
#4195=VECTOR('',#15115,10.);
#4196=VECTOR('',#15116,10.);
#4197=VECTOR('',#15119,10.);
#4198=VECTOR('',#15122,10.);
#4199=VECTOR('',#15125,10.);
#4200=VECTOR('',#15126,10.);
#4201=VECTOR('',#15129,10.);
#4202=VECTOR('',#15132,10.);
#4203=VECTOR('',#15135,10.);
#4204=VECTOR('',#15136,10.);
#4205=VECTOR('',#15139,10.);
#4206=VECTOR('',#15142,10.);
#4207=VECTOR('',#15145,10.);
#4208=VECTOR('',#15146,10.);
#4209=VECTOR('',#15149,10.);
#4210=VECTOR('',#15152,10.);
#4211=VECTOR('',#15155,10.);
#4212=VECTOR('',#15156,10.);
#4213=VECTOR('',#15159,10.);
#4214=VECTOR('',#15162,10.);
#4215=VECTOR('',#15165,10.);
#4216=VECTOR('',#15166,10.);
#4217=VECTOR('',#15169,10.);
#4218=VECTOR('',#15172,10.);
#4219=VECTOR('',#15175,10.);
#4220=VECTOR('',#15176,10.);
#4221=VECTOR('',#15179,10.);
#4222=VECTOR('',#15182,10.);
#4223=VECTOR('',#15185,10.);
#4224=VECTOR('',#15186,10.);
#4225=VECTOR('',#15189,10.);
#4226=VECTOR('',#15192,10.);
#4227=VECTOR('',#15195,10.);
#4228=VECTOR('',#15196,10.);
#4229=VECTOR('',#15199,10.);
#4230=VECTOR('',#15202,10.);
#4231=VECTOR('',#15205,10.);
#4232=VECTOR('',#15206,10.);
#4233=VECTOR('',#15209,10.);
#4234=VECTOR('',#15212,10.);
#4235=VECTOR('',#15215,10.);
#4236=VECTOR('',#15216,10.);
#4237=VECTOR('',#15219,10.);
#4238=VECTOR('',#15222,10.);
#4239=VECTOR('',#15225,10.);
#4240=VECTOR('',#15226,10.);
#4241=VECTOR('',#15229,10.);
#4242=VECTOR('',#15232,10.);
#4243=VECTOR('',#15235,10.);
#4244=VECTOR('',#15236,10.);
#4245=VECTOR('',#15239,10.);
#4246=VECTOR('',#15242,10.);
#4247=VECTOR('',#15243,10.);
#4248=VECTOR('',#15246,10.);
#4249=VECTOR('',#15249,10.);
#4250=VECTOR('',#15252,10.);
#4251=VECTOR('',#15309,10.);
#4252=VECTOR('',#15310,10.);
#4253=VECTOR('',#15313,10.);
#4254=VECTOR('',#15316,10.);
#4255=VECTOR('',#15319,10.);
#4256=VECTOR('',#15320,10.);
#4257=VECTOR('',#15323,10.);
#4258=VECTOR('',#15326,10.);
#4259=VECTOR('',#15329,10.);
#4260=VECTOR('',#15330,10.);
#4261=VECTOR('',#15333,10.);
#4262=VECTOR('',#15336,10.);
#4263=VECTOR('',#15339,10.);
#4264=VECTOR('',#15340,10.);
#4265=VECTOR('',#15343,10.);
#4266=VECTOR('',#15346,10.);
#4267=VECTOR('',#15349,10.);
#4268=VECTOR('',#15350,10.);
#4269=VECTOR('',#15353,10.);
#4270=VECTOR('',#15356,10.);
#4271=VECTOR('',#15359,10.);
#4272=VECTOR('',#15360,10.);
#4273=VECTOR('',#15363,10.);
#4274=VECTOR('',#15366,10.);
#4275=VECTOR('',#15369,10.);
#4276=VECTOR('',#15370,10.);
#4277=VECTOR('',#15373,10.);
#4278=VECTOR('',#15376,10.);
#4279=VECTOR('',#15379,10.);
#4280=VECTOR('',#15380,10.);
#4281=VECTOR('',#15383,10.);
#4282=VECTOR('',#15386,10.);
#4283=VECTOR('',#15389,10.);
#4284=VECTOR('',#15390,10.);
#4285=VECTOR('',#15393,10.);
#4286=VECTOR('',#15396,10.);
#4287=VECTOR('',#15399,10.);
#4288=VECTOR('',#15400,10.);
#4289=VECTOR('',#15403,10.);
#4290=VECTOR('',#15406,10.);
#4291=VECTOR('',#15409,10.);
#4292=VECTOR('',#15410,10.);
#4293=VECTOR('',#15413,10.);
#4294=VECTOR('',#15416,10.);
#4295=VECTOR('',#15419,10.);
#4296=VECTOR('',#15420,10.);
#4297=VECTOR('',#15423,10.);
#4298=VECTOR('',#15426,10.);
#4299=VECTOR('',#15429,10.);
#4300=VECTOR('',#15430,10.);
#4301=VECTOR('',#15433,10.);
#4302=VECTOR('',#15436,10.);
#4303=VECTOR('',#15439,10.);
#4304=VECTOR('',#15440,10.);
#4305=VECTOR('',#15443,10.);
#4306=VECTOR('',#15446,10.);
#4307=VECTOR('',#15449,10.);
#4308=VECTOR('',#15450,10.);
#4309=VECTOR('',#15453,10.);
#4310=VECTOR('',#15456,10.);
#4311=VECTOR('',#15459,10.);
#4312=VECTOR('',#15460,10.);
#4313=VECTOR('',#15463,10.);
#4314=VECTOR('',#15466,10.);
#4315=VECTOR('',#15469,10.);
#4316=VECTOR('',#15470,10.);
#4317=VECTOR('',#15473,10.);
#4318=VECTOR('',#15476,10.);
#4319=VECTOR('',#15479,10.);
#4320=VECTOR('',#15480,10.);
#4321=VECTOR('',#15483,10.);
#4322=VECTOR('',#15486,10.);
#4323=VECTOR('',#15489,10.);
#4324=VECTOR('',#15490,10.);
#4325=VECTOR('',#15493,10.);
#4326=VECTOR('',#15496,10.);
#4327=VECTOR('',#15499,10.);
#4328=VECTOR('',#15500,10.);
#4329=VECTOR('',#15503,10.);
#4330=VECTOR('',#15506,10.);
#4331=VECTOR('',#15509,10.);
#4332=VECTOR('',#15510,10.);
#4333=VECTOR('',#15513,10.);
#4334=VECTOR('',#15516,10.);
#4335=VECTOR('',#15519,10.);
#4336=VECTOR('',#15520,10.);
#4337=VECTOR('',#15523,10.);
#4338=VECTOR('',#15526,10.);
#4339=VECTOR('',#15529,10.);
#4340=VECTOR('',#15530,10.);
#4341=VECTOR('',#15533,10.);
#4342=VECTOR('',#15536,10.);
#4343=VECTOR('',#15539,10.);
#4344=VECTOR('',#15540,10.);
#4345=VECTOR('',#15543,10.);
#4346=VECTOR('',#15546,10.);
#4347=VECTOR('',#15549,10.);
#4348=VECTOR('',#15550,10.);
#4349=VECTOR('',#15553,10.);
#4350=VECTOR('',#15556,10.);
#4351=VECTOR('',#15557,10.);
#4352=VECTOR('',#15560,10.);
#4353=VECTOR('',#15563,10.);
#4354=VECTOR('',#15566,10.);
#4355=VECTOR('',#15619,10.);
#4356=VECTOR('',#15620,10.);
#4357=VECTOR('',#15623,10.);
#4358=VECTOR('',#15626,10.);
#4359=VECTOR('',#15629,10.);
#4360=VECTOR('',#15630,10.);
#4361=VECTOR('',#15633,10.);
#4362=VECTOR('',#15636,10.);
#4363=VECTOR('',#15639,10.);
#4364=VECTOR('',#15640,10.);
#4365=VECTOR('',#15643,10.);
#4366=VECTOR('',#15646,10.);
#4367=VECTOR('',#15649,10.);
#4368=VECTOR('',#15650,10.);
#4369=VECTOR('',#15653,10.);
#4370=VECTOR('',#15656,10.);
#4371=VECTOR('',#15659,10.);
#4372=VECTOR('',#15660,10.);
#4373=VECTOR('',#15663,10.);
#4374=VECTOR('',#15666,10.);
#4375=VECTOR('',#15669,10.);
#4376=VECTOR('',#15670,10.);
#4377=VECTOR('',#15673,10.);
#4378=VECTOR('',#15676,10.);
#4379=VECTOR('',#15679,10.);
#4380=VECTOR('',#15680,10.);
#4381=VECTOR('',#15683,10.);
#4382=VECTOR('',#15686,10.);
#4383=VECTOR('',#15689,10.);
#4384=VECTOR('',#15690,10.);
#4385=VECTOR('',#15693,10.);
#4386=VECTOR('',#15696,10.);
#4387=VECTOR('',#15699,10.);
#4388=VECTOR('',#15700,10.);
#4389=VECTOR('',#15703,10.);
#4390=VECTOR('',#15706,10.);
#4391=VECTOR('',#15709,10.);
#4392=VECTOR('',#15710,10.);
#4393=VECTOR('',#15713,10.);
#4394=VECTOR('',#15716,10.);
#4395=VECTOR('',#15719,10.);
#4396=VECTOR('',#15720,10.);
#4397=VECTOR('',#15723,10.);
#4398=VECTOR('',#15726,10.);
#4399=VECTOR('',#15729,10.);
#4400=VECTOR('',#15730,10.);
#4401=VECTOR('',#15733,10.);
#4402=VECTOR('',#15736,10.);
#4403=VECTOR('',#15739,10.);
#4404=VECTOR('',#15740,10.);
#4405=VECTOR('',#15743,10.);
#4406=VECTOR('',#15746,10.);
#4407=VECTOR('',#15749,10.);
#4408=VECTOR('',#15750,10.);
#4409=VECTOR('',#15753,10.);
#4410=VECTOR('',#15756,10.);
#4411=VECTOR('',#15759,10.);
#4412=VECTOR('',#15760,10.);
#4413=VECTOR('',#15763,10.);
#4414=VECTOR('',#15766,10.);
#4415=VECTOR('',#15769,10.);
#4416=VECTOR('',#15770,10.);
#4417=VECTOR('',#15773,10.);
#4418=VECTOR('',#15776,10.);
#4419=VECTOR('',#15779,10.);
#4420=VECTOR('',#15780,10.);
#4421=VECTOR('',#15783,10.);
#4422=VECTOR('',#15786,10.);
#4423=VECTOR('',#15789,10.);
#4424=VECTOR('',#15790,10.);
#4425=VECTOR('',#15793,10.);
#4426=VECTOR('',#15796,10.);
#4427=VECTOR('',#15799,10.);
#4428=VECTOR('',#15800,10.);
#4429=VECTOR('',#15803,10.);
#4430=VECTOR('',#15806,10.);
#4431=VECTOR('',#15809,10.);
#4432=VECTOR('',#15810,10.);
#4433=VECTOR('',#15813,10.);
#4434=VECTOR('',#15816,10.);
#4435=VECTOR('',#15819,10.);
#4436=VECTOR('',#15820,10.);
#4437=VECTOR('',#15823,10.);
#4438=VECTOR('',#15826,10.);
#4439=VECTOR('',#15829,10.);
#4440=VECTOR('',#15830,10.);
#4441=VECTOR('',#15833,10.);
#4442=VECTOR('',#15836,10.);
#4443=VECTOR('',#15839,10.);
#4444=VECTOR('',#15840,10.);
#4445=VECTOR('',#15843,10.);
#4446=VECTOR('',#15846,10.);
#4447=VECTOR('',#15847,10.);
#4448=VECTOR('',#15850,10.);
#4449=VECTOR('',#15853,10.);
#4450=VECTOR('',#15856,10.);
#4451=VECTOR('',#15905,10.);
#4452=VECTOR('',#15906,10.);
#4453=VECTOR('',#15909,10.);
#4454=VECTOR('',#15912,10.);
#4455=VECTOR('',#15915,10.);
#4456=VECTOR('',#15916,10.);
#4457=VECTOR('',#15919,10.);
#4458=VECTOR('',#15922,10.);
#4459=VECTOR('',#15925,10.);
#4460=VECTOR('',#15926,10.);
#4461=VECTOR('',#15929,10.);
#4462=VECTOR('',#15932,10.);
#4463=VECTOR('',#15935,10.);
#4464=VECTOR('',#15936,10.);
#4465=VECTOR('',#15939,10.);
#4466=VECTOR('',#15942,10.);
#4467=VECTOR('',#15945,10.);
#4468=VECTOR('',#15946,10.);
#4469=VECTOR('',#15949,10.);
#4470=VECTOR('',#15952,10.);
#4471=VECTOR('',#15955,10.);
#4472=VECTOR('',#15956,10.);
#4473=VECTOR('',#15959,10.);
#4474=VECTOR('',#15962,10.);
#4475=VECTOR('',#15965,10.);
#4476=VECTOR('',#15966,10.);
#4477=VECTOR('',#15969,10.);
#4478=VECTOR('',#15972,10.);
#4479=VECTOR('',#15975,10.);
#4480=VECTOR('',#15976,10.);
#4481=VECTOR('',#15979,10.);
#4482=VECTOR('',#15982,10.);
#4483=VECTOR('',#15985,10.);
#4484=VECTOR('',#15986,10.);
#4485=VECTOR('',#15989,10.);
#4486=VECTOR('',#15992,10.);
#4487=VECTOR('',#15995,10.);
#4488=VECTOR('',#15996,10.);
#4489=VECTOR('',#15999,10.);
#4490=VECTOR('',#16002,10.);
#4491=VECTOR('',#16005,10.);
#4492=VECTOR('',#16006,10.);
#4493=VECTOR('',#16009,10.);
#4494=VECTOR('',#16012,10.);
#4495=VECTOR('',#16015,10.);
#4496=VECTOR('',#16016,10.);
#4497=VECTOR('',#16019,10.);
#4498=VECTOR('',#16022,10.);
#4499=VECTOR('',#16025,10.);
#4500=VECTOR('',#16026,10.);
#4501=VECTOR('',#16029,10.);
#4502=VECTOR('',#16032,10.);
#4503=VECTOR('',#16035,10.);
#4504=VECTOR('',#16036,10.);
#4505=VECTOR('',#16039,10.);
#4506=VECTOR('',#16042,10.);
#4507=VECTOR('',#16045,10.);
#4508=VECTOR('',#16046,10.);
#4509=VECTOR('',#16049,10.);
#4510=VECTOR('',#16052,10.);
#4511=VECTOR('',#16053,10.);
#4512=VECTOR('',#16056,10.);
#4513=VECTOR('',#16059,10.);
#4514=VECTOR('',#16062,10.);
#4515=VECTOR('',#16095,10.);
#4516=VECTOR('',#16096,10.);
#4517=VECTOR('',#16099,10.);
#4518=VECTOR('',#16102,10.);
#4519=VECTOR('',#16105,10.);
#4520=VECTOR('',#16108,10.);
#4521=VECTOR('',#16111,10.);
#4522=VECTOR('',#16114,10.);
#4523=VECTOR('',#16125,10.);
#4524=VECTOR('',#16126,10.);
#4525=VECTOR('',#16129,10.);
#4526=VECTOR('',#16132,10.);
#4527=VECTOR('',#16135,10.);
#4528=VECTOR('',#16138,10.);
#4529=VECTOR('',#16141,10.);
#4530=VECTOR('',#16144,10.);
#4531=VECTOR('',#16151,10.);
#4532=VECTOR('',#16152,10.);
#4533=VECTOR('',#16155,10.);
#4534=VECTOR('',#16158,10.);
#4535=VECTOR('',#16161,10.);
#4536=VECTOR('',#16164,10.);
#4537=VECTOR('',#16167,10.);
#4538=VECTOR('',#16170,10.);
#4539=VECTOR('',#16175,10.);
#4540=VECTOR('',#16176,10.);
#4541=VECTOR('',#16179,10.);
#4542=VECTOR('',#16182,10.);
#4543=VECTOR('',#16185,10.);
#4544=VECTOR('',#16188,10.);
#4545=VECTOR('',#16191,10.);
#4546=VECTOR('',#16194,10.);
#4547=VECTOR('',#16199,10.);
#4548=VECTOR('',#16200,10.);
#4549=VECTOR('',#16203,10.);
#4550=VECTOR('',#16206,10.);
#4551=VECTOR('',#16209,10.);
#4552=VECTOR('',#16212,10.);
#4553=VECTOR('',#16215,10.);
#4554=VECTOR('',#16218,10.);
#4555=VECTOR('',#16223,10.);
#4556=VECTOR('',#16224,10.);
#4557=VECTOR('',#16227,10.);
#4558=VECTOR('',#16230,10.);
#4559=VECTOR('',#16233,10.);
#4560=VECTOR('',#16236,10.);
#4561=VECTOR('',#16239,10.);
#4562=VECTOR('',#16242,10.);
#4563=VECTOR('',#16247,10.);
#4564=VECTOR('',#16248,10.);
#4565=VECTOR('',#16251,10.);
#4566=VECTOR('',#16254,10.);
#4567=VECTOR('',#16257,10.);
#4568=VECTOR('',#16260,10.);
#4569=VECTOR('',#16263,10.);
#4570=VECTOR('',#16266,10.);
#4571=VECTOR('',#16271,10.);
#4572=VECTOR('',#16272,10.);
#4573=VECTOR('',#16275,10.);
#4574=VECTOR('',#16278,10.);
#4575=VECTOR('',#16281,10.);
#4576=VECTOR('',#16284,10.);
#4577=VECTOR('',#16287,10.);
#4578=VECTOR('',#16290,10.);
#4579=VECTOR('',#16295,10.);
#4580=VECTOR('',#16296,10.);
#4581=VECTOR('',#16299,10.);
#4582=VECTOR('',#16302,10.);
#4583=VECTOR('',#16305,10.);
#4584=VECTOR('',#16308,10.);
#4585=VECTOR('',#16311,10.);
#4586=VECTOR('',#16314,10.);
#4587=VECTOR('',#16319,10.);
#4588=VECTOR('',#16320,10.);
#4589=VECTOR('',#16323,10.);
#4590=VECTOR('',#16326,10.);
#4591=VECTOR('',#16329,10.);
#4592=VECTOR('',#16332,10.);
#4593=VECTOR('',#16335,10.);
#4594=VECTOR('',#16338,10.);
#4595=VERTEX_POINT('',#16343);
#4596=VERTEX_POINT('',#16344);
#4597=VERTEX_POINT('',#16346);
#4598=VERTEX_POINT('',#16348);
#4599=VERTEX_POINT('',#16352);
#4600=VERTEX_POINT('',#16354);
#4601=VERTEX_POINT('',#16358);
#4602=VERTEX_POINT('',#16360);
#4603=VERTEX_POINT('',#16367);
#4604=VERTEX_POINT('',#16368);
#4605=VERTEX_POINT('',#16370);
#4606=VERTEX_POINT('',#16372);
#4607=VERTEX_POINT('',#16376);
#4608=VERTEX_POINT('',#16378);
#4609=VERTEX_POINT('',#16382);
#4610=VERTEX_POINT('',#16384);
#4611=VERTEX_POINT('',#16388);
#4612=VERTEX_POINT('',#16389);
#4613=VERTEX_POINT('',#16391);
#4614=VERTEX_POINT('',#16393);
#4615=VERTEX_POINT('',#16397);
#4616=VERTEX_POINT('',#16399);
#4617=VERTEX_POINT('',#16403);
#4618=VERTEX_POINT('',#16405);
#4619=VERTEX_POINT('',#16409);
#4620=VERTEX_POINT('',#16410);
#4621=VERTEX_POINT('',#16412);
#4622=VERTEX_POINT('',#16414);
#4623=VERTEX_POINT('',#16418);
#4624=VERTEX_POINT('',#16420);
#4625=VERTEX_POINT('',#16424);
#4626=VERTEX_POINT('',#16426);
#4627=VERTEX_POINT('',#16430);
#4628=VERTEX_POINT('',#16431);
#4629=VERTEX_POINT('',#16433);
#4630=VERTEX_POINT('',#16435);
#4631=VERTEX_POINT('',#16439);
#4632=VERTEX_POINT('',#16441);
#4633=VERTEX_POINT('',#16445);
#4634=VERTEX_POINT('',#16447);
#4635=VERTEX_POINT('',#16451);
#4636=VERTEX_POINT('',#16452);
#4637=VERTEX_POINT('',#16454);
#4638=VERTEX_POINT('',#16456);
#4639=VERTEX_POINT('',#16460);
#4640=VERTEX_POINT('',#16462);
#4641=VERTEX_POINT('',#16466);
#4642=VERTEX_POINT('',#16468);
#4643=VERTEX_POINT('',#16472);
#4644=VERTEX_POINT('',#16473);
#4645=VERTEX_POINT('',#16475);
#4646=VERTEX_POINT('',#16477);
#4647=VERTEX_POINT('',#16481);
#4648=VERTEX_POINT('',#16483);
#4649=VERTEX_POINT('',#16487);
#4650=VERTEX_POINT('',#16489);
#4651=VERTEX_POINT('',#16493);
#4652=VERTEX_POINT('',#16494);
#4653=VERTEX_POINT('',#16496);
#4654=VERTEX_POINT('',#16498);
#4655=VERTEX_POINT('',#16502);
#4656=VERTEX_POINT('',#16504);
#4657=VERTEX_POINT('',#16508);
#4658=VERTEX_POINT('',#16510);
#4659=VERTEX_POINT('',#16514);
#4660=VERTEX_POINT('',#16515);
#4661=VERTEX_POINT('',#16517);
#4662=VERTEX_POINT('',#16519);
#4663=VERTEX_POINT('',#16523);
#4664=VERTEX_POINT('',#16525);
#4665=VERTEX_POINT('',#16529);
#4666=VERTEX_POINT('',#16531);
#4667=VERTEX_POINT('',#16535);
#4668=VERTEX_POINT('',#16536);
#4669=VERTEX_POINT('',#16538);
#4670=VERTEX_POINT('',#16540);
#4671=VERTEX_POINT('',#16544);
#4672=VERTEX_POINT('',#16546);
#4673=VERTEX_POINT('',#16550);
#4674=VERTEX_POINT('',#16552);
#4675=VERTEX_POINT('',#16556);
#4676=VERTEX_POINT('',#16557);
#4677=VERTEX_POINT('',#16559);
#4678=VERTEX_POINT('',#16561);
#4679=VERTEX_POINT('',#16565);
#4680=VERTEX_POINT('',#16567);
#4681=VERTEX_POINT('',#16571);
#4682=VERTEX_POINT('',#16573);
#4683=VERTEX_POINT('',#16577);
#4684=VERTEX_POINT('',#16578);
#4685=VERTEX_POINT('',#16580);
#4686=VERTEX_POINT('',#16582);
#4687=VERTEX_POINT('',#16586);
#4688=VERTEX_POINT('',#16588);
#4689=VERTEX_POINT('',#16592);
#4690=VERTEX_POINT('',#16594);
#4691=VERTEX_POINT('',#16598);
#4692=VERTEX_POINT('',#16599);
#4693=VERTEX_POINT('',#16601);
#4694=VERTEX_POINT('',#16603);
#4695=VERTEX_POINT('',#16607);
#4696=VERTEX_POINT('',#16609);
#4697=VERTEX_POINT('',#16613);
#4698=VERTEX_POINT('',#16615);
#4699=VERTEX_POINT('',#16619);
#4700=VERTEX_POINT('',#16620);
#4701=VERTEX_POINT('',#16622);
#4702=VERTEX_POINT('',#16624);
#4703=VERTEX_POINT('',#16628);
#4704=VERTEX_POINT('',#16630);
#4705=VERTEX_POINT('',#16634);
#4706=VERTEX_POINT('',#16636);
#4707=VERTEX_POINT('',#16640);
#4708=VERTEX_POINT('',#16641);
#4709=VERTEX_POINT('',#16643);
#4710=VERTEX_POINT('',#16645);
#4711=VERTEX_POINT('',#16649);
#4712=VERTEX_POINT('',#16651);
#4713=VERTEX_POINT('',#16655);
#4714=VERTEX_POINT('',#16657);
#4715=VERTEX_POINT('',#16661);
#4716=VERTEX_POINT('',#16662);
#4717=VERTEX_POINT('',#16664);
#4718=VERTEX_POINT('',#16666);
#4719=VERTEX_POINT('',#16670);
#4720=VERTEX_POINT('',#16672);
#4721=VERTEX_POINT('',#16676);
#4722=VERTEX_POINT('',#16678);
#4723=VERTEX_POINT('',#16682);
#4724=VERTEX_POINT('',#16683);
#4725=VERTEX_POINT('',#16685);
#4726=VERTEX_POINT('',#16687);
#4727=VERTEX_POINT('',#16691);
#4728=VERTEX_POINT('',#16693);
#4729=VERTEX_POINT('',#16697);
#4730=VERTEX_POINT('',#16699);
#4731=VERTEX_POINT('',#16703);
#4732=VERTEX_POINT('',#16704);
#4733=VERTEX_POINT('',#16706);
#4734=VERTEX_POINT('',#16708);
#4735=VERTEX_POINT('',#16712);
#4736=VERTEX_POINT('',#16714);
#4737=VERTEX_POINT('',#16718);
#4738=VERTEX_POINT('',#16720);
#4739=VERTEX_POINT('',#16724);
#4740=VERTEX_POINT('',#16725);
#4741=VERTEX_POINT('',#16727);
#4742=VERTEX_POINT('',#16729);
#4743=VERTEX_POINT('',#16733);
#4744=VERTEX_POINT('',#16735);
#4745=VERTEX_POINT('',#16739);
#4746=VERTEX_POINT('',#16741);
#4747=VERTEX_POINT('',#16745);
#4748=VERTEX_POINT('',#16746);
#4749=VERTEX_POINT('',#16748);
#4750=VERTEX_POINT('',#16750);
#4751=VERTEX_POINT('',#16754);
#4752=VERTEX_POINT('',#16756);
#4753=VERTEX_POINT('',#16760);
#4754=VERTEX_POINT('',#16762);
#4755=VERTEX_POINT('',#16766);
#4756=VERTEX_POINT('',#16767);
#4757=VERTEX_POINT('',#16769);
#4758=VERTEX_POINT('',#16771);
#4759=VERTEX_POINT('',#16775);
#4760=VERTEX_POINT('',#16777);
#4761=VERTEX_POINT('',#16781);
#4762=VERTEX_POINT('',#16783);
#4763=VERTEX_POINT('',#16787);
#4764=VERTEX_POINT('',#16788);
#4765=VERTEX_POINT('',#16790);
#4766=VERTEX_POINT('',#16792);
#4767=VERTEX_POINT('',#16796);
#4768=VERTEX_POINT('',#16798);
#4769=VERTEX_POINT('',#16802);
#4770=VERTEX_POINT('',#16804);
#4771=VERTEX_POINT('',#16808);
#4772=VERTEX_POINT('',#16809);
#4773=VERTEX_POINT('',#16811);
#4774=VERTEX_POINT('',#16813);
#4775=VERTEX_POINT('',#16817);
#4776=VERTEX_POINT('',#16819);
#4777=VERTEX_POINT('',#16823);
#4778=VERTEX_POINT('',#16825);
#4779=VERTEX_POINT('',#16829);
#4780=VERTEX_POINT('',#16830);
#4781=VERTEX_POINT('',#16832);
#4782=VERTEX_POINT('',#16834);
#4783=VERTEX_POINT('',#16838);
#4784=VERTEX_POINT('',#16840);
#4785=VERTEX_POINT('',#16844);
#4786=VERTEX_POINT('',#16846);
#4787=VERTEX_POINT('',#16850);
#4788=VERTEX_POINT('',#16851);
#4789=VERTEX_POINT('',#16853);
#4790=VERTEX_POINT('',#16855);
#4791=VERTEX_POINT('',#16859);
#4792=VERTEX_POINT('',#16861);
#4793=VERTEX_POINT('',#16865);
#4794=VERTEX_POINT('',#16867);
#4795=VERTEX_POINT('',#16871);
#4796=VERTEX_POINT('',#16872);
#4797=VERTEX_POINT('',#16874);
#4798=VERTEX_POINT('',#16876);
#4799=VERTEX_POINT('',#16880);
#4800=VERTEX_POINT('',#16882);
#4801=VERTEX_POINT('',#16886);
#4802=VERTEX_POINT('',#16888);
#4803=VERTEX_POINT('',#16892);
#4804=VERTEX_POINT('',#16893);
#4805=VERTEX_POINT('',#16895);
#4806=VERTEX_POINT('',#16897);
#4807=VERTEX_POINT('',#16901);
#4808=VERTEX_POINT('',#16903);
#4809=VERTEX_POINT('',#16907);
#4810=VERTEX_POINT('',#16909);
#4811=VERTEX_POINT('',#16913);
#4812=VERTEX_POINT('',#16914);
#4813=VERTEX_POINT('',#16916);
#4814=VERTEX_POINT('',#16918);
#4815=VERTEX_POINT('',#16922);
#4816=VERTEX_POINT('',#16924);
#4817=VERTEX_POINT('',#16928);
#4818=VERTEX_POINT('',#16930);
#4819=VERTEX_POINT('',#16934);
#4820=VERTEX_POINT('',#16936);
#4821=VERTEX_POINT('',#16940);
#4822=VERTEX_POINT('',#16942);
#4823=VERTEX_POINT('',#16946);
#4824=VERTEX_POINT('',#16948);
#4825=VERTEX_POINT('',#16952);
#4826=VERTEX_POINT('',#16954);
#4827=VERTEX_POINT('',#16989);
#4828=VERTEX_POINT('',#16990);
#4829=VERTEX_POINT('',#16992);
#4830=VERTEX_POINT('',#16994);
#4831=VERTEX_POINT('',#16996);
#4832=VERTEX_POINT('',#16998);
#4833=VERTEX_POINT('',#17000);
#4834=VERTEX_POINT('',#17002);
#4835=VERTEX_POINT('',#17005);
#4836=VERTEX_POINT('',#17006);
#4837=VERTEX_POINT('',#17008);
#4838=VERTEX_POINT('',#17010);
#4839=VERTEX_POINT('',#17012);
#4840=VERTEX_POINT('',#17014);
#4841=VERTEX_POINT('',#17016);
#4842=VERTEX_POINT('',#17018);
#4843=VERTEX_POINT('',#17021);
#4844=VERTEX_POINT('',#17022);
#4845=VERTEX_POINT('',#17024);
#4846=VERTEX_POINT('',#17026);
#4847=VERTEX_POINT('',#17028);
#4848=VERTEX_POINT('',#17030);
#4849=VERTEX_POINT('',#17032);
#4850=VERTEX_POINT('',#17034);
#4851=VERTEX_POINT('',#17037);
#4852=VERTEX_POINT('',#17038);
#4853=VERTEX_POINT('',#17040);
#4854=VERTEX_POINT('',#17042);
#4855=VERTEX_POINT('',#17044);
#4856=VERTEX_POINT('',#17046);
#4857=VERTEX_POINT('',#17048);
#4858=VERTEX_POINT('',#17050);
#4859=VERTEX_POINT('',#17053);
#4860=VERTEX_POINT('',#17054);
#4861=VERTEX_POINT('',#17056);
#4862=VERTEX_POINT('',#17058);
#4863=VERTEX_POINT('',#17060);
#4864=VERTEX_POINT('',#17062);
#4865=VERTEX_POINT('',#17064);
#4866=VERTEX_POINT('',#17066);
#4867=VERTEX_POINT('',#17069);
#4868=VERTEX_POINT('',#17070);
#4869=VERTEX_POINT('',#17072);
#4870=VERTEX_POINT('',#17074);
#4871=VERTEX_POINT('',#17076);
#4872=VERTEX_POINT('',#17078);
#4873=VERTEX_POINT('',#17080);
#4874=VERTEX_POINT('',#17082);
#4875=VERTEX_POINT('',#17085);
#4876=VERTEX_POINT('',#17086);
#4877=VERTEX_POINT('',#17088);
#4878=VERTEX_POINT('',#17090);
#4879=VERTEX_POINT('',#17092);
#4880=VERTEX_POINT('',#17094);
#4881=VERTEX_POINT('',#17096);
#4882=VERTEX_POINT('',#17098);
#4883=VERTEX_POINT('',#17101);
#4884=VERTEX_POINT('',#17102);
#4885=VERTEX_POINT('',#17104);
#4886=VERTEX_POINT('',#17106);
#4887=VERTEX_POINT('',#17108);
#4888=VERTEX_POINT('',#17110);
#4889=VERTEX_POINT('',#17112);
#4890=VERTEX_POINT('',#17114);
#4891=VERTEX_POINT('',#17117);
#4892=VERTEX_POINT('',#17118);
#4893=VERTEX_POINT('',#17120);
#4894=VERTEX_POINT('',#17122);
#4895=VERTEX_POINT('',#17124);
#4896=VERTEX_POINT('',#17126);
#4897=VERTEX_POINT('',#17128);
#4898=VERTEX_POINT('',#17130);
#4899=VERTEX_POINT('',#17133);
#4900=VERTEX_POINT('',#17134);
#4901=VERTEX_POINT('',#17136);
#4902=VERTEX_POINT('',#17138);
#4903=VERTEX_POINT('',#17140);
#4904=VERTEX_POINT('',#17142);
#4905=VERTEX_POINT('',#17144);
#4906=VERTEX_POINT('',#17146);
#4907=VERTEX_POINT('',#17149);
#4908=VERTEX_POINT('',#17150);
#4909=VERTEX_POINT('',#17152);
#4910=VERTEX_POINT('',#17154);
#4911=VERTEX_POINT('',#17156);
#4912=VERTEX_POINT('',#17158);
#4913=VERTEX_POINT('',#17160);
#4914=VERTEX_POINT('',#17162);
#4915=VERTEX_POINT('',#17165);
#4916=VERTEX_POINT('',#17166);
#4917=VERTEX_POINT('',#17168);
#4918=VERTEX_POINT('',#17170);
#4919=VERTEX_POINT('',#17172);
#4920=VERTEX_POINT('',#17174);
#4921=VERTEX_POINT('',#17176);
#4922=VERTEX_POINT('',#17178);
#4923=VERTEX_POINT('',#17181);
#4924=VERTEX_POINT('',#17182);
#4925=VERTEX_POINT('',#17184);
#4926=VERTEX_POINT('',#17186);
#4927=VERTEX_POINT('',#17188);
#4928=VERTEX_POINT('',#17190);
#4929=VERTEX_POINT('',#17192);
#4930=VERTEX_POINT('',#17194);
#4931=VERTEX_POINT('',#17197);
#4932=VERTEX_POINT('',#17198);
#4933=VERTEX_POINT('',#17200);
#4934=VERTEX_POINT('',#17202);
#4935=VERTEX_POINT('',#17204);
#4936=VERTEX_POINT('',#17206);
#4937=VERTEX_POINT('',#17208);
#4938=VERTEX_POINT('',#17210);
#4939=VERTEX_POINT('',#17213);
#4940=VERTEX_POINT('',#17214);
#4941=VERTEX_POINT('',#17216);
#4942=VERTEX_POINT('',#17218);
#4943=VERTEX_POINT('',#17220);
#4944=VERTEX_POINT('',#17222);
#4945=VERTEX_POINT('',#17224);
#4946=VERTEX_POINT('',#17226);
#4947=VERTEX_POINT('',#17229);
#4948=VERTEX_POINT('',#17230);
#4949=VERTEX_POINT('',#17232);
#4950=VERTEX_POINT('',#17234);
#4951=VERTEX_POINT('',#17236);
#4952=VERTEX_POINT('',#17238);
#4953=VERTEX_POINT('',#17240);
#4954=VERTEX_POINT('',#17242);
#4955=VERTEX_POINT('',#17245);
#4956=VERTEX_POINT('',#17246);
#4957=VERTEX_POINT('',#17248);
#4958=VERTEX_POINT('',#17250);
#4959=VERTEX_POINT('',#17252);
#4960=VERTEX_POINT('',#17254);
#4961=VERTEX_POINT('',#17256);
#4962=VERTEX_POINT('',#17258);
#4963=VERTEX_POINT('',#17261);
#4964=VERTEX_POINT('',#17262);
#4965=VERTEX_POINT('',#17264);
#4966=VERTEX_POINT('',#17266);
#4967=VERTEX_POINT('',#17268);
#4968=VERTEX_POINT('',#17270);
#4969=VERTEX_POINT('',#17272);
#4970=VERTEX_POINT('',#17274);
#4971=VERTEX_POINT('',#17277);
#4972=VERTEX_POINT('',#17278);
#4973=VERTEX_POINT('',#17280);
#4974=VERTEX_POINT('',#17282);
#4975=VERTEX_POINT('',#17284);
#4976=VERTEX_POINT('',#17286);
#4977=VERTEX_POINT('',#17288);
#4978=VERTEX_POINT('',#17290);
#4979=VERTEX_POINT('',#17293);
#4980=VERTEX_POINT('',#17294);
#4981=VERTEX_POINT('',#17296);
#4982=VERTEX_POINT('',#17298);
#4983=VERTEX_POINT('',#17300);
#4984=VERTEX_POINT('',#17302);
#4985=VERTEX_POINT('',#17304);
#4986=VERTEX_POINT('',#17306);
#4987=VERTEX_POINT('',#17309);
#4988=VERTEX_POINT('',#17310);
#4989=VERTEX_POINT('',#17312);
#4990=VERTEX_POINT('',#17314);
#4991=VERTEX_POINT('',#17316);
#4992=VERTEX_POINT('',#17318);
#4993=VERTEX_POINT('',#17320);
#4994=VERTEX_POINT('',#17322);
#4995=VERTEX_POINT('',#17325);
#4996=VERTEX_POINT('',#17326);
#4997=VERTEX_POINT('',#17328);
#4998=VERTEX_POINT('',#17330);
#4999=VERTEX_POINT('',#17332);
#5000=VERTEX_POINT('',#17334);
#5001=VERTEX_POINT('',#17336);
#5002=VERTEX_POINT('',#17338);
#5003=VERTEX_POINT('',#17341);
#5004=VERTEX_POINT('',#17342);
#5005=VERTEX_POINT('',#17344);
#5006=VERTEX_POINT('',#17346);
#5007=VERTEX_POINT('',#17348);
#5008=VERTEX_POINT('',#17350);
#5009=VERTEX_POINT('',#17352);
#5010=VERTEX_POINT('',#17354);
#5011=VERTEX_POINT('',#17357);
#5012=VERTEX_POINT('',#17358);
#5013=VERTEX_POINT('',#17360);
#5014=VERTEX_POINT('',#17362);
#5015=VERTEX_POINT('',#17364);
#5016=VERTEX_POINT('',#17366);
#5017=VERTEX_POINT('',#17368);
#5018=VERTEX_POINT('',#17370);
#5019=VERTEX_POINT('',#17373);
#5020=VERTEX_POINT('',#17374);
#5021=VERTEX_POINT('',#17376);
#5022=VERTEX_POINT('',#17378);
#5023=VERTEX_POINT('',#17380);
#5024=VERTEX_POINT('',#17382);
#5025=VERTEX_POINT('',#17384);
#5026=VERTEX_POINT('',#17386);
#5027=VERTEX_POINT('',#17389);
#5028=VERTEX_POINT('',#17390);
#5029=VERTEX_POINT('',#17392);
#5030=VERTEX_POINT('',#17394);
#5031=VERTEX_POINT('',#17396);
#5032=VERTEX_POINT('',#17398);
#5033=VERTEX_POINT('',#17400);
#5034=VERTEX_POINT('',#17402);
#5035=VERTEX_POINT('',#17405);
#5036=VERTEX_POINT('',#17406);
#5037=VERTEX_POINT('',#17408);
#5038=VERTEX_POINT('',#17410);
#5039=VERTEX_POINT('',#17412);
#5040=VERTEX_POINT('',#17414);
#5041=VERTEX_POINT('',#17416);
#5042=VERTEX_POINT('',#17418);
#5043=VERTEX_POINT('',#17421);
#5044=VERTEX_POINT('',#17422);
#5045=VERTEX_POINT('',#17424);
#5046=VERTEX_POINT('',#17426);
#5047=VERTEX_POINT('',#17428);
#5048=VERTEX_POINT('',#17430);
#5049=VERTEX_POINT('',#17432);
#5050=VERTEX_POINT('',#17434);
#5051=VERTEX_POINT('',#17437);
#5052=VERTEX_POINT('',#17438);
#5053=VERTEX_POINT('',#17440);
#5054=VERTEX_POINT('',#17442);
#5055=VERTEX_POINT('',#17444);
#5056=VERTEX_POINT('',#17446);
#5057=VERTEX_POINT('',#17448);
#5058=VERTEX_POINT('',#17450);
#5059=VERTEX_POINT('',#17453);
#5060=VERTEX_POINT('',#17454);
#5061=VERTEX_POINT('',#17456);
#5062=VERTEX_POINT('',#17458);
#5063=VERTEX_POINT('',#17460);
#5064=VERTEX_POINT('',#17462);
#5065=VERTEX_POINT('',#17464);
#5066=VERTEX_POINT('',#17466);
#5067=VERTEX_POINT('',#17469);
#5068=VERTEX_POINT('',#17470);
#5069=VERTEX_POINT('',#17472);
#5070=VERTEX_POINT('',#17474);
#5071=VERTEX_POINT('',#17476);
#5072=VERTEX_POINT('',#17478);
#5073=VERTEX_POINT('',#17480);
#5074=VERTEX_POINT('',#17482);
#5075=VERTEX_POINT('',#17485);
#5076=VERTEX_POINT('',#17486);
#5077=VERTEX_POINT('',#17488);
#5078=VERTEX_POINT('',#17490);
#5079=VERTEX_POINT('',#17492);
#5080=VERTEX_POINT('',#17494);
#5081=VERTEX_POINT('',#17496);
#5082=VERTEX_POINT('',#17498);
#5083=VERTEX_POINT('',#17501);
#5084=VERTEX_POINT('',#17502);
#5085=VERTEX_POINT('',#17504);
#5086=VERTEX_POINT('',#17506);
#5087=VERTEX_POINT('',#17508);
#5088=VERTEX_POINT('',#17510);
#5089=VERTEX_POINT('',#17512);
#5090=VERTEX_POINT('',#17514);
#5091=VERTEX_POINT('',#17517);
#5092=VERTEX_POINT('',#17518);
#5093=VERTEX_POINT('',#17520);
#5094=VERTEX_POINT('',#17522);
#5095=VERTEX_POINT('',#17524);
#5096=VERTEX_POINT('',#17526);
#5097=VERTEX_POINT('',#17528);
#5098=VERTEX_POINT('',#17530);
#5099=VERTEX_POINT('',#17533);
#5100=VERTEX_POINT('',#17534);
#5101=VERTEX_POINT('',#17536);
#5102=VERTEX_POINT('',#17538);
#5103=VERTEX_POINT('',#17540);
#5104=VERTEX_POINT('',#17542);
#5105=VERTEX_POINT('',#17544);
#5106=VERTEX_POINT('',#17546);
#5107=VERTEX_POINT('',#17549);
#5108=VERTEX_POINT('',#17550);
#5109=VERTEX_POINT('',#17552);
#5110=VERTEX_POINT('',#17554);
#5111=VERTEX_POINT('',#17556);
#5112=VERTEX_POINT('',#17558);
#5113=VERTEX_POINT('',#17560);
#5114=VERTEX_POINT('',#17562);
#5115=VERTEX_POINT('',#17565);
#5116=VERTEX_POINT('',#17566);
#5117=VERTEX_POINT('',#17568);
#5118=VERTEX_POINT('',#17570);
#5119=VERTEX_POINT('',#17572);
#5120=VERTEX_POINT('',#17574);
#5121=VERTEX_POINT('',#17576);
#5122=VERTEX_POINT('',#17578);
#5123=VERTEX_POINT('',#17581);
#5124=VERTEX_POINT('',#17582);
#5125=VERTEX_POINT('',#17584);
#5126=VERTEX_POINT('',#17586);
#5127=VERTEX_POINT('',#17588);
#5128=VERTEX_POINT('',#17590);
#5129=VERTEX_POINT('',#17592);
#5130=VERTEX_POINT('',#17594);
#5131=VERTEX_POINT('',#17597);
#5132=VERTEX_POINT('',#17598);
#5133=VERTEX_POINT('',#17600);
#5134=VERTEX_POINT('',#17602);
#5135=VERTEX_POINT('',#17604);
#5136=VERTEX_POINT('',#17606);
#5137=VERTEX_POINT('',#17608);
#5138=VERTEX_POINT('',#17610);
#5139=VERTEX_POINT('',#17613);
#5140=VERTEX_POINT('',#17614);
#5141=VERTEX_POINT('',#17616);
#5142=VERTEX_POINT('',#17618);
#5143=VERTEX_POINT('',#17620);
#5144=VERTEX_POINT('',#17622);
#5145=VERTEX_POINT('',#17624);
#5146=VERTEX_POINT('',#17626);
#5147=VERTEX_POINT('',#17629);
#5148=VERTEX_POINT('',#17630);
#5149=VERTEX_POINT('',#17632);
#5150=VERTEX_POINT('',#17634);
#5151=VERTEX_POINT('',#17636);
#5152=VERTEX_POINT('',#17638);
#5153=VERTEX_POINT('',#17640);
#5154=VERTEX_POINT('',#17642);
#5155=VERTEX_POINT('',#17645);
#5156=VERTEX_POINT('',#17646);
#5157=VERTEX_POINT('',#17648);
#5158=VERTEX_POINT('',#17650);
#5159=VERTEX_POINT('',#17652);
#5160=VERTEX_POINT('',#17654);
#5161=VERTEX_POINT('',#17656);
#5162=VERTEX_POINT('',#17658);
#5163=VERTEX_POINT('',#17661);
#5164=VERTEX_POINT('',#17662);
#5165=VERTEX_POINT('',#17664);
#5166=VERTEX_POINT('',#17666);
#5167=VERTEX_POINT('',#17668);
#5168=VERTEX_POINT('',#17670);
#5169=VERTEX_POINT('',#17672);
#5170=VERTEX_POINT('',#17674);
#5171=VERTEX_POINT('',#17677);
#5172=VERTEX_POINT('',#17678);
#5173=VERTEX_POINT('',#17680);
#5174=VERTEX_POINT('',#17682);
#5175=VERTEX_POINT('',#17684);
#5176=VERTEX_POINT('',#17686);
#5177=VERTEX_POINT('',#17688);
#5178=VERTEX_POINT('',#17690);
#5179=VERTEX_POINT('',#17693);
#5180=VERTEX_POINT('',#17694);
#5181=VERTEX_POINT('',#17696);
#5182=VERTEX_POINT('',#17698);
#5183=VERTEX_POINT('',#17700);
#5184=VERTEX_POINT('',#17702);
#5185=VERTEX_POINT('',#17704);
#5186=VERTEX_POINT('',#17706);
#5187=VERTEX_POINT('',#17709);
#5188=VERTEX_POINT('',#17710);
#5189=VERTEX_POINT('',#17712);
#5190=VERTEX_POINT('',#17714);
#5191=VERTEX_POINT('',#17716);
#5192=VERTEX_POINT('',#17718);
#5193=VERTEX_POINT('',#17720);
#5194=VERTEX_POINT('',#17722);
#5195=VERTEX_POINT('',#17725);
#5196=VERTEX_POINT('',#17726);
#5197=VERTEX_POINT('',#17728);
#5198=VERTEX_POINT('',#17730);
#5199=VERTEX_POINT('',#17732);
#5200=VERTEX_POINT('',#17734);
#5201=VERTEX_POINT('',#17736);
#5202=VERTEX_POINT('',#17738);
#5203=VERTEX_POINT('',#17741);
#5204=VERTEX_POINT('',#17742);
#5205=VERTEX_POINT('',#17744);
#5206=VERTEX_POINT('',#17746);
#5207=VERTEX_POINT('',#17748);
#5208=VERTEX_POINT('',#17750);
#5209=VERTEX_POINT('',#17752);
#5210=VERTEX_POINT('',#17754);
#5211=VERTEX_POINT('',#17757);
#5212=VERTEX_POINT('',#17758);
#5213=VERTEX_POINT('',#17760);
#5214=VERTEX_POINT('',#17762);
#5215=VERTEX_POINT('',#17764);
#5216=VERTEX_POINT('',#17766);
#5217=VERTEX_POINT('',#17768);
#5218=VERTEX_POINT('',#17770);
#5219=VERTEX_POINT('',#17773);
#5220=VERTEX_POINT('',#17774);
#5221=VERTEX_POINT('',#17776);
#5222=VERTEX_POINT('',#17778);
#5223=VERTEX_POINT('',#17780);
#5224=VERTEX_POINT('',#17782);
#5225=VERTEX_POINT('',#17784);
#5226=VERTEX_POINT('',#17786);
#5227=VERTEX_POINT('',#17789);
#5228=VERTEX_POINT('',#17790);
#5229=VERTEX_POINT('',#17792);
#5230=VERTEX_POINT('',#17794);
#5231=VERTEX_POINT('',#17796);
#5232=VERTEX_POINT('',#17798);
#5233=VERTEX_POINT('',#17800);
#5234=VERTEX_POINT('',#17802);
#5235=VERTEX_POINT('',#17805);
#5236=VERTEX_POINT('',#17806);
#5237=VERTEX_POINT('',#17808);
#5238=VERTEX_POINT('',#17810);
#5239=VERTEX_POINT('',#17812);
#5240=VERTEX_POINT('',#17814);
#5241=VERTEX_POINT('',#17816);
#5242=VERTEX_POINT('',#17818);
#5243=VERTEX_POINT('',#17821);
#5244=VERTEX_POINT('',#17822);
#5245=VERTEX_POINT('',#17824);
#5246=VERTEX_POINT('',#17826);
#5247=VERTEX_POINT('',#17828);
#5248=VERTEX_POINT('',#17830);
#5249=VERTEX_POINT('',#17832);
#5250=VERTEX_POINT('',#17834);
#5251=VERTEX_POINT('',#17837);
#5252=VERTEX_POINT('',#17838);
#5253=VERTEX_POINT('',#17840);
#5254=VERTEX_POINT('',#17842);
#5255=VERTEX_POINT('',#17844);
#5256=VERTEX_POINT('',#17846);
#5257=VERTEX_POINT('',#17848);
#5258=VERTEX_POINT('',#17850);
#5259=VERTEX_POINT('',#17853);
#5260=VERTEX_POINT('',#17854);
#5261=VERTEX_POINT('',#17856);
#5262=VERTEX_POINT('',#17858);
#5263=VERTEX_POINT('',#17860);
#5264=VERTEX_POINT('',#17862);
#5265=VERTEX_POINT('',#17864);
#5266=VERTEX_POINT('',#17866);
#5267=VERTEX_POINT('',#17869);
#5268=VERTEX_POINT('',#17870);
#5269=VERTEX_POINT('',#17872);
#5270=VERTEX_POINT('',#17874);
#5271=VERTEX_POINT('',#17876);
#5272=VERTEX_POINT('',#17878);
#5273=VERTEX_POINT('',#17880);
#5274=VERTEX_POINT('',#17882);
#5275=VERTEX_POINT('',#17885);
#5276=VERTEX_POINT('',#17886);
#5277=VERTEX_POINT('',#17888);
#5278=VERTEX_POINT('',#17890);
#5279=VERTEX_POINT('',#17892);
#5280=VERTEX_POINT('',#17894);
#5281=VERTEX_POINT('',#17896);
#5282=VERTEX_POINT('',#17898);
#5283=VERTEX_POINT('',#17952);
#5284=VERTEX_POINT('',#17953);
#5285=VERTEX_POINT('',#17955);
#5286=VERTEX_POINT('',#17957);
#5287=VERTEX_POINT('',#17959);
#5288=VERTEX_POINT('',#17961);
#5289=VERTEX_POINT('',#17963);
#5290=VERTEX_POINT('',#17965);
#5291=VERTEX_POINT('',#17968);
#5292=VERTEX_POINT('',#17969);
#5293=VERTEX_POINT('',#17971);
#5294=VERTEX_POINT('',#17973);
#5295=VERTEX_POINT('',#17975);
#5296=VERTEX_POINT('',#17977);
#5297=VERTEX_POINT('',#17979);
#5298=VERTEX_POINT('',#17981);
#5299=VERTEX_POINT('',#17984);
#5300=VERTEX_POINT('',#17985);
#5301=VERTEX_POINT('',#17987);
#5302=VERTEX_POINT('',#17989);
#5303=VERTEX_POINT('',#17991);
#5304=VERTEX_POINT('',#17993);
#5305=VERTEX_POINT('',#17995);
#5306=VERTEX_POINT('',#17997);
#5307=VERTEX_POINT('',#18000);
#5308=VERTEX_POINT('',#18001);
#5309=VERTEX_POINT('',#18003);
#5310=VERTEX_POINT('',#18005);
#5311=VERTEX_POINT('',#18007);
#5312=VERTEX_POINT('',#18009);
#5313=VERTEX_POINT('',#18011);
#5314=VERTEX_POINT('',#18013);
#5315=VERTEX_POINT('',#18016);
#5316=VERTEX_POINT('',#18017);
#5317=VERTEX_POINT('',#18019);
#5318=VERTEX_POINT('',#18021);
#5319=VERTEX_POINT('',#18023);
#5320=VERTEX_POINT('',#18025);
#5321=VERTEX_POINT('',#18027);
#5322=VERTEX_POINT('',#18029);
#5323=VERTEX_POINT('',#18032);
#5324=VERTEX_POINT('',#18033);
#5325=VERTEX_POINT('',#18035);
#5326=VERTEX_POINT('',#18037);
#5327=VERTEX_POINT('',#18039);
#5328=VERTEX_POINT('',#18041);
#5329=VERTEX_POINT('',#18043);
#5330=VERTEX_POINT('',#18045);
#5331=VERTEX_POINT('',#18048);
#5332=VERTEX_POINT('',#18049);
#5333=VERTEX_POINT('',#18051);
#5334=VERTEX_POINT('',#18053);
#5335=VERTEX_POINT('',#18055);
#5336=VERTEX_POINT('',#18057);
#5337=VERTEX_POINT('',#18059);
#5338=VERTEX_POINT('',#18061);
#5339=VERTEX_POINT('',#18064);
#5340=VERTEX_POINT('',#18065);
#5341=VERTEX_POINT('',#18067);
#5342=VERTEX_POINT('',#18069);
#5343=VERTEX_POINT('',#18071);
#5344=VERTEX_POINT('',#18073);
#5345=VERTEX_POINT('',#18075);
#5346=VERTEX_POINT('',#18077);
#5347=VERTEX_POINT('',#18080);
#5348=VERTEX_POINT('',#18081);
#5349=VERTEX_POINT('',#18083);
#5350=VERTEX_POINT('',#18085);
#5351=VERTEX_POINT('',#18087);
#5352=VERTEX_POINT('',#18089);
#5353=VERTEX_POINT('',#18091);
#5354=VERTEX_POINT('',#18093);
#5355=VERTEX_POINT('',#18096);
#5356=VERTEX_POINT('',#18097);
#5357=VERTEX_POINT('',#18099);
#5358=VERTEX_POINT('',#18101);
#5359=VERTEX_POINT('',#18103);
#5360=VERTEX_POINT('',#18105);
#5361=VERTEX_POINT('',#18107);
#5362=VERTEX_POINT('',#18109);
#5363=VERTEX_POINT('',#18112);
#5364=VERTEX_POINT('',#18113);
#5365=VERTEX_POINT('',#18115);
#5366=VERTEX_POINT('',#18117);
#5367=VERTEX_POINT('',#18119);
#5368=VERTEX_POINT('',#18121);
#5369=VERTEX_POINT('',#18123);
#5370=VERTEX_POINT('',#18125);
#5371=VERTEX_POINT('',#18128);
#5372=VERTEX_POINT('',#18129);
#5373=VERTEX_POINT('',#18131);
#5374=VERTEX_POINT('',#18133);
#5375=VERTEX_POINT('',#18135);
#5376=VERTEX_POINT('',#18137);
#5377=VERTEX_POINT('',#18139);
#5378=VERTEX_POINT('',#18141);
#5379=VERTEX_POINT('',#18144);
#5380=VERTEX_POINT('',#18145);
#5381=VERTEX_POINT('',#18147);
#5382=VERTEX_POINT('',#18149);
#5383=VERTEX_POINT('',#18151);
#5384=VERTEX_POINT('',#18153);
#5385=VERTEX_POINT('',#18155);
#5386=VERTEX_POINT('',#18157);
#5387=VERTEX_POINT('',#18160);
#5388=VERTEX_POINT('',#18161);
#5389=VERTEX_POINT('',#18163);
#5390=VERTEX_POINT('',#18165);
#5391=VERTEX_POINT('',#18167);
#5392=VERTEX_POINT('',#18169);
#5393=VERTEX_POINT('',#18171);
#5394=VERTEX_POINT('',#18173);
#5395=VERTEX_POINT('',#18176);
#5396=VERTEX_POINT('',#18177);
#5397=VERTEX_POINT('',#18179);
#5398=VERTEX_POINT('',#18181);
#5399=VERTEX_POINT('',#18183);
#5400=VERTEX_POINT('',#18185);
#5401=VERTEX_POINT('',#18187);
#5402=VERTEX_POINT('',#18189);
#5403=VERTEX_POINT('',#18192);
#5404=VERTEX_POINT('',#18193);
#5405=VERTEX_POINT('',#18195);
#5406=VERTEX_POINT('',#18197);
#5407=VERTEX_POINT('',#18199);
#5408=VERTEX_POINT('',#18201);
#5409=VERTEX_POINT('',#18203);
#5410=VERTEX_POINT('',#18205);
#5411=VERTEX_POINT('',#18208);
#5412=VERTEX_POINT('',#18209);
#5413=VERTEX_POINT('',#18211);
#5414=VERTEX_POINT('',#18213);
#5415=VERTEX_POINT('',#18215);
#5416=VERTEX_POINT('',#18217);
#5417=VERTEX_POINT('',#18219);
#5418=VERTEX_POINT('',#18221);
#5419=VERTEX_POINT('',#18224);
#5420=VERTEX_POINT('',#18225);
#5421=VERTEX_POINT('',#18227);
#5422=VERTEX_POINT('',#18229);
#5423=VERTEX_POINT('',#18231);
#5424=VERTEX_POINT('',#18233);
#5425=VERTEX_POINT('',#18235);
#5426=VERTEX_POINT('',#18237);
#5427=VERTEX_POINT('',#18240);
#5428=VERTEX_POINT('',#18241);
#5429=VERTEX_POINT('',#18243);
#5430=VERTEX_POINT('',#18245);
#5431=VERTEX_POINT('',#18247);
#5432=VERTEX_POINT('',#18249);
#5433=VERTEX_POINT('',#18251);
#5434=VERTEX_POINT('',#18253);
#5435=VERTEX_POINT('',#18256);
#5436=VERTEX_POINT('',#18257);
#5437=VERTEX_POINT('',#18259);
#5438=VERTEX_POINT('',#18261);
#5439=VERTEX_POINT('',#18263);
#5440=VERTEX_POINT('',#18265);
#5441=VERTEX_POINT('',#18267);
#5442=VERTEX_POINT('',#18269);
#5443=VERTEX_POINT('',#18272);
#5444=VERTEX_POINT('',#18273);
#5445=VERTEX_POINT('',#18275);
#5446=VERTEX_POINT('',#18277);
#5447=VERTEX_POINT('',#18279);
#5448=VERTEX_POINT('',#18281);
#5449=VERTEX_POINT('',#18283);
#5450=VERTEX_POINT('',#18285);
#5451=VERTEX_POINT('',#18288);
#5452=VERTEX_POINT('',#18289);
#5453=VERTEX_POINT('',#18291);
#5454=VERTEX_POINT('',#18293);
#5455=VERTEX_POINT('',#18295);
#5456=VERTEX_POINT('',#18297);
#5457=VERTEX_POINT('',#18299);
#5458=VERTEX_POINT('',#18301);
#5459=VERTEX_POINT('',#18304);
#5460=VERTEX_POINT('',#18305);
#5461=VERTEX_POINT('',#18307);
#5462=VERTEX_POINT('',#18309);
#5463=VERTEX_POINT('',#18311);
#5464=VERTEX_POINT('',#18313);
#5465=VERTEX_POINT('',#18315);
#5466=VERTEX_POINT('',#18317);
#5467=VERTEX_POINT('',#18320);
#5468=VERTEX_POINT('',#18321);
#5469=VERTEX_POINT('',#18323);
#5470=VERTEX_POINT('',#18325);
#5471=VERTEX_POINT('',#18327);
#5472=VERTEX_POINT('',#18329);
#5473=VERTEX_POINT('',#18331);
#5474=VERTEX_POINT('',#18333);
#5475=VERTEX_POINT('',#18336);
#5476=VERTEX_POINT('',#18337);
#5477=VERTEX_POINT('',#18339);
#5478=VERTEX_POINT('',#18341);
#5479=VERTEX_POINT('',#18343);
#5480=VERTEX_POINT('',#18345);
#5481=VERTEX_POINT('',#18347);
#5482=VERTEX_POINT('',#18349);
#5483=VERTEX_POINT('',#18352);
#5484=VERTEX_POINT('',#18353);
#5485=VERTEX_POINT('',#18355);
#5486=VERTEX_POINT('',#18357);
#5487=VERTEX_POINT('',#18359);
#5488=VERTEX_POINT('',#18361);
#5489=VERTEX_POINT('',#18363);
#5490=VERTEX_POINT('',#18365);
#5491=VERTEX_POINT('',#18368);
#5492=VERTEX_POINT('',#18369);
#5493=VERTEX_POINT('',#18371);
#5494=VERTEX_POINT('',#18373);
#5495=VERTEX_POINT('',#18375);
#5496=VERTEX_POINT('',#18377);
#5497=VERTEX_POINT('',#18379);
#5498=VERTEX_POINT('',#18381);
#5499=VERTEX_POINT('',#18384);
#5500=VERTEX_POINT('',#18385);
#5501=VERTEX_POINT('',#18387);
#5502=VERTEX_POINT('',#18389);
#5503=VERTEX_POINT('',#18391);
#5504=VERTEX_POINT('',#18393);
#5505=VERTEX_POINT('',#18395);
#5506=VERTEX_POINT('',#18397);
#5507=VERTEX_POINT('',#18400);
#5508=VERTEX_POINT('',#18401);
#5509=VERTEX_POINT('',#18403);
#5510=VERTEX_POINT('',#18405);
#5511=VERTEX_POINT('',#18407);
#5512=VERTEX_POINT('',#18409);
#5513=VERTEX_POINT('',#18411);
#5514=VERTEX_POINT('',#18413);
#5515=VERTEX_POINT('',#18416);
#5516=VERTEX_POINT('',#18417);
#5517=VERTEX_POINT('',#18419);
#5518=VERTEX_POINT('',#18421);
#5519=VERTEX_POINT('',#18423);
#5520=VERTEX_POINT('',#18425);
#5521=VERTEX_POINT('',#18427);
#5522=VERTEX_POINT('',#18429);
#5523=VERTEX_POINT('',#18432);
#5524=VERTEX_POINT('',#18433);
#5525=VERTEX_POINT('',#18435);
#5526=VERTEX_POINT('',#18437);
#5527=VERTEX_POINT('',#18439);
#5528=VERTEX_POINT('',#18441);
#5529=VERTEX_POINT('',#18443);
#5530=VERTEX_POINT('',#18445);
#5531=VERTEX_POINT('',#18448);
#5532=VERTEX_POINT('',#18449);
#5533=VERTEX_POINT('',#18451);
#5534=VERTEX_POINT('',#18453);
#5535=VERTEX_POINT('',#18455);
#5536=VERTEX_POINT('',#18457);
#5537=VERTEX_POINT('',#18459);
#5538=VERTEX_POINT('',#18461);
#5539=VERTEX_POINT('',#18464);
#5540=VERTEX_POINT('',#18465);
#5541=VERTEX_POINT('',#18467);
#5542=VERTEX_POINT('',#18469);
#5543=VERTEX_POINT('',#18471);
#5544=VERTEX_POINT('',#18473);
#5545=VERTEX_POINT('',#18475);
#5546=VERTEX_POINT('',#18477);
#5547=VERTEX_POINT('',#18480);
#5548=VERTEX_POINT('',#18481);
#5549=VERTEX_POINT('',#18483);
#5550=VERTEX_POINT('',#18485);
#5551=VERTEX_POINT('',#18487);
#5552=VERTEX_POINT('',#18489);
#5553=VERTEX_POINT('',#18491);
#5554=VERTEX_POINT('',#18493);
#5555=VERTEX_POINT('',#18496);
#5556=VERTEX_POINT('',#18497);
#5557=VERTEX_POINT('',#18499);
#5558=VERTEX_POINT('',#18501);
#5559=VERTEX_POINT('',#18503);
#5560=VERTEX_POINT('',#18505);
#5561=VERTEX_POINT('',#18507);
#5562=VERTEX_POINT('',#18509);
#5563=VERTEX_POINT('',#18512);
#5564=VERTEX_POINT('',#18513);
#5565=VERTEX_POINT('',#18515);
#5566=VERTEX_POINT('',#18517);
#5567=VERTEX_POINT('',#18519);
#5568=VERTEX_POINT('',#18521);
#5569=VERTEX_POINT('',#18523);
#5570=VERTEX_POINT('',#18525);
#5571=VERTEX_POINT('',#18528);
#5572=VERTEX_POINT('',#18529);
#5573=VERTEX_POINT('',#18531);
#5574=VERTEX_POINT('',#18533);
#5575=VERTEX_POINT('',#18535);
#5576=VERTEX_POINT('',#18537);
#5577=VERTEX_POINT('',#18539);
#5578=VERTEX_POINT('',#18541);
#5579=VERTEX_POINT('',#18544);
#5580=VERTEX_POINT('',#18545);
#5581=VERTEX_POINT('',#18547);
#5582=VERTEX_POINT('',#18549);
#5583=VERTEX_POINT('',#18551);
#5584=VERTEX_POINT('',#18553);
#5585=VERTEX_POINT('',#18555);
#5586=VERTEX_POINT('',#18557);
#5587=VERTEX_POINT('',#18560);
#5588=VERTEX_POINT('',#18561);
#5589=VERTEX_POINT('',#18563);
#5590=VERTEX_POINT('',#18565);
#5591=VERTEX_POINT('',#18567);
#5592=VERTEX_POINT('',#18569);
#5593=VERTEX_POINT('',#18571);
#5594=VERTEX_POINT('',#18573);
#5595=VERTEX_POINT('',#18576);
#5596=VERTEX_POINT('',#18577);
#5597=VERTEX_POINT('',#18579);
#5598=VERTEX_POINT('',#18581);
#5599=VERTEX_POINT('',#18583);
#5600=VERTEX_POINT('',#18585);
#5601=VERTEX_POINT('',#18587);
#5602=VERTEX_POINT('',#18589);
#5603=VERTEX_POINT('',#18592);
#5604=VERTEX_POINT('',#18593);
#5605=VERTEX_POINT('',#18595);
#5606=VERTEX_POINT('',#18597);
#5607=VERTEX_POINT('',#18599);
#5608=VERTEX_POINT('',#18601);
#5609=VERTEX_POINT('',#18603);
#5610=VERTEX_POINT('',#18605);
#5611=VERTEX_POINT('',#18608);
#5612=VERTEX_POINT('',#18609);
#5613=VERTEX_POINT('',#18611);
#5614=VERTEX_POINT('',#18613);
#5615=VERTEX_POINT('',#18615);
#5616=VERTEX_POINT('',#18617);
#5617=VERTEX_POINT('',#18619);
#5618=VERTEX_POINT('',#18621);
#5619=VERTEX_POINT('',#18624);
#5620=VERTEX_POINT('',#18625);
#5621=VERTEX_POINT('',#18627);
#5622=VERTEX_POINT('',#18629);
#5623=VERTEX_POINT('',#18631);
#5624=VERTEX_POINT('',#18633);
#5625=VERTEX_POINT('',#18635);
#5626=VERTEX_POINT('',#18637);
#5627=VERTEX_POINT('',#18640);
#5628=VERTEX_POINT('',#18641);
#5629=VERTEX_POINT('',#18643);
#5630=VERTEX_POINT('',#18645);
#5631=VERTEX_POINT('',#18647);
#5632=VERTEX_POINT('',#18649);
#5633=VERTEX_POINT('',#18651);
#5634=VERTEX_POINT('',#18653);
#5635=VERTEX_POINT('',#18656);
#5636=VERTEX_POINT('',#18657);
#5637=VERTEX_POINT('',#18659);
#5638=VERTEX_POINT('',#18661);
#5639=VERTEX_POINT('',#18663);
#5640=VERTEX_POINT('',#18665);
#5641=VERTEX_POINT('',#18667);
#5642=VERTEX_POINT('',#18669);
#5643=VERTEX_POINT('',#18672);
#5644=VERTEX_POINT('',#18673);
#5645=VERTEX_POINT('',#18675);
#5646=VERTEX_POINT('',#18677);
#5647=VERTEX_POINT('',#18679);
#5648=VERTEX_POINT('',#18681);
#5649=VERTEX_POINT('',#18683);
#5650=VERTEX_POINT('',#18685);
#5651=VERTEX_POINT('',#18688);
#5652=VERTEX_POINT('',#18689);
#5653=VERTEX_POINT('',#18691);
#5654=VERTEX_POINT('',#18693);
#5655=VERTEX_POINT('',#18695);
#5656=VERTEX_POINT('',#18697);
#5657=VERTEX_POINT('',#18699);
#5658=VERTEX_POINT('',#18701);
#5659=VERTEX_POINT('',#18704);
#5660=VERTEX_POINT('',#18705);
#5661=VERTEX_POINT('',#18707);
#5662=VERTEX_POINT('',#18709);
#5663=VERTEX_POINT('',#18711);
#5664=VERTEX_POINT('',#18713);
#5665=VERTEX_POINT('',#18715);
#5666=VERTEX_POINT('',#18717);
#5667=VERTEX_POINT('',#18720);
#5668=VERTEX_POINT('',#18721);
#5669=VERTEX_POINT('',#18723);
#5670=VERTEX_POINT('',#18725);
#5671=VERTEX_POINT('',#18727);
#5672=VERTEX_POINT('',#18729);
#5673=VERTEX_POINT('',#18731);
#5674=VERTEX_POINT('',#18733);
#5675=VERTEX_POINT('',#18736);
#5676=VERTEX_POINT('',#18737);
#5677=VERTEX_POINT('',#18739);
#5678=VERTEX_POINT('',#18741);
#5679=VERTEX_POINT('',#18743);
#5680=VERTEX_POINT('',#18745);
#5681=VERTEX_POINT('',#18747);
#5682=VERTEX_POINT('',#18749);
#5683=VERTEX_POINT('',#18752);
#5684=VERTEX_POINT('',#18753);
#5685=VERTEX_POINT('',#18755);
#5686=VERTEX_POINT('',#18757);
#5687=VERTEX_POINT('',#18759);
#5688=VERTEX_POINT('',#18761);
#5689=VERTEX_POINT('',#18763);
#5690=VERTEX_POINT('',#18765);
#5691=VERTEX_POINT('',#18768);
#5692=VERTEX_POINT('',#18769);
#5693=VERTEX_POINT('',#18771);
#5694=VERTEX_POINT('',#18773);
#5695=VERTEX_POINT('',#18775);
#5696=VERTEX_POINT('',#18777);
#5697=VERTEX_POINT('',#18779);
#5698=VERTEX_POINT('',#18781);
#5699=VERTEX_POINT('',#18784);
#5700=VERTEX_POINT('',#18785);
#5701=VERTEX_POINT('',#18787);
#5702=VERTEX_POINT('',#18789);
#5703=VERTEX_POINT('',#18791);
#5704=VERTEX_POINT('',#18793);
#5705=VERTEX_POINT('',#18795);
#5706=VERTEX_POINT('',#18797);
#5707=VERTEX_POINT('',#18800);
#5708=VERTEX_POINT('',#18801);
#5709=VERTEX_POINT('',#18803);
#5710=VERTEX_POINT('',#18805);
#5711=VERTEX_POINT('',#18807);
#5712=VERTEX_POINT('',#18809);
#5713=VERTEX_POINT('',#18811);
#5714=VERTEX_POINT('',#18813);
#5715=VERTEX_POINT('',#18816);
#5716=VERTEX_POINT('',#18817);
#5717=VERTEX_POINT('',#18819);
#5718=VERTEX_POINT('',#18821);
#5719=VERTEX_POINT('',#18823);
#5720=VERTEX_POINT('',#18825);
#5721=VERTEX_POINT('',#18827);
#5722=VERTEX_POINT('',#18829);
#5723=VERTEX_POINT('',#18832);
#5724=VERTEX_POINT('',#18833);
#5725=VERTEX_POINT('',#18835);
#5726=VERTEX_POINT('',#18837);
#5727=VERTEX_POINT('',#18839);
#5728=VERTEX_POINT('',#18841);
#5729=VERTEX_POINT('',#18843);
#5730=VERTEX_POINT('',#18845);
#5731=VERTEX_POINT('',#18848);
#5732=VERTEX_POINT('',#18849);
#5733=VERTEX_POINT('',#18851);
#5734=VERTEX_POINT('',#18853);
#5735=VERTEX_POINT('',#18855);
#5736=VERTEX_POINT('',#18857);
#5737=VERTEX_POINT('',#18859);
#5738=VERTEX_POINT('',#18861);
#5739=EDGE_CURVE('',#4595,#4596,#2299,.T.);
#5740=EDGE_CURVE('',#4597,#4595,#2300,.T.);
#5741=EDGE_CURVE('',#4598,#4597,#2301,.T.);
#5742=EDGE_CURVE('',#4596,#4598,#2302,.F.);
#5743=EDGE_CURVE('',#4599,#4597,#2303,.T.);
#5744=EDGE_CURVE('',#4600,#4599,#2304,.T.);
#5745=EDGE_CURVE('',#4600,#4598,#2305,.T.);
#5746=EDGE_CURVE('',#4601,#4599,#2306,.T.);
#5747=EDGE_CURVE('',#4602,#4601,#2307,.T.);
#5748=EDGE_CURVE('',#4602,#4600,#2308,.T.);
#5749=EDGE_CURVE('',#4601,#4595,#2309,.F.);
#5750=EDGE_CURVE('',#4596,#4602,#2310,.T.);
#5751=EDGE_CURVE('',#4603,#4604,#157,.T.);
#5752=EDGE_CURVE('',#4604,#4605,#2311,.T.);
#5753=EDGE_CURVE('',#4605,#4606,#158,.T.);
#5754=EDGE_CURVE('',#4606,#4603,#2312,.T.);
#5755=EDGE_CURVE('',#4604,#4607,#2313,.F.);
#5756=EDGE_CURVE('',#4608,#4607,#2314,.T.);
#5757=EDGE_CURVE('',#4605,#4608,#2315,.F.);
#5758=EDGE_CURVE('',#4609,#4608,#159,.T.);
#5759=EDGE_CURVE('',#4607,#4610,#160,.T.);
#5760=EDGE_CURVE('',#4610,#4609,#2316,.T.);
#5761=EDGE_CURVE('',#4611,#4612,#161,.T.);
#5762=EDGE_CURVE('',#4612,#4613,#2317,.T.);
#5763=EDGE_CURVE('',#4613,#4614,#162,.T.);
#5764=EDGE_CURVE('',#4614,#4611,#2318,.T.);
#5765=EDGE_CURVE('',#4612,#4615,#2319,.F.);
#5766=EDGE_CURVE('',#4616,#4615,#2320,.T.);
#5767=EDGE_CURVE('',#4613,#4616,#2321,.F.);
#5768=EDGE_CURVE('',#4617,#4616,#163,.T.);
#5769=EDGE_CURVE('',#4615,#4618,#164,.T.);
#5770=EDGE_CURVE('',#4618,#4617,#2322,.T.);
#5771=EDGE_CURVE('',#4619,#4620,#165,.T.);
#5772=EDGE_CURVE('',#4620,#4621,#2323,.T.);
#5773=EDGE_CURVE('',#4621,#4622,#166,.T.);
#5774=EDGE_CURVE('',#4622,#4619,#2324,.T.);
#5775=EDGE_CURVE('',#4620,#4623,#2325,.F.);
#5776=EDGE_CURVE('',#4624,#4623,#2326,.T.);
#5777=EDGE_CURVE('',#4621,#4624,#2327,.F.);
#5778=EDGE_CURVE('',#4625,#4624,#167,.T.);
#5779=EDGE_CURVE('',#4623,#4626,#168,.T.);
#5780=EDGE_CURVE('',#4626,#4625,#2328,.T.);
#5781=EDGE_CURVE('',#4627,#4628,#169,.T.);
#5782=EDGE_CURVE('',#4628,#4629,#2329,.T.);
#5783=EDGE_CURVE('',#4629,#4630,#170,.T.);
#5784=EDGE_CURVE('',#4630,#4627,#2330,.T.);
#5785=EDGE_CURVE('',#4628,#4631,#2331,.F.);
#5786=EDGE_CURVE('',#4632,#4631,#2332,.T.);
#5787=EDGE_CURVE('',#4629,#4632,#2333,.F.);
#5788=EDGE_CURVE('',#4633,#4632,#171,.T.);
#5789=EDGE_CURVE('',#4631,#4634,#172,.T.);
#5790=EDGE_CURVE('',#4634,#4633,#2334,.T.);
#5791=EDGE_CURVE('',#4635,#4636,#173,.T.);
#5792=EDGE_CURVE('',#4636,#4637,#2335,.T.);
#5793=EDGE_CURVE('',#4637,#4638,#174,.T.);
#5794=EDGE_CURVE('',#4638,#4635,#2336,.T.);
#5795=EDGE_CURVE('',#4636,#4639,#2337,.F.);
#5796=EDGE_CURVE('',#4640,#4639,#2338,.T.);
#5797=EDGE_CURVE('',#4637,#4640,#2339,.F.);
#5798=EDGE_CURVE('',#4641,#4640,#175,.T.);
#5799=EDGE_CURVE('',#4639,#4642,#176,.T.);
#5800=EDGE_CURVE('',#4642,#4641,#2340,.T.);
#5801=EDGE_CURVE('',#4643,#4644,#177,.T.);
#5802=EDGE_CURVE('',#4644,#4645,#2341,.T.);
#5803=EDGE_CURVE('',#4645,#4646,#178,.T.);
#5804=EDGE_CURVE('',#4646,#4643,#2342,.T.);
#5805=EDGE_CURVE('',#4644,#4647,#2343,.F.);
#5806=EDGE_CURVE('',#4648,#4647,#2344,.T.);
#5807=EDGE_CURVE('',#4645,#4648,#2345,.F.);
#5808=EDGE_CURVE('',#4649,#4648,#179,.T.);
#5809=EDGE_CURVE('',#4647,#4650,#180,.T.);
#5810=EDGE_CURVE('',#4650,#4649,#2346,.T.);
#5811=EDGE_CURVE('',#4651,#4652,#181,.T.);
#5812=EDGE_CURVE('',#4652,#4653,#2347,.T.);
#5813=EDGE_CURVE('',#4653,#4654,#182,.T.);
#5814=EDGE_CURVE('',#4654,#4651,#2348,.T.);
#5815=EDGE_CURVE('',#4652,#4655,#2349,.F.);
#5816=EDGE_CURVE('',#4656,#4655,#2350,.T.);
#5817=EDGE_CURVE('',#4653,#4656,#2351,.F.);
#5818=EDGE_CURVE('',#4657,#4656,#183,.T.);
#5819=EDGE_CURVE('',#4655,#4658,#184,.T.);
#5820=EDGE_CURVE('',#4658,#4657,#2352,.T.);
#5821=EDGE_CURVE('',#4659,#4660,#185,.T.);
#5822=EDGE_CURVE('',#4660,#4661,#2353,.T.);
#5823=EDGE_CURVE('',#4661,#4662,#186,.T.);
#5824=EDGE_CURVE('',#4662,#4659,#2354,.T.);
#5825=EDGE_CURVE('',#4660,#4663,#2355,.F.);
#5826=EDGE_CURVE('',#4664,#4663,#2356,.T.);
#5827=EDGE_CURVE('',#4661,#4664,#2357,.F.);
#5828=EDGE_CURVE('',#4665,#4664,#187,.T.);
#5829=EDGE_CURVE('',#4663,#4666,#188,.T.);
#5830=EDGE_CURVE('',#4666,#4665,#2358,.T.);
#5831=EDGE_CURVE('',#4667,#4668,#189,.T.);
#5832=EDGE_CURVE('',#4668,#4669,#2359,.T.);
#5833=EDGE_CURVE('',#4669,#4670,#190,.T.);
#5834=EDGE_CURVE('',#4670,#4667,#2360,.T.);
#5835=EDGE_CURVE('',#4668,#4671,#2361,.F.);
#5836=EDGE_CURVE('',#4672,#4671,#2362,.T.);
#5837=EDGE_CURVE('',#4669,#4672,#2363,.F.);
#5838=EDGE_CURVE('',#4673,#4672,#191,.T.);
#5839=EDGE_CURVE('',#4671,#4674,#192,.T.);
#5840=EDGE_CURVE('',#4674,#4673,#2364,.T.);
#5841=EDGE_CURVE('',#4675,#4676,#193,.T.);
#5842=EDGE_CURVE('',#4676,#4677,#2365,.T.);
#5843=EDGE_CURVE('',#4677,#4678,#194,.T.);
#5844=EDGE_CURVE('',#4678,#4675,#2366,.T.);
#5845=EDGE_CURVE('',#4676,#4679,#2367,.F.);
#5846=EDGE_CURVE('',#4680,#4679,#2368,.T.);
#5847=EDGE_CURVE('',#4677,#4680,#2369,.F.);
#5848=EDGE_CURVE('',#4681,#4680,#195,.T.);
#5849=EDGE_CURVE('',#4679,#4682,#196,.T.);
#5850=EDGE_CURVE('',#4682,#4681,#2370,.T.);
#5851=EDGE_CURVE('',#4683,#4684,#197,.T.);
#5852=EDGE_CURVE('',#4684,#4685,#2371,.T.);
#5853=EDGE_CURVE('',#4685,#4686,#198,.T.);
#5854=EDGE_CURVE('',#4686,#4683,#2372,.T.);
#5855=EDGE_CURVE('',#4684,#4687,#2373,.F.);
#5856=EDGE_CURVE('',#4688,#4687,#2374,.T.);
#5857=EDGE_CURVE('',#4685,#4688,#2375,.F.);
#5858=EDGE_CURVE('',#4689,#4688,#199,.T.);
#5859=EDGE_CURVE('',#4687,#4690,#200,.T.);
#5860=EDGE_CURVE('',#4690,#4689,#2376,.T.);
#5861=EDGE_CURVE('',#4691,#4692,#201,.T.);
#5862=EDGE_CURVE('',#4692,#4693,#2377,.T.);
#5863=EDGE_CURVE('',#4693,#4694,#202,.T.);
#5864=EDGE_CURVE('',#4694,#4691,#2378,.T.);
#5865=EDGE_CURVE('',#4692,#4695,#2379,.F.);
#5866=EDGE_CURVE('',#4696,#4695,#2380,.T.);
#5867=EDGE_CURVE('',#4693,#4696,#2381,.F.);
#5868=EDGE_CURVE('',#4697,#4696,#203,.T.);
#5869=EDGE_CURVE('',#4695,#4698,#204,.T.);
#5870=EDGE_CURVE('',#4698,#4697,#2382,.T.);
#5871=EDGE_CURVE('',#4699,#4700,#205,.T.);
#5872=EDGE_CURVE('',#4700,#4701,#2383,.T.);
#5873=EDGE_CURVE('',#4701,#4702,#206,.T.);
#5874=EDGE_CURVE('',#4702,#4699,#2384,.T.);
#5875=EDGE_CURVE('',#4700,#4703,#2385,.F.);
#5876=EDGE_CURVE('',#4704,#4703,#2386,.T.);
#5877=EDGE_CURVE('',#4701,#4704,#2387,.F.);
#5878=EDGE_CURVE('',#4705,#4704,#207,.T.);
#5879=EDGE_CURVE('',#4703,#4706,#208,.T.);
#5880=EDGE_CURVE('',#4706,#4705,#2388,.T.);
#5881=EDGE_CURVE('',#4707,#4708,#209,.T.);
#5882=EDGE_CURVE('',#4708,#4709,#2389,.T.);
#5883=EDGE_CURVE('',#4709,#4710,#210,.T.);
#5884=EDGE_CURVE('',#4710,#4707,#2390,.T.);
#5885=EDGE_CURVE('',#4708,#4711,#2391,.F.);
#5886=EDGE_CURVE('',#4712,#4711,#2392,.T.);
#5887=EDGE_CURVE('',#4709,#4712,#2393,.F.);
#5888=EDGE_CURVE('',#4713,#4712,#211,.T.);
#5889=EDGE_CURVE('',#4711,#4714,#212,.T.);
#5890=EDGE_CURVE('',#4714,#4713,#2394,.T.);
#5891=EDGE_CURVE('',#4715,#4716,#213,.T.);
#5892=EDGE_CURVE('',#4716,#4717,#2395,.T.);
#5893=EDGE_CURVE('',#4717,#4718,#214,.T.);
#5894=EDGE_CURVE('',#4718,#4715,#2396,.T.);
#5895=EDGE_CURVE('',#4716,#4719,#2397,.F.);
#5896=EDGE_CURVE('',#4720,#4719,#2398,.T.);
#5897=EDGE_CURVE('',#4717,#4720,#2399,.F.);
#5898=EDGE_CURVE('',#4721,#4720,#215,.T.);
#5899=EDGE_CURVE('',#4719,#4722,#216,.T.);
#5900=EDGE_CURVE('',#4722,#4721,#2400,.T.);
#5901=EDGE_CURVE('',#4723,#4724,#217,.T.);
#5902=EDGE_CURVE('',#4724,#4725,#2401,.T.);
#5903=EDGE_CURVE('',#4725,#4726,#218,.T.);
#5904=EDGE_CURVE('',#4726,#4723,#2402,.T.);
#5905=EDGE_CURVE('',#4724,#4727,#2403,.F.);
#5906=EDGE_CURVE('',#4728,#4727,#2404,.T.);
#5907=EDGE_CURVE('',#4725,#4728,#2405,.F.);
#5908=EDGE_CURVE('',#4729,#4728,#219,.T.);
#5909=EDGE_CURVE('',#4727,#4730,#220,.T.);
#5910=EDGE_CURVE('',#4730,#4729,#2406,.T.);
#5911=EDGE_CURVE('',#4731,#4732,#221,.T.);
#5912=EDGE_CURVE('',#4732,#4733,#2407,.T.);
#5913=EDGE_CURVE('',#4733,#4734,#222,.T.);
#5914=EDGE_CURVE('',#4734,#4731,#2408,.T.);
#5915=EDGE_CURVE('',#4732,#4735,#2409,.F.);
#5916=EDGE_CURVE('',#4736,#4735,#2410,.T.);
#5917=EDGE_CURVE('',#4733,#4736,#2411,.F.);
#5918=EDGE_CURVE('',#4737,#4736,#223,.T.);
#5919=EDGE_CURVE('',#4735,#4738,#224,.T.);
#5920=EDGE_CURVE('',#4738,#4737,#2412,.T.);
#5921=EDGE_CURVE('',#4739,#4740,#225,.T.);
#5922=EDGE_CURVE('',#4740,#4741,#2413,.T.);
#5923=EDGE_CURVE('',#4741,#4742,#226,.T.);
#5924=EDGE_CURVE('',#4742,#4739,#2414,.T.);
#5925=EDGE_CURVE('',#4740,#4743,#2415,.F.);
#5926=EDGE_CURVE('',#4744,#4743,#2416,.T.);
#5927=EDGE_CURVE('',#4741,#4744,#2417,.F.);
#5928=EDGE_CURVE('',#4745,#4744,#227,.T.);
#5929=EDGE_CURVE('',#4743,#4746,#228,.T.);
#5930=EDGE_CURVE('',#4746,#4745,#2418,.T.);
#5931=EDGE_CURVE('',#4747,#4748,#229,.T.);
#5932=EDGE_CURVE('',#4748,#4749,#2419,.T.);
#5933=EDGE_CURVE('',#4749,#4750,#230,.T.);
#5934=EDGE_CURVE('',#4750,#4747,#2420,.T.);
#5935=EDGE_CURVE('',#4748,#4751,#2421,.F.);
#5936=EDGE_CURVE('',#4752,#4751,#2422,.T.);
#5937=EDGE_CURVE('',#4749,#4752,#2423,.F.);
#5938=EDGE_CURVE('',#4753,#4752,#231,.T.);
#5939=EDGE_CURVE('',#4751,#4754,#232,.T.);
#5940=EDGE_CURVE('',#4754,#4753,#2424,.T.);
#5941=EDGE_CURVE('',#4755,#4756,#233,.T.);
#5942=EDGE_CURVE('',#4756,#4757,#2425,.T.);
#5943=EDGE_CURVE('',#4757,#4758,#234,.T.);
#5944=EDGE_CURVE('',#4758,#4755,#2426,.T.);
#5945=EDGE_CURVE('',#4756,#4759,#2427,.F.);
#5946=EDGE_CURVE('',#4760,#4759,#2428,.T.);
#5947=EDGE_CURVE('',#4757,#4760,#2429,.F.);
#5948=EDGE_CURVE('',#4761,#4760,#235,.T.);
#5949=EDGE_CURVE('',#4759,#4762,#236,.T.);
#5950=EDGE_CURVE('',#4762,#4761,#2430,.T.);
#5951=EDGE_CURVE('',#4763,#4764,#237,.T.);
#5952=EDGE_CURVE('',#4764,#4765,#2431,.T.);
#5953=EDGE_CURVE('',#4765,#4766,#238,.T.);
#5954=EDGE_CURVE('',#4766,#4763,#2432,.T.);
#5955=EDGE_CURVE('',#4764,#4767,#2433,.F.);
#5956=EDGE_CURVE('',#4768,#4767,#2434,.T.);
#5957=EDGE_CURVE('',#4765,#4768,#2435,.F.);
#5958=EDGE_CURVE('',#4769,#4768,#239,.T.);
#5959=EDGE_CURVE('',#4767,#4770,#240,.T.);
#5960=EDGE_CURVE('',#4770,#4769,#2436,.T.);
#5961=EDGE_CURVE('',#4771,#4772,#241,.T.);
#5962=EDGE_CURVE('',#4772,#4773,#2437,.T.);
#5963=EDGE_CURVE('',#4773,#4774,#242,.T.);
#5964=EDGE_CURVE('',#4774,#4771,#2438,.T.);
#5965=EDGE_CURVE('',#4772,#4775,#2439,.F.);
#5966=EDGE_CURVE('',#4776,#4775,#2440,.T.);
#5967=EDGE_CURVE('',#4773,#4776,#2441,.F.);
#5968=EDGE_CURVE('',#4777,#4776,#243,.T.);
#5969=EDGE_CURVE('',#4775,#4778,#244,.T.);
#5970=EDGE_CURVE('',#4778,#4777,#2442,.T.);
#5971=EDGE_CURVE('',#4779,#4780,#245,.T.);
#5972=EDGE_CURVE('',#4780,#4781,#2443,.T.);
#5973=EDGE_CURVE('',#4781,#4782,#246,.T.);
#5974=EDGE_CURVE('',#4782,#4779,#2444,.T.);
#5975=EDGE_CURVE('',#4780,#4783,#2445,.F.);
#5976=EDGE_CURVE('',#4784,#4783,#2446,.T.);
#5977=EDGE_CURVE('',#4781,#4784,#2447,.F.);
#5978=EDGE_CURVE('',#4785,#4784,#247,.T.);
#5979=EDGE_CURVE('',#4783,#4786,#248,.T.);
#5980=EDGE_CURVE('',#4786,#4785,#2448,.T.);
#5981=EDGE_CURVE('',#4787,#4788,#249,.T.);
#5982=EDGE_CURVE('',#4788,#4789,#2449,.T.);
#5983=EDGE_CURVE('',#4789,#4790,#250,.T.);
#5984=EDGE_CURVE('',#4790,#4787,#2450,.T.);
#5985=EDGE_CURVE('',#4788,#4791,#2451,.F.);
#5986=EDGE_CURVE('',#4792,#4791,#2452,.T.);
#5987=EDGE_CURVE('',#4789,#4792,#2453,.F.);
#5988=EDGE_CURVE('',#4793,#4792,#251,.T.);
#5989=EDGE_CURVE('',#4791,#4794,#252,.T.);
#5990=EDGE_CURVE('',#4794,#4793,#2454,.T.);
#5991=EDGE_CURVE('',#4795,#4796,#253,.T.);
#5992=EDGE_CURVE('',#4796,#4797,#2455,.T.);
#5993=EDGE_CURVE('',#4797,#4798,#254,.T.);
#5994=EDGE_CURVE('',#4798,#4795,#2456,.T.);
#5995=EDGE_CURVE('',#4796,#4799,#2457,.F.);
#5996=EDGE_CURVE('',#4800,#4799,#2458,.T.);
#5997=EDGE_CURVE('',#4797,#4800,#2459,.F.);
#5998=EDGE_CURVE('',#4801,#4800,#255,.T.);
#5999=EDGE_CURVE('',#4799,#4802,#256,.T.);
#6000=EDGE_CURVE('',#4802,#4801,#2460,.T.);
#6001=EDGE_CURVE('',#4803,#4804,#257,.T.);
#6002=EDGE_CURVE('',#4804,#4805,#2461,.T.);
#6003=EDGE_CURVE('',#4805,#4806,#258,.T.);
#6004=EDGE_CURVE('',#4806,#4803,#2462,.T.);
#6005=EDGE_CURVE('',#4804,#4807,#2463,.F.);
#6006=EDGE_CURVE('',#4808,#4807,#2464,.T.);
#6007=EDGE_CURVE('',#4805,#4808,#2465,.F.);
#6008=EDGE_CURVE('',#4809,#4808,#259,.T.);
#6009=EDGE_CURVE('',#4807,#4810,#260,.T.);
#6010=EDGE_CURVE('',#4810,#4809,#2466,.T.);
#6011=EDGE_CURVE('',#4811,#4812,#261,.T.);
#6012=EDGE_CURVE('',#4812,#4813,#2467,.T.);
#6013=EDGE_CURVE('',#4813,#4814,#262,.T.);
#6014=EDGE_CURVE('',#4814,#4811,#2468,.T.);
#6015=EDGE_CURVE('',#4812,#4815,#2469,.F.);
#6016=EDGE_CURVE('',#4816,#4815,#2470,.T.);
#6017=EDGE_CURVE('',#4813,#4816,#2471,.F.);
#6018=EDGE_CURVE('',#4815,#4817,#263,.T.);
#6019=EDGE_CURVE('',#4817,#4818,#2472,.T.);
#6020=EDGE_CURVE('',#4818,#4816,#264,.T.);
#6021=EDGE_CURVE('',#4817,#4819,#2473,.F.);
#6022=EDGE_CURVE('',#4820,#4819,#2474,.T.);
#6023=EDGE_CURVE('',#4818,#4820,#2475,.F.);
#6024=EDGE_CURVE('',#4819,#4821,#265,.T.);
#6025=EDGE_CURVE('',#4821,#4822,#2476,.T.);
#6026=EDGE_CURVE('',#4822,#4820,#266,.T.);
#6027=EDGE_CURVE('',#4821,#4823,#2477,.F.);
#6028=EDGE_CURVE('',#4824,#4823,#2478,.T.);
#6029=EDGE_CURVE('',#4822,#4824,#2479,.F.);
#6030=EDGE_CURVE('',#4825,#4824,#267,.T.);
#6031=EDGE_CURVE('',#4823,#4826,#268,.T.);
#6032=EDGE_CURVE('',#4826,#4825,#2480,.T.);
#6033=EDGE_CURVE('',#4610,#4611,#2481,.F.);
#6034=EDGE_CURVE('',#4609,#4614,#2482,.F.);
#6035=EDGE_CURVE('',#4633,#4622,#2483,.F.);
#6036=EDGE_CURVE('',#4634,#4619,#2484,.F.);
#6037=EDGE_CURVE('',#4625,#4630,#2485,.F.);
#6038=EDGE_CURVE('',#4649,#4638,#2486,.F.);
#6039=EDGE_CURVE('',#4641,#4646,#2487,.F.);
#6040=EDGE_CURVE('',#4665,#4654,#2488,.F.);
#6041=EDGE_CURVE('',#4657,#4662,#2489,.F.);
#6042=EDGE_CURVE('',#4681,#4670,#2490,.F.);
#6043=EDGE_CURVE('',#4673,#4678,#2491,.F.);
#6044=EDGE_CURVE('',#4697,#4686,#2492,.F.);
#6045=EDGE_CURVE('',#4689,#4694,#2493,.F.);
#6046=EDGE_CURVE('',#4713,#4702,#2494,.F.);
#6047=EDGE_CURVE('',#4705,#4710,#2495,.F.);
#6048=EDGE_CURVE('',#4729,#4718,#2496,.F.);
#6049=EDGE_CURVE('',#4721,#4726,#2497,.F.);
#6050=EDGE_CURVE('',#4745,#4734,#2498,.F.);
#6051=EDGE_CURVE('',#4737,#4742,#2499,.F.);
#6052=EDGE_CURVE('',#4761,#4750,#2500,.F.);
#6053=EDGE_CURVE('',#4753,#4758,#2501,.F.);
#6054=EDGE_CURVE('',#4777,#4766,#2502,.F.);
#6055=EDGE_CURVE('',#4769,#4774,#2503,.F.);
#6056=EDGE_CURVE('',#4793,#4782,#2504,.F.);
#6057=EDGE_CURVE('',#4785,#4790,#2505,.F.);
#6058=EDGE_CURVE('',#4809,#4798,#2506,.F.);
#6059=EDGE_CURVE('',#4801,#4806,#2507,.F.);
#6060=EDGE_CURVE('',#4825,#4814,#2508,.F.);
#6061=EDGE_CURVE('',#4617,#4606,#2509,.F.);
#6062=EDGE_CURVE('',#4827,#4828,#2510,.F.);
#6063=EDGE_CURVE('',#4829,#4828,#269,.T.);
#6064=EDGE_CURVE('',#4829,#4830,#2511,.F.);
#6065=EDGE_CURVE('',#4831,#4830,#270,.T.);
#6066=EDGE_CURVE('',#4831,#4832,#2512,.F.);
#6067=EDGE_CURVE('',#4833,#4832,#271,.T.);
#6068=EDGE_CURVE('',#4833,#4834,#2513,.F.);
#6069=EDGE_CURVE('',#4827,#4834,#272,.T.);
#6070=EDGE_CURVE('',#4835,#4836,#2514,.F.);
#6071=EDGE_CURVE('',#4837,#4836,#273,.T.);
#6072=EDGE_CURVE('',#4837,#4838,#2515,.F.);
#6073=EDGE_CURVE('',#4839,#4838,#274,.T.);
#6074=EDGE_CURVE('',#4839,#4840,#2516,.F.);
#6075=EDGE_CURVE('',#4841,#4840,#275,.T.);
#6076=EDGE_CURVE('',#4841,#4842,#2517,.F.);
#6077=EDGE_CURVE('',#4835,#4842,#276,.T.);
#6078=EDGE_CURVE('',#4843,#4844,#2518,.F.);
#6079=EDGE_CURVE('',#4845,#4844,#277,.T.);
#6080=EDGE_CURVE('',#4845,#4846,#2519,.F.);
#6081=EDGE_CURVE('',#4847,#4846,#278,.T.);
#6082=EDGE_CURVE('',#4847,#4848,#2520,.F.);
#6083=EDGE_CURVE('',#4849,#4848,#279,.T.);
#6084=EDGE_CURVE('',#4849,#4850,#2521,.F.);
#6085=EDGE_CURVE('',#4843,#4850,#280,.T.);
#6086=EDGE_CURVE('',#4851,#4852,#2522,.F.);
#6087=EDGE_CURVE('',#4853,#4852,#281,.T.);
#6088=EDGE_CURVE('',#4853,#4854,#2523,.F.);
#6089=EDGE_CURVE('',#4855,#4854,#282,.T.);
#6090=EDGE_CURVE('',#4855,#4856,#2524,.F.);
#6091=EDGE_CURVE('',#4857,#4856,#283,.T.);
#6092=EDGE_CURVE('',#4857,#4858,#2525,.F.);
#6093=EDGE_CURVE('',#4851,#4858,#284,.T.);
#6094=EDGE_CURVE('',#4859,#4860,#2526,.F.);
#6095=EDGE_CURVE('',#4861,#4860,#285,.T.);
#6096=EDGE_CURVE('',#4861,#4862,#2527,.F.);
#6097=EDGE_CURVE('',#4863,#4862,#286,.T.);
#6098=EDGE_CURVE('',#4863,#4864,#2528,.F.);
#6099=EDGE_CURVE('',#4865,#4864,#287,.T.);
#6100=EDGE_CURVE('',#4865,#4866,#2529,.F.);
#6101=EDGE_CURVE('',#4859,#4866,#288,.T.);
#6102=EDGE_CURVE('',#4867,#4868,#2530,.F.);
#6103=EDGE_CURVE('',#4869,#4868,#289,.T.);
#6104=EDGE_CURVE('',#4869,#4870,#2531,.F.);
#6105=EDGE_CURVE('',#4871,#4870,#290,.T.);
#6106=EDGE_CURVE('',#4871,#4872,#2532,.F.);
#6107=EDGE_CURVE('',#4873,#4872,#291,.T.);
#6108=EDGE_CURVE('',#4873,#4874,#2533,.F.);
#6109=EDGE_CURVE('',#4867,#4874,#292,.T.);
#6110=EDGE_CURVE('',#4875,#4876,#2534,.F.);
#6111=EDGE_CURVE('',#4877,#4876,#293,.T.);
#6112=EDGE_CURVE('',#4877,#4878,#2535,.F.);
#6113=EDGE_CURVE('',#4879,#4878,#294,.T.);
#6114=EDGE_CURVE('',#4879,#4880,#2536,.F.);
#6115=EDGE_CURVE('',#4881,#4880,#295,.T.);
#6116=EDGE_CURVE('',#4881,#4882,#2537,.F.);
#6117=EDGE_CURVE('',#4875,#4882,#296,.T.);
#6118=EDGE_CURVE('',#4883,#4884,#2538,.F.);
#6119=EDGE_CURVE('',#4885,#4884,#297,.T.);
#6120=EDGE_CURVE('',#4885,#4886,#2539,.F.);
#6121=EDGE_CURVE('',#4887,#4886,#298,.T.);
#6122=EDGE_CURVE('',#4887,#4888,#2540,.F.);
#6123=EDGE_CURVE('',#4889,#4888,#299,.T.);
#6124=EDGE_CURVE('',#4889,#4890,#2541,.F.);
#6125=EDGE_CURVE('',#4883,#4890,#300,.T.);
#6126=EDGE_CURVE('',#4891,#4892,#2542,.F.);
#6127=EDGE_CURVE('',#4893,#4892,#301,.T.);
#6128=EDGE_CURVE('',#4893,#4894,#2543,.F.);
#6129=EDGE_CURVE('',#4895,#4894,#302,.T.);
#6130=EDGE_CURVE('',#4895,#4896,#2544,.F.);
#6131=EDGE_CURVE('',#4897,#4896,#303,.T.);
#6132=EDGE_CURVE('',#4897,#4898,#2545,.F.);
#6133=EDGE_CURVE('',#4891,#4898,#304,.T.);
#6134=EDGE_CURVE('',#4899,#4900,#2546,.F.);
#6135=EDGE_CURVE('',#4901,#4900,#305,.T.);
#6136=EDGE_CURVE('',#4901,#4902,#2547,.F.);
#6137=EDGE_CURVE('',#4903,#4902,#306,.T.);
#6138=EDGE_CURVE('',#4903,#4904,#2548,.F.);
#6139=EDGE_CURVE('',#4905,#4904,#307,.T.);
#6140=EDGE_CURVE('',#4905,#4906,#2549,.F.);
#6141=EDGE_CURVE('',#4899,#4906,#308,.T.);
#6142=EDGE_CURVE('',#4907,#4908,#2550,.F.);
#6143=EDGE_CURVE('',#4909,#4908,#309,.T.);
#6144=EDGE_CURVE('',#4909,#4910,#2551,.F.);
#6145=EDGE_CURVE('',#4911,#4910,#310,.T.);
#6146=EDGE_CURVE('',#4911,#4912,#2552,.F.);
#6147=EDGE_CURVE('',#4913,#4912,#311,.T.);
#6148=EDGE_CURVE('',#4913,#4914,#2553,.F.);
#6149=EDGE_CURVE('',#4907,#4914,#312,.T.);
#6150=EDGE_CURVE('',#4915,#4916,#2554,.F.);
#6151=EDGE_CURVE('',#4917,#4916,#313,.T.);
#6152=EDGE_CURVE('',#4917,#4918,#2555,.F.);
#6153=EDGE_CURVE('',#4919,#4918,#314,.T.);
#6154=EDGE_CURVE('',#4919,#4920,#2556,.F.);
#6155=EDGE_CURVE('',#4921,#4920,#315,.T.);
#6156=EDGE_CURVE('',#4921,#4922,#2557,.F.);
#6157=EDGE_CURVE('',#4915,#4922,#316,.T.);
#6158=EDGE_CURVE('',#4923,#4924,#2558,.F.);
#6159=EDGE_CURVE('',#4925,#4924,#317,.T.);
#6160=EDGE_CURVE('',#4925,#4926,#2559,.F.);
#6161=EDGE_CURVE('',#4927,#4926,#318,.T.);
#6162=EDGE_CURVE('',#4927,#4928,#2560,.F.);
#6163=EDGE_CURVE('',#4929,#4928,#319,.T.);
#6164=EDGE_CURVE('',#4929,#4930,#2561,.F.);
#6165=EDGE_CURVE('',#4923,#4930,#320,.T.);
#6166=EDGE_CURVE('',#4931,#4932,#2562,.T.);
#6167=EDGE_CURVE('',#4932,#4933,#321,.T.);
#6168=EDGE_CURVE('',#4933,#4934,#2563,.T.);
#6169=EDGE_CURVE('',#4934,#4935,#322,.T.);
#6170=EDGE_CURVE('',#4935,#4936,#2564,.T.);
#6171=EDGE_CURVE('',#4936,#4937,#323,.T.);
#6172=EDGE_CURVE('',#4937,#4938,#2565,.T.);
#6173=EDGE_CURVE('',#4938,#4931,#324,.T.);
#6174=EDGE_CURVE('',#4939,#4940,#2566,.F.);
#6175=EDGE_CURVE('',#4941,#4940,#325,.T.);
#6176=EDGE_CURVE('',#4941,#4942,#2567,.F.);
#6177=EDGE_CURVE('',#4943,#4942,#326,.T.);
#6178=EDGE_CURVE('',#4943,#4944,#2568,.F.);
#6179=EDGE_CURVE('',#4945,#4944,#327,.T.);
#6180=EDGE_CURVE('',#4945,#4946,#2569,.F.);
#6181=EDGE_CURVE('',#4939,#4946,#328,.T.);
#6182=EDGE_CURVE('',#4947,#4948,#2570,.F.);
#6183=EDGE_CURVE('',#4949,#4948,#329,.T.);
#6184=EDGE_CURVE('',#4949,#4950,#2571,.F.);
#6185=EDGE_CURVE('',#4951,#4950,#330,.T.);
#6186=EDGE_CURVE('',#4951,#4952,#2572,.F.);
#6187=EDGE_CURVE('',#4953,#4952,#331,.T.);
#6188=EDGE_CURVE('',#4953,#4954,#2573,.F.);
#6189=EDGE_CURVE('',#4947,#4954,#332,.T.);
#6190=EDGE_CURVE('',#4955,#4956,#2574,.F.);
#6191=EDGE_CURVE('',#4957,#4956,#333,.T.);
#6192=EDGE_CURVE('',#4957,#4958,#2575,.F.);
#6193=EDGE_CURVE('',#4959,#4958,#334,.T.);
#6194=EDGE_CURVE('',#4959,#4960,#2576,.F.);
#6195=EDGE_CURVE('',#4961,#4960,#335,.T.);
#6196=EDGE_CURVE('',#4961,#4962,#2577,.F.);
#6197=EDGE_CURVE('',#4955,#4962,#336,.T.);
#6198=EDGE_CURVE('',#4963,#4964,#2578,.F.);
#6199=EDGE_CURVE('',#4965,#4964,#337,.T.);
#6200=EDGE_CURVE('',#4965,#4966,#2579,.F.);
#6201=EDGE_CURVE('',#4967,#4966,#338,.T.);
#6202=EDGE_CURVE('',#4967,#4968,#2580,.F.);
#6203=EDGE_CURVE('',#4969,#4968,#339,.T.);
#6204=EDGE_CURVE('',#4969,#4970,#2581,.F.);
#6205=EDGE_CURVE('',#4963,#4970,#340,.T.);
#6206=EDGE_CURVE('',#4971,#4972,#2582,.F.);
#6207=EDGE_CURVE('',#4973,#4972,#341,.T.);
#6208=EDGE_CURVE('',#4973,#4974,#2583,.F.);
#6209=EDGE_CURVE('',#4975,#4974,#342,.T.);
#6210=EDGE_CURVE('',#4975,#4976,#2584,.F.);
#6211=EDGE_CURVE('',#4977,#4976,#343,.T.);
#6212=EDGE_CURVE('',#4977,#4978,#2585,.F.);
#6213=EDGE_CURVE('',#4971,#4978,#344,.T.);
#6214=EDGE_CURVE('',#4979,#4980,#2586,.F.);
#6215=EDGE_CURVE('',#4981,#4980,#345,.T.);
#6216=EDGE_CURVE('',#4981,#4982,#2587,.F.);
#6217=EDGE_CURVE('',#4983,#4982,#346,.T.);
#6218=EDGE_CURVE('',#4983,#4984,#2588,.F.);
#6219=EDGE_CURVE('',#4985,#4984,#347,.T.);
#6220=EDGE_CURVE('',#4985,#4986,#2589,.F.);
#6221=EDGE_CURVE('',#4979,#4986,#348,.T.);
#6222=EDGE_CURVE('',#4987,#4988,#2590,.F.);
#6223=EDGE_CURVE('',#4989,#4988,#349,.T.);
#6224=EDGE_CURVE('',#4989,#4990,#2591,.F.);
#6225=EDGE_CURVE('',#4991,#4990,#350,.T.);
#6226=EDGE_CURVE('',#4991,#4992,#2592,.F.);
#6227=EDGE_CURVE('',#4993,#4992,#351,.T.);
#6228=EDGE_CURVE('',#4993,#4994,#2593,.F.);
#6229=EDGE_CURVE('',#4987,#4994,#352,.T.);
#6230=EDGE_CURVE('',#4995,#4996,#2594,.F.);
#6231=EDGE_CURVE('',#4997,#4996,#353,.T.);
#6232=EDGE_CURVE('',#4997,#4998,#2595,.F.);
#6233=EDGE_CURVE('',#4999,#4998,#354,.T.);
#6234=EDGE_CURVE('',#4999,#5000,#2596,.F.);
#6235=EDGE_CURVE('',#5001,#5000,#355,.T.);
#6236=EDGE_CURVE('',#5001,#5002,#2597,.F.);
#6237=EDGE_CURVE('',#4995,#5002,#356,.T.);
#6238=EDGE_CURVE('',#5003,#5004,#2598,.F.);
#6239=EDGE_CURVE('',#5005,#5004,#357,.T.);
#6240=EDGE_CURVE('',#5005,#5006,#2599,.F.);
#6241=EDGE_CURVE('',#5007,#5006,#358,.T.);
#6242=EDGE_CURVE('',#5007,#5008,#2600,.F.);
#6243=EDGE_CURVE('',#5009,#5008,#359,.T.);
#6244=EDGE_CURVE('',#5009,#5010,#2601,.F.);
#6245=EDGE_CURVE('',#5003,#5010,#360,.T.);
#6246=EDGE_CURVE('',#5011,#5012,#2602,.F.);
#6247=EDGE_CURVE('',#5013,#5012,#361,.T.);
#6248=EDGE_CURVE('',#5013,#5014,#2603,.F.);
#6249=EDGE_CURVE('',#5015,#5014,#362,.T.);
#6250=EDGE_CURVE('',#5015,#5016,#2604,.F.);
#6251=EDGE_CURVE('',#5017,#5016,#363,.T.);
#6252=EDGE_CURVE('',#5017,#5018,#2605,.F.);
#6253=EDGE_CURVE('',#5011,#5018,#364,.T.);
#6254=EDGE_CURVE('',#5019,#5020,#2606,.F.);
#6255=EDGE_CURVE('',#5021,#5020,#365,.T.);
#6256=EDGE_CURVE('',#5021,#5022,#2607,.F.);
#6257=EDGE_CURVE('',#5023,#5022,#366,.T.);
#6258=EDGE_CURVE('',#5023,#5024,#2608,.F.);
#6259=EDGE_CURVE('',#5025,#5024,#367,.T.);
#6260=EDGE_CURVE('',#5025,#5026,#2609,.F.);
#6261=EDGE_CURVE('',#5019,#5026,#368,.T.);
#6262=EDGE_CURVE('',#5027,#5028,#2610,.F.);
#6263=EDGE_CURVE('',#5029,#5028,#369,.T.);
#6264=EDGE_CURVE('',#5029,#5030,#2611,.F.);
#6265=EDGE_CURVE('',#5031,#5030,#370,.T.);
#6266=EDGE_CURVE('',#5031,#5032,#2612,.F.);
#6267=EDGE_CURVE('',#5033,#5032,#371,.T.);
#6268=EDGE_CURVE('',#5033,#5034,#2613,.F.);
#6269=EDGE_CURVE('',#5027,#5034,#372,.T.);
#6270=EDGE_CURVE('',#5035,#5036,#2614,.T.);
#6271=EDGE_CURVE('',#5036,#5037,#373,.T.);
#6272=EDGE_CURVE('',#5037,#5038,#2615,.T.);
#6273=EDGE_CURVE('',#5038,#5039,#374,.T.);
#6274=EDGE_CURVE('',#5039,#5040,#2616,.T.);
#6275=EDGE_CURVE('',#5040,#5041,#375,.T.);
#6276=EDGE_CURVE('',#5041,#5042,#2617,.T.);
#6277=EDGE_CURVE('',#5042,#5035,#376,.T.);
#6278=EDGE_CURVE('',#5043,#5044,#2618,.T.);
#6279=EDGE_CURVE('',#5044,#5045,#377,.T.);
#6280=EDGE_CURVE('',#5045,#5046,#2619,.T.);
#6281=EDGE_CURVE('',#5046,#5047,#378,.T.);
#6282=EDGE_CURVE('',#5047,#5048,#2620,.T.);
#6283=EDGE_CURVE('',#5048,#5049,#379,.T.);
#6284=EDGE_CURVE('',#5049,#5050,#2621,.T.);
#6285=EDGE_CURVE('',#5050,#5043,#380,.T.);
#6286=EDGE_CURVE('',#5051,#5052,#2622,.T.);
#6287=EDGE_CURVE('',#5052,#5053,#381,.T.);
#6288=EDGE_CURVE('',#5053,#5054,#2623,.T.);
#6289=EDGE_CURVE('',#5054,#5055,#382,.T.);
#6290=EDGE_CURVE('',#5055,#5056,#2624,.T.);
#6291=EDGE_CURVE('',#5056,#5057,#383,.T.);
#6292=EDGE_CURVE('',#5057,#5058,#2625,.T.);
#6293=EDGE_CURVE('',#5058,#5051,#384,.T.);
#6294=EDGE_CURVE('',#5059,#5060,#2626,.F.);
#6295=EDGE_CURVE('',#5061,#5060,#385,.T.);
#6296=EDGE_CURVE('',#5061,#5062,#2627,.F.);
#6297=EDGE_CURVE('',#5063,#5062,#386,.T.);
#6298=EDGE_CURVE('',#5063,#5064,#2628,.F.);
#6299=EDGE_CURVE('',#5065,#5064,#387,.T.);
#6300=EDGE_CURVE('',#5065,#5066,#2629,.F.);
#6301=EDGE_CURVE('',#5059,#5066,#388,.T.);
#6302=EDGE_CURVE('',#5067,#5068,#2630,.F.);
#6303=EDGE_CURVE('',#5069,#5068,#389,.T.);
#6304=EDGE_CURVE('',#5069,#5070,#2631,.F.);
#6305=EDGE_CURVE('',#5071,#5070,#390,.T.);
#6306=EDGE_CURVE('',#5071,#5072,#2632,.F.);
#6307=EDGE_CURVE('',#5073,#5072,#391,.T.);
#6308=EDGE_CURVE('',#5073,#5074,#2633,.F.);
#6309=EDGE_CURVE('',#5067,#5074,#392,.T.);
#6310=EDGE_CURVE('',#5075,#5076,#2634,.F.);
#6311=EDGE_CURVE('',#5077,#5076,#393,.T.);
#6312=EDGE_CURVE('',#5077,#5078,#2635,.F.);
#6313=EDGE_CURVE('',#5079,#5078,#394,.T.);
#6314=EDGE_CURVE('',#5079,#5080,#2636,.F.);
#6315=EDGE_CURVE('',#5081,#5080,#395,.T.);
#6316=EDGE_CURVE('',#5081,#5082,#2637,.F.);
#6317=EDGE_CURVE('',#5075,#5082,#396,.T.);
#6318=EDGE_CURVE('',#5083,#5084,#2638,.F.);
#6319=EDGE_CURVE('',#5085,#5084,#397,.T.);
#6320=EDGE_CURVE('',#5085,#5086,#2639,.F.);
#6321=EDGE_CURVE('',#5087,#5086,#398,.T.);
#6322=EDGE_CURVE('',#5087,#5088,#2640,.F.);
#6323=EDGE_CURVE('',#5089,#5088,#399,.T.);
#6324=EDGE_CURVE('',#5089,#5090,#2641,.F.);
#6325=EDGE_CURVE('',#5083,#5090,#400,.T.);
#6326=EDGE_CURVE('',#5091,#5092,#2642,.F.);
#6327=EDGE_CURVE('',#5093,#5092,#401,.T.);
#6328=EDGE_CURVE('',#5093,#5094,#2643,.F.);
#6329=EDGE_CURVE('',#5095,#5094,#402,.T.);
#6330=EDGE_CURVE('',#5095,#5096,#2644,.F.);
#6331=EDGE_CURVE('',#5097,#5096,#403,.T.);
#6332=EDGE_CURVE('',#5097,#5098,#2645,.F.);
#6333=EDGE_CURVE('',#5091,#5098,#404,.T.);
#6334=EDGE_CURVE('',#5099,#5100,#2646,.F.);
#6335=EDGE_CURVE('',#5101,#5100,#405,.T.);
#6336=EDGE_CURVE('',#5101,#5102,#2647,.F.);
#6337=EDGE_CURVE('',#5103,#5102,#406,.T.);
#6338=EDGE_CURVE('',#5103,#5104,#2648,.F.);
#6339=EDGE_CURVE('',#5105,#5104,#407,.T.);
#6340=EDGE_CURVE('',#5105,#5106,#2649,.F.);
#6341=EDGE_CURVE('',#5099,#5106,#408,.T.);
#6342=EDGE_CURVE('',#5107,#5108,#2650,.F.);
#6343=EDGE_CURVE('',#5109,#5108,#409,.T.);
#6344=EDGE_CURVE('',#5109,#5110,#2651,.F.);
#6345=EDGE_CURVE('',#5111,#5110,#410,.T.);
#6346=EDGE_CURVE('',#5111,#5112,#2652,.F.);
#6347=EDGE_CURVE('',#5113,#5112,#411,.T.);
#6348=EDGE_CURVE('',#5113,#5114,#2653,.F.);
#6349=EDGE_CURVE('',#5107,#5114,#412,.T.);
#6350=EDGE_CURVE('',#5115,#5116,#2654,.T.);
#6351=EDGE_CURVE('',#5116,#5117,#413,.T.);
#6352=EDGE_CURVE('',#5117,#5118,#2655,.T.);
#6353=EDGE_CURVE('',#5118,#5119,#414,.T.);
#6354=EDGE_CURVE('',#5119,#5120,#2656,.T.);
#6355=EDGE_CURVE('',#5120,#5121,#415,.T.);
#6356=EDGE_CURVE('',#5121,#5122,#2657,.T.);
#6357=EDGE_CURVE('',#5122,#5115,#416,.T.);
#6358=EDGE_CURVE('',#5123,#5124,#2658,.T.);
#6359=EDGE_CURVE('',#5124,#5125,#417,.T.);
#6360=EDGE_CURVE('',#5125,#5126,#2659,.T.);
#6361=EDGE_CURVE('',#5126,#5127,#418,.T.);
#6362=EDGE_CURVE('',#5127,#5128,#2660,.T.);
#6363=EDGE_CURVE('',#5128,#5129,#419,.T.);
#6364=EDGE_CURVE('',#5129,#5130,#2661,.T.);
#6365=EDGE_CURVE('',#5130,#5123,#420,.T.);
#6366=EDGE_CURVE('',#5131,#5132,#2662,.F.);
#6367=EDGE_CURVE('',#5133,#5132,#421,.T.);
#6368=EDGE_CURVE('',#5133,#5134,#2663,.F.);
#6369=EDGE_CURVE('',#5135,#5134,#422,.T.);
#6370=EDGE_CURVE('',#5135,#5136,#2664,.F.);
#6371=EDGE_CURVE('',#5137,#5136,#423,.T.);
#6372=EDGE_CURVE('',#5137,#5138,#2665,.F.);
#6373=EDGE_CURVE('',#5131,#5138,#424,.T.);
#6374=EDGE_CURVE('',#5139,#5140,#425,.T.);
#6375=EDGE_CURVE('',#5140,#5141,#2666,.T.);
#6376=EDGE_CURVE('',#5141,#5142,#426,.T.);
#6377=EDGE_CURVE('',#5142,#5143,#2667,.T.);
#6378=EDGE_CURVE('',#5143,#5144,#427,.T.);
#6379=EDGE_CURVE('',#5144,#5145,#2668,.T.);
#6380=EDGE_CURVE('',#5145,#5146,#428,.T.);
#6381=EDGE_CURVE('',#5146,#5139,#2669,.T.);
#6382=EDGE_CURVE('',#5147,#5148,#429,.T.);
#6383=EDGE_CURVE('',#5148,#5149,#2670,.T.);
#6384=EDGE_CURVE('',#5149,#5150,#430,.T.);
#6385=EDGE_CURVE('',#5150,#5151,#2671,.T.);
#6386=EDGE_CURVE('',#5151,#5152,#431,.T.);
#6387=EDGE_CURVE('',#5152,#5153,#2672,.T.);
#6388=EDGE_CURVE('',#5153,#5154,#432,.T.);
#6389=EDGE_CURVE('',#5154,#5147,#2673,.T.);
#6390=EDGE_CURVE('',#5155,#5156,#2674,.F.);
#6391=EDGE_CURVE('',#5157,#5156,#433,.T.);
#6392=EDGE_CURVE('',#5157,#5158,#2675,.F.);
#6393=EDGE_CURVE('',#5159,#5158,#434,.T.);
#6394=EDGE_CURVE('',#5159,#5160,#2676,.F.);
#6395=EDGE_CURVE('',#5161,#5160,#435,.T.);
#6396=EDGE_CURVE('',#5161,#5162,#2677,.F.);
#6397=EDGE_CURVE('',#5155,#5162,#436,.T.);
#6398=EDGE_CURVE('',#5163,#5164,#2678,.F.);
#6399=EDGE_CURVE('',#5165,#5164,#437,.T.);
#6400=EDGE_CURVE('',#5165,#5166,#2679,.F.);
#6401=EDGE_CURVE('',#5167,#5166,#438,.T.);
#6402=EDGE_CURVE('',#5167,#5168,#2680,.F.);
#6403=EDGE_CURVE('',#5169,#5168,#439,.T.);
#6404=EDGE_CURVE('',#5169,#5170,#2681,.F.);
#6405=EDGE_CURVE('',#5163,#5170,#440,.T.);
#6406=EDGE_CURVE('',#5171,#5172,#2682,.F.);
#6407=EDGE_CURVE('',#5173,#5172,#441,.T.);
#6408=EDGE_CURVE('',#5173,#5174,#2683,.F.);
#6409=EDGE_CURVE('',#5175,#5174,#442,.T.);
#6410=EDGE_CURVE('',#5175,#5176,#2684,.F.);
#6411=EDGE_CURVE('',#5177,#5176,#443,.T.);
#6412=EDGE_CURVE('',#5177,#5178,#2685,.F.);
#6413=EDGE_CURVE('',#5171,#5178,#444,.T.);
#6414=EDGE_CURVE('',#5179,#5180,#2686,.F.);
#6415=EDGE_CURVE('',#5181,#5180,#445,.T.);
#6416=EDGE_CURVE('',#5181,#5182,#2687,.F.);
#6417=EDGE_CURVE('',#5183,#5182,#446,.T.);
#6418=EDGE_CURVE('',#5183,#5184,#2688,.F.);
#6419=EDGE_CURVE('',#5185,#5184,#447,.T.);
#6420=EDGE_CURVE('',#5185,#5186,#2689,.F.);
#6421=EDGE_CURVE('',#5179,#5186,#448,.T.);
#6422=EDGE_CURVE('',#5187,#5188,#2690,.F.);
#6423=EDGE_CURVE('',#5189,#5188,#449,.T.);
#6424=EDGE_CURVE('',#5189,#5190,#2691,.F.);
#6425=EDGE_CURVE('',#5191,#5190,#450,.T.);
#6426=EDGE_CURVE('',#5191,#5192,#2692,.F.);
#6427=EDGE_CURVE('',#5193,#5192,#451,.T.);
#6428=EDGE_CURVE('',#5193,#5194,#2693,.F.);
#6429=EDGE_CURVE('',#5187,#5194,#452,.T.);
#6430=EDGE_CURVE('',#5195,#5196,#2694,.F.);
#6431=EDGE_CURVE('',#5197,#5196,#453,.T.);
#6432=EDGE_CURVE('',#5197,#5198,#2695,.F.);
#6433=EDGE_CURVE('',#5199,#5198,#454,.T.);
#6434=EDGE_CURVE('',#5199,#5200,#2696,.F.);
#6435=EDGE_CURVE('',#5201,#5200,#455,.T.);
#6436=EDGE_CURVE('',#5201,#5202,#2697,.F.);
#6437=EDGE_CURVE('',#5195,#5202,#456,.T.);
#6438=EDGE_CURVE('',#5203,#5204,#2698,.F.);
#6439=EDGE_CURVE('',#5205,#5204,#457,.T.);
#6440=EDGE_CURVE('',#5205,#5206,#2699,.F.);
#6441=EDGE_CURVE('',#5207,#5206,#458,.T.);
#6442=EDGE_CURVE('',#5207,#5208,#2700,.F.);
#6443=EDGE_CURVE('',#5209,#5208,#459,.T.);
#6444=EDGE_CURVE('',#5209,#5210,#2701,.F.);
#6445=EDGE_CURVE('',#5203,#5210,#460,.T.);
#6446=EDGE_CURVE('',#5211,#5212,#2702,.F.);
#6447=EDGE_CURVE('',#5213,#5212,#461,.T.);
#6448=EDGE_CURVE('',#5213,#5214,#2703,.F.);
#6449=EDGE_CURVE('',#5215,#5214,#462,.T.);
#6450=EDGE_CURVE('',#5215,#5216,#2704,.F.);
#6451=EDGE_CURVE('',#5217,#5216,#463,.T.);
#6452=EDGE_CURVE('',#5217,#5218,#2705,.F.);
#6453=EDGE_CURVE('',#5211,#5218,#464,.T.);
#6454=EDGE_CURVE('',#5219,#5220,#2706,.F.);
#6455=EDGE_CURVE('',#5221,#5220,#465,.T.);
#6456=EDGE_CURVE('',#5221,#5222,#2707,.F.);
#6457=EDGE_CURVE('',#5223,#5222,#466,.T.);
#6458=EDGE_CURVE('',#5223,#5224,#2708,.F.);
#6459=EDGE_CURVE('',#5225,#5224,#467,.T.);
#6460=EDGE_CURVE('',#5225,#5226,#2709,.F.);
#6461=EDGE_CURVE('',#5219,#5226,#468,.T.);
#6462=EDGE_CURVE('',#5227,#5228,#2710,.F.);
#6463=EDGE_CURVE('',#5229,#5228,#469,.T.);
#6464=EDGE_CURVE('',#5229,#5230,#2711,.F.);
#6465=EDGE_CURVE('',#5231,#5230,#470,.T.);
#6466=EDGE_CURVE('',#5231,#5232,#2712,.F.);
#6467=EDGE_CURVE('',#5233,#5232,#471,.T.);
#6468=EDGE_CURVE('',#5233,#5234,#2713,.F.);
#6469=EDGE_CURVE('',#5227,#5234,#472,.T.);
#6470=EDGE_CURVE('',#5235,#5236,#2714,.F.);
#6471=EDGE_CURVE('',#5237,#5236,#473,.T.);
#6472=EDGE_CURVE('',#5237,#5238,#2715,.F.);
#6473=EDGE_CURVE('',#5239,#5238,#474,.T.);
#6474=EDGE_CURVE('',#5239,#5240,#2716,.F.);
#6475=EDGE_CURVE('',#5241,#5240,#475,.T.);
#6476=EDGE_CURVE('',#5241,#5242,#2717,.F.);
#6477=EDGE_CURVE('',#5235,#5242,#476,.T.);
#6478=EDGE_CURVE('',#5243,#5244,#2718,.F.);
#6479=EDGE_CURVE('',#5245,#5244,#477,.T.);
#6480=EDGE_CURVE('',#5245,#5246,#2719,.F.);
#6481=EDGE_CURVE('',#5247,#5246,#478,.T.);
#6482=EDGE_CURVE('',#5247,#5248,#2720,.F.);
#6483=EDGE_CURVE('',#5249,#5248,#479,.T.);
#6484=EDGE_CURVE('',#5249,#5250,#2721,.F.);
#6485=EDGE_CURVE('',#5243,#5250,#480,.T.);
#6486=EDGE_CURVE('',#5251,#5252,#2722,.F.);
#6487=EDGE_CURVE('',#5253,#5252,#481,.T.);
#6488=EDGE_CURVE('',#5253,#5254,#2723,.F.);
#6489=EDGE_CURVE('',#5255,#5254,#482,.T.);
#6490=EDGE_CURVE('',#5255,#5256,#2724,.F.);
#6491=EDGE_CURVE('',#5257,#5256,#483,.T.);
#6492=EDGE_CURVE('',#5257,#5258,#2725,.F.);
#6493=EDGE_CURVE('',#5251,#5258,#484,.T.);
#6494=EDGE_CURVE('',#5259,#5260,#2726,.F.);
#6495=EDGE_CURVE('',#5261,#5260,#485,.T.);
#6496=EDGE_CURVE('',#5261,#5262,#2727,.F.);
#6497=EDGE_CURVE('',#5263,#5262,#486,.T.);
#6498=EDGE_CURVE('',#5263,#5264,#2728,.F.);
#6499=EDGE_CURVE('',#5265,#5264,#487,.T.);
#6500=EDGE_CURVE('',#5265,#5266,#2729,.F.);
#6501=EDGE_CURVE('',#5259,#5266,#488,.T.);
#6502=EDGE_CURVE('',#5267,#5268,#2730,.T.);
#6503=EDGE_CURVE('',#5268,#5269,#489,.T.);
#6504=EDGE_CURVE('',#5269,#5270,#2731,.T.);
#6505=EDGE_CURVE('',#5270,#5271,#490,.T.);
#6506=EDGE_CURVE('',#5271,#5272,#2732,.T.);
#6507=EDGE_CURVE('',#5272,#5273,#491,.T.);
#6508=EDGE_CURVE('',#5273,#5274,#2733,.T.);
#6509=EDGE_CURVE('',#5274,#5267,#492,.T.);
#6510=EDGE_CURVE('',#5275,#5276,#2734,.T.);
#6511=EDGE_CURVE('',#5276,#5277,#493,.T.);
#6512=EDGE_CURVE('',#5277,#5278,#2735,.T.);
#6513=EDGE_CURVE('',#5278,#5279,#494,.T.);
#6514=EDGE_CURVE('',#5279,#5280,#2736,.T.);
#6515=EDGE_CURVE('',#5280,#5281,#495,.T.);
#6516=EDGE_CURVE('',#5281,#5282,#2737,.T.);
#6517=EDGE_CURVE('',#5282,#5275,#496,.T.);
#6518=EDGE_CURVE('',#4626,#4627,#2738,.F.);
#6519=EDGE_CURVE('',#4642,#4643,#2739,.F.);
#6520=EDGE_CURVE('',#4658,#4659,#2740,.F.);
#6521=EDGE_CURVE('',#4674,#4675,#2741,.F.);
#6522=EDGE_CURVE('',#4690,#4691,#2742,.F.);
#6523=EDGE_CURVE('',#4706,#4707,#2743,.F.);
#6524=EDGE_CURVE('',#4722,#4723,#2744,.F.);
#6525=EDGE_CURVE('',#4738,#4739,#2745,.F.);
#6526=EDGE_CURVE('',#4754,#4755,#2746,.F.);
#6527=EDGE_CURVE('',#4770,#4771,#2747,.F.);
#6528=EDGE_CURVE('',#4786,#4787,#2748,.F.);
#6529=EDGE_CURVE('',#4802,#4803,#2749,.F.);
#6530=EDGE_CURVE('',#4618,#4603,#2750,.F.);
#6531=EDGE_CURVE('',#4650,#4635,#2751,.F.);
#6532=EDGE_CURVE('',#4666,#4651,#2752,.F.);
#6533=EDGE_CURVE('',#4682,#4667,#2753,.F.);
#6534=EDGE_CURVE('',#4698,#4683,#2754,.F.);
#6535=EDGE_CURVE('',#4714,#4699,#2755,.F.);
#6536=EDGE_CURVE('',#4730,#4715,#2756,.F.);
#6537=EDGE_CURVE('',#4746,#4731,#2757,.F.);
#6538=EDGE_CURVE('',#4762,#4747,#2758,.F.);
#6539=EDGE_CURVE('',#4778,#4763,#2759,.F.);
#6540=EDGE_CURVE('',#4794,#4779,#2760,.F.);
#6541=EDGE_CURVE('',#4810,#4795,#2761,.F.);
#6542=EDGE_CURVE('',#4826,#4811,#2762,.F.);
#6543=EDGE_CURVE('',#5283,#5284,#2763,.T.);
#6544=EDGE_CURVE('',#5285,#5283,#497,.T.);
#6545=EDGE_CURVE('',#5286,#5285,#2764,.T.);
#6546=EDGE_CURVE('',#5287,#5286,#498,.T.);
#6547=EDGE_CURVE('',#5288,#5287,#2765,.T.);
#6548=EDGE_CURVE('',#5289,#5288,#499,.T.);
#6549=EDGE_CURVE('',#5290,#5289,#2766,.T.);
#6550=EDGE_CURVE('',#5284,#5290,#500,.T.);
#6551=EDGE_CURVE('',#5291,#5292,#2767,.T.);
#6552=EDGE_CURVE('',#5293,#5291,#501,.T.);
#6553=EDGE_CURVE('',#5294,#5293,#2768,.T.);
#6554=EDGE_CURVE('',#5295,#5294,#502,.T.);
#6555=EDGE_CURVE('',#5296,#5295,#2769,.T.);
#6556=EDGE_CURVE('',#5297,#5296,#503,.T.);
#6557=EDGE_CURVE('',#5298,#5297,#2770,.T.);
#6558=EDGE_CURVE('',#5292,#5298,#504,.T.);
#6559=EDGE_CURVE('',#5299,#5300,#2771,.F.);
#6560=EDGE_CURVE('',#5301,#5299,#505,.T.);
#6561=EDGE_CURVE('',#5302,#5301,#2772,.F.);
#6562=EDGE_CURVE('',#5303,#5302,#506,.T.);
#6563=EDGE_CURVE('',#5304,#5303,#2773,.F.);
#6564=EDGE_CURVE('',#5305,#5304,#507,.T.);
#6565=EDGE_CURVE('',#5306,#5305,#2774,.F.);
#6566=EDGE_CURVE('',#5300,#5306,#508,.T.);
#6567=EDGE_CURVE('',#5307,#5308,#2775,.F.);
#6568=EDGE_CURVE('',#5309,#5307,#509,.T.);
#6569=EDGE_CURVE('',#5310,#5309,#2776,.F.);
#6570=EDGE_CURVE('',#5311,#5310,#510,.T.);
#6571=EDGE_CURVE('',#5312,#5311,#2777,.F.);
#6572=EDGE_CURVE('',#5313,#5312,#511,.T.);
#6573=EDGE_CURVE('',#5314,#5313,#2778,.F.);
#6574=EDGE_CURVE('',#5308,#5314,#512,.T.);
#6575=EDGE_CURVE('',#5315,#5316,#2779,.F.);
#6576=EDGE_CURVE('',#5317,#5315,#513,.T.);
#6577=EDGE_CURVE('',#5318,#5317,#2780,.F.);
#6578=EDGE_CURVE('',#5319,#5318,#514,.T.);
#6579=EDGE_CURVE('',#5320,#5319,#2781,.F.);
#6580=EDGE_CURVE('',#5321,#5320,#515,.T.);
#6581=EDGE_CURVE('',#5322,#5321,#2782,.F.);
#6582=EDGE_CURVE('',#5316,#5322,#516,.T.);
#6583=EDGE_CURVE('',#5323,#5324,#2783,.F.);
#6584=EDGE_CURVE('',#5325,#5323,#517,.T.);
#6585=EDGE_CURVE('',#5326,#5325,#2784,.F.);
#6586=EDGE_CURVE('',#5327,#5326,#518,.T.);
#6587=EDGE_CURVE('',#5328,#5327,#2785,.F.);
#6588=EDGE_CURVE('',#5329,#5328,#519,.T.);
#6589=EDGE_CURVE('',#5330,#5329,#2786,.F.);
#6590=EDGE_CURVE('',#5324,#5330,#520,.T.);
#6591=EDGE_CURVE('',#5331,#5332,#2787,.F.);
#6592=EDGE_CURVE('',#5333,#5331,#521,.T.);
#6593=EDGE_CURVE('',#5334,#5333,#2788,.F.);
#6594=EDGE_CURVE('',#5335,#5334,#522,.T.);
#6595=EDGE_CURVE('',#5336,#5335,#2789,.F.);
#6596=EDGE_CURVE('',#5337,#5336,#523,.T.);
#6597=EDGE_CURVE('',#5338,#5337,#2790,.F.);
#6598=EDGE_CURVE('',#5332,#5338,#524,.T.);
#6599=EDGE_CURVE('',#5339,#5340,#2791,.F.);
#6600=EDGE_CURVE('',#5341,#5339,#525,.T.);
#6601=EDGE_CURVE('',#5342,#5341,#2792,.F.);
#6602=EDGE_CURVE('',#5343,#5342,#526,.T.);
#6603=EDGE_CURVE('',#5344,#5343,#2793,.F.);
#6604=EDGE_CURVE('',#5345,#5344,#527,.T.);
#6605=EDGE_CURVE('',#5346,#5345,#2794,.F.);
#6606=EDGE_CURVE('',#5340,#5346,#528,.T.);
#6607=EDGE_CURVE('',#5347,#5348,#2795,.F.);
#6608=EDGE_CURVE('',#5349,#5347,#529,.T.);
#6609=EDGE_CURVE('',#5350,#5349,#2796,.F.);
#6610=EDGE_CURVE('',#5351,#5350,#530,.T.);
#6611=EDGE_CURVE('',#5352,#5351,#2797,.F.);
#6612=EDGE_CURVE('',#5353,#5352,#531,.T.);
#6613=EDGE_CURVE('',#5354,#5353,#2798,.F.);
#6614=EDGE_CURVE('',#5348,#5354,#532,.T.);
#6615=EDGE_CURVE('',#5355,#5356,#2799,.F.);
#6616=EDGE_CURVE('',#5357,#5355,#533,.T.);
#6617=EDGE_CURVE('',#5358,#5357,#2800,.F.);
#6618=EDGE_CURVE('',#5359,#5358,#534,.T.);
#6619=EDGE_CURVE('',#5360,#5359,#2801,.F.);
#6620=EDGE_CURVE('',#5361,#5360,#535,.T.);
#6621=EDGE_CURVE('',#5362,#5361,#2802,.F.);
#6622=EDGE_CURVE('',#5356,#5362,#536,.T.);
#6623=EDGE_CURVE('',#5363,#5364,#2803,.F.);
#6624=EDGE_CURVE('',#5365,#5363,#537,.T.);
#6625=EDGE_CURVE('',#5366,#5365,#2804,.F.);
#6626=EDGE_CURVE('',#5367,#5366,#538,.T.);
#6627=EDGE_CURVE('',#5368,#5367,#2805,.F.);
#6628=EDGE_CURVE('',#5369,#5368,#539,.T.);
#6629=EDGE_CURVE('',#5370,#5369,#2806,.F.);
#6630=EDGE_CURVE('',#5364,#5370,#540,.T.);
#6631=EDGE_CURVE('',#5371,#5372,#2807,.F.);
#6632=EDGE_CURVE('',#5373,#5371,#541,.T.);
#6633=EDGE_CURVE('',#5374,#5373,#2808,.F.);
#6634=EDGE_CURVE('',#5375,#5374,#542,.T.);
#6635=EDGE_CURVE('',#5376,#5375,#2809,.F.);
#6636=EDGE_CURVE('',#5377,#5376,#543,.T.);
#6637=EDGE_CURVE('',#5378,#5377,#2810,.F.);
#6638=EDGE_CURVE('',#5372,#5378,#544,.T.);
#6639=EDGE_CURVE('',#5379,#5380,#2811,.F.);
#6640=EDGE_CURVE('',#5381,#5379,#545,.T.);
#6641=EDGE_CURVE('',#5382,#5381,#2812,.F.);
#6642=EDGE_CURVE('',#5383,#5382,#546,.T.);
#6643=EDGE_CURVE('',#5384,#5383,#2813,.F.);
#6644=EDGE_CURVE('',#5385,#5384,#547,.T.);
#6645=EDGE_CURVE('',#5386,#5385,#2814,.F.);
#6646=EDGE_CURVE('',#5380,#5386,#548,.T.);
#6647=EDGE_CURVE('',#5387,#5388,#2815,.F.);
#6648=EDGE_CURVE('',#5389,#5387,#549,.T.);
#6649=EDGE_CURVE('',#5390,#5389,#2816,.F.);
#6650=EDGE_CURVE('',#5391,#5390,#550,.T.);
#6651=EDGE_CURVE('',#5392,#5391,#2817,.F.);
#6652=EDGE_CURVE('',#5393,#5392,#551,.T.);
#6653=EDGE_CURVE('',#5394,#5393,#2818,.F.);
#6654=EDGE_CURVE('',#5388,#5394,#552,.T.);
#6655=EDGE_CURVE('',#5395,#5396,#2819,.F.);
#6656=EDGE_CURVE('',#5397,#5395,#553,.T.);
#6657=EDGE_CURVE('',#5398,#5397,#2820,.F.);
#6658=EDGE_CURVE('',#5399,#5398,#554,.T.);
#6659=EDGE_CURVE('',#5400,#5399,#2821,.F.);
#6660=EDGE_CURVE('',#5401,#5400,#555,.T.);
#6661=EDGE_CURVE('',#5402,#5401,#2822,.F.);
#6662=EDGE_CURVE('',#5396,#5402,#556,.T.);
#6663=EDGE_CURVE('',#5403,#5404,#557,.T.);
#6664=EDGE_CURVE('',#5405,#5403,#2823,.F.);
#6665=EDGE_CURVE('',#5406,#5405,#558,.T.);
#6666=EDGE_CURVE('',#5407,#5406,#2824,.F.);
#6667=EDGE_CURVE('',#5408,#5407,#559,.T.);
#6668=EDGE_CURVE('',#5409,#5408,#2825,.F.);
#6669=EDGE_CURVE('',#5410,#5409,#560,.T.);
#6670=EDGE_CURVE('',#5404,#5410,#2826,.F.);
#6671=EDGE_CURVE('',#5411,#5412,#561,.T.);
#6672=EDGE_CURVE('',#5413,#5411,#2827,.F.);
#6673=EDGE_CURVE('',#5414,#5413,#562,.T.);
#6674=EDGE_CURVE('',#5415,#5414,#2828,.F.);
#6675=EDGE_CURVE('',#5416,#5415,#563,.T.);
#6676=EDGE_CURVE('',#5417,#5416,#2829,.F.);
#6677=EDGE_CURVE('',#5418,#5417,#564,.T.);
#6678=EDGE_CURVE('',#5412,#5418,#2830,.F.);
#6679=EDGE_CURVE('',#5419,#5420,#2831,.F.);
#6680=EDGE_CURVE('',#5421,#5419,#565,.T.);
#6681=EDGE_CURVE('',#5422,#5421,#2832,.F.);
#6682=EDGE_CURVE('',#5423,#5422,#566,.T.);
#6683=EDGE_CURVE('',#5424,#5423,#2833,.F.);
#6684=EDGE_CURVE('',#5425,#5424,#567,.T.);
#6685=EDGE_CURVE('',#5426,#5425,#2834,.F.);
#6686=EDGE_CURVE('',#5420,#5426,#568,.T.);
#6687=EDGE_CURVE('',#5427,#5428,#2835,.T.);
#6688=EDGE_CURVE('',#5429,#5427,#569,.T.);
#6689=EDGE_CURVE('',#5430,#5429,#2836,.T.);
#6690=EDGE_CURVE('',#5431,#5430,#570,.T.);
#6691=EDGE_CURVE('',#5432,#5431,#2837,.T.);
#6692=EDGE_CURVE('',#5433,#5432,#571,.T.);
#6693=EDGE_CURVE('',#5434,#5433,#2838,.T.);
#6694=EDGE_CURVE('',#5428,#5434,#572,.T.);
#6695=EDGE_CURVE('',#5435,#5436,#2839,.F.);
#6696=EDGE_CURVE('',#5437,#5435,#573,.T.);
#6697=EDGE_CURVE('',#5438,#5437,#2840,.F.);
#6698=EDGE_CURVE('',#5439,#5438,#574,.T.);
#6699=EDGE_CURVE('',#5440,#5439,#2841,.F.);
#6700=EDGE_CURVE('',#5441,#5440,#575,.T.);
#6701=EDGE_CURVE('',#5442,#5441,#2842,.F.);
#6702=EDGE_CURVE('',#5436,#5442,#576,.T.);
#6703=EDGE_CURVE('',#5443,#5444,#2843,.F.);
#6704=EDGE_CURVE('',#5445,#5443,#577,.T.);
#6705=EDGE_CURVE('',#5446,#5445,#2844,.F.);
#6706=EDGE_CURVE('',#5447,#5446,#578,.T.);
#6707=EDGE_CURVE('',#5448,#5447,#2845,.F.);
#6708=EDGE_CURVE('',#5449,#5448,#579,.T.);
#6709=EDGE_CURVE('',#5450,#5449,#2846,.F.);
#6710=EDGE_CURVE('',#5444,#5450,#580,.T.);
#6711=EDGE_CURVE('',#5451,#5452,#2847,.F.);
#6712=EDGE_CURVE('',#5453,#5451,#581,.T.);
#6713=EDGE_CURVE('',#5454,#5453,#2848,.F.);
#6714=EDGE_CURVE('',#5455,#5454,#582,.T.);
#6715=EDGE_CURVE('',#5456,#5455,#2849,.F.);
#6716=EDGE_CURVE('',#5457,#5456,#583,.T.);
#6717=EDGE_CURVE('',#5458,#5457,#2850,.F.);
#6718=EDGE_CURVE('',#5452,#5458,#584,.T.);
#6719=EDGE_CURVE('',#5459,#5460,#2851,.F.);
#6720=EDGE_CURVE('',#5461,#5459,#585,.T.);
#6721=EDGE_CURVE('',#5462,#5461,#2852,.F.);
#6722=EDGE_CURVE('',#5463,#5462,#586,.T.);
#6723=EDGE_CURVE('',#5464,#5463,#2853,.F.);
#6724=EDGE_CURVE('',#5465,#5464,#587,.T.);
#6725=EDGE_CURVE('',#5466,#5465,#2854,.F.);
#6726=EDGE_CURVE('',#5460,#5466,#588,.T.);
#6727=EDGE_CURVE('',#5467,#5468,#2855,.F.);
#6728=EDGE_CURVE('',#5469,#5467,#589,.T.);
#6729=EDGE_CURVE('',#5470,#5469,#2856,.F.);
#6730=EDGE_CURVE('',#5471,#5470,#590,.T.);
#6731=EDGE_CURVE('',#5472,#5471,#2857,.F.);
#6732=EDGE_CURVE('',#5473,#5472,#591,.T.);
#6733=EDGE_CURVE('',#5474,#5473,#2858,.F.);
#6734=EDGE_CURVE('',#5468,#5474,#592,.T.);
#6735=EDGE_CURVE('',#5475,#5476,#2859,.F.);
#6736=EDGE_CURVE('',#5477,#5475,#593,.T.);
#6737=EDGE_CURVE('',#5478,#5477,#2860,.F.);
#6738=EDGE_CURVE('',#5479,#5478,#594,.T.);
#6739=EDGE_CURVE('',#5480,#5479,#2861,.F.);
#6740=EDGE_CURVE('',#5481,#5480,#595,.T.);
#6741=EDGE_CURVE('',#5482,#5481,#2862,.F.);
#6742=EDGE_CURVE('',#5476,#5482,#596,.T.);
#6743=EDGE_CURVE('',#5483,#5484,#2863,.F.);
#6744=EDGE_CURVE('',#5485,#5483,#597,.T.);
#6745=EDGE_CURVE('',#5486,#5485,#2864,.F.);
#6746=EDGE_CURVE('',#5487,#5486,#598,.T.);
#6747=EDGE_CURVE('',#5488,#5487,#2865,.F.);
#6748=EDGE_CURVE('',#5489,#5488,#599,.T.);
#6749=EDGE_CURVE('',#5490,#5489,#2866,.F.);
#6750=EDGE_CURVE('',#5484,#5490,#600,.T.);
#6751=EDGE_CURVE('',#5491,#5492,#2867,.F.);
#6752=EDGE_CURVE('',#5493,#5491,#601,.T.);
#6753=EDGE_CURVE('',#5494,#5493,#2868,.F.);
#6754=EDGE_CURVE('',#5495,#5494,#602,.T.);
#6755=EDGE_CURVE('',#5496,#5495,#2869,.F.);
#6756=EDGE_CURVE('',#5497,#5496,#603,.T.);
#6757=EDGE_CURVE('',#5498,#5497,#2870,.F.);
#6758=EDGE_CURVE('',#5492,#5498,#604,.T.);
#6759=EDGE_CURVE('',#5499,#5500,#2871,.F.);
#6760=EDGE_CURVE('',#5501,#5499,#605,.T.);
#6761=EDGE_CURVE('',#5502,#5501,#2872,.F.);
#6762=EDGE_CURVE('',#5503,#5502,#606,.T.);
#6763=EDGE_CURVE('',#5504,#5503,#2873,.F.);
#6764=EDGE_CURVE('',#5505,#5504,#607,.T.);
#6765=EDGE_CURVE('',#5506,#5505,#2874,.F.);
#6766=EDGE_CURVE('',#5500,#5506,#608,.T.);
#6767=EDGE_CURVE('',#5507,#5508,#2875,.F.);
#6768=EDGE_CURVE('',#5509,#5507,#609,.T.);
#6769=EDGE_CURVE('',#5510,#5509,#2876,.F.);
#6770=EDGE_CURVE('',#5511,#5510,#610,.T.);
#6771=EDGE_CURVE('',#5512,#5511,#2877,.F.);
#6772=EDGE_CURVE('',#5513,#5512,#611,.T.);
#6773=EDGE_CURVE('',#5514,#5513,#2878,.F.);
#6774=EDGE_CURVE('',#5508,#5514,#612,.T.);
#6775=EDGE_CURVE('',#5515,#5516,#2879,.F.);
#6776=EDGE_CURVE('',#5517,#5515,#613,.T.);
#6777=EDGE_CURVE('',#5518,#5517,#2880,.F.);
#6778=EDGE_CURVE('',#5519,#5518,#614,.T.);
#6779=EDGE_CURVE('',#5520,#5519,#2881,.F.);
#6780=EDGE_CURVE('',#5521,#5520,#615,.T.);
#6781=EDGE_CURVE('',#5522,#5521,#2882,.F.);
#6782=EDGE_CURVE('',#5516,#5522,#616,.T.);
#6783=EDGE_CURVE('',#5523,#5524,#2883,.T.);
#6784=EDGE_CURVE('',#5525,#5523,#617,.T.);
#6785=EDGE_CURVE('',#5526,#5525,#2884,.T.);
#6786=EDGE_CURVE('',#5527,#5526,#618,.T.);
#6787=EDGE_CURVE('',#5528,#5527,#2885,.T.);
#6788=EDGE_CURVE('',#5529,#5528,#619,.T.);
#6789=EDGE_CURVE('',#5530,#5529,#2886,.T.);
#6790=EDGE_CURVE('',#5524,#5530,#620,.T.);
#6791=EDGE_CURVE('',#5531,#5532,#621,.T.);
#6792=EDGE_CURVE('',#5533,#5531,#2887,.T.);
#6793=EDGE_CURVE('',#5534,#5533,#622,.T.);
#6794=EDGE_CURVE('',#5535,#5534,#2888,.T.);
#6795=EDGE_CURVE('',#5536,#5535,#623,.T.);
#6796=EDGE_CURVE('',#5537,#5536,#2889,.T.);
#6797=EDGE_CURVE('',#5538,#5537,#624,.T.);
#6798=EDGE_CURVE('',#5532,#5538,#2890,.T.);
#6799=EDGE_CURVE('',#5539,#5540,#625,.T.);
#6800=EDGE_CURVE('',#5541,#5539,#2891,.T.);
#6801=EDGE_CURVE('',#5542,#5541,#626,.T.);
#6802=EDGE_CURVE('',#5543,#5542,#2892,.T.);
#6803=EDGE_CURVE('',#5544,#5543,#627,.T.);
#6804=EDGE_CURVE('',#5545,#5544,#2893,.T.);
#6805=EDGE_CURVE('',#5546,#5545,#628,.T.);
#6806=EDGE_CURVE('',#5540,#5546,#2894,.T.);
#6807=EDGE_CURVE('',#5547,#5548,#2895,.F.);
#6808=EDGE_CURVE('',#5549,#5547,#629,.T.);
#6809=EDGE_CURVE('',#5550,#5549,#2896,.F.);
#6810=EDGE_CURVE('',#5551,#5550,#630,.T.);
#6811=EDGE_CURVE('',#5552,#5551,#2897,.F.);
#6812=EDGE_CURVE('',#5553,#5552,#631,.T.);
#6813=EDGE_CURVE('',#5554,#5553,#2898,.F.);
#6814=EDGE_CURVE('',#5548,#5554,#632,.T.);
#6815=EDGE_CURVE('',#5555,#5556,#2899,.T.);
#6816=EDGE_CURVE('',#5557,#5555,#633,.T.);
#6817=EDGE_CURVE('',#5558,#5557,#2900,.T.);
#6818=EDGE_CURVE('',#5559,#5558,#634,.T.);
#6819=EDGE_CURVE('',#5560,#5559,#2901,.T.);
#6820=EDGE_CURVE('',#5561,#5560,#635,.T.);
#6821=EDGE_CURVE('',#5562,#5561,#2902,.T.);
#6822=EDGE_CURVE('',#5556,#5562,#636,.T.);
#6823=EDGE_CURVE('',#5563,#5564,#2903,.T.);
#6824=EDGE_CURVE('',#5565,#5563,#637,.T.);
#6825=EDGE_CURVE('',#5566,#5565,#2904,.T.);
#6826=EDGE_CURVE('',#5567,#5566,#638,.T.);
#6827=EDGE_CURVE('',#5568,#5567,#2905,.T.);
#6828=EDGE_CURVE('',#5569,#5568,#639,.T.);
#6829=EDGE_CURVE('',#5570,#5569,#2906,.T.);
#6830=EDGE_CURVE('',#5564,#5570,#640,.T.);
#6831=EDGE_CURVE('',#5571,#5572,#2907,.F.);
#6832=EDGE_CURVE('',#5573,#5571,#641,.T.);
#6833=EDGE_CURVE('',#5574,#5573,#2908,.F.);
#6834=EDGE_CURVE('',#5575,#5574,#642,.T.);
#6835=EDGE_CURVE('',#5576,#5575,#2909,.F.);
#6836=EDGE_CURVE('',#5577,#5576,#643,.T.);
#6837=EDGE_CURVE('',#5578,#5577,#2910,.F.);
#6838=EDGE_CURVE('',#5572,#5578,#644,.T.);
#6839=EDGE_CURVE('',#5579,#5580,#2911,.F.);
#6840=EDGE_CURVE('',#5581,#5579,#645,.T.);
#6841=EDGE_CURVE('',#5582,#5581,#2912,.F.);
#6842=EDGE_CURVE('',#5583,#5582,#646,.T.);
#6843=EDGE_CURVE('',#5584,#5583,#2913,.F.);
#6844=EDGE_CURVE('',#5585,#5584,#647,.T.);
#6845=EDGE_CURVE('',#5586,#5585,#2914,.F.);
#6846=EDGE_CURVE('',#5580,#5586,#648,.T.);
#6847=EDGE_CURVE('',#5587,#5588,#2915,.F.);
#6848=EDGE_CURVE('',#5589,#5587,#649,.T.);
#6849=EDGE_CURVE('',#5590,#5589,#2916,.F.);
#6850=EDGE_CURVE('',#5591,#5590,#650,.T.);
#6851=EDGE_CURVE('',#5592,#5591,#2917,.F.);
#6852=EDGE_CURVE('',#5593,#5592,#651,.T.);
#6853=EDGE_CURVE('',#5594,#5593,#2918,.F.);
#6854=EDGE_CURVE('',#5588,#5594,#652,.T.);
#6855=EDGE_CURVE('',#5595,#5596,#2919,.F.);
#6856=EDGE_CURVE('',#5597,#5595,#653,.T.);
#6857=EDGE_CURVE('',#5598,#5597,#2920,.F.);
#6858=EDGE_CURVE('',#5599,#5598,#654,.T.);
#6859=EDGE_CURVE('',#5600,#5599,#2921,.F.);
#6860=EDGE_CURVE('',#5601,#5600,#655,.T.);
#6861=EDGE_CURVE('',#5602,#5601,#2922,.F.);
#6862=EDGE_CURVE('',#5596,#5602,#656,.T.);
#6863=EDGE_CURVE('',#5603,#5604,#2923,.F.);
#6864=EDGE_CURVE('',#5605,#5603,#657,.T.);
#6865=EDGE_CURVE('',#5606,#5605,#2924,.F.);
#6866=EDGE_CURVE('',#5607,#5606,#658,.T.);
#6867=EDGE_CURVE('',#5608,#5607,#2925,.F.);
#6868=EDGE_CURVE('',#5609,#5608,#659,.T.);
#6869=EDGE_CURVE('',#5610,#5609,#2926,.F.);
#6870=EDGE_CURVE('',#5604,#5610,#660,.T.);
#6871=EDGE_CURVE('',#5611,#5612,#661,.T.);
#6872=EDGE_CURVE('',#5613,#5611,#2927,.F.);
#6873=EDGE_CURVE('',#5614,#5613,#662,.T.);
#6874=EDGE_CURVE('',#5615,#5614,#2928,.F.);
#6875=EDGE_CURVE('',#5616,#5615,#663,.T.);
#6876=EDGE_CURVE('',#5617,#5616,#2929,.F.);
#6877=EDGE_CURVE('',#5618,#5617,#664,.T.);
#6878=EDGE_CURVE('',#5612,#5618,#2930,.F.);
#6879=EDGE_CURVE('',#5619,#5620,#2931,.F.);
#6880=EDGE_CURVE('',#5621,#5619,#665,.T.);
#6881=EDGE_CURVE('',#5622,#5621,#2932,.F.);
#6882=EDGE_CURVE('',#5623,#5622,#666,.T.);
#6883=EDGE_CURVE('',#5624,#5623,#2933,.F.);
#6884=EDGE_CURVE('',#5625,#5624,#667,.T.);
#6885=EDGE_CURVE('',#5626,#5625,#2934,.F.);
#6886=EDGE_CURVE('',#5620,#5626,#668,.T.);
#6887=EDGE_CURVE('',#5627,#5628,#2935,.T.);
#6888=EDGE_CURVE('',#5629,#5627,#669,.T.);
#6889=EDGE_CURVE('',#5630,#5629,#2936,.T.);
#6890=EDGE_CURVE('',#5631,#5630,#670,.T.);
#6891=EDGE_CURVE('',#5632,#5631,#2937,.T.);
#6892=EDGE_CURVE('',#5633,#5632,#671,.T.);
#6893=EDGE_CURVE('',#5634,#5633,#2938,.T.);
#6894=EDGE_CURVE('',#5628,#5634,#672,.T.);
#6895=EDGE_CURVE('',#5635,#5636,#2939,.T.);
#6896=EDGE_CURVE('',#5637,#5635,#673,.T.);
#6897=EDGE_CURVE('',#5638,#5637,#2940,.T.);
#6898=EDGE_CURVE('',#5639,#5638,#674,.T.);
#6899=EDGE_CURVE('',#5640,#5639,#2941,.T.);
#6900=EDGE_CURVE('',#5641,#5640,#675,.T.);
#6901=EDGE_CURVE('',#5642,#5641,#2942,.T.);
#6902=EDGE_CURVE('',#5636,#5642,#676,.T.);
#6903=EDGE_CURVE('',#5643,#5644,#677,.T.);
#6904=EDGE_CURVE('',#5645,#5643,#2943,.F.);
#6905=EDGE_CURVE('',#5646,#5645,#678,.T.);
#6906=EDGE_CURVE('',#5647,#5646,#2944,.F.);
#6907=EDGE_CURVE('',#5648,#5647,#679,.T.);
#6908=EDGE_CURVE('',#5649,#5648,#2945,.F.);
#6909=EDGE_CURVE('',#5650,#5649,#680,.T.);
#6910=EDGE_CURVE('',#5644,#5650,#2946,.F.);
#6911=EDGE_CURVE('',#5651,#5652,#2947,.F.);
#6912=EDGE_CURVE('',#5653,#5651,#681,.T.);
#6913=EDGE_CURVE('',#5654,#5653,#2948,.F.);
#6914=EDGE_CURVE('',#5655,#5654,#682,.T.);
#6915=EDGE_CURVE('',#5656,#5655,#2949,.F.);
#6916=EDGE_CURVE('',#5657,#5656,#683,.T.);
#6917=EDGE_CURVE('',#5658,#5657,#2950,.F.);
#6918=EDGE_CURVE('',#5652,#5658,#684,.T.);
#6919=EDGE_CURVE('',#5659,#5660,#2951,.F.);
#6920=EDGE_CURVE('',#5661,#5659,#685,.T.);
#6921=EDGE_CURVE('',#5662,#5661,#2952,.F.);
#6922=EDGE_CURVE('',#5663,#5662,#686,.T.);
#6923=EDGE_CURVE('',#5664,#5663,#2953,.F.);
#6924=EDGE_CURVE('',#5665,#5664,#687,.T.);
#6925=EDGE_CURVE('',#5666,#5665,#2954,.F.);
#6926=EDGE_CURVE('',#5660,#5666,#688,.T.);
#6927=EDGE_CURVE('',#5667,#5668,#2955,.F.);
#6928=EDGE_CURVE('',#5669,#5667,#689,.T.);
#6929=EDGE_CURVE('',#5670,#5669,#2956,.F.);
#6930=EDGE_CURVE('',#5671,#5670,#690,.T.);
#6931=EDGE_CURVE('',#5672,#5671,#2957,.F.);
#6932=EDGE_CURVE('',#5673,#5672,#691,.T.);
#6933=EDGE_CURVE('',#5674,#5673,#2958,.F.);
#6934=EDGE_CURVE('',#5668,#5674,#692,.T.);
#6935=EDGE_CURVE('',#5675,#5676,#2959,.F.);
#6936=EDGE_CURVE('',#5677,#5675,#693,.T.);
#6937=EDGE_CURVE('',#5678,#5677,#2960,.F.);
#6938=EDGE_CURVE('',#5679,#5678,#694,.T.);
#6939=EDGE_CURVE('',#5680,#5679,#2961,.F.);
#6940=EDGE_CURVE('',#5681,#5680,#695,.T.);
#6941=EDGE_CURVE('',#5682,#5681,#2962,.F.);
#6942=EDGE_CURVE('',#5676,#5682,#696,.T.);
#6943=EDGE_CURVE('',#5683,#5684,#2963,.F.);
#6944=EDGE_CURVE('',#5685,#5683,#697,.T.);
#6945=EDGE_CURVE('',#5686,#5685,#2964,.F.);
#6946=EDGE_CURVE('',#5687,#5686,#698,.T.);
#6947=EDGE_CURVE('',#5688,#5687,#2965,.F.);
#6948=EDGE_CURVE('',#5689,#5688,#699,.T.);
#6949=EDGE_CURVE('',#5690,#5689,#2966,.F.);
#6950=EDGE_CURVE('',#5684,#5690,#700,.T.);
#6951=EDGE_CURVE('',#5691,#5692,#2967,.F.);
#6952=EDGE_CURVE('',#5693,#5691,#701,.T.);
#6953=EDGE_CURVE('',#5694,#5693,#2968,.F.);
#6954=EDGE_CURVE('',#5695,#5694,#702,.T.);
#6955=EDGE_CURVE('',#5696,#5695,#2969,.F.);
#6956=EDGE_CURVE('',#5697,#5696,#703,.T.);
#6957=EDGE_CURVE('',#5698,#5697,#2970,.F.);
#6958=EDGE_CURVE('',#5692,#5698,#704,.T.);
#6959=EDGE_CURVE('',#5699,#5700,#2971,.F.);
#6960=EDGE_CURVE('',#5701,#5699,#705,.T.);
#6961=EDGE_CURVE('',#5702,#5701,#2972,.F.);
#6962=EDGE_CURVE('',#5703,#5702,#706,.T.);
#6963=EDGE_CURVE('',#5704,#5703,#2973,.F.);
#6964=EDGE_CURVE('',#5705,#5704,#707,.T.);
#6965=EDGE_CURVE('',#5706,#5705,#2974,.F.);
#6966=EDGE_CURVE('',#5700,#5706,#708,.T.);
#6967=EDGE_CURVE('',#5707,#5708,#2975,.F.);
#6968=EDGE_CURVE('',#5709,#5707,#709,.T.);
#6969=EDGE_CURVE('',#5710,#5709,#2976,.F.);
#6970=EDGE_CURVE('',#5711,#5710,#710,.T.);
#6971=EDGE_CURVE('',#5712,#5711,#2977,.F.);
#6972=EDGE_CURVE('',#5713,#5712,#711,.T.);
#6973=EDGE_CURVE('',#5714,#5713,#2978,.F.);
#6974=EDGE_CURVE('',#5708,#5714,#712,.T.);
#6975=EDGE_CURVE('',#5715,#5716,#2979,.F.);
#6976=EDGE_CURVE('',#5717,#5715,#713,.T.);
#6977=EDGE_CURVE('',#5718,#5717,#2980,.F.);
#6978=EDGE_CURVE('',#5719,#5718,#714,.T.);
#6979=EDGE_CURVE('',#5720,#5719,#2981,.F.);
#6980=EDGE_CURVE('',#5721,#5720,#715,.T.);
#6981=EDGE_CURVE('',#5722,#5721,#2982,.F.);
#6982=EDGE_CURVE('',#5716,#5722,#716,.T.);
#6983=EDGE_CURVE('',#5723,#5724,#2983,.F.);
#6984=EDGE_CURVE('',#5725,#5723,#717,.T.);
#6985=EDGE_CURVE('',#5726,#5725,#2984,.F.);
#6986=EDGE_CURVE('',#5727,#5726,#718,.T.);
#6987=EDGE_CURVE('',#5728,#5727,#2985,.F.);
#6988=EDGE_CURVE('',#5729,#5728,#719,.T.);
#6989=EDGE_CURVE('',#5730,#5729,#2986,.F.);
#6990=EDGE_CURVE('',#5724,#5730,#720,.T.);
#6991=EDGE_CURVE('',#5731,#5732,#2987,.F.);
#6992=EDGE_CURVE('',#5733,#5731,#721,.T.);
#6993=EDGE_CURVE('',#5734,#5733,#2988,.F.);
#6994=EDGE_CURVE('',#5735,#5734,#722,.T.);
#6995=EDGE_CURVE('',#5736,#5735,#2989,.F.);
#6996=EDGE_CURVE('',#5737,#5736,#723,.T.);
#6997=EDGE_CURVE('',#5738,#5737,#2990,.F.);
#6998=EDGE_CURVE('',#5732,#5738,#724,.T.);
#6999=EDGE_CURVE('',#5306,#5157,#2991,.T.);
#7000=EDGE_CURVE('',#5156,#5300,#2992,.T.);
#7001=EDGE_CURVE('',#5158,#5305,#2993,.T.);
#7002=EDGE_CURVE('',#5304,#5159,#2994,.T.);
#7003=EDGE_CURVE('',#5302,#5161,#2995,.T.);
#7004=EDGE_CURVE('',#5160,#5303,#2996,.T.);
#7005=EDGE_CURVE('',#5162,#5301,#2997,.T.);
#7006=EDGE_CURVE('',#5299,#5155,#2998,.T.);
#7007=EDGE_CURVE('',#5314,#5165,#2999,.T.);
#7008=EDGE_CURVE('',#5164,#5308,#3000,.T.);
#7009=EDGE_CURVE('',#5166,#5313,#3001,.T.);
#7010=EDGE_CURVE('',#5312,#5167,#3002,.T.);
#7011=EDGE_CURVE('',#5310,#5169,#3003,.T.);
#7012=EDGE_CURVE('',#5168,#5311,#3004,.T.);
#7013=EDGE_CURVE('',#5170,#5309,#3005,.T.);
#7014=EDGE_CURVE('',#5307,#5163,#3006,.T.);
#7015=EDGE_CURVE('',#5322,#5173,#3007,.T.);
#7016=EDGE_CURVE('',#5172,#5316,#3008,.T.);
#7017=EDGE_CURVE('',#5174,#5321,#3009,.T.);
#7018=EDGE_CURVE('',#5320,#5175,#3010,.T.);
#7019=EDGE_CURVE('',#5318,#5177,#3011,.T.);
#7020=EDGE_CURVE('',#5176,#5319,#3012,.T.);
#7021=EDGE_CURVE('',#5178,#5317,#3013,.T.);
#7022=EDGE_CURVE('',#5315,#5171,#3014,.T.);
#7023=EDGE_CURVE('',#5330,#5181,#3015,.T.);
#7024=EDGE_CURVE('',#5180,#5324,#3016,.T.);
#7025=EDGE_CURVE('',#5182,#5329,#3017,.T.);
#7026=EDGE_CURVE('',#5328,#5183,#3018,.T.);
#7027=EDGE_CURVE('',#5326,#5185,#3019,.T.);
#7028=EDGE_CURVE('',#5184,#5327,#3020,.T.);
#7029=EDGE_CURVE('',#5186,#5325,#3021,.T.);
#7030=EDGE_CURVE('',#5323,#5179,#3022,.T.);
#7031=EDGE_CURVE('',#5338,#5189,#3023,.T.);
#7032=EDGE_CURVE('',#5188,#5332,#3024,.T.);
#7033=EDGE_CURVE('',#5190,#5337,#3025,.T.);
#7034=EDGE_CURVE('',#5336,#5191,#3026,.T.);
#7035=EDGE_CURVE('',#5334,#5193,#3027,.T.);
#7036=EDGE_CURVE('',#5192,#5335,#3028,.T.);
#7037=EDGE_CURVE('',#5194,#5333,#3029,.T.);
#7038=EDGE_CURVE('',#5331,#5187,#3030,.T.);
#7039=EDGE_CURVE('',#5346,#5197,#3031,.T.);
#7040=EDGE_CURVE('',#5196,#5340,#3032,.T.);
#7041=EDGE_CURVE('',#5198,#5345,#3033,.T.);
#7042=EDGE_CURVE('',#5344,#5199,#3034,.T.);
#7043=EDGE_CURVE('',#5342,#5201,#3035,.T.);
#7044=EDGE_CURVE('',#5200,#5343,#3036,.T.);
#7045=EDGE_CURVE('',#5202,#5341,#3037,.T.);
#7046=EDGE_CURVE('',#5339,#5195,#3038,.T.);
#7047=EDGE_CURVE('',#5354,#5205,#3039,.T.);
#7048=EDGE_CURVE('',#5204,#5348,#3040,.T.);
#7049=EDGE_CURVE('',#5206,#5353,#3041,.T.);
#7050=EDGE_CURVE('',#5352,#5207,#3042,.T.);
#7051=EDGE_CURVE('',#5350,#5209,#3043,.T.);
#7052=EDGE_CURVE('',#5208,#5351,#3044,.T.);
#7053=EDGE_CURVE('',#5210,#5349,#3045,.T.);
#7054=EDGE_CURVE('',#5347,#5203,#3046,.T.);
#7055=EDGE_CURVE('',#5362,#5213,#3047,.T.);
#7056=EDGE_CURVE('',#5212,#5356,#3048,.T.);
#7057=EDGE_CURVE('',#5214,#5361,#3049,.T.);
#7058=EDGE_CURVE('',#5360,#5215,#3050,.T.);
#7059=EDGE_CURVE('',#5358,#5217,#3051,.T.);
#7060=EDGE_CURVE('',#5216,#5359,#3052,.T.);
#7061=EDGE_CURVE('',#5218,#5357,#3053,.T.);
#7062=EDGE_CURVE('',#5355,#5211,#3054,.T.);
#7063=EDGE_CURVE('',#5370,#5221,#3055,.T.);
#7064=EDGE_CURVE('',#5220,#5364,#3056,.T.);
#7065=EDGE_CURVE('',#5222,#5369,#3057,.T.);
#7066=EDGE_CURVE('',#5368,#5223,#3058,.T.);
#7067=EDGE_CURVE('',#5366,#5225,#3059,.T.);
#7068=EDGE_CURVE('',#5224,#5367,#3060,.T.);
#7069=EDGE_CURVE('',#5226,#5365,#3061,.T.);
#7070=EDGE_CURVE('',#5363,#5219,#3062,.T.);
#7071=EDGE_CURVE('',#5378,#5229,#3063,.T.);
#7072=EDGE_CURVE('',#5228,#5372,#3064,.T.);
#7073=EDGE_CURVE('',#5230,#5377,#3065,.T.);
#7074=EDGE_CURVE('',#5376,#5231,#3066,.T.);
#7075=EDGE_CURVE('',#5374,#5233,#3067,.T.);
#7076=EDGE_CURVE('',#5232,#5375,#3068,.T.);
#7077=EDGE_CURVE('',#5234,#5373,#3069,.T.);
#7078=EDGE_CURVE('',#5371,#5227,#3070,.T.);
#7079=EDGE_CURVE('',#5386,#5237,#3071,.T.);
#7080=EDGE_CURVE('',#5236,#5380,#3072,.T.);
#7081=EDGE_CURVE('',#5238,#5385,#3073,.T.);
#7082=EDGE_CURVE('',#5384,#5239,#3074,.T.);
#7083=EDGE_CURVE('',#5382,#5241,#3075,.T.);
#7084=EDGE_CURVE('',#5240,#5383,#3076,.T.);
#7085=EDGE_CURVE('',#5242,#5381,#3077,.T.);
#7086=EDGE_CURVE('',#5379,#5235,#3078,.T.);
#7087=EDGE_CURVE('',#5394,#5245,#3079,.T.);
#7088=EDGE_CURVE('',#5244,#5388,#3080,.T.);
#7089=EDGE_CURVE('',#5246,#5393,#3081,.T.);
#7090=EDGE_CURVE('',#5392,#5247,#3082,.T.);
#7091=EDGE_CURVE('',#5390,#5249,#3083,.T.);
#7092=EDGE_CURVE('',#5248,#5391,#3084,.T.);
#7093=EDGE_CURVE('',#5250,#5389,#3085,.T.);
#7094=EDGE_CURVE('',#5387,#5243,#3086,.T.);
#7095=EDGE_CURVE('',#5402,#5253,#3087,.T.);
#7096=EDGE_CURVE('',#5252,#5396,#3088,.T.);
#7097=EDGE_CURVE('',#5254,#5401,#3089,.T.);
#7098=EDGE_CURVE('',#5400,#5255,#3090,.T.);
#7099=EDGE_CURVE('',#5398,#5257,#3091,.T.);
#7100=EDGE_CURVE('',#5256,#5399,#3092,.T.);
#7101=EDGE_CURVE('',#5258,#5397,#3093,.T.);
#7102=EDGE_CURVE('',#5395,#5251,#3094,.T.);
#7103=EDGE_CURVE('',#5262,#5403,#3095,.T.);
#7104=EDGE_CURVE('',#5404,#5263,#3096,.T.);
#7105=EDGE_CURVE('',#5405,#5261,#3097,.T.);
#7106=EDGE_CURVE('',#5409,#5265,#3098,.T.);
#7107=EDGE_CURVE('',#5264,#5410,#3099,.T.);
#7108=EDGE_CURVE('',#5266,#5408,#3100,.T.);
#7109=EDGE_CURVE('',#5407,#5259,#3101,.T.);
#7110=EDGE_CURVE('',#5260,#5406,#3102,.T.);
#7111=EDGE_CURVE('',#5522,#4833,#3103,.T.);
#7112=EDGE_CURVE('',#4832,#5516,#3104,.T.);
#7113=EDGE_CURVE('',#4834,#5521,#3105,.T.);
#7114=EDGE_CURVE('',#5520,#4827,#3106,.T.);
#7115=EDGE_CURVE('',#5518,#4829,#3107,.T.);
#7116=EDGE_CURVE('',#4828,#5519,#3108,.T.);
#7117=EDGE_CURVE('',#4830,#5517,#3109,.T.);
#7118=EDGE_CURVE('',#5515,#4831,#3110,.T.);
#7119=EDGE_CURVE('',#5514,#4841,#3111,.T.);
#7120=EDGE_CURVE('',#4840,#5508,#3112,.T.);
#7121=EDGE_CURVE('',#4842,#5513,#3113,.T.);
#7122=EDGE_CURVE('',#5512,#4835,#3114,.T.);
#7123=EDGE_CURVE('',#5510,#4837,#3115,.T.);
#7124=EDGE_CURVE('',#4836,#5511,#3116,.T.);
#7125=EDGE_CURVE('',#4838,#5509,#3117,.T.);
#7126=EDGE_CURVE('',#5507,#4839,#3118,.T.);
#7127=EDGE_CURVE('',#5506,#4849,#3119,.T.);
#7128=EDGE_CURVE('',#4848,#5500,#3120,.T.);
#7129=EDGE_CURVE('',#4850,#5505,#3121,.T.);
#7130=EDGE_CURVE('',#5504,#4843,#3122,.T.);
#7131=EDGE_CURVE('',#5502,#4845,#3123,.T.);
#7132=EDGE_CURVE('',#4844,#5503,#3124,.T.);
#7133=EDGE_CURVE('',#4846,#5501,#3125,.T.);
#7134=EDGE_CURVE('',#5499,#4847,#3126,.T.);
#7135=EDGE_CURVE('',#5498,#4857,#3127,.T.);
#7136=EDGE_CURVE('',#4856,#5492,#3128,.T.);
#7137=EDGE_CURVE('',#4858,#5497,#3129,.T.);
#7138=EDGE_CURVE('',#5496,#4851,#3130,.T.);
#7139=EDGE_CURVE('',#5494,#4853,#3131,.T.);
#7140=EDGE_CURVE('',#4852,#5495,#3132,.T.);
#7141=EDGE_CURVE('',#4854,#5493,#3133,.T.);
#7142=EDGE_CURVE('',#5491,#4855,#3134,.T.);
#7143=EDGE_CURVE('',#5490,#4865,#3135,.T.);
#7144=EDGE_CURVE('',#4864,#5484,#3136,.T.);
#7145=EDGE_CURVE('',#4866,#5489,#3137,.T.);
#7146=EDGE_CURVE('',#5488,#4859,#3138,.T.);
#7147=EDGE_CURVE('',#5486,#4861,#3139,.T.);
#7148=EDGE_CURVE('',#4860,#5487,#3140,.T.);
#7149=EDGE_CURVE('',#4862,#5485,#3141,.T.);
#7150=EDGE_CURVE('',#5483,#4863,#3142,.T.);
#7151=EDGE_CURVE('',#5482,#4873,#3143,.T.);
#7152=EDGE_CURVE('',#4872,#5476,#3144,.T.);
#7153=EDGE_CURVE('',#4874,#5481,#3145,.T.);
#7154=EDGE_CURVE('',#5480,#4867,#3146,.T.);
#7155=EDGE_CURVE('',#5478,#4869,#3147,.T.);
#7156=EDGE_CURVE('',#4868,#5479,#3148,.T.);
#7157=EDGE_CURVE('',#4870,#5477,#3149,.T.);
#7158=EDGE_CURVE('',#5475,#4871,#3150,.T.);
#7159=EDGE_CURVE('',#5474,#4881,#3151,.T.);
#7160=EDGE_CURVE('',#4880,#5468,#3152,.T.);
#7161=EDGE_CURVE('',#4882,#5473,#3153,.T.);
#7162=EDGE_CURVE('',#5472,#4875,#3154,.T.);
#7163=EDGE_CURVE('',#5470,#4877,#3155,.T.);
#7164=EDGE_CURVE('',#4876,#5471,#3156,.T.);
#7165=EDGE_CURVE('',#4878,#5469,#3157,.T.);
#7166=EDGE_CURVE('',#5467,#4879,#3158,.T.);
#7167=EDGE_CURVE('',#5466,#4889,#3159,.T.);
#7168=EDGE_CURVE('',#4888,#5460,#3160,.T.);
#7169=EDGE_CURVE('',#4890,#5465,#3161,.T.);
#7170=EDGE_CURVE('',#5464,#4883,#3162,.T.);
#7171=EDGE_CURVE('',#5462,#4885,#3163,.T.);
#7172=EDGE_CURVE('',#4884,#5463,#3164,.T.);
#7173=EDGE_CURVE('',#4886,#5461,#3165,.T.);
#7174=EDGE_CURVE('',#5459,#4887,#3166,.T.);
#7175=EDGE_CURVE('',#5458,#4897,#3167,.T.);
#7176=EDGE_CURVE('',#4896,#5452,#3168,.T.);
#7177=EDGE_CURVE('',#4898,#5457,#3169,.T.);
#7178=EDGE_CURVE('',#5456,#4891,#3170,.T.);
#7179=EDGE_CURVE('',#5454,#4893,#3171,.T.);
#7180=EDGE_CURVE('',#4892,#5455,#3172,.T.);
#7181=EDGE_CURVE('',#4894,#5453,#3173,.T.);
#7182=EDGE_CURVE('',#5451,#4895,#3174,.T.);
#7183=EDGE_CURVE('',#5450,#4905,#3175,.T.);
#7184=EDGE_CURVE('',#4904,#5444,#3176,.T.);
#7185=EDGE_CURVE('',#4906,#5449,#3177,.T.);
#7186=EDGE_CURVE('',#5448,#4899,#3178,.T.);
#7187=EDGE_CURVE('',#5446,#4901,#3179,.T.);
#7188=EDGE_CURVE('',#4900,#5447,#3180,.T.);
#7189=EDGE_CURVE('',#4902,#5445,#3181,.T.);
#7190=EDGE_CURVE('',#5443,#4903,#3182,.T.);
#7191=EDGE_CURVE('',#5442,#4913,#3183,.T.);
#7192=EDGE_CURVE('',#4912,#5436,#3184,.T.);
#7193=EDGE_CURVE('',#4914,#5441,#3185,.T.);
#7194=EDGE_CURVE('',#5440,#4907,#3186,.T.);
#7195=EDGE_CURVE('',#5438,#4909,#3187,.T.);
#7196=EDGE_CURVE('',#4908,#5439,#3188,.T.);
#7197=EDGE_CURVE('',#4910,#5437,#3189,.T.);
#7198=EDGE_CURVE('',#5435,#4911,#3190,.T.);
#7199=EDGE_CURVE('',#5426,#4921,#3191,.T.);
#7200=EDGE_CURVE('',#4920,#5420,#3192,.T.);
#7201=EDGE_CURVE('',#4922,#5425,#3193,.T.);
#7202=EDGE_CURVE('',#5424,#4915,#3194,.T.);
#7203=EDGE_CURVE('',#5422,#4917,#3195,.T.);
#7204=EDGE_CURVE('',#4916,#5423,#3196,.T.);
#7205=EDGE_CURVE('',#4918,#5421,#3197,.T.);
#7206=EDGE_CURVE('',#5419,#4919,#3198,.T.);
#7207=EDGE_CURVE('',#4924,#5416,#3199,.T.);
#7208=EDGE_CURVE('',#5415,#4925,#3200,.T.);
#7209=EDGE_CURVE('',#5417,#4923,#3201,.T.);
#7210=EDGE_CURVE('',#5413,#4927,#3202,.T.);
#7211=EDGE_CURVE('',#4926,#5414,#3203,.T.);
#7212=EDGE_CURVE('',#4928,#5411,#3204,.T.);
#7213=EDGE_CURVE('',#5412,#4929,#3205,.T.);
#7214=EDGE_CURVE('',#4930,#5418,#3206,.T.);
#7215=EDGE_CURVE('',#5738,#5029,#3207,.T.);
#7216=EDGE_CURVE('',#5028,#5732,#3208,.T.);
#7217=EDGE_CURVE('',#5030,#5737,#3209,.T.);
#7218=EDGE_CURVE('',#5736,#5031,#3210,.T.);
#7219=EDGE_CURVE('',#5734,#5033,#3211,.T.);
#7220=EDGE_CURVE('',#5032,#5735,#3212,.T.);
#7221=EDGE_CURVE('',#5034,#5733,#3213,.T.);
#7222=EDGE_CURVE('',#5731,#5027,#3214,.T.);
#7223=EDGE_CURVE('',#5730,#5021,#3215,.T.);
#7224=EDGE_CURVE('',#5020,#5724,#3216,.T.);
#7225=EDGE_CURVE('',#5022,#5729,#3217,.T.);
#7226=EDGE_CURVE('',#5728,#5023,#3218,.T.);
#7227=EDGE_CURVE('',#5726,#5025,#3219,.T.);
#7228=EDGE_CURVE('',#5024,#5727,#3220,.T.);
#7229=EDGE_CURVE('',#5026,#5725,#3221,.T.);
#7230=EDGE_CURVE('',#5723,#5019,#3222,.T.);
#7231=EDGE_CURVE('',#5722,#5013,#3223,.T.);
#7232=EDGE_CURVE('',#5012,#5716,#3224,.T.);
#7233=EDGE_CURVE('',#5014,#5721,#3225,.T.);
#7234=EDGE_CURVE('',#5720,#5015,#3226,.T.);
#7235=EDGE_CURVE('',#5718,#5017,#3227,.T.);
#7236=EDGE_CURVE('',#5016,#5719,#3228,.T.);
#7237=EDGE_CURVE('',#5018,#5717,#3229,.T.);
#7238=EDGE_CURVE('',#5715,#5011,#3230,.T.);
#7239=EDGE_CURVE('',#5714,#5005,#3231,.T.);
#7240=EDGE_CURVE('',#5004,#5708,#3232,.T.);
#7241=EDGE_CURVE('',#5006,#5713,#3233,.T.);
#7242=EDGE_CURVE('',#5712,#5007,#3234,.T.);
#7243=EDGE_CURVE('',#5710,#5009,#3235,.T.);
#7244=EDGE_CURVE('',#5008,#5711,#3236,.T.);
#7245=EDGE_CURVE('',#5010,#5709,#3237,.T.);
#7246=EDGE_CURVE('',#5707,#5003,#3238,.T.);
#7247=EDGE_CURVE('',#5706,#4997,#3239,.T.);
#7248=EDGE_CURVE('',#4996,#5700,#3240,.T.);
#7249=EDGE_CURVE('',#4998,#5705,#3241,.T.);
#7250=EDGE_CURVE('',#5704,#4999,#3242,.T.);
#7251=EDGE_CURVE('',#5702,#5001,#3243,.T.);
#7252=EDGE_CURVE('',#5000,#5703,#3244,.T.);
#7253=EDGE_CURVE('',#5002,#5701,#3245,.T.);
#7254=EDGE_CURVE('',#5699,#4995,#3246,.T.);
#7255=EDGE_CURVE('',#5698,#4989,#3247,.T.);
#7256=EDGE_CURVE('',#4988,#5692,#3248,.T.);
#7257=EDGE_CURVE('',#4990,#5697,#3249,.T.);
#7258=EDGE_CURVE('',#5696,#4991,#3250,.T.);
#7259=EDGE_CURVE('',#5694,#4993,#3251,.T.);
#7260=EDGE_CURVE('',#4992,#5695,#3252,.T.);
#7261=EDGE_CURVE('',#4994,#5693,#3253,.T.);
#7262=EDGE_CURVE('',#5691,#4987,#3254,.T.);
#7263=EDGE_CURVE('',#5690,#4981,#3255,.T.);
#7264=EDGE_CURVE('',#4980,#5684,#3256,.T.);
#7265=EDGE_CURVE('',#4982,#5689,#3257,.T.);
#7266=EDGE_CURVE('',#5688,#4983,#3258,.T.);
#7267=EDGE_CURVE('',#5686,#4985,#3259,.T.);
#7268=EDGE_CURVE('',#4984,#5687,#3260,.T.);
#7269=EDGE_CURVE('',#4986,#5685,#3261,.T.);
#7270=EDGE_CURVE('',#5683,#4979,#3262,.T.);
#7271=EDGE_CURVE('',#5682,#4973,#3263,.T.);
#7272=EDGE_CURVE('',#4972,#5676,#3264,.T.);
#7273=EDGE_CURVE('',#4974,#5681,#3265,.T.);
#7274=EDGE_CURVE('',#5680,#4975,#3266,.T.);
#7275=EDGE_CURVE('',#5678,#4977,#3267,.T.);
#7276=EDGE_CURVE('',#4976,#5679,#3268,.T.);
#7277=EDGE_CURVE('',#4978,#5677,#3269,.T.);
#7278=EDGE_CURVE('',#5675,#4971,#3270,.T.);
#7279=EDGE_CURVE('',#5674,#4965,#3271,.T.);
#7280=EDGE_CURVE('',#4964,#5668,#3272,.T.);
#7281=EDGE_CURVE('',#4966,#5673,#3273,.T.);
#7282=EDGE_CURVE('',#5672,#4967,#3274,.T.);
#7283=EDGE_CURVE('',#5670,#4969,#3275,.T.);
#7284=EDGE_CURVE('',#4968,#5671,#3276,.T.);
#7285=EDGE_CURVE('',#4970,#5669,#3277,.T.);
#7286=EDGE_CURVE('',#5667,#4963,#3278,.T.);
#7287=EDGE_CURVE('',#5666,#4957,#3279,.T.);
#7288=EDGE_CURVE('',#4956,#5660,#3280,.T.);
#7289=EDGE_CURVE('',#4958,#5665,#3281,.T.);
#7290=EDGE_CURVE('',#5664,#4959,#3282,.T.);
#7291=EDGE_CURVE('',#5662,#4961,#3283,.T.);
#7292=EDGE_CURVE('',#4960,#5663,#3284,.T.);
#7293=EDGE_CURVE('',#4962,#5661,#3285,.T.);
#7294=EDGE_CURVE('',#5659,#4955,#3286,.T.);
#7295=EDGE_CURVE('',#5658,#4949,#3287,.T.);
#7296=EDGE_CURVE('',#4948,#5652,#3288,.T.);
#7297=EDGE_CURVE('',#4950,#5657,#3289,.T.);
#7298=EDGE_CURVE('',#5656,#4951,#3290,.T.);
#7299=EDGE_CURVE('',#5654,#4953,#3291,.T.);
#7300=EDGE_CURVE('',#4952,#5655,#3292,.T.);
#7301=EDGE_CURVE('',#4954,#5653,#3293,.T.);
#7302=EDGE_CURVE('',#5651,#4947,#3294,.T.);
#7303=EDGE_CURVE('',#4942,#5643,#3295,.T.);
#7304=EDGE_CURVE('',#5644,#4943,#3296,.T.);
#7305=EDGE_CURVE('',#5645,#4941,#3297,.T.);
#7306=EDGE_CURVE('',#5649,#4945,#3298,.T.);
#7307=EDGE_CURVE('',#4944,#5650,#3299,.T.);
#7308=EDGE_CURVE('',#4946,#5648,#3300,.T.);
#7309=EDGE_CURVE('',#5647,#4939,#3301,.T.);
#7310=EDGE_CURVE('',#4940,#5646,#3302,.T.);
#7311=EDGE_CURVE('',#5554,#5061,#3303,.T.);
#7312=EDGE_CURVE('',#5060,#5548,#3304,.T.);
#7313=EDGE_CURVE('',#5062,#5553,#3305,.T.);
#7314=EDGE_CURVE('',#5552,#5063,#3306,.T.);
#7315=EDGE_CURVE('',#5550,#5065,#3307,.T.);
#7316=EDGE_CURVE('',#5064,#5551,#3308,.T.);
#7317=EDGE_CURVE('',#5066,#5549,#3309,.T.);
#7318=EDGE_CURVE('',#5547,#5059,#3310,.T.);
#7319=EDGE_CURVE('',#5578,#5069,#3311,.T.);
#7320=EDGE_CURVE('',#5068,#5572,#3312,.T.);
#7321=EDGE_CURVE('',#5070,#5577,#3313,.T.);
#7322=EDGE_CURVE('',#5576,#5071,#3314,.T.);
#7323=EDGE_CURVE('',#5574,#5073,#3315,.T.);
#7324=EDGE_CURVE('',#5072,#5575,#3316,.T.);
#7325=EDGE_CURVE('',#5074,#5573,#3317,.T.);
#7326=EDGE_CURVE('',#5571,#5067,#3318,.T.);
#7327=EDGE_CURVE('',#5586,#5077,#3319,.T.);
#7328=EDGE_CURVE('',#5076,#5580,#3320,.T.);
#7329=EDGE_CURVE('',#5078,#5585,#3321,.T.);
#7330=EDGE_CURVE('',#5584,#5079,#3322,.T.);
#7331=EDGE_CURVE('',#5582,#5081,#3323,.T.);
#7332=EDGE_CURVE('',#5080,#5583,#3324,.T.);
#7333=EDGE_CURVE('',#5082,#5581,#3325,.T.);
#7334=EDGE_CURVE('',#5579,#5075,#3326,.T.);
#7335=EDGE_CURVE('',#5594,#5085,#3327,.T.);
#7336=EDGE_CURVE('',#5084,#5588,#3328,.T.);
#7337=EDGE_CURVE('',#5086,#5593,#3329,.T.);
#7338=EDGE_CURVE('',#5592,#5087,#3330,.T.);
#7339=EDGE_CURVE('',#5590,#5089,#3331,.T.);
#7340=EDGE_CURVE('',#5088,#5591,#3332,.T.);
#7341=EDGE_CURVE('',#5090,#5589,#3333,.T.);
#7342=EDGE_CURVE('',#5587,#5083,#3334,.T.);
#7343=EDGE_CURVE('',#5602,#5097,#3335,.T.);
#7344=EDGE_CURVE('',#5096,#5596,#3336,.T.);
#7345=EDGE_CURVE('',#5098,#5601,#3337,.T.);
#7346=EDGE_CURVE('',#5600,#5091,#3338,.T.);
#7347=EDGE_CURVE('',#5598,#5093,#3339,.T.);
#7348=EDGE_CURVE('',#5092,#5599,#3340,.T.);
#7349=EDGE_CURVE('',#5094,#5597,#3341,.T.);
#7350=EDGE_CURVE('',#5595,#5095,#3342,.T.);
#7351=EDGE_CURVE('',#5610,#5101,#3343,.T.);
#7352=EDGE_CURVE('',#5100,#5604,#3344,.T.);
#7353=EDGE_CURVE('',#5102,#5609,#3345,.T.);
#7354=EDGE_CURVE('',#5608,#5103,#3346,.T.);
#7355=EDGE_CURVE('',#5606,#5105,#3347,.T.);
#7356=EDGE_CURVE('',#5104,#5607,#3348,.T.);
#7357=EDGE_CURVE('',#5106,#5605,#3349,.T.);
#7358=EDGE_CURVE('',#5603,#5099,#3350,.T.);
#7359=EDGE_CURVE('',#5626,#5133,#3351,.T.);
#7360=EDGE_CURVE('',#5132,#5620,#3352,.T.);
#7361=EDGE_CURVE('',#5134,#5625,#3353,.T.);
#7362=EDGE_CURVE('',#5624,#5135,#3354,.T.);
#7363=EDGE_CURVE('',#5622,#5137,#3355,.T.);
#7364=EDGE_CURVE('',#5136,#5623,#3356,.T.);
#7365=EDGE_CURVE('',#5138,#5621,#3357,.T.);
#7366=EDGE_CURVE('',#5619,#5131,#3358,.T.);
#7367=EDGE_CURVE('',#5112,#5616,#3359,.T.);
#7368=EDGE_CURVE('',#5615,#5113,#3360,.T.);
#7369=EDGE_CURVE('',#5617,#5111,#3361,.T.);
#7370=EDGE_CURVE('',#5613,#5107,#3362,.T.);
#7371=EDGE_CURVE('',#5114,#5614,#3363,.T.);
#7372=EDGE_CURVE('',#5108,#5611,#3364,.T.);
#7373=EDGE_CURVE('',#5612,#5109,#3365,.T.);
#7374=EDGE_CURVE('',#5110,#5618,#3366,.T.);
#7375=EDGE_CURVE('',#5539,#5139,#3367,.T.);
#7376=EDGE_CURVE('',#5541,#5146,#3368,.T.);
#7377=EDGE_CURVE('',#5542,#5145,#3369,.T.);
#7378=EDGE_CURVE('',#5543,#5144,#3370,.T.);
#7379=EDGE_CURVE('',#5544,#5143,#3371,.T.);
#7380=EDGE_CURVE('',#5545,#5142,#3372,.T.);
#7381=EDGE_CURVE('',#5546,#5141,#3373,.T.);
#7382=EDGE_CURVE('',#5540,#5140,#3374,.T.);
#7383=EDGE_CURVE('',#5567,#5124,#3375,.T.);
#7384=EDGE_CURVE('',#5568,#5123,#3376,.T.);
#7385=EDGE_CURVE('',#5569,#5130,#3377,.T.);
#7386=EDGE_CURVE('',#5570,#5129,#3378,.T.);
#7387=EDGE_CURVE('',#5564,#5128,#3379,.T.);
#7388=EDGE_CURVE('',#5563,#5127,#3380,.T.);
#7389=EDGE_CURVE('',#5565,#5126,#3381,.T.);
#7390=EDGE_CURVE('',#5566,#5125,#3382,.T.);
#7391=EDGE_CURVE('',#5295,#5276,#3383,.T.);
#7392=EDGE_CURVE('',#5296,#5275,#3384,.T.);
#7393=EDGE_CURVE('',#5297,#5282,#3385,.T.);
#7394=EDGE_CURVE('',#5298,#5281,#3386,.T.);
#7395=EDGE_CURVE('',#5292,#5280,#3387,.T.);
#7396=EDGE_CURVE('',#5291,#5279,#3388,.T.);
#7397=EDGE_CURVE('',#5293,#5278,#3389,.T.);
#7398=EDGE_CURVE('',#5294,#5277,#3390,.T.);
#7399=EDGE_CURVE('',#5527,#5052,#3391,.T.);
#7400=EDGE_CURVE('',#5528,#5051,#3392,.T.);
#7401=EDGE_CURVE('',#5529,#5058,#3393,.T.);
#7402=EDGE_CURVE('',#5530,#5057,#3394,.T.);
#7403=EDGE_CURVE('',#5524,#5056,#3395,.T.);
#7404=EDGE_CURVE('',#5523,#5055,#3396,.T.);
#7405=EDGE_CURVE('',#5525,#5054,#3397,.T.);
#7406=EDGE_CURVE('',#5526,#5053,#3398,.T.);
#7407=EDGE_CURVE('',#5287,#5268,#3399,.T.);
#7408=EDGE_CURVE('',#5288,#5267,#3400,.T.);
#7409=EDGE_CURVE('',#5289,#5274,#3401,.T.);
#7410=EDGE_CURVE('',#5290,#5273,#3402,.T.);
#7411=EDGE_CURVE('',#5284,#5272,#3403,.T.);
#7412=EDGE_CURVE('',#5283,#5271,#3404,.T.);
#7413=EDGE_CURVE('',#5285,#5270,#3405,.T.);
#7414=EDGE_CURVE('',#5286,#5269,#3406,.T.);
#7415=EDGE_CURVE('',#5531,#5147,#3407,.T.);
#7416=EDGE_CURVE('',#5533,#5154,#3408,.T.);
#7417=EDGE_CURVE('',#5534,#5153,#3409,.T.);
#7418=EDGE_CURVE('',#5535,#5152,#3410,.T.);
#7419=EDGE_CURVE('',#5536,#5151,#3411,.T.);
#7420=EDGE_CURVE('',#5537,#5150,#3412,.T.);
#7421=EDGE_CURVE('',#5538,#5149,#3413,.T.);
#7422=EDGE_CURVE('',#5532,#5148,#3414,.T.);
#7423=EDGE_CURVE('',#5631,#5036,#3415,.T.);
#7424=EDGE_CURVE('',#5632,#5035,#3416,.T.);
#7425=EDGE_CURVE('',#5633,#5042,#3417,.T.);
#7426=EDGE_CURVE('',#5634,#5041,#3418,.T.);
#7427=EDGE_CURVE('',#5628,#5040,#3419,.T.);
#7428=EDGE_CURVE('',#5627,#5039,#3420,.T.);
#7429=EDGE_CURVE('',#5629,#5038,#3421,.T.);
#7430=EDGE_CURVE('',#5630,#5037,#3422,.T.);
#7431=EDGE_CURVE('',#5431,#4932,#3423,.T.);
#7432=EDGE_CURVE('',#5432,#4931,#3424,.T.);
#7433=EDGE_CURVE('',#5433,#4938,#3425,.T.);
#7434=EDGE_CURVE('',#5434,#4937,#3426,.T.);
#7435=EDGE_CURVE('',#5428,#4936,#3427,.T.);
#7436=EDGE_CURVE('',#5427,#4935,#3428,.T.);
#7437=EDGE_CURVE('',#5429,#4934,#3429,.T.);
#7438=EDGE_CURVE('',#5430,#4933,#3430,.T.);
#7439=EDGE_CURVE('',#5639,#5044,#3431,.T.);
#7440=EDGE_CURVE('',#5640,#5043,#3432,.T.);
#7441=EDGE_CURVE('',#5641,#5050,#3433,.T.);
#7442=EDGE_CURVE('',#5642,#5049,#3434,.T.);
#7443=EDGE_CURVE('',#5636,#5048,#3435,.T.);
#7444=EDGE_CURVE('',#5635,#5047,#3436,.T.);
#7445=EDGE_CURVE('',#5637,#5046,#3437,.T.);
#7446=EDGE_CURVE('',#5638,#5045,#3438,.T.);
#7447=EDGE_CURVE('',#5559,#5116,#3439,.T.);
#7448=EDGE_CURVE('',#5560,#5115,#3440,.T.);
#7449=EDGE_CURVE('',#5561,#5122,#3441,.T.);
#7450=EDGE_CURVE('',#5562,#5121,#3442,.T.);
#7451=EDGE_CURVE('',#5556,#5120,#3443,.T.);
#7452=EDGE_CURVE('',#5555,#5119,#3444,.T.);
#7453=EDGE_CURVE('',#5557,#5118,#3445,.T.);
#7454=EDGE_CURVE('',#5558,#5117,#3446,.T.);
#7455=ORIENTED_EDGE('',*,*,#5739,.F.);
#7456=ORIENTED_EDGE('',*,*,#5740,.F.);
#7457=ORIENTED_EDGE('',*,*,#5741,.F.);
#7458=ORIENTED_EDGE('',*,*,#5742,.F.);
#7459=ORIENTED_EDGE('',*,*,#5743,.F.);
#7460=ORIENTED_EDGE('',*,*,#5744,.F.);
#7461=ORIENTED_EDGE('',*,*,#5745,.T.);
#7462=ORIENTED_EDGE('',*,*,#5741,.T.);
#7463=ORIENTED_EDGE('',*,*,#5746,.F.);
#7464=ORIENTED_EDGE('',*,*,#5747,.F.);
#7465=ORIENTED_EDGE('',*,*,#5748,.T.);
#7466=ORIENTED_EDGE('',*,*,#5744,.T.);
#7467=ORIENTED_EDGE('',*,*,#5749,.T.);
#7468=ORIENTED_EDGE('',*,*,#5739,.T.);
#7469=ORIENTED_EDGE('',*,*,#5750,.T.);
#7470=ORIENTED_EDGE('',*,*,#5747,.T.);
#7471=ORIENTED_EDGE('',*,*,#5751,.T.);
#7472=ORIENTED_EDGE('',*,*,#5752,.T.);
#7473=ORIENTED_EDGE('',*,*,#5753,.T.);
#7474=ORIENTED_EDGE('',*,*,#5754,.T.);
#7475=ORIENTED_EDGE('',*,*,#5752,.F.);
#7476=ORIENTED_EDGE('',*,*,#5755,.T.);
#7477=ORIENTED_EDGE('',*,*,#5756,.F.);
#7478=ORIENTED_EDGE('',*,*,#5757,.F.);
#7479=ORIENTED_EDGE('',*,*,#5758,.T.);
#7480=ORIENTED_EDGE('',*,*,#5756,.T.);
#7481=ORIENTED_EDGE('',*,*,#5759,.T.);
#7482=ORIENTED_EDGE('',*,*,#5760,.T.);
#7483=ORIENTED_EDGE('',*,*,#5761,.T.);
#7484=ORIENTED_EDGE('',*,*,#5762,.T.);
#7485=ORIENTED_EDGE('',*,*,#5763,.T.);
#7486=ORIENTED_EDGE('',*,*,#5764,.T.);
#7487=ORIENTED_EDGE('',*,*,#5762,.F.);
#7488=ORIENTED_EDGE('',*,*,#5765,.T.);
#7489=ORIENTED_EDGE('',*,*,#5766,.F.);
#7490=ORIENTED_EDGE('',*,*,#5767,.F.);
#7491=ORIENTED_EDGE('',*,*,#5768,.T.);
#7492=ORIENTED_EDGE('',*,*,#5766,.T.);
#7493=ORIENTED_EDGE('',*,*,#5769,.T.);
#7494=ORIENTED_EDGE('',*,*,#5770,.T.);
#7495=ORIENTED_EDGE('',*,*,#5771,.T.);
#7496=ORIENTED_EDGE('',*,*,#5772,.T.);
#7497=ORIENTED_EDGE('',*,*,#5773,.T.);
#7498=ORIENTED_EDGE('',*,*,#5774,.T.);
#7499=ORIENTED_EDGE('',*,*,#5772,.F.);
#7500=ORIENTED_EDGE('',*,*,#5775,.T.);
#7501=ORIENTED_EDGE('',*,*,#5776,.F.);
#7502=ORIENTED_EDGE('',*,*,#5777,.F.);
#7503=ORIENTED_EDGE('',*,*,#5778,.T.);
#7504=ORIENTED_EDGE('',*,*,#5776,.T.);
#7505=ORIENTED_EDGE('',*,*,#5779,.T.);
#7506=ORIENTED_EDGE('',*,*,#5780,.T.);
#7507=ORIENTED_EDGE('',*,*,#5781,.T.);
#7508=ORIENTED_EDGE('',*,*,#5782,.T.);
#7509=ORIENTED_EDGE('',*,*,#5783,.T.);
#7510=ORIENTED_EDGE('',*,*,#5784,.T.);
#7511=ORIENTED_EDGE('',*,*,#5782,.F.);
#7512=ORIENTED_EDGE('',*,*,#5785,.T.);
#7513=ORIENTED_EDGE('',*,*,#5786,.F.);
#7514=ORIENTED_EDGE('',*,*,#5787,.F.);
#7515=ORIENTED_EDGE('',*,*,#5788,.T.);
#7516=ORIENTED_EDGE('',*,*,#5786,.T.);
#7517=ORIENTED_EDGE('',*,*,#5789,.T.);
#7518=ORIENTED_EDGE('',*,*,#5790,.T.);
#7519=ORIENTED_EDGE('',*,*,#5791,.T.);
#7520=ORIENTED_EDGE('',*,*,#5792,.T.);
#7521=ORIENTED_EDGE('',*,*,#5793,.T.);
#7522=ORIENTED_EDGE('',*,*,#5794,.T.);
#7523=ORIENTED_EDGE('',*,*,#5792,.F.);
#7524=ORIENTED_EDGE('',*,*,#5795,.T.);
#7525=ORIENTED_EDGE('',*,*,#5796,.F.);
#7526=ORIENTED_EDGE('',*,*,#5797,.F.);
#7527=ORIENTED_EDGE('',*,*,#5798,.T.);
#7528=ORIENTED_EDGE('',*,*,#5796,.T.);
#7529=ORIENTED_EDGE('',*,*,#5799,.T.);
#7530=ORIENTED_EDGE('',*,*,#5800,.T.);
#7531=ORIENTED_EDGE('',*,*,#5801,.T.);
#7532=ORIENTED_EDGE('',*,*,#5802,.T.);
#7533=ORIENTED_EDGE('',*,*,#5803,.T.);
#7534=ORIENTED_EDGE('',*,*,#5804,.T.);
#7535=ORIENTED_EDGE('',*,*,#5802,.F.);
#7536=ORIENTED_EDGE('',*,*,#5805,.T.);
#7537=ORIENTED_EDGE('',*,*,#5806,.F.);
#7538=ORIENTED_EDGE('',*,*,#5807,.F.);
#7539=ORIENTED_EDGE('',*,*,#5808,.T.);
#7540=ORIENTED_EDGE('',*,*,#5806,.T.);
#7541=ORIENTED_EDGE('',*,*,#5809,.T.);
#7542=ORIENTED_EDGE('',*,*,#5810,.T.);
#7543=ORIENTED_EDGE('',*,*,#5811,.T.);
#7544=ORIENTED_EDGE('',*,*,#5812,.T.);
#7545=ORIENTED_EDGE('',*,*,#5813,.T.);
#7546=ORIENTED_EDGE('',*,*,#5814,.T.);
#7547=ORIENTED_EDGE('',*,*,#5812,.F.);
#7548=ORIENTED_EDGE('',*,*,#5815,.T.);
#7549=ORIENTED_EDGE('',*,*,#5816,.F.);
#7550=ORIENTED_EDGE('',*,*,#5817,.F.);
#7551=ORIENTED_EDGE('',*,*,#5818,.T.);
#7552=ORIENTED_EDGE('',*,*,#5816,.T.);
#7553=ORIENTED_EDGE('',*,*,#5819,.T.);
#7554=ORIENTED_EDGE('',*,*,#5820,.T.);
#7555=ORIENTED_EDGE('',*,*,#5821,.T.);
#7556=ORIENTED_EDGE('',*,*,#5822,.T.);
#7557=ORIENTED_EDGE('',*,*,#5823,.T.);
#7558=ORIENTED_EDGE('',*,*,#5824,.T.);
#7559=ORIENTED_EDGE('',*,*,#5822,.F.);
#7560=ORIENTED_EDGE('',*,*,#5825,.T.);
#7561=ORIENTED_EDGE('',*,*,#5826,.F.);
#7562=ORIENTED_EDGE('',*,*,#5827,.F.);
#7563=ORIENTED_EDGE('',*,*,#5828,.T.);
#7564=ORIENTED_EDGE('',*,*,#5826,.T.);
#7565=ORIENTED_EDGE('',*,*,#5829,.T.);
#7566=ORIENTED_EDGE('',*,*,#5830,.T.);
#7567=ORIENTED_EDGE('',*,*,#5831,.T.);
#7568=ORIENTED_EDGE('',*,*,#5832,.T.);
#7569=ORIENTED_EDGE('',*,*,#5833,.T.);
#7570=ORIENTED_EDGE('',*,*,#5834,.T.);
#7571=ORIENTED_EDGE('',*,*,#5832,.F.);
#7572=ORIENTED_EDGE('',*,*,#5835,.T.);
#7573=ORIENTED_EDGE('',*,*,#5836,.F.);
#7574=ORIENTED_EDGE('',*,*,#5837,.F.);
#7575=ORIENTED_EDGE('',*,*,#5838,.T.);
#7576=ORIENTED_EDGE('',*,*,#5836,.T.);
#7577=ORIENTED_EDGE('',*,*,#5839,.T.);
#7578=ORIENTED_EDGE('',*,*,#5840,.T.);
#7579=ORIENTED_EDGE('',*,*,#5841,.T.);
#7580=ORIENTED_EDGE('',*,*,#5842,.T.);
#7581=ORIENTED_EDGE('',*,*,#5843,.T.);
#7582=ORIENTED_EDGE('',*,*,#5844,.T.);
#7583=ORIENTED_EDGE('',*,*,#5842,.F.);
#7584=ORIENTED_EDGE('',*,*,#5845,.T.);
#7585=ORIENTED_EDGE('',*,*,#5846,.F.);
#7586=ORIENTED_EDGE('',*,*,#5847,.F.);
#7587=ORIENTED_EDGE('',*,*,#5848,.T.);
#7588=ORIENTED_EDGE('',*,*,#5846,.T.);
#7589=ORIENTED_EDGE('',*,*,#5849,.T.);
#7590=ORIENTED_EDGE('',*,*,#5850,.T.);
#7591=ORIENTED_EDGE('',*,*,#5851,.T.);
#7592=ORIENTED_EDGE('',*,*,#5852,.T.);
#7593=ORIENTED_EDGE('',*,*,#5853,.T.);
#7594=ORIENTED_EDGE('',*,*,#5854,.T.);
#7595=ORIENTED_EDGE('',*,*,#5852,.F.);
#7596=ORIENTED_EDGE('',*,*,#5855,.T.);
#7597=ORIENTED_EDGE('',*,*,#5856,.F.);
#7598=ORIENTED_EDGE('',*,*,#5857,.F.);
#7599=ORIENTED_EDGE('',*,*,#5858,.T.);
#7600=ORIENTED_EDGE('',*,*,#5856,.T.);
#7601=ORIENTED_EDGE('',*,*,#5859,.T.);
#7602=ORIENTED_EDGE('',*,*,#5860,.T.);
#7603=ORIENTED_EDGE('',*,*,#5861,.T.);
#7604=ORIENTED_EDGE('',*,*,#5862,.T.);
#7605=ORIENTED_EDGE('',*,*,#5863,.T.);
#7606=ORIENTED_EDGE('',*,*,#5864,.T.);
#7607=ORIENTED_EDGE('',*,*,#5862,.F.);
#7608=ORIENTED_EDGE('',*,*,#5865,.T.);
#7609=ORIENTED_EDGE('',*,*,#5866,.F.);
#7610=ORIENTED_EDGE('',*,*,#5867,.F.);
#7611=ORIENTED_EDGE('',*,*,#5868,.T.);
#7612=ORIENTED_EDGE('',*,*,#5866,.T.);
#7613=ORIENTED_EDGE('',*,*,#5869,.T.);
#7614=ORIENTED_EDGE('',*,*,#5870,.T.);
#7615=ORIENTED_EDGE('',*,*,#5871,.T.);
#7616=ORIENTED_EDGE('',*,*,#5872,.T.);
#7617=ORIENTED_EDGE('',*,*,#5873,.T.);
#7618=ORIENTED_EDGE('',*,*,#5874,.T.);
#7619=ORIENTED_EDGE('',*,*,#5872,.F.);
#7620=ORIENTED_EDGE('',*,*,#5875,.T.);
#7621=ORIENTED_EDGE('',*,*,#5876,.F.);
#7622=ORIENTED_EDGE('',*,*,#5877,.F.);
#7623=ORIENTED_EDGE('',*,*,#5878,.T.);
#7624=ORIENTED_EDGE('',*,*,#5876,.T.);
#7625=ORIENTED_EDGE('',*,*,#5879,.T.);
#7626=ORIENTED_EDGE('',*,*,#5880,.T.);
#7627=ORIENTED_EDGE('',*,*,#5881,.T.);
#7628=ORIENTED_EDGE('',*,*,#5882,.T.);
#7629=ORIENTED_EDGE('',*,*,#5883,.T.);
#7630=ORIENTED_EDGE('',*,*,#5884,.T.);
#7631=ORIENTED_EDGE('',*,*,#5882,.F.);
#7632=ORIENTED_EDGE('',*,*,#5885,.T.);
#7633=ORIENTED_EDGE('',*,*,#5886,.F.);
#7634=ORIENTED_EDGE('',*,*,#5887,.F.);
#7635=ORIENTED_EDGE('',*,*,#5888,.T.);
#7636=ORIENTED_EDGE('',*,*,#5886,.T.);
#7637=ORIENTED_EDGE('',*,*,#5889,.T.);
#7638=ORIENTED_EDGE('',*,*,#5890,.T.);
#7639=ORIENTED_EDGE('',*,*,#5891,.T.);
#7640=ORIENTED_EDGE('',*,*,#5892,.T.);
#7641=ORIENTED_EDGE('',*,*,#5893,.T.);
#7642=ORIENTED_EDGE('',*,*,#5894,.T.);
#7643=ORIENTED_EDGE('',*,*,#5892,.F.);
#7644=ORIENTED_EDGE('',*,*,#5895,.T.);
#7645=ORIENTED_EDGE('',*,*,#5896,.F.);
#7646=ORIENTED_EDGE('',*,*,#5897,.F.);
#7647=ORIENTED_EDGE('',*,*,#5898,.T.);
#7648=ORIENTED_EDGE('',*,*,#5896,.T.);
#7649=ORIENTED_EDGE('',*,*,#5899,.T.);
#7650=ORIENTED_EDGE('',*,*,#5900,.T.);
#7651=ORIENTED_EDGE('',*,*,#5901,.T.);
#7652=ORIENTED_EDGE('',*,*,#5902,.T.);
#7653=ORIENTED_EDGE('',*,*,#5903,.T.);
#7654=ORIENTED_EDGE('',*,*,#5904,.T.);
#7655=ORIENTED_EDGE('',*,*,#5902,.F.);
#7656=ORIENTED_EDGE('',*,*,#5905,.T.);
#7657=ORIENTED_EDGE('',*,*,#5906,.F.);
#7658=ORIENTED_EDGE('',*,*,#5907,.F.);
#7659=ORIENTED_EDGE('',*,*,#5908,.T.);
#7660=ORIENTED_EDGE('',*,*,#5906,.T.);
#7661=ORIENTED_EDGE('',*,*,#5909,.T.);
#7662=ORIENTED_EDGE('',*,*,#5910,.T.);
#7663=ORIENTED_EDGE('',*,*,#5911,.T.);
#7664=ORIENTED_EDGE('',*,*,#5912,.T.);
#7665=ORIENTED_EDGE('',*,*,#5913,.T.);
#7666=ORIENTED_EDGE('',*,*,#5914,.T.);
#7667=ORIENTED_EDGE('',*,*,#5912,.F.);
#7668=ORIENTED_EDGE('',*,*,#5915,.T.);
#7669=ORIENTED_EDGE('',*,*,#5916,.F.);
#7670=ORIENTED_EDGE('',*,*,#5917,.F.);
#7671=ORIENTED_EDGE('',*,*,#5918,.T.);
#7672=ORIENTED_EDGE('',*,*,#5916,.T.);
#7673=ORIENTED_EDGE('',*,*,#5919,.T.);
#7674=ORIENTED_EDGE('',*,*,#5920,.T.);
#7675=ORIENTED_EDGE('',*,*,#5921,.T.);
#7676=ORIENTED_EDGE('',*,*,#5922,.T.);
#7677=ORIENTED_EDGE('',*,*,#5923,.T.);
#7678=ORIENTED_EDGE('',*,*,#5924,.T.);
#7679=ORIENTED_EDGE('',*,*,#5922,.F.);
#7680=ORIENTED_EDGE('',*,*,#5925,.T.);
#7681=ORIENTED_EDGE('',*,*,#5926,.F.);
#7682=ORIENTED_EDGE('',*,*,#5927,.F.);
#7683=ORIENTED_EDGE('',*,*,#5928,.T.);
#7684=ORIENTED_EDGE('',*,*,#5926,.T.);
#7685=ORIENTED_EDGE('',*,*,#5929,.T.);
#7686=ORIENTED_EDGE('',*,*,#5930,.T.);
#7687=ORIENTED_EDGE('',*,*,#5931,.T.);
#7688=ORIENTED_EDGE('',*,*,#5932,.T.);
#7689=ORIENTED_EDGE('',*,*,#5933,.T.);
#7690=ORIENTED_EDGE('',*,*,#5934,.T.);
#7691=ORIENTED_EDGE('',*,*,#5932,.F.);
#7692=ORIENTED_EDGE('',*,*,#5935,.T.);
#7693=ORIENTED_EDGE('',*,*,#5936,.F.);
#7694=ORIENTED_EDGE('',*,*,#5937,.F.);
#7695=ORIENTED_EDGE('',*,*,#5938,.T.);
#7696=ORIENTED_EDGE('',*,*,#5936,.T.);
#7697=ORIENTED_EDGE('',*,*,#5939,.T.);
#7698=ORIENTED_EDGE('',*,*,#5940,.T.);
#7699=ORIENTED_EDGE('',*,*,#5941,.T.);
#7700=ORIENTED_EDGE('',*,*,#5942,.T.);
#7701=ORIENTED_EDGE('',*,*,#5943,.T.);
#7702=ORIENTED_EDGE('',*,*,#5944,.T.);
#7703=ORIENTED_EDGE('',*,*,#5942,.F.);
#7704=ORIENTED_EDGE('',*,*,#5945,.T.);
#7705=ORIENTED_EDGE('',*,*,#5946,.F.);
#7706=ORIENTED_EDGE('',*,*,#5947,.F.);
#7707=ORIENTED_EDGE('',*,*,#5948,.T.);
#7708=ORIENTED_EDGE('',*,*,#5946,.T.);
#7709=ORIENTED_EDGE('',*,*,#5949,.T.);
#7710=ORIENTED_EDGE('',*,*,#5950,.T.);
#7711=ORIENTED_EDGE('',*,*,#5951,.T.);
#7712=ORIENTED_EDGE('',*,*,#5952,.T.);
#7713=ORIENTED_EDGE('',*,*,#5953,.T.);
#7714=ORIENTED_EDGE('',*,*,#5954,.T.);
#7715=ORIENTED_EDGE('',*,*,#5952,.F.);
#7716=ORIENTED_EDGE('',*,*,#5955,.T.);
#7717=ORIENTED_EDGE('',*,*,#5956,.F.);
#7718=ORIENTED_EDGE('',*,*,#5957,.F.);
#7719=ORIENTED_EDGE('',*,*,#5958,.T.);
#7720=ORIENTED_EDGE('',*,*,#5956,.T.);
#7721=ORIENTED_EDGE('',*,*,#5959,.T.);
#7722=ORIENTED_EDGE('',*,*,#5960,.T.);
#7723=ORIENTED_EDGE('',*,*,#5961,.T.);
#7724=ORIENTED_EDGE('',*,*,#5962,.T.);
#7725=ORIENTED_EDGE('',*,*,#5963,.T.);
#7726=ORIENTED_EDGE('',*,*,#5964,.T.);
#7727=ORIENTED_EDGE('',*,*,#5962,.F.);
#7728=ORIENTED_EDGE('',*,*,#5965,.T.);
#7729=ORIENTED_EDGE('',*,*,#5966,.F.);
#7730=ORIENTED_EDGE('',*,*,#5967,.F.);
#7731=ORIENTED_EDGE('',*,*,#5968,.T.);
#7732=ORIENTED_EDGE('',*,*,#5966,.T.);
#7733=ORIENTED_EDGE('',*,*,#5969,.T.);
#7734=ORIENTED_EDGE('',*,*,#5970,.T.);
#7735=ORIENTED_EDGE('',*,*,#5971,.T.);
#7736=ORIENTED_EDGE('',*,*,#5972,.T.);
#7737=ORIENTED_EDGE('',*,*,#5973,.T.);
#7738=ORIENTED_EDGE('',*,*,#5974,.T.);
#7739=ORIENTED_EDGE('',*,*,#5972,.F.);
#7740=ORIENTED_EDGE('',*,*,#5975,.T.);
#7741=ORIENTED_EDGE('',*,*,#5976,.F.);
#7742=ORIENTED_EDGE('',*,*,#5977,.F.);
#7743=ORIENTED_EDGE('',*,*,#5978,.T.);
#7744=ORIENTED_EDGE('',*,*,#5976,.T.);
#7745=ORIENTED_EDGE('',*,*,#5979,.T.);
#7746=ORIENTED_EDGE('',*,*,#5980,.T.);
#7747=ORIENTED_EDGE('',*,*,#5981,.T.);
#7748=ORIENTED_EDGE('',*,*,#5982,.T.);
#7749=ORIENTED_EDGE('',*,*,#5983,.T.);
#7750=ORIENTED_EDGE('',*,*,#5984,.T.);
#7751=ORIENTED_EDGE('',*,*,#5982,.F.);
#7752=ORIENTED_EDGE('',*,*,#5985,.T.);
#7753=ORIENTED_EDGE('',*,*,#5986,.F.);
#7754=ORIENTED_EDGE('',*,*,#5987,.F.);
#7755=ORIENTED_EDGE('',*,*,#5988,.T.);
#7756=ORIENTED_EDGE('',*,*,#5986,.T.);
#7757=ORIENTED_EDGE('',*,*,#5989,.T.);
#7758=ORIENTED_EDGE('',*,*,#5990,.T.);
#7759=ORIENTED_EDGE('',*,*,#5991,.T.);
#7760=ORIENTED_EDGE('',*,*,#5992,.T.);
#7761=ORIENTED_EDGE('',*,*,#5993,.T.);
#7762=ORIENTED_EDGE('',*,*,#5994,.T.);
#7763=ORIENTED_EDGE('',*,*,#5992,.F.);
#7764=ORIENTED_EDGE('',*,*,#5995,.T.);
#7765=ORIENTED_EDGE('',*,*,#5996,.F.);
#7766=ORIENTED_EDGE('',*,*,#5997,.F.);
#7767=ORIENTED_EDGE('',*,*,#5998,.T.);
#7768=ORIENTED_EDGE('',*,*,#5996,.T.);
#7769=ORIENTED_EDGE('',*,*,#5999,.T.);
#7770=ORIENTED_EDGE('',*,*,#6000,.T.);
#7771=ORIENTED_EDGE('',*,*,#6001,.T.);
#7772=ORIENTED_EDGE('',*,*,#6002,.T.);
#7773=ORIENTED_EDGE('',*,*,#6003,.T.);
#7774=ORIENTED_EDGE('',*,*,#6004,.T.);
#7775=ORIENTED_EDGE('',*,*,#6002,.F.);
#7776=ORIENTED_EDGE('',*,*,#6005,.T.);
#7777=ORIENTED_EDGE('',*,*,#6006,.F.);
#7778=ORIENTED_EDGE('',*,*,#6007,.F.);
#7779=ORIENTED_EDGE('',*,*,#6008,.T.);
#7780=ORIENTED_EDGE('',*,*,#6006,.T.);
#7781=ORIENTED_EDGE('',*,*,#6009,.T.);
#7782=ORIENTED_EDGE('',*,*,#6010,.T.);
#7783=ORIENTED_EDGE('',*,*,#6011,.T.);
#7784=ORIENTED_EDGE('',*,*,#6012,.T.);
#7785=ORIENTED_EDGE('',*,*,#6013,.T.);
#7786=ORIENTED_EDGE('',*,*,#6014,.T.);
#7787=ORIENTED_EDGE('',*,*,#6012,.F.);
#7788=ORIENTED_EDGE('',*,*,#6015,.T.);
#7789=ORIENTED_EDGE('',*,*,#6016,.F.);
#7790=ORIENTED_EDGE('',*,*,#6017,.F.);
#7791=ORIENTED_EDGE('',*,*,#6018,.T.);
#7792=ORIENTED_EDGE('',*,*,#6019,.T.);
#7793=ORIENTED_EDGE('',*,*,#6020,.T.);
#7794=ORIENTED_EDGE('',*,*,#6016,.T.);
#7795=ORIENTED_EDGE('',*,*,#6019,.F.);
#7796=ORIENTED_EDGE('',*,*,#6021,.T.);
#7797=ORIENTED_EDGE('',*,*,#6022,.F.);
#7798=ORIENTED_EDGE('',*,*,#6023,.F.);
#7799=ORIENTED_EDGE('',*,*,#6024,.T.);
#7800=ORIENTED_EDGE('',*,*,#6025,.T.);
#7801=ORIENTED_EDGE('',*,*,#6026,.T.);
#7802=ORIENTED_EDGE('',*,*,#6022,.T.);
#7803=ORIENTED_EDGE('',*,*,#6025,.F.);
#7804=ORIENTED_EDGE('',*,*,#6027,.T.);
#7805=ORIENTED_EDGE('',*,*,#6028,.F.);
#7806=ORIENTED_EDGE('',*,*,#6029,.F.);
#7807=ORIENTED_EDGE('',*,*,#6030,.T.);
#7808=ORIENTED_EDGE('',*,*,#6028,.T.);
#7809=ORIENTED_EDGE('',*,*,#6031,.T.);
#7810=ORIENTED_EDGE('',*,*,#6032,.T.);
#7811=ORIENTED_EDGE('',*,*,#5760,.F.);
#7812=ORIENTED_EDGE('',*,*,#6033,.T.);
#7813=ORIENTED_EDGE('',*,*,#5764,.F.);
#7814=ORIENTED_EDGE('',*,*,#6034,.F.);
#7815=ORIENTED_EDGE('',*,*,#5774,.F.);
#7816=ORIENTED_EDGE('',*,*,#6035,.F.);
#7817=ORIENTED_EDGE('',*,*,#5790,.F.);
#7818=ORIENTED_EDGE('',*,*,#6036,.T.);
#7819=ORIENTED_EDGE('',*,*,#5745,.F.);
#7820=ORIENTED_EDGE('',*,*,#5748,.F.);
#7821=ORIENTED_EDGE('',*,*,#5750,.F.);
#7822=ORIENTED_EDGE('',*,*,#5742,.T.);
#7823=ORIENTED_EDGE('',*,*,#6035,.T.);
#7824=ORIENTED_EDGE('',*,*,#5773,.F.);
#7825=ORIENTED_EDGE('',*,*,#5777,.T.);
#7826=ORIENTED_EDGE('',*,*,#5778,.F.);
#7827=ORIENTED_EDGE('',*,*,#6037,.T.);
#7828=ORIENTED_EDGE('',*,*,#5783,.F.);
#7829=ORIENTED_EDGE('',*,*,#5787,.T.);
#7830=ORIENTED_EDGE('',*,*,#5788,.F.);
#7831=ORIENTED_EDGE('',*,*,#6038,.T.);
#7832=ORIENTED_EDGE('',*,*,#5793,.F.);
#7833=ORIENTED_EDGE('',*,*,#5797,.T.);
#7834=ORIENTED_EDGE('',*,*,#5798,.F.);
#7835=ORIENTED_EDGE('',*,*,#6039,.T.);
#7836=ORIENTED_EDGE('',*,*,#5803,.F.);
#7837=ORIENTED_EDGE('',*,*,#5807,.T.);
#7838=ORIENTED_EDGE('',*,*,#5808,.F.);
#7839=ORIENTED_EDGE('',*,*,#6040,.T.);
#7840=ORIENTED_EDGE('',*,*,#5813,.F.);
#7841=ORIENTED_EDGE('',*,*,#5817,.T.);
#7842=ORIENTED_EDGE('',*,*,#5818,.F.);
#7843=ORIENTED_EDGE('',*,*,#6041,.T.);
#7844=ORIENTED_EDGE('',*,*,#5823,.F.);
#7845=ORIENTED_EDGE('',*,*,#5827,.T.);
#7846=ORIENTED_EDGE('',*,*,#5828,.F.);
#7847=ORIENTED_EDGE('',*,*,#6042,.T.);
#7848=ORIENTED_EDGE('',*,*,#5833,.F.);
#7849=ORIENTED_EDGE('',*,*,#5837,.T.);
#7850=ORIENTED_EDGE('',*,*,#5838,.F.);
#7851=ORIENTED_EDGE('',*,*,#6043,.T.);
#7852=ORIENTED_EDGE('',*,*,#5843,.F.);
#7853=ORIENTED_EDGE('',*,*,#5847,.T.);
#7854=ORIENTED_EDGE('',*,*,#5848,.F.);
#7855=ORIENTED_EDGE('',*,*,#6044,.T.);
#7856=ORIENTED_EDGE('',*,*,#5853,.F.);
#7857=ORIENTED_EDGE('',*,*,#5857,.T.);
#7858=ORIENTED_EDGE('',*,*,#5858,.F.);
#7859=ORIENTED_EDGE('',*,*,#6045,.T.);
#7860=ORIENTED_EDGE('',*,*,#5863,.F.);
#7861=ORIENTED_EDGE('',*,*,#5867,.T.);
#7862=ORIENTED_EDGE('',*,*,#5868,.F.);
#7863=ORIENTED_EDGE('',*,*,#6046,.T.);
#7864=ORIENTED_EDGE('',*,*,#5873,.F.);
#7865=ORIENTED_EDGE('',*,*,#5877,.T.);
#7866=ORIENTED_EDGE('',*,*,#5878,.F.);
#7867=ORIENTED_EDGE('',*,*,#6047,.T.);
#7868=ORIENTED_EDGE('',*,*,#5883,.F.);
#7869=ORIENTED_EDGE('',*,*,#5887,.T.);
#7870=ORIENTED_EDGE('',*,*,#5888,.F.);
#7871=ORIENTED_EDGE('',*,*,#6048,.T.);
#7872=ORIENTED_EDGE('',*,*,#5893,.F.);
#7873=ORIENTED_EDGE('',*,*,#5897,.T.);
#7874=ORIENTED_EDGE('',*,*,#5898,.F.);
#7875=ORIENTED_EDGE('',*,*,#6049,.T.);
#7876=ORIENTED_EDGE('',*,*,#5903,.F.);
#7877=ORIENTED_EDGE('',*,*,#5907,.T.);
#7878=ORIENTED_EDGE('',*,*,#5908,.F.);
#7879=ORIENTED_EDGE('',*,*,#6050,.T.);
#7880=ORIENTED_EDGE('',*,*,#5913,.F.);
#7881=ORIENTED_EDGE('',*,*,#5917,.T.);
#7882=ORIENTED_EDGE('',*,*,#5918,.F.);
#7883=ORIENTED_EDGE('',*,*,#6051,.T.);
#7884=ORIENTED_EDGE('',*,*,#5923,.F.);
#7885=ORIENTED_EDGE('',*,*,#5927,.T.);
#7886=ORIENTED_EDGE('',*,*,#5928,.F.);
#7887=ORIENTED_EDGE('',*,*,#6052,.T.);
#7888=ORIENTED_EDGE('',*,*,#5933,.F.);
#7889=ORIENTED_EDGE('',*,*,#5937,.T.);
#7890=ORIENTED_EDGE('',*,*,#5938,.F.);
#7891=ORIENTED_EDGE('',*,*,#6053,.T.);
#7892=ORIENTED_EDGE('',*,*,#5943,.F.);
#7893=ORIENTED_EDGE('',*,*,#5947,.T.);
#7894=ORIENTED_EDGE('',*,*,#5948,.F.);
#7895=ORIENTED_EDGE('',*,*,#6054,.T.);
#7896=ORIENTED_EDGE('',*,*,#5953,.F.);
#7897=ORIENTED_EDGE('',*,*,#5957,.T.);
#7898=ORIENTED_EDGE('',*,*,#5958,.F.);
#7899=ORIENTED_EDGE('',*,*,#6055,.T.);
#7900=ORIENTED_EDGE('',*,*,#5963,.F.);
#7901=ORIENTED_EDGE('',*,*,#5967,.T.);
#7902=ORIENTED_EDGE('',*,*,#5968,.F.);
#7903=ORIENTED_EDGE('',*,*,#6056,.T.);
#7904=ORIENTED_EDGE('',*,*,#5973,.F.);
#7905=ORIENTED_EDGE('',*,*,#5977,.T.);
#7906=ORIENTED_EDGE('',*,*,#5978,.F.);
#7907=ORIENTED_EDGE('',*,*,#6057,.T.);
#7908=ORIENTED_EDGE('',*,*,#5983,.F.);
#7909=ORIENTED_EDGE('',*,*,#5987,.T.);
#7910=ORIENTED_EDGE('',*,*,#5988,.F.);
#7911=ORIENTED_EDGE('',*,*,#6058,.T.);
#7912=ORIENTED_EDGE('',*,*,#5993,.F.);
#7913=ORIENTED_EDGE('',*,*,#5997,.T.);
#7914=ORIENTED_EDGE('',*,*,#5998,.F.);
#7915=ORIENTED_EDGE('',*,*,#6059,.T.);
#7916=ORIENTED_EDGE('',*,*,#6003,.F.);
#7917=ORIENTED_EDGE('',*,*,#6007,.T.);
#7918=ORIENTED_EDGE('',*,*,#6008,.F.);
#7919=ORIENTED_EDGE('',*,*,#6060,.T.);
#7920=ORIENTED_EDGE('',*,*,#6013,.F.);
#7921=ORIENTED_EDGE('',*,*,#6017,.T.);
#7922=ORIENTED_EDGE('',*,*,#6020,.F.);
#7923=ORIENTED_EDGE('',*,*,#6023,.T.);
#7924=ORIENTED_EDGE('',*,*,#6026,.F.);
#7925=ORIENTED_EDGE('',*,*,#6029,.T.);
#7926=ORIENTED_EDGE('',*,*,#6030,.F.);
#7927=ORIENTED_EDGE('',*,*,#6061,.T.);
#7928=ORIENTED_EDGE('',*,*,#5753,.F.);
#7929=ORIENTED_EDGE('',*,*,#5757,.T.);
#7930=ORIENTED_EDGE('',*,*,#5758,.F.);
#7931=ORIENTED_EDGE('',*,*,#6034,.T.);
#7932=ORIENTED_EDGE('',*,*,#5763,.F.);
#7933=ORIENTED_EDGE('',*,*,#5767,.T.);
#7934=ORIENTED_EDGE('',*,*,#5768,.F.);
#7935=ORIENTED_EDGE('',*,*,#6062,.T.);
#7936=ORIENTED_EDGE('',*,*,#6063,.F.);
#7937=ORIENTED_EDGE('',*,*,#6064,.T.);
#7938=ORIENTED_EDGE('',*,*,#6065,.F.);
#7939=ORIENTED_EDGE('',*,*,#6066,.T.);
#7940=ORIENTED_EDGE('',*,*,#6067,.F.);
#7941=ORIENTED_EDGE('',*,*,#6068,.T.);
#7942=ORIENTED_EDGE('',*,*,#6069,.F.);
#7943=ORIENTED_EDGE('',*,*,#6070,.T.);
#7944=ORIENTED_EDGE('',*,*,#6071,.F.);
#7945=ORIENTED_EDGE('',*,*,#6072,.T.);
#7946=ORIENTED_EDGE('',*,*,#6073,.F.);
#7947=ORIENTED_EDGE('',*,*,#6074,.T.);
#7948=ORIENTED_EDGE('',*,*,#6075,.F.);
#7949=ORIENTED_EDGE('',*,*,#6076,.T.);
#7950=ORIENTED_EDGE('',*,*,#6077,.F.);
#7951=ORIENTED_EDGE('',*,*,#6078,.T.);
#7952=ORIENTED_EDGE('',*,*,#6079,.F.);
#7953=ORIENTED_EDGE('',*,*,#6080,.T.);
#7954=ORIENTED_EDGE('',*,*,#6081,.F.);
#7955=ORIENTED_EDGE('',*,*,#6082,.T.);
#7956=ORIENTED_EDGE('',*,*,#6083,.F.);
#7957=ORIENTED_EDGE('',*,*,#6084,.T.);
#7958=ORIENTED_EDGE('',*,*,#6085,.F.);
#7959=ORIENTED_EDGE('',*,*,#6086,.T.);
#7960=ORIENTED_EDGE('',*,*,#6087,.F.);
#7961=ORIENTED_EDGE('',*,*,#6088,.T.);
#7962=ORIENTED_EDGE('',*,*,#6089,.F.);
#7963=ORIENTED_EDGE('',*,*,#6090,.T.);
#7964=ORIENTED_EDGE('',*,*,#6091,.F.);
#7965=ORIENTED_EDGE('',*,*,#6092,.T.);
#7966=ORIENTED_EDGE('',*,*,#6093,.F.);
#7967=ORIENTED_EDGE('',*,*,#6094,.T.);
#7968=ORIENTED_EDGE('',*,*,#6095,.F.);
#7969=ORIENTED_EDGE('',*,*,#6096,.T.);
#7970=ORIENTED_EDGE('',*,*,#6097,.F.);
#7971=ORIENTED_EDGE('',*,*,#6098,.T.);
#7972=ORIENTED_EDGE('',*,*,#6099,.F.);
#7973=ORIENTED_EDGE('',*,*,#6100,.T.);
#7974=ORIENTED_EDGE('',*,*,#6101,.F.);
#7975=ORIENTED_EDGE('',*,*,#6102,.T.);
#7976=ORIENTED_EDGE('',*,*,#6103,.F.);
#7977=ORIENTED_EDGE('',*,*,#6104,.T.);
#7978=ORIENTED_EDGE('',*,*,#6105,.F.);
#7979=ORIENTED_EDGE('',*,*,#6106,.T.);
#7980=ORIENTED_EDGE('',*,*,#6107,.F.);
#7981=ORIENTED_EDGE('',*,*,#6108,.T.);
#7982=ORIENTED_EDGE('',*,*,#6109,.F.);
#7983=ORIENTED_EDGE('',*,*,#6110,.T.);
#7984=ORIENTED_EDGE('',*,*,#6111,.F.);
#7985=ORIENTED_EDGE('',*,*,#6112,.T.);
#7986=ORIENTED_EDGE('',*,*,#6113,.F.);
#7987=ORIENTED_EDGE('',*,*,#6114,.T.);
#7988=ORIENTED_EDGE('',*,*,#6115,.F.);
#7989=ORIENTED_EDGE('',*,*,#6116,.T.);
#7990=ORIENTED_EDGE('',*,*,#6117,.F.);
#7991=ORIENTED_EDGE('',*,*,#6118,.T.);
#7992=ORIENTED_EDGE('',*,*,#6119,.F.);
#7993=ORIENTED_EDGE('',*,*,#6120,.T.);
#7994=ORIENTED_EDGE('',*,*,#6121,.F.);
#7995=ORIENTED_EDGE('',*,*,#6122,.T.);
#7996=ORIENTED_EDGE('',*,*,#6123,.F.);
#7997=ORIENTED_EDGE('',*,*,#6124,.T.);
#7998=ORIENTED_EDGE('',*,*,#6125,.F.);
#7999=ORIENTED_EDGE('',*,*,#6126,.T.);
#8000=ORIENTED_EDGE('',*,*,#6127,.F.);
#8001=ORIENTED_EDGE('',*,*,#6128,.T.);
#8002=ORIENTED_EDGE('',*,*,#6129,.F.);
#8003=ORIENTED_EDGE('',*,*,#6130,.T.);
#8004=ORIENTED_EDGE('',*,*,#6131,.F.);
#8005=ORIENTED_EDGE('',*,*,#6132,.T.);
#8006=ORIENTED_EDGE('',*,*,#6133,.F.);
#8007=ORIENTED_EDGE('',*,*,#6134,.T.);
#8008=ORIENTED_EDGE('',*,*,#6135,.F.);
#8009=ORIENTED_EDGE('',*,*,#6136,.T.);
#8010=ORIENTED_EDGE('',*,*,#6137,.F.);
#8011=ORIENTED_EDGE('',*,*,#6138,.T.);
#8012=ORIENTED_EDGE('',*,*,#6139,.F.);
#8013=ORIENTED_EDGE('',*,*,#6140,.T.);
#8014=ORIENTED_EDGE('',*,*,#6141,.F.);
#8015=ORIENTED_EDGE('',*,*,#6142,.T.);
#8016=ORIENTED_EDGE('',*,*,#6143,.F.);
#8017=ORIENTED_EDGE('',*,*,#6144,.T.);
#8018=ORIENTED_EDGE('',*,*,#6145,.F.);
#8019=ORIENTED_EDGE('',*,*,#6146,.T.);
#8020=ORIENTED_EDGE('',*,*,#6147,.F.);
#8021=ORIENTED_EDGE('',*,*,#6148,.T.);
#8022=ORIENTED_EDGE('',*,*,#6149,.F.);
#8023=ORIENTED_EDGE('',*,*,#6150,.T.);
#8024=ORIENTED_EDGE('',*,*,#6151,.F.);
#8025=ORIENTED_EDGE('',*,*,#6152,.T.);
#8026=ORIENTED_EDGE('',*,*,#6153,.F.);
#8027=ORIENTED_EDGE('',*,*,#6154,.T.);
#8028=ORIENTED_EDGE('',*,*,#6155,.F.);
#8029=ORIENTED_EDGE('',*,*,#6156,.T.);
#8030=ORIENTED_EDGE('',*,*,#6157,.F.);
#8031=ORIENTED_EDGE('',*,*,#6158,.T.);
#8032=ORIENTED_EDGE('',*,*,#6159,.F.);
#8033=ORIENTED_EDGE('',*,*,#6160,.T.);
#8034=ORIENTED_EDGE('',*,*,#6161,.F.);
#8035=ORIENTED_EDGE('',*,*,#6162,.T.);
#8036=ORIENTED_EDGE('',*,*,#6163,.F.);
#8037=ORIENTED_EDGE('',*,*,#6164,.T.);
#8038=ORIENTED_EDGE('',*,*,#6165,.F.);
#8039=ORIENTED_EDGE('',*,*,#6166,.T.);
#8040=ORIENTED_EDGE('',*,*,#6167,.T.);
#8041=ORIENTED_EDGE('',*,*,#6168,.T.);
#8042=ORIENTED_EDGE('',*,*,#6169,.T.);
#8043=ORIENTED_EDGE('',*,*,#6170,.T.);
#8044=ORIENTED_EDGE('',*,*,#6171,.T.);
#8045=ORIENTED_EDGE('',*,*,#6172,.T.);
#8046=ORIENTED_EDGE('',*,*,#6173,.T.);
#8047=ORIENTED_EDGE('',*,*,#6174,.T.);
#8048=ORIENTED_EDGE('',*,*,#6175,.F.);
#8049=ORIENTED_EDGE('',*,*,#6176,.T.);
#8050=ORIENTED_EDGE('',*,*,#6177,.F.);
#8051=ORIENTED_EDGE('',*,*,#6178,.T.);
#8052=ORIENTED_EDGE('',*,*,#6179,.F.);
#8053=ORIENTED_EDGE('',*,*,#6180,.T.);
#8054=ORIENTED_EDGE('',*,*,#6181,.F.);
#8055=ORIENTED_EDGE('',*,*,#6182,.T.);
#8056=ORIENTED_EDGE('',*,*,#6183,.F.);
#8057=ORIENTED_EDGE('',*,*,#6184,.T.);
#8058=ORIENTED_EDGE('',*,*,#6185,.F.);
#8059=ORIENTED_EDGE('',*,*,#6186,.T.);
#8060=ORIENTED_EDGE('',*,*,#6187,.F.);
#8061=ORIENTED_EDGE('',*,*,#6188,.T.);
#8062=ORIENTED_EDGE('',*,*,#6189,.F.);
#8063=ORIENTED_EDGE('',*,*,#6190,.T.);
#8064=ORIENTED_EDGE('',*,*,#6191,.F.);
#8065=ORIENTED_EDGE('',*,*,#6192,.T.);
#8066=ORIENTED_EDGE('',*,*,#6193,.F.);
#8067=ORIENTED_EDGE('',*,*,#6194,.T.);
#8068=ORIENTED_EDGE('',*,*,#6195,.F.);
#8069=ORIENTED_EDGE('',*,*,#6196,.T.);
#8070=ORIENTED_EDGE('',*,*,#6197,.F.);
#8071=ORIENTED_EDGE('',*,*,#6198,.T.);
#8072=ORIENTED_EDGE('',*,*,#6199,.F.);
#8073=ORIENTED_EDGE('',*,*,#6200,.T.);
#8074=ORIENTED_EDGE('',*,*,#6201,.F.);
#8075=ORIENTED_EDGE('',*,*,#6202,.T.);
#8076=ORIENTED_EDGE('',*,*,#6203,.F.);
#8077=ORIENTED_EDGE('',*,*,#6204,.T.);
#8078=ORIENTED_EDGE('',*,*,#6205,.F.);
#8079=ORIENTED_EDGE('',*,*,#6206,.T.);
#8080=ORIENTED_EDGE('',*,*,#6207,.F.);
#8081=ORIENTED_EDGE('',*,*,#6208,.T.);
#8082=ORIENTED_EDGE('',*,*,#6209,.F.);
#8083=ORIENTED_EDGE('',*,*,#6210,.T.);
#8084=ORIENTED_EDGE('',*,*,#6211,.F.);
#8085=ORIENTED_EDGE('',*,*,#6212,.T.);
#8086=ORIENTED_EDGE('',*,*,#6213,.F.);
#8087=ORIENTED_EDGE('',*,*,#6214,.T.);
#8088=ORIENTED_EDGE('',*,*,#6215,.F.);
#8089=ORIENTED_EDGE('',*,*,#6216,.T.);
#8090=ORIENTED_EDGE('',*,*,#6217,.F.);
#8091=ORIENTED_EDGE('',*,*,#6218,.T.);
#8092=ORIENTED_EDGE('',*,*,#6219,.F.);
#8093=ORIENTED_EDGE('',*,*,#6220,.T.);
#8094=ORIENTED_EDGE('',*,*,#6221,.F.);
#8095=ORIENTED_EDGE('',*,*,#6222,.T.);
#8096=ORIENTED_EDGE('',*,*,#6223,.F.);
#8097=ORIENTED_EDGE('',*,*,#6224,.T.);
#8098=ORIENTED_EDGE('',*,*,#6225,.F.);
#8099=ORIENTED_EDGE('',*,*,#6226,.T.);
#8100=ORIENTED_EDGE('',*,*,#6227,.F.);
#8101=ORIENTED_EDGE('',*,*,#6228,.T.);
#8102=ORIENTED_EDGE('',*,*,#6229,.F.);
#8103=ORIENTED_EDGE('',*,*,#6230,.T.);
#8104=ORIENTED_EDGE('',*,*,#6231,.F.);
#8105=ORIENTED_EDGE('',*,*,#6232,.T.);
#8106=ORIENTED_EDGE('',*,*,#6233,.F.);
#8107=ORIENTED_EDGE('',*,*,#6234,.T.);
#8108=ORIENTED_EDGE('',*,*,#6235,.F.);
#8109=ORIENTED_EDGE('',*,*,#6236,.T.);
#8110=ORIENTED_EDGE('',*,*,#6237,.F.);
#8111=ORIENTED_EDGE('',*,*,#6238,.T.);
#8112=ORIENTED_EDGE('',*,*,#6239,.F.);
#8113=ORIENTED_EDGE('',*,*,#6240,.T.);
#8114=ORIENTED_EDGE('',*,*,#6241,.F.);
#8115=ORIENTED_EDGE('',*,*,#6242,.T.);
#8116=ORIENTED_EDGE('',*,*,#6243,.F.);
#8117=ORIENTED_EDGE('',*,*,#6244,.T.);
#8118=ORIENTED_EDGE('',*,*,#6245,.F.);
#8119=ORIENTED_EDGE('',*,*,#6246,.T.);
#8120=ORIENTED_EDGE('',*,*,#6247,.F.);
#8121=ORIENTED_EDGE('',*,*,#6248,.T.);
#8122=ORIENTED_EDGE('',*,*,#6249,.F.);
#8123=ORIENTED_EDGE('',*,*,#6250,.T.);
#8124=ORIENTED_EDGE('',*,*,#6251,.F.);
#8125=ORIENTED_EDGE('',*,*,#6252,.T.);
#8126=ORIENTED_EDGE('',*,*,#6253,.F.);
#8127=ORIENTED_EDGE('',*,*,#6254,.T.);
#8128=ORIENTED_EDGE('',*,*,#6255,.F.);
#8129=ORIENTED_EDGE('',*,*,#6256,.T.);
#8130=ORIENTED_EDGE('',*,*,#6257,.F.);
#8131=ORIENTED_EDGE('',*,*,#6258,.T.);
#8132=ORIENTED_EDGE('',*,*,#6259,.F.);
#8133=ORIENTED_EDGE('',*,*,#6260,.T.);
#8134=ORIENTED_EDGE('',*,*,#6261,.F.);
#8135=ORIENTED_EDGE('',*,*,#6262,.T.);
#8136=ORIENTED_EDGE('',*,*,#6263,.F.);
#8137=ORIENTED_EDGE('',*,*,#6264,.T.);
#8138=ORIENTED_EDGE('',*,*,#6265,.F.);
#8139=ORIENTED_EDGE('',*,*,#6266,.T.);
#8140=ORIENTED_EDGE('',*,*,#6267,.F.);
#8141=ORIENTED_EDGE('',*,*,#6268,.T.);
#8142=ORIENTED_EDGE('',*,*,#6269,.F.);
#8143=ORIENTED_EDGE('',*,*,#6270,.T.);
#8144=ORIENTED_EDGE('',*,*,#6271,.T.);
#8145=ORIENTED_EDGE('',*,*,#6272,.T.);
#8146=ORIENTED_EDGE('',*,*,#6273,.T.);
#8147=ORIENTED_EDGE('',*,*,#6274,.T.);
#8148=ORIENTED_EDGE('',*,*,#6275,.T.);
#8149=ORIENTED_EDGE('',*,*,#6276,.T.);
#8150=ORIENTED_EDGE('',*,*,#6277,.T.);
#8151=ORIENTED_EDGE('',*,*,#6278,.T.);
#8152=ORIENTED_EDGE('',*,*,#6279,.T.);
#8153=ORIENTED_EDGE('',*,*,#6280,.T.);
#8154=ORIENTED_EDGE('',*,*,#6281,.T.);
#8155=ORIENTED_EDGE('',*,*,#6282,.T.);
#8156=ORIENTED_EDGE('',*,*,#6283,.T.);
#8157=ORIENTED_EDGE('',*,*,#6284,.T.);
#8158=ORIENTED_EDGE('',*,*,#6285,.T.);
#8159=ORIENTED_EDGE('',*,*,#6286,.T.);
#8160=ORIENTED_EDGE('',*,*,#6287,.T.);
#8161=ORIENTED_EDGE('',*,*,#6288,.T.);
#8162=ORIENTED_EDGE('',*,*,#6289,.T.);
#8163=ORIENTED_EDGE('',*,*,#6290,.T.);
#8164=ORIENTED_EDGE('',*,*,#6291,.T.);
#8165=ORIENTED_EDGE('',*,*,#6292,.T.);
#8166=ORIENTED_EDGE('',*,*,#6293,.T.);
#8167=ORIENTED_EDGE('',*,*,#6294,.T.);
#8168=ORIENTED_EDGE('',*,*,#6295,.F.);
#8169=ORIENTED_EDGE('',*,*,#6296,.T.);
#8170=ORIENTED_EDGE('',*,*,#6297,.F.);
#8171=ORIENTED_EDGE('',*,*,#6298,.T.);
#8172=ORIENTED_EDGE('',*,*,#6299,.F.);
#8173=ORIENTED_EDGE('',*,*,#6300,.T.);
#8174=ORIENTED_EDGE('',*,*,#6301,.F.);
#8175=ORIENTED_EDGE('',*,*,#6302,.T.);
#8176=ORIENTED_EDGE('',*,*,#6303,.F.);
#8177=ORIENTED_EDGE('',*,*,#6304,.T.);
#8178=ORIENTED_EDGE('',*,*,#6305,.F.);
#8179=ORIENTED_EDGE('',*,*,#6306,.T.);
#8180=ORIENTED_EDGE('',*,*,#6307,.F.);
#8181=ORIENTED_EDGE('',*,*,#6308,.T.);
#8182=ORIENTED_EDGE('',*,*,#6309,.F.);
#8183=ORIENTED_EDGE('',*,*,#6310,.T.);
#8184=ORIENTED_EDGE('',*,*,#6311,.F.);
#8185=ORIENTED_EDGE('',*,*,#6312,.T.);
#8186=ORIENTED_EDGE('',*,*,#6313,.F.);
#8187=ORIENTED_EDGE('',*,*,#6314,.T.);
#8188=ORIENTED_EDGE('',*,*,#6315,.F.);
#8189=ORIENTED_EDGE('',*,*,#6316,.T.);
#8190=ORIENTED_EDGE('',*,*,#6317,.F.);
#8191=ORIENTED_EDGE('',*,*,#6318,.T.);
#8192=ORIENTED_EDGE('',*,*,#6319,.F.);
#8193=ORIENTED_EDGE('',*,*,#6320,.T.);
#8194=ORIENTED_EDGE('',*,*,#6321,.F.);
#8195=ORIENTED_EDGE('',*,*,#6322,.T.);
#8196=ORIENTED_EDGE('',*,*,#6323,.F.);
#8197=ORIENTED_EDGE('',*,*,#6324,.T.);
#8198=ORIENTED_EDGE('',*,*,#6325,.F.);
#8199=ORIENTED_EDGE('',*,*,#6326,.T.);
#8200=ORIENTED_EDGE('',*,*,#6327,.F.);
#8201=ORIENTED_EDGE('',*,*,#6328,.T.);
#8202=ORIENTED_EDGE('',*,*,#6329,.F.);
#8203=ORIENTED_EDGE('',*,*,#6330,.T.);
#8204=ORIENTED_EDGE('',*,*,#6331,.F.);
#8205=ORIENTED_EDGE('',*,*,#6332,.T.);
#8206=ORIENTED_EDGE('',*,*,#6333,.F.);
#8207=ORIENTED_EDGE('',*,*,#6334,.T.);
#8208=ORIENTED_EDGE('',*,*,#6335,.F.);
#8209=ORIENTED_EDGE('',*,*,#6336,.T.);
#8210=ORIENTED_EDGE('',*,*,#6337,.F.);
#8211=ORIENTED_EDGE('',*,*,#6338,.T.);
#8212=ORIENTED_EDGE('',*,*,#6339,.F.);
#8213=ORIENTED_EDGE('',*,*,#6340,.T.);
#8214=ORIENTED_EDGE('',*,*,#6341,.F.);
#8215=ORIENTED_EDGE('',*,*,#6342,.T.);
#8216=ORIENTED_EDGE('',*,*,#6343,.F.);
#8217=ORIENTED_EDGE('',*,*,#6344,.T.);
#8218=ORIENTED_EDGE('',*,*,#6345,.F.);
#8219=ORIENTED_EDGE('',*,*,#6346,.T.);
#8220=ORIENTED_EDGE('',*,*,#6347,.F.);
#8221=ORIENTED_EDGE('',*,*,#6348,.T.);
#8222=ORIENTED_EDGE('',*,*,#6349,.F.);
#8223=ORIENTED_EDGE('',*,*,#6350,.T.);
#8224=ORIENTED_EDGE('',*,*,#6351,.T.);
#8225=ORIENTED_EDGE('',*,*,#6352,.T.);
#8226=ORIENTED_EDGE('',*,*,#6353,.T.);
#8227=ORIENTED_EDGE('',*,*,#6354,.T.);
#8228=ORIENTED_EDGE('',*,*,#6355,.T.);
#8229=ORIENTED_EDGE('',*,*,#6356,.T.);
#8230=ORIENTED_EDGE('',*,*,#6357,.T.);
#8231=ORIENTED_EDGE('',*,*,#6358,.T.);
#8232=ORIENTED_EDGE('',*,*,#6359,.T.);
#8233=ORIENTED_EDGE('',*,*,#6360,.T.);
#8234=ORIENTED_EDGE('',*,*,#6361,.T.);
#8235=ORIENTED_EDGE('',*,*,#6362,.T.);
#8236=ORIENTED_EDGE('',*,*,#6363,.T.);
#8237=ORIENTED_EDGE('',*,*,#6364,.T.);
#8238=ORIENTED_EDGE('',*,*,#6365,.T.);
#8239=ORIENTED_EDGE('',*,*,#6366,.T.);
#8240=ORIENTED_EDGE('',*,*,#6367,.F.);
#8241=ORIENTED_EDGE('',*,*,#6368,.T.);
#8242=ORIENTED_EDGE('',*,*,#6369,.F.);
#8243=ORIENTED_EDGE('',*,*,#6370,.T.);
#8244=ORIENTED_EDGE('',*,*,#6371,.F.);
#8245=ORIENTED_EDGE('',*,*,#6372,.T.);
#8246=ORIENTED_EDGE('',*,*,#6373,.F.);
#8247=ORIENTED_EDGE('',*,*,#6374,.T.);
#8248=ORIENTED_EDGE('',*,*,#6375,.T.);
#8249=ORIENTED_EDGE('',*,*,#6376,.T.);
#8250=ORIENTED_EDGE('',*,*,#6377,.T.);
#8251=ORIENTED_EDGE('',*,*,#6378,.T.);
#8252=ORIENTED_EDGE('',*,*,#6379,.T.);
#8253=ORIENTED_EDGE('',*,*,#6380,.T.);
#8254=ORIENTED_EDGE('',*,*,#6381,.T.);
#8255=ORIENTED_EDGE('',*,*,#6382,.T.);
#8256=ORIENTED_EDGE('',*,*,#6383,.T.);
#8257=ORIENTED_EDGE('',*,*,#6384,.T.);
#8258=ORIENTED_EDGE('',*,*,#6385,.T.);
#8259=ORIENTED_EDGE('',*,*,#6386,.T.);
#8260=ORIENTED_EDGE('',*,*,#6387,.T.);
#8261=ORIENTED_EDGE('',*,*,#6388,.T.);
#8262=ORIENTED_EDGE('',*,*,#6389,.T.);
#8263=ORIENTED_EDGE('',*,*,#6390,.T.);
#8264=ORIENTED_EDGE('',*,*,#6391,.F.);
#8265=ORIENTED_EDGE('',*,*,#6392,.T.);
#8266=ORIENTED_EDGE('',*,*,#6393,.F.);
#8267=ORIENTED_EDGE('',*,*,#6394,.T.);
#8268=ORIENTED_EDGE('',*,*,#6395,.F.);
#8269=ORIENTED_EDGE('',*,*,#6396,.T.);
#8270=ORIENTED_EDGE('',*,*,#6397,.F.);
#8271=ORIENTED_EDGE('',*,*,#6398,.T.);
#8272=ORIENTED_EDGE('',*,*,#6399,.F.);
#8273=ORIENTED_EDGE('',*,*,#6400,.T.);
#8274=ORIENTED_EDGE('',*,*,#6401,.F.);
#8275=ORIENTED_EDGE('',*,*,#6402,.T.);
#8276=ORIENTED_EDGE('',*,*,#6403,.F.);
#8277=ORIENTED_EDGE('',*,*,#6404,.T.);
#8278=ORIENTED_EDGE('',*,*,#6405,.F.);
#8279=ORIENTED_EDGE('',*,*,#6406,.T.);
#8280=ORIENTED_EDGE('',*,*,#6407,.F.);
#8281=ORIENTED_EDGE('',*,*,#6408,.T.);
#8282=ORIENTED_EDGE('',*,*,#6409,.F.);
#8283=ORIENTED_EDGE('',*,*,#6410,.T.);
#8284=ORIENTED_EDGE('',*,*,#6411,.F.);
#8285=ORIENTED_EDGE('',*,*,#6412,.T.);
#8286=ORIENTED_EDGE('',*,*,#6413,.F.);
#8287=ORIENTED_EDGE('',*,*,#6414,.T.);
#8288=ORIENTED_EDGE('',*,*,#6415,.F.);
#8289=ORIENTED_EDGE('',*,*,#6416,.T.);
#8290=ORIENTED_EDGE('',*,*,#6417,.F.);
#8291=ORIENTED_EDGE('',*,*,#6418,.T.);
#8292=ORIENTED_EDGE('',*,*,#6419,.F.);
#8293=ORIENTED_EDGE('',*,*,#6420,.T.);
#8294=ORIENTED_EDGE('',*,*,#6421,.F.);
#8295=ORIENTED_EDGE('',*,*,#6422,.T.);
#8296=ORIENTED_EDGE('',*,*,#6423,.F.);
#8297=ORIENTED_EDGE('',*,*,#6424,.T.);
#8298=ORIENTED_EDGE('',*,*,#6425,.F.);
#8299=ORIENTED_EDGE('',*,*,#6426,.T.);
#8300=ORIENTED_EDGE('',*,*,#6427,.F.);
#8301=ORIENTED_EDGE('',*,*,#6428,.T.);
#8302=ORIENTED_EDGE('',*,*,#6429,.F.);
#8303=ORIENTED_EDGE('',*,*,#6430,.T.);
#8304=ORIENTED_EDGE('',*,*,#6431,.F.);
#8305=ORIENTED_EDGE('',*,*,#6432,.T.);
#8306=ORIENTED_EDGE('',*,*,#6433,.F.);
#8307=ORIENTED_EDGE('',*,*,#6434,.T.);
#8308=ORIENTED_EDGE('',*,*,#6435,.F.);
#8309=ORIENTED_EDGE('',*,*,#6436,.T.);
#8310=ORIENTED_EDGE('',*,*,#6437,.F.);
#8311=ORIENTED_EDGE('',*,*,#6438,.T.);
#8312=ORIENTED_EDGE('',*,*,#6439,.F.);
#8313=ORIENTED_EDGE('',*,*,#6440,.T.);
#8314=ORIENTED_EDGE('',*,*,#6441,.F.);
#8315=ORIENTED_EDGE('',*,*,#6442,.T.);
#8316=ORIENTED_EDGE('',*,*,#6443,.F.);
#8317=ORIENTED_EDGE('',*,*,#6444,.T.);
#8318=ORIENTED_EDGE('',*,*,#6445,.F.);
#8319=ORIENTED_EDGE('',*,*,#6446,.T.);
#8320=ORIENTED_EDGE('',*,*,#6447,.F.);
#8321=ORIENTED_EDGE('',*,*,#6448,.T.);
#8322=ORIENTED_EDGE('',*,*,#6449,.F.);
#8323=ORIENTED_EDGE('',*,*,#6450,.T.);
#8324=ORIENTED_EDGE('',*,*,#6451,.F.);
#8325=ORIENTED_EDGE('',*,*,#6452,.T.);
#8326=ORIENTED_EDGE('',*,*,#6453,.F.);
#8327=ORIENTED_EDGE('',*,*,#6454,.T.);
#8328=ORIENTED_EDGE('',*,*,#6455,.F.);
#8329=ORIENTED_EDGE('',*,*,#6456,.T.);
#8330=ORIENTED_EDGE('',*,*,#6457,.F.);
#8331=ORIENTED_EDGE('',*,*,#6458,.T.);
#8332=ORIENTED_EDGE('',*,*,#6459,.F.);
#8333=ORIENTED_EDGE('',*,*,#6460,.T.);
#8334=ORIENTED_EDGE('',*,*,#6461,.F.);
#8335=ORIENTED_EDGE('',*,*,#6462,.T.);
#8336=ORIENTED_EDGE('',*,*,#6463,.F.);
#8337=ORIENTED_EDGE('',*,*,#6464,.T.);
#8338=ORIENTED_EDGE('',*,*,#6465,.F.);
#8339=ORIENTED_EDGE('',*,*,#6466,.T.);
#8340=ORIENTED_EDGE('',*,*,#6467,.F.);
#8341=ORIENTED_EDGE('',*,*,#6468,.T.);
#8342=ORIENTED_EDGE('',*,*,#6469,.F.);
#8343=ORIENTED_EDGE('',*,*,#6470,.T.);
#8344=ORIENTED_EDGE('',*,*,#6471,.F.);
#8345=ORIENTED_EDGE('',*,*,#6472,.T.);
#8346=ORIENTED_EDGE('',*,*,#6473,.F.);
#8347=ORIENTED_EDGE('',*,*,#6474,.T.);
#8348=ORIENTED_EDGE('',*,*,#6475,.F.);
#8349=ORIENTED_EDGE('',*,*,#6476,.T.);
#8350=ORIENTED_EDGE('',*,*,#6477,.F.);
#8351=ORIENTED_EDGE('',*,*,#6478,.T.);
#8352=ORIENTED_EDGE('',*,*,#6479,.F.);
#8353=ORIENTED_EDGE('',*,*,#6480,.T.);
#8354=ORIENTED_EDGE('',*,*,#6481,.F.);
#8355=ORIENTED_EDGE('',*,*,#6482,.T.);
#8356=ORIENTED_EDGE('',*,*,#6483,.F.);
#8357=ORIENTED_EDGE('',*,*,#6484,.T.);
#8358=ORIENTED_EDGE('',*,*,#6485,.F.);
#8359=ORIENTED_EDGE('',*,*,#6486,.T.);
#8360=ORIENTED_EDGE('',*,*,#6487,.F.);
#8361=ORIENTED_EDGE('',*,*,#6488,.T.);
#8362=ORIENTED_EDGE('',*,*,#6489,.F.);
#8363=ORIENTED_EDGE('',*,*,#6490,.T.);
#8364=ORIENTED_EDGE('',*,*,#6491,.F.);
#8365=ORIENTED_EDGE('',*,*,#6492,.T.);
#8366=ORIENTED_EDGE('',*,*,#6493,.F.);
#8367=ORIENTED_EDGE('',*,*,#6494,.T.);
#8368=ORIENTED_EDGE('',*,*,#6495,.F.);
#8369=ORIENTED_EDGE('',*,*,#6496,.T.);
#8370=ORIENTED_EDGE('',*,*,#6497,.F.);
#8371=ORIENTED_EDGE('',*,*,#6498,.T.);
#8372=ORIENTED_EDGE('',*,*,#6499,.F.);
#8373=ORIENTED_EDGE('',*,*,#6500,.T.);
#8374=ORIENTED_EDGE('',*,*,#6501,.F.);
#8375=ORIENTED_EDGE('',*,*,#6502,.T.);
#8376=ORIENTED_EDGE('',*,*,#6503,.T.);
#8377=ORIENTED_EDGE('',*,*,#6504,.T.);
#8378=ORIENTED_EDGE('',*,*,#6505,.T.);
#8379=ORIENTED_EDGE('',*,*,#6506,.T.);
#8380=ORIENTED_EDGE('',*,*,#6507,.T.);
#8381=ORIENTED_EDGE('',*,*,#6508,.T.);
#8382=ORIENTED_EDGE('',*,*,#6509,.T.);
#8383=ORIENTED_EDGE('',*,*,#6510,.T.);
#8384=ORIENTED_EDGE('',*,*,#6511,.T.);
#8385=ORIENTED_EDGE('',*,*,#6512,.T.);
#8386=ORIENTED_EDGE('',*,*,#6513,.T.);
#8387=ORIENTED_EDGE('',*,*,#6514,.T.);
#8388=ORIENTED_EDGE('',*,*,#6515,.T.);
#8389=ORIENTED_EDGE('',*,*,#6516,.T.);
#8390=ORIENTED_EDGE('',*,*,#6517,.T.);
#8391=ORIENTED_EDGE('',*,*,#5780,.F.);
#8392=ORIENTED_EDGE('',*,*,#6518,.T.);
#8393=ORIENTED_EDGE('',*,*,#5784,.F.);
#8394=ORIENTED_EDGE('',*,*,#6037,.F.);
#8395=ORIENTED_EDGE('',*,*,#5800,.F.);
#8396=ORIENTED_EDGE('',*,*,#6519,.T.);
#8397=ORIENTED_EDGE('',*,*,#5804,.F.);
#8398=ORIENTED_EDGE('',*,*,#6039,.F.);
#8399=ORIENTED_EDGE('',*,*,#5820,.F.);
#8400=ORIENTED_EDGE('',*,*,#6520,.T.);
#8401=ORIENTED_EDGE('',*,*,#5824,.F.);
#8402=ORIENTED_EDGE('',*,*,#6041,.F.);
#8403=ORIENTED_EDGE('',*,*,#5840,.F.);
#8404=ORIENTED_EDGE('',*,*,#6521,.T.);
#8405=ORIENTED_EDGE('',*,*,#5844,.F.);
#8406=ORIENTED_EDGE('',*,*,#6043,.F.);
#8407=ORIENTED_EDGE('',*,*,#5860,.F.);
#8408=ORIENTED_EDGE('',*,*,#6522,.T.);
#8409=ORIENTED_EDGE('',*,*,#5864,.F.);
#8410=ORIENTED_EDGE('',*,*,#6045,.F.);
#8411=ORIENTED_EDGE('',*,*,#5880,.F.);
#8412=ORIENTED_EDGE('',*,*,#6523,.T.);
#8413=ORIENTED_EDGE('',*,*,#5884,.F.);
#8414=ORIENTED_EDGE('',*,*,#6047,.F.);
#8415=ORIENTED_EDGE('',*,*,#5900,.F.);
#8416=ORIENTED_EDGE('',*,*,#6524,.T.);
#8417=ORIENTED_EDGE('',*,*,#5904,.F.);
#8418=ORIENTED_EDGE('',*,*,#6049,.F.);
#8419=ORIENTED_EDGE('',*,*,#5920,.F.);
#8420=ORIENTED_EDGE('',*,*,#6525,.T.);
#8421=ORIENTED_EDGE('',*,*,#5924,.F.);
#8422=ORIENTED_EDGE('',*,*,#6051,.F.);
#8423=ORIENTED_EDGE('',*,*,#5940,.F.);
#8424=ORIENTED_EDGE('',*,*,#6526,.T.);
#8425=ORIENTED_EDGE('',*,*,#5944,.F.);
#8426=ORIENTED_EDGE('',*,*,#6053,.F.);
#8427=ORIENTED_EDGE('',*,*,#5960,.F.);
#8428=ORIENTED_EDGE('',*,*,#6527,.T.);
#8429=ORIENTED_EDGE('',*,*,#5964,.F.);
#8430=ORIENTED_EDGE('',*,*,#6055,.F.);
#8431=ORIENTED_EDGE('',*,*,#5980,.F.);
#8432=ORIENTED_EDGE('',*,*,#6528,.T.);
#8433=ORIENTED_EDGE('',*,*,#5984,.F.);
#8434=ORIENTED_EDGE('',*,*,#6057,.F.);
#8435=ORIENTED_EDGE('',*,*,#6000,.F.);
#8436=ORIENTED_EDGE('',*,*,#6529,.T.);
#8437=ORIENTED_EDGE('',*,*,#6004,.F.);
#8438=ORIENTED_EDGE('',*,*,#6059,.F.);
#8439=ORIENTED_EDGE('',*,*,#5754,.F.);
#8440=ORIENTED_EDGE('',*,*,#6061,.F.);
#8441=ORIENTED_EDGE('',*,*,#5770,.F.);
#8442=ORIENTED_EDGE('',*,*,#6530,.T.);
#8443=ORIENTED_EDGE('',*,*,#5794,.F.);
#8444=ORIENTED_EDGE('',*,*,#6038,.F.);
#8445=ORIENTED_EDGE('',*,*,#5810,.F.);
#8446=ORIENTED_EDGE('',*,*,#6531,.T.);
#8447=ORIENTED_EDGE('',*,*,#5814,.F.);
#8448=ORIENTED_EDGE('',*,*,#6040,.F.);
#8449=ORIENTED_EDGE('',*,*,#5830,.F.);
#8450=ORIENTED_EDGE('',*,*,#6532,.T.);
#8451=ORIENTED_EDGE('',*,*,#5834,.F.);
#8452=ORIENTED_EDGE('',*,*,#6042,.F.);
#8453=ORIENTED_EDGE('',*,*,#5850,.F.);
#8454=ORIENTED_EDGE('',*,*,#6533,.T.);
#8455=ORIENTED_EDGE('',*,*,#5854,.F.);
#8456=ORIENTED_EDGE('',*,*,#6044,.F.);
#8457=ORIENTED_EDGE('',*,*,#5870,.F.);
#8458=ORIENTED_EDGE('',*,*,#6534,.T.);
#8459=ORIENTED_EDGE('',*,*,#5874,.F.);
#8460=ORIENTED_EDGE('',*,*,#6046,.F.);
#8461=ORIENTED_EDGE('',*,*,#5890,.F.);
#8462=ORIENTED_EDGE('',*,*,#6535,.T.);
#8463=ORIENTED_EDGE('',*,*,#5894,.F.);
#8464=ORIENTED_EDGE('',*,*,#6048,.F.);
#8465=ORIENTED_EDGE('',*,*,#5910,.F.);
#8466=ORIENTED_EDGE('',*,*,#6536,.T.);
#8467=ORIENTED_EDGE('',*,*,#5914,.F.);
#8468=ORIENTED_EDGE('',*,*,#6050,.F.);
#8469=ORIENTED_EDGE('',*,*,#5930,.F.);
#8470=ORIENTED_EDGE('',*,*,#6537,.T.);
#8471=ORIENTED_EDGE('',*,*,#5934,.F.);
#8472=ORIENTED_EDGE('',*,*,#6052,.F.);
#8473=ORIENTED_EDGE('',*,*,#5950,.F.);
#8474=ORIENTED_EDGE('',*,*,#6538,.T.);
#8475=ORIENTED_EDGE('',*,*,#5954,.F.);
#8476=ORIENTED_EDGE('',*,*,#6054,.F.);
#8477=ORIENTED_EDGE('',*,*,#5970,.F.);
#8478=ORIENTED_EDGE('',*,*,#6539,.T.);
#8479=ORIENTED_EDGE('',*,*,#5974,.F.);
#8480=ORIENTED_EDGE('',*,*,#6056,.F.);
#8481=ORIENTED_EDGE('',*,*,#5990,.F.);
#8482=ORIENTED_EDGE('',*,*,#6540,.T.);
#8483=ORIENTED_EDGE('',*,*,#5994,.F.);
#8484=ORIENTED_EDGE('',*,*,#6058,.F.);
#8485=ORIENTED_EDGE('',*,*,#6010,.F.);
#8486=ORIENTED_EDGE('',*,*,#6541,.T.);
#8487=ORIENTED_EDGE('',*,*,#6014,.F.);
#8488=ORIENTED_EDGE('',*,*,#6060,.F.);
#8489=ORIENTED_EDGE('',*,*,#6032,.F.);
#8490=ORIENTED_EDGE('',*,*,#6542,.T.);
#8491=ORIENTED_EDGE('',*,*,#5749,.F.);
#8492=ORIENTED_EDGE('',*,*,#5746,.T.);
#8493=ORIENTED_EDGE('',*,*,#5743,.T.);
#8494=ORIENTED_EDGE('',*,*,#5740,.T.);
#8495=ORIENTED_EDGE('',*,*,#6011,.F.);
#8496=ORIENTED_EDGE('',*,*,#6542,.F.);
#8497=ORIENTED_EDGE('',*,*,#6031,.F.);
#8498=ORIENTED_EDGE('',*,*,#6027,.F.);
#8499=ORIENTED_EDGE('',*,*,#6024,.F.);
#8500=ORIENTED_EDGE('',*,*,#6021,.F.);
#8501=ORIENTED_EDGE('',*,*,#6018,.F.);
#8502=ORIENTED_EDGE('',*,*,#6015,.F.);
#8503=ORIENTED_EDGE('',*,*,#6541,.F.);
#8504=ORIENTED_EDGE('',*,*,#6009,.F.);
#8505=ORIENTED_EDGE('',*,*,#6005,.F.);
#8506=ORIENTED_EDGE('',*,*,#6001,.F.);
#8507=ORIENTED_EDGE('',*,*,#6529,.F.);
#8508=ORIENTED_EDGE('',*,*,#5999,.F.);
#8509=ORIENTED_EDGE('',*,*,#5995,.F.);
#8510=ORIENTED_EDGE('',*,*,#5991,.F.);
#8511=ORIENTED_EDGE('',*,*,#6540,.F.);
#8512=ORIENTED_EDGE('',*,*,#5989,.F.);
#8513=ORIENTED_EDGE('',*,*,#5985,.F.);
#8514=ORIENTED_EDGE('',*,*,#5981,.F.);
#8515=ORIENTED_EDGE('',*,*,#6528,.F.);
#8516=ORIENTED_EDGE('',*,*,#5979,.F.);
#8517=ORIENTED_EDGE('',*,*,#5975,.F.);
#8518=ORIENTED_EDGE('',*,*,#5971,.F.);
#8519=ORIENTED_EDGE('',*,*,#6539,.F.);
#8520=ORIENTED_EDGE('',*,*,#5969,.F.);
#8521=ORIENTED_EDGE('',*,*,#5965,.F.);
#8522=ORIENTED_EDGE('',*,*,#5961,.F.);
#8523=ORIENTED_EDGE('',*,*,#6527,.F.);
#8524=ORIENTED_EDGE('',*,*,#5959,.F.);
#8525=ORIENTED_EDGE('',*,*,#5955,.F.);
#8526=ORIENTED_EDGE('',*,*,#5951,.F.);
#8527=ORIENTED_EDGE('',*,*,#6538,.F.);
#8528=ORIENTED_EDGE('',*,*,#5949,.F.);
#8529=ORIENTED_EDGE('',*,*,#5945,.F.);
#8530=ORIENTED_EDGE('',*,*,#5941,.F.);
#8531=ORIENTED_EDGE('',*,*,#6526,.F.);
#8532=ORIENTED_EDGE('',*,*,#5939,.F.);
#8533=ORIENTED_EDGE('',*,*,#5935,.F.);
#8534=ORIENTED_EDGE('',*,*,#5931,.F.);
#8535=ORIENTED_EDGE('',*,*,#6537,.F.);
#8536=ORIENTED_EDGE('',*,*,#5929,.F.);
#8537=ORIENTED_EDGE('',*,*,#5925,.F.);
#8538=ORIENTED_EDGE('',*,*,#5921,.F.);
#8539=ORIENTED_EDGE('',*,*,#6525,.F.);
#8540=ORIENTED_EDGE('',*,*,#5919,.F.);
#8541=ORIENTED_EDGE('',*,*,#5915,.F.);
#8542=ORIENTED_EDGE('',*,*,#5911,.F.);
#8543=ORIENTED_EDGE('',*,*,#6536,.F.);
#8544=ORIENTED_EDGE('',*,*,#5909,.F.);
#8545=ORIENTED_EDGE('',*,*,#5905,.F.);
#8546=ORIENTED_EDGE('',*,*,#5901,.F.);
#8547=ORIENTED_EDGE('',*,*,#6524,.F.);
#8548=ORIENTED_EDGE('',*,*,#5899,.F.);
#8549=ORIENTED_EDGE('',*,*,#5895,.F.);
#8550=ORIENTED_EDGE('',*,*,#5891,.F.);
#8551=ORIENTED_EDGE('',*,*,#6535,.F.);
#8552=ORIENTED_EDGE('',*,*,#5889,.F.);
#8553=ORIENTED_EDGE('',*,*,#5885,.F.);
#8554=ORIENTED_EDGE('',*,*,#5881,.F.);
#8555=ORIENTED_EDGE('',*,*,#6523,.F.);
#8556=ORIENTED_EDGE('',*,*,#5879,.F.);
#8557=ORIENTED_EDGE('',*,*,#5875,.F.);
#8558=ORIENTED_EDGE('',*,*,#5871,.F.);
#8559=ORIENTED_EDGE('',*,*,#6534,.F.);
#8560=ORIENTED_EDGE('',*,*,#5869,.F.);
#8561=ORIENTED_EDGE('',*,*,#5865,.F.);
#8562=ORIENTED_EDGE('',*,*,#5861,.F.);
#8563=ORIENTED_EDGE('',*,*,#6522,.F.);
#8564=ORIENTED_EDGE('',*,*,#5859,.F.);
#8565=ORIENTED_EDGE('',*,*,#5855,.F.);
#8566=ORIENTED_EDGE('',*,*,#5851,.F.);
#8567=ORIENTED_EDGE('',*,*,#6533,.F.);
#8568=ORIENTED_EDGE('',*,*,#5849,.F.);
#8569=ORIENTED_EDGE('',*,*,#5845,.F.);
#8570=ORIENTED_EDGE('',*,*,#5841,.F.);
#8571=ORIENTED_EDGE('',*,*,#6521,.F.);
#8572=ORIENTED_EDGE('',*,*,#5839,.F.);
#8573=ORIENTED_EDGE('',*,*,#5835,.F.);
#8574=ORIENTED_EDGE('',*,*,#5831,.F.);
#8575=ORIENTED_EDGE('',*,*,#6532,.F.);
#8576=ORIENTED_EDGE('',*,*,#5829,.F.);
#8577=ORIENTED_EDGE('',*,*,#5825,.F.);
#8578=ORIENTED_EDGE('',*,*,#5821,.F.);
#8579=ORIENTED_EDGE('',*,*,#6520,.F.);
#8580=ORIENTED_EDGE('',*,*,#5819,.F.);
#8581=ORIENTED_EDGE('',*,*,#5815,.F.);
#8582=ORIENTED_EDGE('',*,*,#5811,.F.);
#8583=ORIENTED_EDGE('',*,*,#6531,.F.);
#8584=ORIENTED_EDGE('',*,*,#5809,.F.);
#8585=ORIENTED_EDGE('',*,*,#5805,.F.);
#8586=ORIENTED_EDGE('',*,*,#5801,.F.);
#8587=ORIENTED_EDGE('',*,*,#6519,.F.);
#8588=ORIENTED_EDGE('',*,*,#5799,.F.);
#8589=ORIENTED_EDGE('',*,*,#5795,.F.);
#8590=ORIENTED_EDGE('',*,*,#5791,.F.);
#8591=ORIENTED_EDGE('',*,*,#6036,.F.);
#8592=ORIENTED_EDGE('',*,*,#5789,.F.);
#8593=ORIENTED_EDGE('',*,*,#5785,.F.);
#8594=ORIENTED_EDGE('',*,*,#5781,.F.);
#8595=ORIENTED_EDGE('',*,*,#6518,.F.);
#8596=ORIENTED_EDGE('',*,*,#5779,.F.);
#8597=ORIENTED_EDGE('',*,*,#5775,.F.);
#8598=ORIENTED_EDGE('',*,*,#5771,.F.);
#8599=ORIENTED_EDGE('',*,*,#6530,.F.);
#8600=ORIENTED_EDGE('',*,*,#5769,.F.);
#8601=ORIENTED_EDGE('',*,*,#5765,.F.);
#8602=ORIENTED_EDGE('',*,*,#5761,.F.);
#8603=ORIENTED_EDGE('',*,*,#6033,.F.);
#8604=ORIENTED_EDGE('',*,*,#5759,.F.);
#8605=ORIENTED_EDGE('',*,*,#5755,.F.);
#8606=ORIENTED_EDGE('',*,*,#5751,.F.);
#8607=ORIENTED_EDGE('',*,*,#6543,.F.);
#8608=ORIENTED_EDGE('',*,*,#6544,.F.);
#8609=ORIENTED_EDGE('',*,*,#6545,.F.);
#8610=ORIENTED_EDGE('',*,*,#6546,.F.);
#8611=ORIENTED_EDGE('',*,*,#6547,.F.);
#8612=ORIENTED_EDGE('',*,*,#6548,.F.);
#8613=ORIENTED_EDGE('',*,*,#6549,.F.);
#8614=ORIENTED_EDGE('',*,*,#6550,.F.);
#8615=ORIENTED_EDGE('',*,*,#6551,.F.);
#8616=ORIENTED_EDGE('',*,*,#6552,.F.);
#8617=ORIENTED_EDGE('',*,*,#6553,.F.);
#8618=ORIENTED_EDGE('',*,*,#6554,.F.);
#8619=ORIENTED_EDGE('',*,*,#6555,.F.);
#8620=ORIENTED_EDGE('',*,*,#6556,.F.);
#8621=ORIENTED_EDGE('',*,*,#6557,.F.);
#8622=ORIENTED_EDGE('',*,*,#6558,.F.);
#8623=ORIENTED_EDGE('',*,*,#6559,.F.);
#8624=ORIENTED_EDGE('',*,*,#6560,.F.);
#8625=ORIENTED_EDGE('',*,*,#6561,.F.);
#8626=ORIENTED_EDGE('',*,*,#6562,.F.);
#8627=ORIENTED_EDGE('',*,*,#6563,.F.);
#8628=ORIENTED_EDGE('',*,*,#6564,.F.);
#8629=ORIENTED_EDGE('',*,*,#6565,.F.);
#8630=ORIENTED_EDGE('',*,*,#6566,.F.);
#8631=ORIENTED_EDGE('',*,*,#6567,.F.);
#8632=ORIENTED_EDGE('',*,*,#6568,.F.);
#8633=ORIENTED_EDGE('',*,*,#6569,.F.);
#8634=ORIENTED_EDGE('',*,*,#6570,.F.);
#8635=ORIENTED_EDGE('',*,*,#6571,.F.);
#8636=ORIENTED_EDGE('',*,*,#6572,.F.);
#8637=ORIENTED_EDGE('',*,*,#6573,.F.);
#8638=ORIENTED_EDGE('',*,*,#6574,.F.);
#8639=ORIENTED_EDGE('',*,*,#6575,.F.);
#8640=ORIENTED_EDGE('',*,*,#6576,.F.);
#8641=ORIENTED_EDGE('',*,*,#6577,.F.);
#8642=ORIENTED_EDGE('',*,*,#6578,.F.);
#8643=ORIENTED_EDGE('',*,*,#6579,.F.);
#8644=ORIENTED_EDGE('',*,*,#6580,.F.);
#8645=ORIENTED_EDGE('',*,*,#6581,.F.);
#8646=ORIENTED_EDGE('',*,*,#6582,.F.);
#8647=ORIENTED_EDGE('',*,*,#6583,.F.);
#8648=ORIENTED_EDGE('',*,*,#6584,.F.);
#8649=ORIENTED_EDGE('',*,*,#6585,.F.);
#8650=ORIENTED_EDGE('',*,*,#6586,.F.);
#8651=ORIENTED_EDGE('',*,*,#6587,.F.);
#8652=ORIENTED_EDGE('',*,*,#6588,.F.);
#8653=ORIENTED_EDGE('',*,*,#6589,.F.);
#8654=ORIENTED_EDGE('',*,*,#6590,.F.);
#8655=ORIENTED_EDGE('',*,*,#6591,.F.);
#8656=ORIENTED_EDGE('',*,*,#6592,.F.);
#8657=ORIENTED_EDGE('',*,*,#6593,.F.);
#8658=ORIENTED_EDGE('',*,*,#6594,.F.);
#8659=ORIENTED_EDGE('',*,*,#6595,.F.);
#8660=ORIENTED_EDGE('',*,*,#6596,.F.);
#8661=ORIENTED_EDGE('',*,*,#6597,.F.);
#8662=ORIENTED_EDGE('',*,*,#6598,.F.);
#8663=ORIENTED_EDGE('',*,*,#6599,.F.);
#8664=ORIENTED_EDGE('',*,*,#6600,.F.);
#8665=ORIENTED_EDGE('',*,*,#6601,.F.);
#8666=ORIENTED_EDGE('',*,*,#6602,.F.);
#8667=ORIENTED_EDGE('',*,*,#6603,.F.);
#8668=ORIENTED_EDGE('',*,*,#6604,.F.);
#8669=ORIENTED_EDGE('',*,*,#6605,.F.);
#8670=ORIENTED_EDGE('',*,*,#6606,.F.);
#8671=ORIENTED_EDGE('',*,*,#6607,.F.);
#8672=ORIENTED_EDGE('',*,*,#6608,.F.);
#8673=ORIENTED_EDGE('',*,*,#6609,.F.);
#8674=ORIENTED_EDGE('',*,*,#6610,.F.);
#8675=ORIENTED_EDGE('',*,*,#6611,.F.);
#8676=ORIENTED_EDGE('',*,*,#6612,.F.);
#8677=ORIENTED_EDGE('',*,*,#6613,.F.);
#8678=ORIENTED_EDGE('',*,*,#6614,.F.);
#8679=ORIENTED_EDGE('',*,*,#6615,.F.);
#8680=ORIENTED_EDGE('',*,*,#6616,.F.);
#8681=ORIENTED_EDGE('',*,*,#6617,.F.);
#8682=ORIENTED_EDGE('',*,*,#6618,.F.);
#8683=ORIENTED_EDGE('',*,*,#6619,.F.);
#8684=ORIENTED_EDGE('',*,*,#6620,.F.);
#8685=ORIENTED_EDGE('',*,*,#6621,.F.);
#8686=ORIENTED_EDGE('',*,*,#6622,.F.);
#8687=ORIENTED_EDGE('',*,*,#6623,.F.);
#8688=ORIENTED_EDGE('',*,*,#6624,.F.);
#8689=ORIENTED_EDGE('',*,*,#6625,.F.);
#8690=ORIENTED_EDGE('',*,*,#6626,.F.);
#8691=ORIENTED_EDGE('',*,*,#6627,.F.);
#8692=ORIENTED_EDGE('',*,*,#6628,.F.);
#8693=ORIENTED_EDGE('',*,*,#6629,.F.);
#8694=ORIENTED_EDGE('',*,*,#6630,.F.);
#8695=ORIENTED_EDGE('',*,*,#6631,.F.);
#8696=ORIENTED_EDGE('',*,*,#6632,.F.);
#8697=ORIENTED_EDGE('',*,*,#6633,.F.);
#8698=ORIENTED_EDGE('',*,*,#6634,.F.);
#8699=ORIENTED_EDGE('',*,*,#6635,.F.);
#8700=ORIENTED_EDGE('',*,*,#6636,.F.);
#8701=ORIENTED_EDGE('',*,*,#6637,.F.);
#8702=ORIENTED_EDGE('',*,*,#6638,.F.);
#8703=ORIENTED_EDGE('',*,*,#6639,.F.);
#8704=ORIENTED_EDGE('',*,*,#6640,.F.);
#8705=ORIENTED_EDGE('',*,*,#6641,.F.);
#8706=ORIENTED_EDGE('',*,*,#6642,.F.);
#8707=ORIENTED_EDGE('',*,*,#6643,.F.);
#8708=ORIENTED_EDGE('',*,*,#6644,.F.);
#8709=ORIENTED_EDGE('',*,*,#6645,.F.);
#8710=ORIENTED_EDGE('',*,*,#6646,.F.);
#8711=ORIENTED_EDGE('',*,*,#6647,.F.);
#8712=ORIENTED_EDGE('',*,*,#6648,.F.);
#8713=ORIENTED_EDGE('',*,*,#6649,.F.);
#8714=ORIENTED_EDGE('',*,*,#6650,.F.);
#8715=ORIENTED_EDGE('',*,*,#6651,.F.);
#8716=ORIENTED_EDGE('',*,*,#6652,.F.);
#8717=ORIENTED_EDGE('',*,*,#6653,.F.);
#8718=ORIENTED_EDGE('',*,*,#6654,.F.);
#8719=ORIENTED_EDGE('',*,*,#6655,.F.);
#8720=ORIENTED_EDGE('',*,*,#6656,.F.);
#8721=ORIENTED_EDGE('',*,*,#6657,.F.);
#8722=ORIENTED_EDGE('',*,*,#6658,.F.);
#8723=ORIENTED_EDGE('',*,*,#6659,.F.);
#8724=ORIENTED_EDGE('',*,*,#6660,.F.);
#8725=ORIENTED_EDGE('',*,*,#6661,.F.);
#8726=ORIENTED_EDGE('',*,*,#6662,.F.);
#8727=ORIENTED_EDGE('',*,*,#6663,.F.);
#8728=ORIENTED_EDGE('',*,*,#6664,.F.);
#8729=ORIENTED_EDGE('',*,*,#6665,.F.);
#8730=ORIENTED_EDGE('',*,*,#6666,.F.);
#8731=ORIENTED_EDGE('',*,*,#6667,.F.);
#8732=ORIENTED_EDGE('',*,*,#6668,.F.);
#8733=ORIENTED_EDGE('',*,*,#6669,.F.);
#8734=ORIENTED_EDGE('',*,*,#6670,.F.);
#8735=ORIENTED_EDGE('',*,*,#6671,.F.);
#8736=ORIENTED_EDGE('',*,*,#6672,.F.);
#8737=ORIENTED_EDGE('',*,*,#6673,.F.);
#8738=ORIENTED_EDGE('',*,*,#6674,.F.);
#8739=ORIENTED_EDGE('',*,*,#6675,.F.);
#8740=ORIENTED_EDGE('',*,*,#6676,.F.);
#8741=ORIENTED_EDGE('',*,*,#6677,.F.);
#8742=ORIENTED_EDGE('',*,*,#6678,.F.);
#8743=ORIENTED_EDGE('',*,*,#6679,.F.);
#8744=ORIENTED_EDGE('',*,*,#6680,.F.);
#8745=ORIENTED_EDGE('',*,*,#6681,.F.);
#8746=ORIENTED_EDGE('',*,*,#6682,.F.);
#8747=ORIENTED_EDGE('',*,*,#6683,.F.);
#8748=ORIENTED_EDGE('',*,*,#6684,.F.);
#8749=ORIENTED_EDGE('',*,*,#6685,.F.);
#8750=ORIENTED_EDGE('',*,*,#6686,.F.);
#8751=ORIENTED_EDGE('',*,*,#6687,.F.);
#8752=ORIENTED_EDGE('',*,*,#6688,.F.);
#8753=ORIENTED_EDGE('',*,*,#6689,.F.);
#8754=ORIENTED_EDGE('',*,*,#6690,.F.);
#8755=ORIENTED_EDGE('',*,*,#6691,.F.);
#8756=ORIENTED_EDGE('',*,*,#6692,.F.);
#8757=ORIENTED_EDGE('',*,*,#6693,.F.);
#8758=ORIENTED_EDGE('',*,*,#6694,.F.);
#8759=ORIENTED_EDGE('',*,*,#6695,.F.);
#8760=ORIENTED_EDGE('',*,*,#6696,.F.);
#8761=ORIENTED_EDGE('',*,*,#6697,.F.);
#8762=ORIENTED_EDGE('',*,*,#6698,.F.);
#8763=ORIENTED_EDGE('',*,*,#6699,.F.);
#8764=ORIENTED_EDGE('',*,*,#6700,.F.);
#8765=ORIENTED_EDGE('',*,*,#6701,.F.);
#8766=ORIENTED_EDGE('',*,*,#6702,.F.);
#8767=ORIENTED_EDGE('',*,*,#6703,.F.);
#8768=ORIENTED_EDGE('',*,*,#6704,.F.);
#8769=ORIENTED_EDGE('',*,*,#6705,.F.);
#8770=ORIENTED_EDGE('',*,*,#6706,.F.);
#8771=ORIENTED_EDGE('',*,*,#6707,.F.);
#8772=ORIENTED_EDGE('',*,*,#6708,.F.);
#8773=ORIENTED_EDGE('',*,*,#6709,.F.);
#8774=ORIENTED_EDGE('',*,*,#6710,.F.);
#8775=ORIENTED_EDGE('',*,*,#6711,.F.);
#8776=ORIENTED_EDGE('',*,*,#6712,.F.);
#8777=ORIENTED_EDGE('',*,*,#6713,.F.);
#8778=ORIENTED_EDGE('',*,*,#6714,.F.);
#8779=ORIENTED_EDGE('',*,*,#6715,.F.);
#8780=ORIENTED_EDGE('',*,*,#6716,.F.);
#8781=ORIENTED_EDGE('',*,*,#6717,.F.);
#8782=ORIENTED_EDGE('',*,*,#6718,.F.);
#8783=ORIENTED_EDGE('',*,*,#6719,.F.);
#8784=ORIENTED_EDGE('',*,*,#6720,.F.);
#8785=ORIENTED_EDGE('',*,*,#6721,.F.);
#8786=ORIENTED_EDGE('',*,*,#6722,.F.);
#8787=ORIENTED_EDGE('',*,*,#6723,.F.);
#8788=ORIENTED_EDGE('',*,*,#6724,.F.);
#8789=ORIENTED_EDGE('',*,*,#6725,.F.);
#8790=ORIENTED_EDGE('',*,*,#6726,.F.);
#8791=ORIENTED_EDGE('',*,*,#6727,.F.);
#8792=ORIENTED_EDGE('',*,*,#6728,.F.);
#8793=ORIENTED_EDGE('',*,*,#6729,.F.);
#8794=ORIENTED_EDGE('',*,*,#6730,.F.);
#8795=ORIENTED_EDGE('',*,*,#6731,.F.);
#8796=ORIENTED_EDGE('',*,*,#6732,.F.);
#8797=ORIENTED_EDGE('',*,*,#6733,.F.);
#8798=ORIENTED_EDGE('',*,*,#6734,.F.);
#8799=ORIENTED_EDGE('',*,*,#6735,.F.);
#8800=ORIENTED_EDGE('',*,*,#6736,.F.);
#8801=ORIENTED_EDGE('',*,*,#6737,.F.);
#8802=ORIENTED_EDGE('',*,*,#6738,.F.);
#8803=ORIENTED_EDGE('',*,*,#6739,.F.);
#8804=ORIENTED_EDGE('',*,*,#6740,.F.);
#8805=ORIENTED_EDGE('',*,*,#6741,.F.);
#8806=ORIENTED_EDGE('',*,*,#6742,.F.);
#8807=ORIENTED_EDGE('',*,*,#6743,.F.);
#8808=ORIENTED_EDGE('',*,*,#6744,.F.);
#8809=ORIENTED_EDGE('',*,*,#6745,.F.);
#8810=ORIENTED_EDGE('',*,*,#6746,.F.);
#8811=ORIENTED_EDGE('',*,*,#6747,.F.);
#8812=ORIENTED_EDGE('',*,*,#6748,.F.);
#8813=ORIENTED_EDGE('',*,*,#6749,.F.);
#8814=ORIENTED_EDGE('',*,*,#6750,.F.);
#8815=ORIENTED_EDGE('',*,*,#6751,.F.);
#8816=ORIENTED_EDGE('',*,*,#6752,.F.);
#8817=ORIENTED_EDGE('',*,*,#6753,.F.);
#8818=ORIENTED_EDGE('',*,*,#6754,.F.);
#8819=ORIENTED_EDGE('',*,*,#6755,.F.);
#8820=ORIENTED_EDGE('',*,*,#6756,.F.);
#8821=ORIENTED_EDGE('',*,*,#6757,.F.);
#8822=ORIENTED_EDGE('',*,*,#6758,.F.);
#8823=ORIENTED_EDGE('',*,*,#6759,.F.);
#8824=ORIENTED_EDGE('',*,*,#6760,.F.);
#8825=ORIENTED_EDGE('',*,*,#6761,.F.);
#8826=ORIENTED_EDGE('',*,*,#6762,.F.);
#8827=ORIENTED_EDGE('',*,*,#6763,.F.);
#8828=ORIENTED_EDGE('',*,*,#6764,.F.);
#8829=ORIENTED_EDGE('',*,*,#6765,.F.);
#8830=ORIENTED_EDGE('',*,*,#6766,.F.);
#8831=ORIENTED_EDGE('',*,*,#6767,.F.);
#8832=ORIENTED_EDGE('',*,*,#6768,.F.);
#8833=ORIENTED_EDGE('',*,*,#6769,.F.);
#8834=ORIENTED_EDGE('',*,*,#6770,.F.);
#8835=ORIENTED_EDGE('',*,*,#6771,.F.);
#8836=ORIENTED_EDGE('',*,*,#6772,.F.);
#8837=ORIENTED_EDGE('',*,*,#6773,.F.);
#8838=ORIENTED_EDGE('',*,*,#6774,.F.);
#8839=ORIENTED_EDGE('',*,*,#6775,.F.);
#8840=ORIENTED_EDGE('',*,*,#6776,.F.);
#8841=ORIENTED_EDGE('',*,*,#6777,.F.);
#8842=ORIENTED_EDGE('',*,*,#6778,.F.);
#8843=ORIENTED_EDGE('',*,*,#6779,.F.);
#8844=ORIENTED_EDGE('',*,*,#6780,.F.);
#8845=ORIENTED_EDGE('',*,*,#6781,.F.);
#8846=ORIENTED_EDGE('',*,*,#6782,.F.);
#8847=ORIENTED_EDGE('',*,*,#6783,.F.);
#8848=ORIENTED_EDGE('',*,*,#6784,.F.);
#8849=ORIENTED_EDGE('',*,*,#6785,.F.);
#8850=ORIENTED_EDGE('',*,*,#6786,.F.);
#8851=ORIENTED_EDGE('',*,*,#6787,.F.);
#8852=ORIENTED_EDGE('',*,*,#6788,.F.);
#8853=ORIENTED_EDGE('',*,*,#6789,.F.);
#8854=ORIENTED_EDGE('',*,*,#6790,.F.);
#8855=ORIENTED_EDGE('',*,*,#6791,.F.);
#8856=ORIENTED_EDGE('',*,*,#6792,.F.);
#8857=ORIENTED_EDGE('',*,*,#6793,.F.);
#8858=ORIENTED_EDGE('',*,*,#6794,.F.);
#8859=ORIENTED_EDGE('',*,*,#6795,.F.);
#8860=ORIENTED_EDGE('',*,*,#6796,.F.);
#8861=ORIENTED_EDGE('',*,*,#6797,.F.);
#8862=ORIENTED_EDGE('',*,*,#6798,.F.);
#8863=ORIENTED_EDGE('',*,*,#6799,.F.);
#8864=ORIENTED_EDGE('',*,*,#6800,.F.);
#8865=ORIENTED_EDGE('',*,*,#6801,.F.);
#8866=ORIENTED_EDGE('',*,*,#6802,.F.);
#8867=ORIENTED_EDGE('',*,*,#6803,.F.);
#8868=ORIENTED_EDGE('',*,*,#6804,.F.);
#8869=ORIENTED_EDGE('',*,*,#6805,.F.);
#8870=ORIENTED_EDGE('',*,*,#6806,.F.);
#8871=ORIENTED_EDGE('',*,*,#6807,.F.);
#8872=ORIENTED_EDGE('',*,*,#6808,.F.);
#8873=ORIENTED_EDGE('',*,*,#6809,.F.);
#8874=ORIENTED_EDGE('',*,*,#6810,.F.);
#8875=ORIENTED_EDGE('',*,*,#6811,.F.);
#8876=ORIENTED_EDGE('',*,*,#6812,.F.);
#8877=ORIENTED_EDGE('',*,*,#6813,.F.);
#8878=ORIENTED_EDGE('',*,*,#6814,.F.);
#8879=ORIENTED_EDGE('',*,*,#6815,.F.);
#8880=ORIENTED_EDGE('',*,*,#6816,.F.);
#8881=ORIENTED_EDGE('',*,*,#6817,.F.);
#8882=ORIENTED_EDGE('',*,*,#6818,.F.);
#8883=ORIENTED_EDGE('',*,*,#6819,.F.);
#8884=ORIENTED_EDGE('',*,*,#6820,.F.);
#8885=ORIENTED_EDGE('',*,*,#6821,.F.);
#8886=ORIENTED_EDGE('',*,*,#6822,.F.);
#8887=ORIENTED_EDGE('',*,*,#6823,.F.);
#8888=ORIENTED_EDGE('',*,*,#6824,.F.);
#8889=ORIENTED_EDGE('',*,*,#6825,.F.);
#8890=ORIENTED_EDGE('',*,*,#6826,.F.);
#8891=ORIENTED_EDGE('',*,*,#6827,.F.);
#8892=ORIENTED_EDGE('',*,*,#6828,.F.);
#8893=ORIENTED_EDGE('',*,*,#6829,.F.);
#8894=ORIENTED_EDGE('',*,*,#6830,.F.);
#8895=ORIENTED_EDGE('',*,*,#6831,.F.);
#8896=ORIENTED_EDGE('',*,*,#6832,.F.);
#8897=ORIENTED_EDGE('',*,*,#6833,.F.);
#8898=ORIENTED_EDGE('',*,*,#6834,.F.);
#8899=ORIENTED_EDGE('',*,*,#6835,.F.);
#8900=ORIENTED_EDGE('',*,*,#6836,.F.);
#8901=ORIENTED_EDGE('',*,*,#6837,.F.);
#8902=ORIENTED_EDGE('',*,*,#6838,.F.);
#8903=ORIENTED_EDGE('',*,*,#6839,.F.);
#8904=ORIENTED_EDGE('',*,*,#6840,.F.);
#8905=ORIENTED_EDGE('',*,*,#6841,.F.);
#8906=ORIENTED_EDGE('',*,*,#6842,.F.);
#8907=ORIENTED_EDGE('',*,*,#6843,.F.);
#8908=ORIENTED_EDGE('',*,*,#6844,.F.);
#8909=ORIENTED_EDGE('',*,*,#6845,.F.);
#8910=ORIENTED_EDGE('',*,*,#6846,.F.);
#8911=ORIENTED_EDGE('',*,*,#6847,.F.);
#8912=ORIENTED_EDGE('',*,*,#6848,.F.);
#8913=ORIENTED_EDGE('',*,*,#6849,.F.);
#8914=ORIENTED_EDGE('',*,*,#6850,.F.);
#8915=ORIENTED_EDGE('',*,*,#6851,.F.);
#8916=ORIENTED_EDGE('',*,*,#6852,.F.);
#8917=ORIENTED_EDGE('',*,*,#6853,.F.);
#8918=ORIENTED_EDGE('',*,*,#6854,.F.);
#8919=ORIENTED_EDGE('',*,*,#6855,.F.);
#8920=ORIENTED_EDGE('',*,*,#6856,.F.);
#8921=ORIENTED_EDGE('',*,*,#6857,.F.);
#8922=ORIENTED_EDGE('',*,*,#6858,.F.);
#8923=ORIENTED_EDGE('',*,*,#6859,.F.);
#8924=ORIENTED_EDGE('',*,*,#6860,.F.);
#8925=ORIENTED_EDGE('',*,*,#6861,.F.);
#8926=ORIENTED_EDGE('',*,*,#6862,.F.);
#8927=ORIENTED_EDGE('',*,*,#6863,.F.);
#8928=ORIENTED_EDGE('',*,*,#6864,.F.);
#8929=ORIENTED_EDGE('',*,*,#6865,.F.);
#8930=ORIENTED_EDGE('',*,*,#6866,.F.);
#8931=ORIENTED_EDGE('',*,*,#6867,.F.);
#8932=ORIENTED_EDGE('',*,*,#6868,.F.);
#8933=ORIENTED_EDGE('',*,*,#6869,.F.);
#8934=ORIENTED_EDGE('',*,*,#6870,.F.);
#8935=ORIENTED_EDGE('',*,*,#6871,.F.);
#8936=ORIENTED_EDGE('',*,*,#6872,.F.);
#8937=ORIENTED_EDGE('',*,*,#6873,.F.);
#8938=ORIENTED_EDGE('',*,*,#6874,.F.);
#8939=ORIENTED_EDGE('',*,*,#6875,.F.);
#8940=ORIENTED_EDGE('',*,*,#6876,.F.);
#8941=ORIENTED_EDGE('',*,*,#6877,.F.);
#8942=ORIENTED_EDGE('',*,*,#6878,.F.);
#8943=ORIENTED_EDGE('',*,*,#6879,.F.);
#8944=ORIENTED_EDGE('',*,*,#6880,.F.);
#8945=ORIENTED_EDGE('',*,*,#6881,.F.);
#8946=ORIENTED_EDGE('',*,*,#6882,.F.);
#8947=ORIENTED_EDGE('',*,*,#6883,.F.);
#8948=ORIENTED_EDGE('',*,*,#6884,.F.);
#8949=ORIENTED_EDGE('',*,*,#6885,.F.);
#8950=ORIENTED_EDGE('',*,*,#6886,.F.);
#8951=ORIENTED_EDGE('',*,*,#6887,.F.);
#8952=ORIENTED_EDGE('',*,*,#6888,.F.);
#8953=ORIENTED_EDGE('',*,*,#6889,.F.);
#8954=ORIENTED_EDGE('',*,*,#6890,.F.);
#8955=ORIENTED_EDGE('',*,*,#6891,.F.);
#8956=ORIENTED_EDGE('',*,*,#6892,.F.);
#8957=ORIENTED_EDGE('',*,*,#6893,.F.);
#8958=ORIENTED_EDGE('',*,*,#6894,.F.);
#8959=ORIENTED_EDGE('',*,*,#6895,.F.);
#8960=ORIENTED_EDGE('',*,*,#6896,.F.);
#8961=ORIENTED_EDGE('',*,*,#6897,.F.);
#8962=ORIENTED_EDGE('',*,*,#6898,.F.);
#8963=ORIENTED_EDGE('',*,*,#6899,.F.);
#8964=ORIENTED_EDGE('',*,*,#6900,.F.);
#8965=ORIENTED_EDGE('',*,*,#6901,.F.);
#8966=ORIENTED_EDGE('',*,*,#6902,.F.);
#8967=ORIENTED_EDGE('',*,*,#6903,.F.);
#8968=ORIENTED_EDGE('',*,*,#6904,.F.);
#8969=ORIENTED_EDGE('',*,*,#6905,.F.);
#8970=ORIENTED_EDGE('',*,*,#6906,.F.);
#8971=ORIENTED_EDGE('',*,*,#6907,.F.);
#8972=ORIENTED_EDGE('',*,*,#6908,.F.);
#8973=ORIENTED_EDGE('',*,*,#6909,.F.);
#8974=ORIENTED_EDGE('',*,*,#6910,.F.);
#8975=ORIENTED_EDGE('',*,*,#6911,.F.);
#8976=ORIENTED_EDGE('',*,*,#6912,.F.);
#8977=ORIENTED_EDGE('',*,*,#6913,.F.);
#8978=ORIENTED_EDGE('',*,*,#6914,.F.);
#8979=ORIENTED_EDGE('',*,*,#6915,.F.);
#8980=ORIENTED_EDGE('',*,*,#6916,.F.);
#8981=ORIENTED_EDGE('',*,*,#6917,.F.);
#8982=ORIENTED_EDGE('',*,*,#6918,.F.);
#8983=ORIENTED_EDGE('',*,*,#6919,.F.);
#8984=ORIENTED_EDGE('',*,*,#6920,.F.);
#8985=ORIENTED_EDGE('',*,*,#6921,.F.);
#8986=ORIENTED_EDGE('',*,*,#6922,.F.);
#8987=ORIENTED_EDGE('',*,*,#6923,.F.);
#8988=ORIENTED_EDGE('',*,*,#6924,.F.);
#8989=ORIENTED_EDGE('',*,*,#6925,.F.);
#8990=ORIENTED_EDGE('',*,*,#6926,.F.);
#8991=ORIENTED_EDGE('',*,*,#6927,.F.);
#8992=ORIENTED_EDGE('',*,*,#6928,.F.);
#8993=ORIENTED_EDGE('',*,*,#6929,.F.);
#8994=ORIENTED_EDGE('',*,*,#6930,.F.);
#8995=ORIENTED_EDGE('',*,*,#6931,.F.);
#8996=ORIENTED_EDGE('',*,*,#6932,.F.);
#8997=ORIENTED_EDGE('',*,*,#6933,.F.);
#8998=ORIENTED_EDGE('',*,*,#6934,.F.);
#8999=ORIENTED_EDGE('',*,*,#6935,.F.);
#9000=ORIENTED_EDGE('',*,*,#6936,.F.);
#9001=ORIENTED_EDGE('',*,*,#6937,.F.);
#9002=ORIENTED_EDGE('',*,*,#6938,.F.);
#9003=ORIENTED_EDGE('',*,*,#6939,.F.);
#9004=ORIENTED_EDGE('',*,*,#6940,.F.);
#9005=ORIENTED_EDGE('',*,*,#6941,.F.);
#9006=ORIENTED_EDGE('',*,*,#6942,.F.);
#9007=ORIENTED_EDGE('',*,*,#6943,.F.);
#9008=ORIENTED_EDGE('',*,*,#6944,.F.);
#9009=ORIENTED_EDGE('',*,*,#6945,.F.);
#9010=ORIENTED_EDGE('',*,*,#6946,.F.);
#9011=ORIENTED_EDGE('',*,*,#6947,.F.);
#9012=ORIENTED_EDGE('',*,*,#6948,.F.);
#9013=ORIENTED_EDGE('',*,*,#6949,.F.);
#9014=ORIENTED_EDGE('',*,*,#6950,.F.);
#9015=ORIENTED_EDGE('',*,*,#6951,.F.);
#9016=ORIENTED_EDGE('',*,*,#6952,.F.);
#9017=ORIENTED_EDGE('',*,*,#6953,.F.);
#9018=ORIENTED_EDGE('',*,*,#6954,.F.);
#9019=ORIENTED_EDGE('',*,*,#6955,.F.);
#9020=ORIENTED_EDGE('',*,*,#6956,.F.);
#9021=ORIENTED_EDGE('',*,*,#6957,.F.);
#9022=ORIENTED_EDGE('',*,*,#6958,.F.);
#9023=ORIENTED_EDGE('',*,*,#6959,.F.);
#9024=ORIENTED_EDGE('',*,*,#6960,.F.);
#9025=ORIENTED_EDGE('',*,*,#6961,.F.);
#9026=ORIENTED_EDGE('',*,*,#6962,.F.);
#9027=ORIENTED_EDGE('',*,*,#6963,.F.);
#9028=ORIENTED_EDGE('',*,*,#6964,.F.);
#9029=ORIENTED_EDGE('',*,*,#6965,.F.);
#9030=ORIENTED_EDGE('',*,*,#6966,.F.);
#9031=ORIENTED_EDGE('',*,*,#6967,.F.);
#9032=ORIENTED_EDGE('',*,*,#6968,.F.);
#9033=ORIENTED_EDGE('',*,*,#6969,.F.);
#9034=ORIENTED_EDGE('',*,*,#6970,.F.);
#9035=ORIENTED_EDGE('',*,*,#6971,.F.);
#9036=ORIENTED_EDGE('',*,*,#6972,.F.);
#9037=ORIENTED_EDGE('',*,*,#6973,.F.);
#9038=ORIENTED_EDGE('',*,*,#6974,.F.);
#9039=ORIENTED_EDGE('',*,*,#6975,.F.);
#9040=ORIENTED_EDGE('',*,*,#6976,.F.);
#9041=ORIENTED_EDGE('',*,*,#6977,.F.);
#9042=ORIENTED_EDGE('',*,*,#6978,.F.);
#9043=ORIENTED_EDGE('',*,*,#6979,.F.);
#9044=ORIENTED_EDGE('',*,*,#6980,.F.);
#9045=ORIENTED_EDGE('',*,*,#6981,.F.);
#9046=ORIENTED_EDGE('',*,*,#6982,.F.);
#9047=ORIENTED_EDGE('',*,*,#6983,.F.);
#9048=ORIENTED_EDGE('',*,*,#6984,.F.);
#9049=ORIENTED_EDGE('',*,*,#6985,.F.);
#9050=ORIENTED_EDGE('',*,*,#6986,.F.);
#9051=ORIENTED_EDGE('',*,*,#6987,.F.);
#9052=ORIENTED_EDGE('',*,*,#6988,.F.);
#9053=ORIENTED_EDGE('',*,*,#6989,.F.);
#9054=ORIENTED_EDGE('',*,*,#6990,.F.);
#9055=ORIENTED_EDGE('',*,*,#6991,.F.);
#9056=ORIENTED_EDGE('',*,*,#6992,.F.);
#9057=ORIENTED_EDGE('',*,*,#6993,.F.);
#9058=ORIENTED_EDGE('',*,*,#6994,.F.);
#9059=ORIENTED_EDGE('',*,*,#6995,.F.);
#9060=ORIENTED_EDGE('',*,*,#6996,.F.);
#9061=ORIENTED_EDGE('',*,*,#6997,.F.);
#9062=ORIENTED_EDGE('',*,*,#6998,.F.);
#9063=ORIENTED_EDGE('',*,*,#6566,.T.);
#9064=ORIENTED_EDGE('',*,*,#6999,.T.);
#9065=ORIENTED_EDGE('',*,*,#6391,.T.);
#9066=ORIENTED_EDGE('',*,*,#7000,.T.);
#9067=ORIENTED_EDGE('',*,*,#6999,.F.);
#9068=ORIENTED_EDGE('',*,*,#6565,.T.);
#9069=ORIENTED_EDGE('',*,*,#7001,.F.);
#9070=ORIENTED_EDGE('',*,*,#6392,.F.);
#9071=ORIENTED_EDGE('',*,*,#6393,.T.);
#9072=ORIENTED_EDGE('',*,*,#7001,.T.);
#9073=ORIENTED_EDGE('',*,*,#6564,.T.);
#9074=ORIENTED_EDGE('',*,*,#7002,.T.);
#9075=ORIENTED_EDGE('',*,*,#6562,.T.);
#9076=ORIENTED_EDGE('',*,*,#7003,.T.);
#9077=ORIENTED_EDGE('',*,*,#6395,.T.);
#9078=ORIENTED_EDGE('',*,*,#7004,.T.);
#9079=ORIENTED_EDGE('',*,*,#7003,.F.);
#9080=ORIENTED_EDGE('',*,*,#6561,.T.);
#9081=ORIENTED_EDGE('',*,*,#7005,.F.);
#9082=ORIENTED_EDGE('',*,*,#6396,.F.);
#9083=ORIENTED_EDGE('',*,*,#6397,.T.);
#9084=ORIENTED_EDGE('',*,*,#7005,.T.);
#9085=ORIENTED_EDGE('',*,*,#6560,.T.);
#9086=ORIENTED_EDGE('',*,*,#7006,.T.);
#9087=ORIENTED_EDGE('',*,*,#6574,.T.);
#9088=ORIENTED_EDGE('',*,*,#7007,.T.);
#9089=ORIENTED_EDGE('',*,*,#6399,.T.);
#9090=ORIENTED_EDGE('',*,*,#7008,.T.);
#9091=ORIENTED_EDGE('',*,*,#7007,.F.);
#9092=ORIENTED_EDGE('',*,*,#6573,.T.);
#9093=ORIENTED_EDGE('',*,*,#7009,.F.);
#9094=ORIENTED_EDGE('',*,*,#6400,.F.);
#9095=ORIENTED_EDGE('',*,*,#6401,.T.);
#9096=ORIENTED_EDGE('',*,*,#7009,.T.);
#9097=ORIENTED_EDGE('',*,*,#6572,.T.);
#9098=ORIENTED_EDGE('',*,*,#7010,.T.);
#9099=ORIENTED_EDGE('',*,*,#6570,.T.);
#9100=ORIENTED_EDGE('',*,*,#7011,.T.);
#9101=ORIENTED_EDGE('',*,*,#6403,.T.);
#9102=ORIENTED_EDGE('',*,*,#7012,.T.);
#9103=ORIENTED_EDGE('',*,*,#7011,.F.);
#9104=ORIENTED_EDGE('',*,*,#6569,.T.);
#9105=ORIENTED_EDGE('',*,*,#7013,.F.);
#9106=ORIENTED_EDGE('',*,*,#6404,.F.);
#9107=ORIENTED_EDGE('',*,*,#6405,.T.);
#9108=ORIENTED_EDGE('',*,*,#7013,.T.);
#9109=ORIENTED_EDGE('',*,*,#6568,.T.);
#9110=ORIENTED_EDGE('',*,*,#7014,.T.);
#9111=ORIENTED_EDGE('',*,*,#6582,.T.);
#9112=ORIENTED_EDGE('',*,*,#7015,.T.);
#9113=ORIENTED_EDGE('',*,*,#6407,.T.);
#9114=ORIENTED_EDGE('',*,*,#7016,.T.);
#9115=ORIENTED_EDGE('',*,*,#7015,.F.);
#9116=ORIENTED_EDGE('',*,*,#6581,.T.);
#9117=ORIENTED_EDGE('',*,*,#7017,.F.);
#9118=ORIENTED_EDGE('',*,*,#6408,.F.);
#9119=ORIENTED_EDGE('',*,*,#6409,.T.);
#9120=ORIENTED_EDGE('',*,*,#7017,.T.);
#9121=ORIENTED_EDGE('',*,*,#6580,.T.);
#9122=ORIENTED_EDGE('',*,*,#7018,.T.);
#9123=ORIENTED_EDGE('',*,*,#6578,.T.);
#9124=ORIENTED_EDGE('',*,*,#7019,.T.);
#9125=ORIENTED_EDGE('',*,*,#6411,.T.);
#9126=ORIENTED_EDGE('',*,*,#7020,.T.);
#9127=ORIENTED_EDGE('',*,*,#7019,.F.);
#9128=ORIENTED_EDGE('',*,*,#6577,.T.);
#9129=ORIENTED_EDGE('',*,*,#7021,.F.);
#9130=ORIENTED_EDGE('',*,*,#6412,.F.);
#9131=ORIENTED_EDGE('',*,*,#6413,.T.);
#9132=ORIENTED_EDGE('',*,*,#7021,.T.);
#9133=ORIENTED_EDGE('',*,*,#6576,.T.);
#9134=ORIENTED_EDGE('',*,*,#7022,.T.);
#9135=ORIENTED_EDGE('',*,*,#6590,.T.);
#9136=ORIENTED_EDGE('',*,*,#7023,.T.);
#9137=ORIENTED_EDGE('',*,*,#6415,.T.);
#9138=ORIENTED_EDGE('',*,*,#7024,.T.);
#9139=ORIENTED_EDGE('',*,*,#7023,.F.);
#9140=ORIENTED_EDGE('',*,*,#6589,.T.);
#9141=ORIENTED_EDGE('',*,*,#7025,.F.);
#9142=ORIENTED_EDGE('',*,*,#6416,.F.);
#9143=ORIENTED_EDGE('',*,*,#6417,.T.);
#9144=ORIENTED_EDGE('',*,*,#7025,.T.);
#9145=ORIENTED_EDGE('',*,*,#6588,.T.);
#9146=ORIENTED_EDGE('',*,*,#7026,.T.);
#9147=ORIENTED_EDGE('',*,*,#6586,.T.);
#9148=ORIENTED_EDGE('',*,*,#7027,.T.);
#9149=ORIENTED_EDGE('',*,*,#6419,.T.);
#9150=ORIENTED_EDGE('',*,*,#7028,.T.);
#9151=ORIENTED_EDGE('',*,*,#7027,.F.);
#9152=ORIENTED_EDGE('',*,*,#6585,.T.);
#9153=ORIENTED_EDGE('',*,*,#7029,.F.);
#9154=ORIENTED_EDGE('',*,*,#6420,.F.);
#9155=ORIENTED_EDGE('',*,*,#6421,.T.);
#9156=ORIENTED_EDGE('',*,*,#7029,.T.);
#9157=ORIENTED_EDGE('',*,*,#6584,.T.);
#9158=ORIENTED_EDGE('',*,*,#7030,.T.);
#9159=ORIENTED_EDGE('',*,*,#6598,.T.);
#9160=ORIENTED_EDGE('',*,*,#7031,.T.);
#9161=ORIENTED_EDGE('',*,*,#6423,.T.);
#9162=ORIENTED_EDGE('',*,*,#7032,.T.);
#9163=ORIENTED_EDGE('',*,*,#7031,.F.);
#9164=ORIENTED_EDGE('',*,*,#6597,.T.);
#9165=ORIENTED_EDGE('',*,*,#7033,.F.);
#9166=ORIENTED_EDGE('',*,*,#6424,.F.);
#9167=ORIENTED_EDGE('',*,*,#6425,.T.);
#9168=ORIENTED_EDGE('',*,*,#7033,.T.);
#9169=ORIENTED_EDGE('',*,*,#6596,.T.);
#9170=ORIENTED_EDGE('',*,*,#7034,.T.);
#9171=ORIENTED_EDGE('',*,*,#6594,.T.);
#9172=ORIENTED_EDGE('',*,*,#7035,.T.);
#9173=ORIENTED_EDGE('',*,*,#6427,.T.);
#9174=ORIENTED_EDGE('',*,*,#7036,.T.);
#9175=ORIENTED_EDGE('',*,*,#7035,.F.);
#9176=ORIENTED_EDGE('',*,*,#6593,.T.);
#9177=ORIENTED_EDGE('',*,*,#7037,.F.);
#9178=ORIENTED_EDGE('',*,*,#6428,.F.);
#9179=ORIENTED_EDGE('',*,*,#6429,.T.);
#9180=ORIENTED_EDGE('',*,*,#7037,.T.);
#9181=ORIENTED_EDGE('',*,*,#6592,.T.);
#9182=ORIENTED_EDGE('',*,*,#7038,.T.);
#9183=ORIENTED_EDGE('',*,*,#6606,.T.);
#9184=ORIENTED_EDGE('',*,*,#7039,.T.);
#9185=ORIENTED_EDGE('',*,*,#6431,.T.);
#9186=ORIENTED_EDGE('',*,*,#7040,.T.);
#9187=ORIENTED_EDGE('',*,*,#7039,.F.);
#9188=ORIENTED_EDGE('',*,*,#6605,.T.);
#9189=ORIENTED_EDGE('',*,*,#7041,.F.);
#9190=ORIENTED_EDGE('',*,*,#6432,.F.);
#9191=ORIENTED_EDGE('',*,*,#6433,.T.);
#9192=ORIENTED_EDGE('',*,*,#7041,.T.);
#9193=ORIENTED_EDGE('',*,*,#6604,.T.);
#9194=ORIENTED_EDGE('',*,*,#7042,.T.);
#9195=ORIENTED_EDGE('',*,*,#6602,.T.);
#9196=ORIENTED_EDGE('',*,*,#7043,.T.);
#9197=ORIENTED_EDGE('',*,*,#6435,.T.);
#9198=ORIENTED_EDGE('',*,*,#7044,.T.);
#9199=ORIENTED_EDGE('',*,*,#7043,.F.);
#9200=ORIENTED_EDGE('',*,*,#6601,.T.);
#9201=ORIENTED_EDGE('',*,*,#7045,.F.);
#9202=ORIENTED_EDGE('',*,*,#6436,.F.);
#9203=ORIENTED_EDGE('',*,*,#6437,.T.);
#9204=ORIENTED_EDGE('',*,*,#7045,.T.);
#9205=ORIENTED_EDGE('',*,*,#6600,.T.);
#9206=ORIENTED_EDGE('',*,*,#7046,.T.);
#9207=ORIENTED_EDGE('',*,*,#6614,.T.);
#9208=ORIENTED_EDGE('',*,*,#7047,.T.);
#9209=ORIENTED_EDGE('',*,*,#6439,.T.);
#9210=ORIENTED_EDGE('',*,*,#7048,.T.);
#9211=ORIENTED_EDGE('',*,*,#7047,.F.);
#9212=ORIENTED_EDGE('',*,*,#6613,.T.);
#9213=ORIENTED_EDGE('',*,*,#7049,.F.);
#9214=ORIENTED_EDGE('',*,*,#6440,.F.);
#9215=ORIENTED_EDGE('',*,*,#6441,.T.);
#9216=ORIENTED_EDGE('',*,*,#7049,.T.);
#9217=ORIENTED_EDGE('',*,*,#6612,.T.);
#9218=ORIENTED_EDGE('',*,*,#7050,.T.);
#9219=ORIENTED_EDGE('',*,*,#6610,.T.);
#9220=ORIENTED_EDGE('',*,*,#7051,.T.);
#9221=ORIENTED_EDGE('',*,*,#6443,.T.);
#9222=ORIENTED_EDGE('',*,*,#7052,.T.);
#9223=ORIENTED_EDGE('',*,*,#7051,.F.);
#9224=ORIENTED_EDGE('',*,*,#6609,.T.);
#9225=ORIENTED_EDGE('',*,*,#7053,.F.);
#9226=ORIENTED_EDGE('',*,*,#6444,.F.);
#9227=ORIENTED_EDGE('',*,*,#6445,.T.);
#9228=ORIENTED_EDGE('',*,*,#7053,.T.);
#9229=ORIENTED_EDGE('',*,*,#6608,.T.);
#9230=ORIENTED_EDGE('',*,*,#7054,.T.);
#9231=ORIENTED_EDGE('',*,*,#6622,.T.);
#9232=ORIENTED_EDGE('',*,*,#7055,.T.);
#9233=ORIENTED_EDGE('',*,*,#6447,.T.);
#9234=ORIENTED_EDGE('',*,*,#7056,.T.);
#9235=ORIENTED_EDGE('',*,*,#7055,.F.);
#9236=ORIENTED_EDGE('',*,*,#6621,.T.);
#9237=ORIENTED_EDGE('',*,*,#7057,.F.);
#9238=ORIENTED_EDGE('',*,*,#6448,.F.);
#9239=ORIENTED_EDGE('',*,*,#6449,.T.);
#9240=ORIENTED_EDGE('',*,*,#7057,.T.);
#9241=ORIENTED_EDGE('',*,*,#6620,.T.);
#9242=ORIENTED_EDGE('',*,*,#7058,.T.);
#9243=ORIENTED_EDGE('',*,*,#6618,.T.);
#9244=ORIENTED_EDGE('',*,*,#7059,.T.);
#9245=ORIENTED_EDGE('',*,*,#6451,.T.);
#9246=ORIENTED_EDGE('',*,*,#7060,.T.);
#9247=ORIENTED_EDGE('',*,*,#7059,.F.);
#9248=ORIENTED_EDGE('',*,*,#6617,.T.);
#9249=ORIENTED_EDGE('',*,*,#7061,.F.);
#9250=ORIENTED_EDGE('',*,*,#6452,.F.);
#9251=ORIENTED_EDGE('',*,*,#6453,.T.);
#9252=ORIENTED_EDGE('',*,*,#7061,.T.);
#9253=ORIENTED_EDGE('',*,*,#6616,.T.);
#9254=ORIENTED_EDGE('',*,*,#7062,.T.);
#9255=ORIENTED_EDGE('',*,*,#6630,.T.);
#9256=ORIENTED_EDGE('',*,*,#7063,.T.);
#9257=ORIENTED_EDGE('',*,*,#6455,.T.);
#9258=ORIENTED_EDGE('',*,*,#7064,.T.);
#9259=ORIENTED_EDGE('',*,*,#7063,.F.);
#9260=ORIENTED_EDGE('',*,*,#6629,.T.);
#9261=ORIENTED_EDGE('',*,*,#7065,.F.);
#9262=ORIENTED_EDGE('',*,*,#6456,.F.);
#9263=ORIENTED_EDGE('',*,*,#6457,.T.);
#9264=ORIENTED_EDGE('',*,*,#7065,.T.);
#9265=ORIENTED_EDGE('',*,*,#6628,.T.);
#9266=ORIENTED_EDGE('',*,*,#7066,.T.);
#9267=ORIENTED_EDGE('',*,*,#6626,.T.);
#9268=ORIENTED_EDGE('',*,*,#7067,.T.);
#9269=ORIENTED_EDGE('',*,*,#6459,.T.);
#9270=ORIENTED_EDGE('',*,*,#7068,.T.);
#9271=ORIENTED_EDGE('',*,*,#7067,.F.);
#9272=ORIENTED_EDGE('',*,*,#6625,.T.);
#9273=ORIENTED_EDGE('',*,*,#7069,.F.);
#9274=ORIENTED_EDGE('',*,*,#6460,.F.);
#9275=ORIENTED_EDGE('',*,*,#6461,.T.);
#9276=ORIENTED_EDGE('',*,*,#7069,.T.);
#9277=ORIENTED_EDGE('',*,*,#6624,.T.);
#9278=ORIENTED_EDGE('',*,*,#7070,.T.);
#9279=ORIENTED_EDGE('',*,*,#6638,.T.);
#9280=ORIENTED_EDGE('',*,*,#7071,.T.);
#9281=ORIENTED_EDGE('',*,*,#6463,.T.);
#9282=ORIENTED_EDGE('',*,*,#7072,.T.);
#9283=ORIENTED_EDGE('',*,*,#7071,.F.);
#9284=ORIENTED_EDGE('',*,*,#6637,.T.);
#9285=ORIENTED_EDGE('',*,*,#7073,.F.);
#9286=ORIENTED_EDGE('',*,*,#6464,.F.);
#9287=ORIENTED_EDGE('',*,*,#6465,.T.);
#9288=ORIENTED_EDGE('',*,*,#7073,.T.);
#9289=ORIENTED_EDGE('',*,*,#6636,.T.);
#9290=ORIENTED_EDGE('',*,*,#7074,.T.);
#9291=ORIENTED_EDGE('',*,*,#6634,.T.);
#9292=ORIENTED_EDGE('',*,*,#7075,.T.);
#9293=ORIENTED_EDGE('',*,*,#6467,.T.);
#9294=ORIENTED_EDGE('',*,*,#7076,.T.);
#9295=ORIENTED_EDGE('',*,*,#7075,.F.);
#9296=ORIENTED_EDGE('',*,*,#6633,.T.);
#9297=ORIENTED_EDGE('',*,*,#7077,.F.);
#9298=ORIENTED_EDGE('',*,*,#6468,.F.);
#9299=ORIENTED_EDGE('',*,*,#6469,.T.);
#9300=ORIENTED_EDGE('',*,*,#7077,.T.);
#9301=ORIENTED_EDGE('',*,*,#6632,.T.);
#9302=ORIENTED_EDGE('',*,*,#7078,.T.);
#9303=ORIENTED_EDGE('',*,*,#6646,.T.);
#9304=ORIENTED_EDGE('',*,*,#7079,.T.);
#9305=ORIENTED_EDGE('',*,*,#6471,.T.);
#9306=ORIENTED_EDGE('',*,*,#7080,.T.);
#9307=ORIENTED_EDGE('',*,*,#7079,.F.);
#9308=ORIENTED_EDGE('',*,*,#6645,.T.);
#9309=ORIENTED_EDGE('',*,*,#7081,.F.);
#9310=ORIENTED_EDGE('',*,*,#6472,.F.);
#9311=ORIENTED_EDGE('',*,*,#6473,.T.);
#9312=ORIENTED_EDGE('',*,*,#7081,.T.);
#9313=ORIENTED_EDGE('',*,*,#6644,.T.);
#9314=ORIENTED_EDGE('',*,*,#7082,.T.);
#9315=ORIENTED_EDGE('',*,*,#6642,.T.);
#9316=ORIENTED_EDGE('',*,*,#7083,.T.);
#9317=ORIENTED_EDGE('',*,*,#6475,.T.);
#9318=ORIENTED_EDGE('',*,*,#7084,.T.);
#9319=ORIENTED_EDGE('',*,*,#7083,.F.);
#9320=ORIENTED_EDGE('',*,*,#6641,.T.);
#9321=ORIENTED_EDGE('',*,*,#7085,.F.);
#9322=ORIENTED_EDGE('',*,*,#6476,.F.);
#9323=ORIENTED_EDGE('',*,*,#6477,.T.);
#9324=ORIENTED_EDGE('',*,*,#7085,.T.);
#9325=ORIENTED_EDGE('',*,*,#6640,.T.);
#9326=ORIENTED_EDGE('',*,*,#7086,.T.);
#9327=ORIENTED_EDGE('',*,*,#6654,.T.);
#9328=ORIENTED_EDGE('',*,*,#7087,.T.);
#9329=ORIENTED_EDGE('',*,*,#6479,.T.);
#9330=ORIENTED_EDGE('',*,*,#7088,.T.);
#9331=ORIENTED_EDGE('',*,*,#7087,.F.);
#9332=ORIENTED_EDGE('',*,*,#6653,.T.);
#9333=ORIENTED_EDGE('',*,*,#7089,.F.);
#9334=ORIENTED_EDGE('',*,*,#6480,.F.);
#9335=ORIENTED_EDGE('',*,*,#6481,.T.);
#9336=ORIENTED_EDGE('',*,*,#7089,.T.);
#9337=ORIENTED_EDGE('',*,*,#6652,.T.);
#9338=ORIENTED_EDGE('',*,*,#7090,.T.);
#9339=ORIENTED_EDGE('',*,*,#6650,.T.);
#9340=ORIENTED_EDGE('',*,*,#7091,.T.);
#9341=ORIENTED_EDGE('',*,*,#6483,.T.);
#9342=ORIENTED_EDGE('',*,*,#7092,.T.);
#9343=ORIENTED_EDGE('',*,*,#7091,.F.);
#9344=ORIENTED_EDGE('',*,*,#6649,.T.);
#9345=ORIENTED_EDGE('',*,*,#7093,.F.);
#9346=ORIENTED_EDGE('',*,*,#6484,.F.);
#9347=ORIENTED_EDGE('',*,*,#6485,.T.);
#9348=ORIENTED_EDGE('',*,*,#7093,.T.);
#9349=ORIENTED_EDGE('',*,*,#6648,.T.);
#9350=ORIENTED_EDGE('',*,*,#7094,.T.);
#9351=ORIENTED_EDGE('',*,*,#6662,.T.);
#9352=ORIENTED_EDGE('',*,*,#7095,.T.);
#9353=ORIENTED_EDGE('',*,*,#6487,.T.);
#9354=ORIENTED_EDGE('',*,*,#7096,.T.);
#9355=ORIENTED_EDGE('',*,*,#7095,.F.);
#9356=ORIENTED_EDGE('',*,*,#6661,.T.);
#9357=ORIENTED_EDGE('',*,*,#7097,.F.);
#9358=ORIENTED_EDGE('',*,*,#6488,.F.);
#9359=ORIENTED_EDGE('',*,*,#6489,.T.);
#9360=ORIENTED_EDGE('',*,*,#7097,.T.);
#9361=ORIENTED_EDGE('',*,*,#6660,.T.);
#9362=ORIENTED_EDGE('',*,*,#7098,.T.);
#9363=ORIENTED_EDGE('',*,*,#6658,.T.);
#9364=ORIENTED_EDGE('',*,*,#7099,.T.);
#9365=ORIENTED_EDGE('',*,*,#6491,.T.);
#9366=ORIENTED_EDGE('',*,*,#7100,.T.);
#9367=ORIENTED_EDGE('',*,*,#7099,.F.);
#9368=ORIENTED_EDGE('',*,*,#6657,.T.);
#9369=ORIENTED_EDGE('',*,*,#7101,.F.);
#9370=ORIENTED_EDGE('',*,*,#6492,.F.);
#9371=ORIENTED_EDGE('',*,*,#6493,.T.);
#9372=ORIENTED_EDGE('',*,*,#7101,.T.);
#9373=ORIENTED_EDGE('',*,*,#6656,.T.);
#9374=ORIENTED_EDGE('',*,*,#7102,.T.);
#9375=ORIENTED_EDGE('',*,*,#6497,.T.);
#9376=ORIENTED_EDGE('',*,*,#7103,.T.);
#9377=ORIENTED_EDGE('',*,*,#6663,.T.);
#9378=ORIENTED_EDGE('',*,*,#7104,.T.);
#9379=ORIENTED_EDGE('',*,*,#7103,.F.);
#9380=ORIENTED_EDGE('',*,*,#6496,.F.);
#9381=ORIENTED_EDGE('',*,*,#7105,.F.);
#9382=ORIENTED_EDGE('',*,*,#6664,.T.);
#9383=ORIENTED_EDGE('',*,*,#6669,.T.);
#9384=ORIENTED_EDGE('',*,*,#7106,.T.);
#9385=ORIENTED_EDGE('',*,*,#6499,.T.);
#9386=ORIENTED_EDGE('',*,*,#7107,.T.);
#9387=ORIENTED_EDGE('',*,*,#7106,.F.);
#9388=ORIENTED_EDGE('',*,*,#6668,.T.);
#9389=ORIENTED_EDGE('',*,*,#7108,.F.);
#9390=ORIENTED_EDGE('',*,*,#6500,.F.);
#9391=ORIENTED_EDGE('',*,*,#6667,.T.);
#9392=ORIENTED_EDGE('',*,*,#7109,.T.);
#9393=ORIENTED_EDGE('',*,*,#6501,.T.);
#9394=ORIENTED_EDGE('',*,*,#7108,.T.);
#9395=ORIENTED_EDGE('',*,*,#7109,.F.);
#9396=ORIENTED_EDGE('',*,*,#6666,.T.);
#9397=ORIENTED_EDGE('',*,*,#7110,.F.);
#9398=ORIENTED_EDGE('',*,*,#6494,.F.);
#9399=ORIENTED_EDGE('',*,*,#6665,.T.);
#9400=ORIENTED_EDGE('',*,*,#7105,.T.);
#9401=ORIENTED_EDGE('',*,*,#6495,.T.);
#9402=ORIENTED_EDGE('',*,*,#7110,.T.);
#9403=ORIENTED_EDGE('',*,*,#7000,.F.);
#9404=ORIENTED_EDGE('',*,*,#6390,.F.);
#9405=ORIENTED_EDGE('',*,*,#7006,.F.);
#9406=ORIENTED_EDGE('',*,*,#6559,.T.);
#9407=ORIENTED_EDGE('',*,*,#7010,.F.);
#9408=ORIENTED_EDGE('',*,*,#6571,.T.);
#9409=ORIENTED_EDGE('',*,*,#7012,.F.);
#9410=ORIENTED_EDGE('',*,*,#6402,.F.);
#9411=ORIENTED_EDGE('',*,*,#7008,.F.);
#9412=ORIENTED_EDGE('',*,*,#6398,.F.);
#9413=ORIENTED_EDGE('',*,*,#7014,.F.);
#9414=ORIENTED_EDGE('',*,*,#6567,.T.);
#9415=ORIENTED_EDGE('',*,*,#7018,.F.);
#9416=ORIENTED_EDGE('',*,*,#6579,.T.);
#9417=ORIENTED_EDGE('',*,*,#7020,.F.);
#9418=ORIENTED_EDGE('',*,*,#6410,.F.);
#9419=ORIENTED_EDGE('',*,*,#7016,.F.);
#9420=ORIENTED_EDGE('',*,*,#6406,.F.);
#9421=ORIENTED_EDGE('',*,*,#7022,.F.);
#9422=ORIENTED_EDGE('',*,*,#6575,.T.);
#9423=ORIENTED_EDGE('',*,*,#7026,.F.);
#9424=ORIENTED_EDGE('',*,*,#6587,.T.);
#9425=ORIENTED_EDGE('',*,*,#7028,.F.);
#9426=ORIENTED_EDGE('',*,*,#6418,.F.);
#9427=ORIENTED_EDGE('',*,*,#7024,.F.);
#9428=ORIENTED_EDGE('',*,*,#6414,.F.);
#9429=ORIENTED_EDGE('',*,*,#7030,.F.);
#9430=ORIENTED_EDGE('',*,*,#6583,.T.);
#9431=ORIENTED_EDGE('',*,*,#7034,.F.);
#9432=ORIENTED_EDGE('',*,*,#6595,.T.);
#9433=ORIENTED_EDGE('',*,*,#7036,.F.);
#9434=ORIENTED_EDGE('',*,*,#6426,.F.);
#9435=ORIENTED_EDGE('',*,*,#7032,.F.);
#9436=ORIENTED_EDGE('',*,*,#6422,.F.);
#9437=ORIENTED_EDGE('',*,*,#7038,.F.);
#9438=ORIENTED_EDGE('',*,*,#6591,.T.);
#9439=ORIENTED_EDGE('',*,*,#7042,.F.);
#9440=ORIENTED_EDGE('',*,*,#6603,.T.);
#9441=ORIENTED_EDGE('',*,*,#7044,.F.);
#9442=ORIENTED_EDGE('',*,*,#6434,.F.);
#9443=ORIENTED_EDGE('',*,*,#7040,.F.);
#9444=ORIENTED_EDGE('',*,*,#6430,.F.);
#9445=ORIENTED_EDGE('',*,*,#7046,.F.);
#9446=ORIENTED_EDGE('',*,*,#6599,.T.);
#9447=ORIENTED_EDGE('',*,*,#7050,.F.);
#9448=ORIENTED_EDGE('',*,*,#6611,.T.);
#9449=ORIENTED_EDGE('',*,*,#7052,.F.);
#9450=ORIENTED_EDGE('',*,*,#6442,.F.);
#9451=ORIENTED_EDGE('',*,*,#7048,.F.);
#9452=ORIENTED_EDGE('',*,*,#6438,.F.);
#9453=ORIENTED_EDGE('',*,*,#7054,.F.);
#9454=ORIENTED_EDGE('',*,*,#6607,.T.);
#9455=ORIENTED_EDGE('',*,*,#7058,.F.);
#9456=ORIENTED_EDGE('',*,*,#6619,.T.);
#9457=ORIENTED_EDGE('',*,*,#7060,.F.);
#9458=ORIENTED_EDGE('',*,*,#6450,.F.);
#9459=ORIENTED_EDGE('',*,*,#7056,.F.);
#9460=ORIENTED_EDGE('',*,*,#6446,.F.);
#9461=ORIENTED_EDGE('',*,*,#7062,.F.);
#9462=ORIENTED_EDGE('',*,*,#6615,.T.);
#9463=ORIENTED_EDGE('',*,*,#7066,.F.);
#9464=ORIENTED_EDGE('',*,*,#6627,.T.);
#9465=ORIENTED_EDGE('',*,*,#7068,.F.);
#9466=ORIENTED_EDGE('',*,*,#6458,.F.);
#9467=ORIENTED_EDGE('',*,*,#7064,.F.);
#9468=ORIENTED_EDGE('',*,*,#6454,.F.);
#9469=ORIENTED_EDGE('',*,*,#7070,.F.);
#9470=ORIENTED_EDGE('',*,*,#6623,.T.);
#9471=ORIENTED_EDGE('',*,*,#7074,.F.);
#9472=ORIENTED_EDGE('',*,*,#6635,.T.);
#9473=ORIENTED_EDGE('',*,*,#7076,.F.);
#9474=ORIENTED_EDGE('',*,*,#6466,.F.);
#9475=ORIENTED_EDGE('',*,*,#7072,.F.);
#9476=ORIENTED_EDGE('',*,*,#6462,.F.);
#9477=ORIENTED_EDGE('',*,*,#7078,.F.);
#9478=ORIENTED_EDGE('',*,*,#6631,.T.);
#9479=ORIENTED_EDGE('',*,*,#7082,.F.);
#9480=ORIENTED_EDGE('',*,*,#6643,.T.);
#9481=ORIENTED_EDGE('',*,*,#7084,.F.);
#9482=ORIENTED_EDGE('',*,*,#6474,.F.);
#9483=ORIENTED_EDGE('',*,*,#7080,.F.);
#9484=ORIENTED_EDGE('',*,*,#6470,.F.);
#9485=ORIENTED_EDGE('',*,*,#7086,.F.);
#9486=ORIENTED_EDGE('',*,*,#6639,.T.);
#9487=ORIENTED_EDGE('',*,*,#7090,.F.);
#9488=ORIENTED_EDGE('',*,*,#6651,.T.);
#9489=ORIENTED_EDGE('',*,*,#7092,.F.);
#9490=ORIENTED_EDGE('',*,*,#6482,.F.);
#9491=ORIENTED_EDGE('',*,*,#7088,.F.);
#9492=ORIENTED_EDGE('',*,*,#6478,.F.);
#9493=ORIENTED_EDGE('',*,*,#7094,.F.);
#9494=ORIENTED_EDGE('',*,*,#6647,.T.);
#9495=ORIENTED_EDGE('',*,*,#7098,.F.);
#9496=ORIENTED_EDGE('',*,*,#6659,.T.);
#9497=ORIENTED_EDGE('',*,*,#7100,.F.);
#9498=ORIENTED_EDGE('',*,*,#6490,.F.);
#9499=ORIENTED_EDGE('',*,*,#7096,.F.);
#9500=ORIENTED_EDGE('',*,*,#6486,.F.);
#9501=ORIENTED_EDGE('',*,*,#7102,.F.);
#9502=ORIENTED_EDGE('',*,*,#6655,.T.);
#9503=ORIENTED_EDGE('',*,*,#7002,.F.);
#9504=ORIENTED_EDGE('',*,*,#6563,.T.);
#9505=ORIENTED_EDGE('',*,*,#7004,.F.);
#9506=ORIENTED_EDGE('',*,*,#6394,.F.);
#9507=ORIENTED_EDGE('',*,*,#6782,.T.);
#9508=ORIENTED_EDGE('',*,*,#7111,.T.);
#9509=ORIENTED_EDGE('',*,*,#6067,.T.);
#9510=ORIENTED_EDGE('',*,*,#7112,.T.);
#9511=ORIENTED_EDGE('',*,*,#7111,.F.);
#9512=ORIENTED_EDGE('',*,*,#6781,.T.);
#9513=ORIENTED_EDGE('',*,*,#7113,.F.);
#9514=ORIENTED_EDGE('',*,*,#6068,.F.);
#9515=ORIENTED_EDGE('',*,*,#6069,.T.);
#9516=ORIENTED_EDGE('',*,*,#7113,.T.);
#9517=ORIENTED_EDGE('',*,*,#6780,.T.);
#9518=ORIENTED_EDGE('',*,*,#7114,.T.);
#9519=ORIENTED_EDGE('',*,*,#6778,.T.);
#9520=ORIENTED_EDGE('',*,*,#7115,.T.);
#9521=ORIENTED_EDGE('',*,*,#6063,.T.);
#9522=ORIENTED_EDGE('',*,*,#7116,.T.);
#9523=ORIENTED_EDGE('',*,*,#7115,.F.);
#9524=ORIENTED_EDGE('',*,*,#6777,.T.);
#9525=ORIENTED_EDGE('',*,*,#7117,.F.);
#9526=ORIENTED_EDGE('',*,*,#6064,.F.);
#9527=ORIENTED_EDGE('',*,*,#6065,.T.);
#9528=ORIENTED_EDGE('',*,*,#7117,.T.);
#9529=ORIENTED_EDGE('',*,*,#6776,.T.);
#9530=ORIENTED_EDGE('',*,*,#7118,.T.);
#9531=ORIENTED_EDGE('',*,*,#6774,.T.);
#9532=ORIENTED_EDGE('',*,*,#7119,.T.);
#9533=ORIENTED_EDGE('',*,*,#6075,.T.);
#9534=ORIENTED_EDGE('',*,*,#7120,.T.);
#9535=ORIENTED_EDGE('',*,*,#7119,.F.);
#9536=ORIENTED_EDGE('',*,*,#6773,.T.);
#9537=ORIENTED_EDGE('',*,*,#7121,.F.);
#9538=ORIENTED_EDGE('',*,*,#6076,.F.);
#9539=ORIENTED_EDGE('',*,*,#6077,.T.);
#9540=ORIENTED_EDGE('',*,*,#7121,.T.);
#9541=ORIENTED_EDGE('',*,*,#6772,.T.);
#9542=ORIENTED_EDGE('',*,*,#7122,.T.);
#9543=ORIENTED_EDGE('',*,*,#6770,.T.);
#9544=ORIENTED_EDGE('',*,*,#7123,.T.);
#9545=ORIENTED_EDGE('',*,*,#6071,.T.);
#9546=ORIENTED_EDGE('',*,*,#7124,.T.);
#9547=ORIENTED_EDGE('',*,*,#7123,.F.);
#9548=ORIENTED_EDGE('',*,*,#6769,.T.);
#9549=ORIENTED_EDGE('',*,*,#7125,.F.);
#9550=ORIENTED_EDGE('',*,*,#6072,.F.);
#9551=ORIENTED_EDGE('',*,*,#6073,.T.);
#9552=ORIENTED_EDGE('',*,*,#7125,.T.);
#9553=ORIENTED_EDGE('',*,*,#6768,.T.);
#9554=ORIENTED_EDGE('',*,*,#7126,.T.);
#9555=ORIENTED_EDGE('',*,*,#6766,.T.);
#9556=ORIENTED_EDGE('',*,*,#7127,.T.);
#9557=ORIENTED_EDGE('',*,*,#6083,.T.);
#9558=ORIENTED_EDGE('',*,*,#7128,.T.);
#9559=ORIENTED_EDGE('',*,*,#7127,.F.);
#9560=ORIENTED_EDGE('',*,*,#6765,.T.);
#9561=ORIENTED_EDGE('',*,*,#7129,.F.);
#9562=ORIENTED_EDGE('',*,*,#6084,.F.);
#9563=ORIENTED_EDGE('',*,*,#6085,.T.);
#9564=ORIENTED_EDGE('',*,*,#7129,.T.);
#9565=ORIENTED_EDGE('',*,*,#6764,.T.);
#9566=ORIENTED_EDGE('',*,*,#7130,.T.);
#9567=ORIENTED_EDGE('',*,*,#6762,.T.);
#9568=ORIENTED_EDGE('',*,*,#7131,.T.);
#9569=ORIENTED_EDGE('',*,*,#6079,.T.);
#9570=ORIENTED_EDGE('',*,*,#7132,.T.);
#9571=ORIENTED_EDGE('',*,*,#7131,.F.);
#9572=ORIENTED_EDGE('',*,*,#6761,.T.);
#9573=ORIENTED_EDGE('',*,*,#7133,.F.);
#9574=ORIENTED_EDGE('',*,*,#6080,.F.);
#9575=ORIENTED_EDGE('',*,*,#6081,.T.);
#9576=ORIENTED_EDGE('',*,*,#7133,.T.);
#9577=ORIENTED_EDGE('',*,*,#6760,.T.);
#9578=ORIENTED_EDGE('',*,*,#7134,.T.);
#9579=ORIENTED_EDGE('',*,*,#6758,.T.);
#9580=ORIENTED_EDGE('',*,*,#7135,.T.);
#9581=ORIENTED_EDGE('',*,*,#6091,.T.);
#9582=ORIENTED_EDGE('',*,*,#7136,.T.);
#9583=ORIENTED_EDGE('',*,*,#7135,.F.);
#9584=ORIENTED_EDGE('',*,*,#6757,.T.);
#9585=ORIENTED_EDGE('',*,*,#7137,.F.);
#9586=ORIENTED_EDGE('',*,*,#6092,.F.);
#9587=ORIENTED_EDGE('',*,*,#6093,.T.);
#9588=ORIENTED_EDGE('',*,*,#7137,.T.);
#9589=ORIENTED_EDGE('',*,*,#6756,.T.);
#9590=ORIENTED_EDGE('',*,*,#7138,.T.);
#9591=ORIENTED_EDGE('',*,*,#6754,.T.);
#9592=ORIENTED_EDGE('',*,*,#7139,.T.);
#9593=ORIENTED_EDGE('',*,*,#6087,.T.);
#9594=ORIENTED_EDGE('',*,*,#7140,.T.);
#9595=ORIENTED_EDGE('',*,*,#7139,.F.);
#9596=ORIENTED_EDGE('',*,*,#6753,.T.);
#9597=ORIENTED_EDGE('',*,*,#7141,.F.);
#9598=ORIENTED_EDGE('',*,*,#6088,.F.);
#9599=ORIENTED_EDGE('',*,*,#6089,.T.);
#9600=ORIENTED_EDGE('',*,*,#7141,.T.);
#9601=ORIENTED_EDGE('',*,*,#6752,.T.);
#9602=ORIENTED_EDGE('',*,*,#7142,.T.);
#9603=ORIENTED_EDGE('',*,*,#6750,.T.);
#9604=ORIENTED_EDGE('',*,*,#7143,.T.);
#9605=ORIENTED_EDGE('',*,*,#6099,.T.);
#9606=ORIENTED_EDGE('',*,*,#7144,.T.);
#9607=ORIENTED_EDGE('',*,*,#7143,.F.);
#9608=ORIENTED_EDGE('',*,*,#6749,.T.);
#9609=ORIENTED_EDGE('',*,*,#7145,.F.);
#9610=ORIENTED_EDGE('',*,*,#6100,.F.);
#9611=ORIENTED_EDGE('',*,*,#6101,.T.);
#9612=ORIENTED_EDGE('',*,*,#7145,.T.);
#9613=ORIENTED_EDGE('',*,*,#6748,.T.);
#9614=ORIENTED_EDGE('',*,*,#7146,.T.);
#9615=ORIENTED_EDGE('',*,*,#6746,.T.);
#9616=ORIENTED_EDGE('',*,*,#7147,.T.);
#9617=ORIENTED_EDGE('',*,*,#6095,.T.);
#9618=ORIENTED_EDGE('',*,*,#7148,.T.);
#9619=ORIENTED_EDGE('',*,*,#7147,.F.);
#9620=ORIENTED_EDGE('',*,*,#6745,.T.);
#9621=ORIENTED_EDGE('',*,*,#7149,.F.);
#9622=ORIENTED_EDGE('',*,*,#6096,.F.);
#9623=ORIENTED_EDGE('',*,*,#6097,.T.);
#9624=ORIENTED_EDGE('',*,*,#7149,.T.);
#9625=ORIENTED_EDGE('',*,*,#6744,.T.);
#9626=ORIENTED_EDGE('',*,*,#7150,.T.);
#9627=ORIENTED_EDGE('',*,*,#6742,.T.);
#9628=ORIENTED_EDGE('',*,*,#7151,.T.);
#9629=ORIENTED_EDGE('',*,*,#6107,.T.);
#9630=ORIENTED_EDGE('',*,*,#7152,.T.);
#9631=ORIENTED_EDGE('',*,*,#7151,.F.);
#9632=ORIENTED_EDGE('',*,*,#6741,.T.);
#9633=ORIENTED_EDGE('',*,*,#7153,.F.);
#9634=ORIENTED_EDGE('',*,*,#6108,.F.);
#9635=ORIENTED_EDGE('',*,*,#6109,.T.);
#9636=ORIENTED_EDGE('',*,*,#7153,.T.);
#9637=ORIENTED_EDGE('',*,*,#6740,.T.);
#9638=ORIENTED_EDGE('',*,*,#7154,.T.);
#9639=ORIENTED_EDGE('',*,*,#6738,.T.);
#9640=ORIENTED_EDGE('',*,*,#7155,.T.);
#9641=ORIENTED_EDGE('',*,*,#6103,.T.);
#9642=ORIENTED_EDGE('',*,*,#7156,.T.);
#9643=ORIENTED_EDGE('',*,*,#7155,.F.);
#9644=ORIENTED_EDGE('',*,*,#6737,.T.);
#9645=ORIENTED_EDGE('',*,*,#7157,.F.);
#9646=ORIENTED_EDGE('',*,*,#6104,.F.);
#9647=ORIENTED_EDGE('',*,*,#6105,.T.);
#9648=ORIENTED_EDGE('',*,*,#7157,.T.);
#9649=ORIENTED_EDGE('',*,*,#6736,.T.);
#9650=ORIENTED_EDGE('',*,*,#7158,.T.);
#9651=ORIENTED_EDGE('',*,*,#6734,.T.);
#9652=ORIENTED_EDGE('',*,*,#7159,.T.);
#9653=ORIENTED_EDGE('',*,*,#6115,.T.);
#9654=ORIENTED_EDGE('',*,*,#7160,.T.);
#9655=ORIENTED_EDGE('',*,*,#7159,.F.);
#9656=ORIENTED_EDGE('',*,*,#6733,.T.);
#9657=ORIENTED_EDGE('',*,*,#7161,.F.);
#9658=ORIENTED_EDGE('',*,*,#6116,.F.);
#9659=ORIENTED_EDGE('',*,*,#6117,.T.);
#9660=ORIENTED_EDGE('',*,*,#7161,.T.);
#9661=ORIENTED_EDGE('',*,*,#6732,.T.);
#9662=ORIENTED_EDGE('',*,*,#7162,.T.);
#9663=ORIENTED_EDGE('',*,*,#6730,.T.);
#9664=ORIENTED_EDGE('',*,*,#7163,.T.);
#9665=ORIENTED_EDGE('',*,*,#6111,.T.);
#9666=ORIENTED_EDGE('',*,*,#7164,.T.);
#9667=ORIENTED_EDGE('',*,*,#7163,.F.);
#9668=ORIENTED_EDGE('',*,*,#6729,.T.);
#9669=ORIENTED_EDGE('',*,*,#7165,.F.);
#9670=ORIENTED_EDGE('',*,*,#6112,.F.);
#9671=ORIENTED_EDGE('',*,*,#6113,.T.);
#9672=ORIENTED_EDGE('',*,*,#7165,.T.);
#9673=ORIENTED_EDGE('',*,*,#6728,.T.);
#9674=ORIENTED_EDGE('',*,*,#7166,.T.);
#9675=ORIENTED_EDGE('',*,*,#6726,.T.);
#9676=ORIENTED_EDGE('',*,*,#7167,.T.);
#9677=ORIENTED_EDGE('',*,*,#6123,.T.);
#9678=ORIENTED_EDGE('',*,*,#7168,.T.);
#9679=ORIENTED_EDGE('',*,*,#7167,.F.);
#9680=ORIENTED_EDGE('',*,*,#6725,.T.);
#9681=ORIENTED_EDGE('',*,*,#7169,.F.);
#9682=ORIENTED_EDGE('',*,*,#6124,.F.);
#9683=ORIENTED_EDGE('',*,*,#6125,.T.);
#9684=ORIENTED_EDGE('',*,*,#7169,.T.);
#9685=ORIENTED_EDGE('',*,*,#6724,.T.);
#9686=ORIENTED_EDGE('',*,*,#7170,.T.);
#9687=ORIENTED_EDGE('',*,*,#6722,.T.);
#9688=ORIENTED_EDGE('',*,*,#7171,.T.);
#9689=ORIENTED_EDGE('',*,*,#6119,.T.);
#9690=ORIENTED_EDGE('',*,*,#7172,.T.);
#9691=ORIENTED_EDGE('',*,*,#7171,.F.);
#9692=ORIENTED_EDGE('',*,*,#6721,.T.);
#9693=ORIENTED_EDGE('',*,*,#7173,.F.);
#9694=ORIENTED_EDGE('',*,*,#6120,.F.);
#9695=ORIENTED_EDGE('',*,*,#6121,.T.);
#9696=ORIENTED_EDGE('',*,*,#7173,.T.);
#9697=ORIENTED_EDGE('',*,*,#6720,.T.);
#9698=ORIENTED_EDGE('',*,*,#7174,.T.);
#9699=ORIENTED_EDGE('',*,*,#6718,.T.);
#9700=ORIENTED_EDGE('',*,*,#7175,.T.);
#9701=ORIENTED_EDGE('',*,*,#6131,.T.);
#9702=ORIENTED_EDGE('',*,*,#7176,.T.);
#9703=ORIENTED_EDGE('',*,*,#7175,.F.);
#9704=ORIENTED_EDGE('',*,*,#6717,.T.);
#9705=ORIENTED_EDGE('',*,*,#7177,.F.);
#9706=ORIENTED_EDGE('',*,*,#6132,.F.);
#9707=ORIENTED_EDGE('',*,*,#6133,.T.);
#9708=ORIENTED_EDGE('',*,*,#7177,.T.);
#9709=ORIENTED_EDGE('',*,*,#6716,.T.);
#9710=ORIENTED_EDGE('',*,*,#7178,.T.);
#9711=ORIENTED_EDGE('',*,*,#6714,.T.);
#9712=ORIENTED_EDGE('',*,*,#7179,.T.);
#9713=ORIENTED_EDGE('',*,*,#6127,.T.);
#9714=ORIENTED_EDGE('',*,*,#7180,.T.);
#9715=ORIENTED_EDGE('',*,*,#7179,.F.);
#9716=ORIENTED_EDGE('',*,*,#6713,.T.);
#9717=ORIENTED_EDGE('',*,*,#7181,.F.);
#9718=ORIENTED_EDGE('',*,*,#6128,.F.);
#9719=ORIENTED_EDGE('',*,*,#6129,.T.);
#9720=ORIENTED_EDGE('',*,*,#7181,.T.);
#9721=ORIENTED_EDGE('',*,*,#6712,.T.);
#9722=ORIENTED_EDGE('',*,*,#7182,.T.);
#9723=ORIENTED_EDGE('',*,*,#6710,.T.);
#9724=ORIENTED_EDGE('',*,*,#7183,.T.);
#9725=ORIENTED_EDGE('',*,*,#6139,.T.);
#9726=ORIENTED_EDGE('',*,*,#7184,.T.);
#9727=ORIENTED_EDGE('',*,*,#7183,.F.);
#9728=ORIENTED_EDGE('',*,*,#6709,.T.);
#9729=ORIENTED_EDGE('',*,*,#7185,.F.);
#9730=ORIENTED_EDGE('',*,*,#6140,.F.);
#9731=ORIENTED_EDGE('',*,*,#6141,.T.);
#9732=ORIENTED_EDGE('',*,*,#7185,.T.);
#9733=ORIENTED_EDGE('',*,*,#6708,.T.);
#9734=ORIENTED_EDGE('',*,*,#7186,.T.);
#9735=ORIENTED_EDGE('',*,*,#6706,.T.);
#9736=ORIENTED_EDGE('',*,*,#7187,.T.);
#9737=ORIENTED_EDGE('',*,*,#6135,.T.);
#9738=ORIENTED_EDGE('',*,*,#7188,.T.);
#9739=ORIENTED_EDGE('',*,*,#7187,.F.);
#9740=ORIENTED_EDGE('',*,*,#6705,.T.);
#9741=ORIENTED_EDGE('',*,*,#7189,.F.);
#9742=ORIENTED_EDGE('',*,*,#6136,.F.);
#9743=ORIENTED_EDGE('',*,*,#6137,.T.);
#9744=ORIENTED_EDGE('',*,*,#7189,.T.);
#9745=ORIENTED_EDGE('',*,*,#6704,.T.);
#9746=ORIENTED_EDGE('',*,*,#7190,.T.);
#9747=ORIENTED_EDGE('',*,*,#6702,.T.);
#9748=ORIENTED_EDGE('',*,*,#7191,.T.);
#9749=ORIENTED_EDGE('',*,*,#6147,.T.);
#9750=ORIENTED_EDGE('',*,*,#7192,.T.);
#9751=ORIENTED_EDGE('',*,*,#7191,.F.);
#9752=ORIENTED_EDGE('',*,*,#6701,.T.);
#9753=ORIENTED_EDGE('',*,*,#7193,.F.);
#9754=ORIENTED_EDGE('',*,*,#6148,.F.);
#9755=ORIENTED_EDGE('',*,*,#6149,.T.);
#9756=ORIENTED_EDGE('',*,*,#7193,.T.);
#9757=ORIENTED_EDGE('',*,*,#6700,.T.);
#9758=ORIENTED_EDGE('',*,*,#7194,.T.);
#9759=ORIENTED_EDGE('',*,*,#6698,.T.);
#9760=ORIENTED_EDGE('',*,*,#7195,.T.);
#9761=ORIENTED_EDGE('',*,*,#6143,.T.);
#9762=ORIENTED_EDGE('',*,*,#7196,.T.);
#9763=ORIENTED_EDGE('',*,*,#7195,.F.);
#9764=ORIENTED_EDGE('',*,*,#6697,.T.);
#9765=ORIENTED_EDGE('',*,*,#7197,.F.);
#9766=ORIENTED_EDGE('',*,*,#6144,.F.);
#9767=ORIENTED_EDGE('',*,*,#6145,.T.);
#9768=ORIENTED_EDGE('',*,*,#7197,.T.);
#9769=ORIENTED_EDGE('',*,*,#6696,.T.);
#9770=ORIENTED_EDGE('',*,*,#7198,.T.);
#9771=ORIENTED_EDGE('',*,*,#6686,.T.);
#9772=ORIENTED_EDGE('',*,*,#7199,.T.);
#9773=ORIENTED_EDGE('',*,*,#6155,.T.);
#9774=ORIENTED_EDGE('',*,*,#7200,.T.);
#9775=ORIENTED_EDGE('',*,*,#7199,.F.);
#9776=ORIENTED_EDGE('',*,*,#6685,.T.);
#9777=ORIENTED_EDGE('',*,*,#7201,.F.);
#9778=ORIENTED_EDGE('',*,*,#6156,.F.);
#9779=ORIENTED_EDGE('',*,*,#6157,.T.);
#9780=ORIENTED_EDGE('',*,*,#7201,.T.);
#9781=ORIENTED_EDGE('',*,*,#6684,.T.);
#9782=ORIENTED_EDGE('',*,*,#7202,.T.);
#9783=ORIENTED_EDGE('',*,*,#6682,.T.);
#9784=ORIENTED_EDGE('',*,*,#7203,.T.);
#9785=ORIENTED_EDGE('',*,*,#6151,.T.);
#9786=ORIENTED_EDGE('',*,*,#7204,.T.);
#9787=ORIENTED_EDGE('',*,*,#7203,.F.);
#9788=ORIENTED_EDGE('',*,*,#6681,.T.);
#9789=ORIENTED_EDGE('',*,*,#7205,.F.);
#9790=ORIENTED_EDGE('',*,*,#6152,.F.);
#9791=ORIENTED_EDGE('',*,*,#6153,.T.);
#9792=ORIENTED_EDGE('',*,*,#7205,.T.);
#9793=ORIENTED_EDGE('',*,*,#6680,.T.);
#9794=ORIENTED_EDGE('',*,*,#7206,.T.);
#9795=ORIENTED_EDGE('',*,*,#6159,.T.);
#9796=ORIENTED_EDGE('',*,*,#7207,.T.);
#9797=ORIENTED_EDGE('',*,*,#6675,.T.);
#9798=ORIENTED_EDGE('',*,*,#7208,.T.);
#9799=ORIENTED_EDGE('',*,*,#7207,.F.);
#9800=ORIENTED_EDGE('',*,*,#6158,.F.);
#9801=ORIENTED_EDGE('',*,*,#7209,.F.);
#9802=ORIENTED_EDGE('',*,*,#6676,.T.);
#9803=ORIENTED_EDGE('',*,*,#6673,.T.);
#9804=ORIENTED_EDGE('',*,*,#7210,.T.);
#9805=ORIENTED_EDGE('',*,*,#6161,.T.);
#9806=ORIENTED_EDGE('',*,*,#7211,.T.);
#9807=ORIENTED_EDGE('',*,*,#7210,.F.);
#9808=ORIENTED_EDGE('',*,*,#6672,.T.);
#9809=ORIENTED_EDGE('',*,*,#7212,.F.);
#9810=ORIENTED_EDGE('',*,*,#6162,.F.);
#9811=ORIENTED_EDGE('',*,*,#6671,.T.);
#9812=ORIENTED_EDGE('',*,*,#7213,.T.);
#9813=ORIENTED_EDGE('',*,*,#6163,.T.);
#9814=ORIENTED_EDGE('',*,*,#7212,.T.);
#9815=ORIENTED_EDGE('',*,*,#7213,.F.);
#9816=ORIENTED_EDGE('',*,*,#6678,.T.);
#9817=ORIENTED_EDGE('',*,*,#7214,.F.);
#9818=ORIENTED_EDGE('',*,*,#6164,.F.);
#9819=ORIENTED_EDGE('',*,*,#6677,.T.);
#9820=ORIENTED_EDGE('',*,*,#7209,.T.);
#9821=ORIENTED_EDGE('',*,*,#6165,.T.);
#9822=ORIENTED_EDGE('',*,*,#7214,.T.);
#9823=ORIENTED_EDGE('',*,*,#7114,.F.);
#9824=ORIENTED_EDGE('',*,*,#6779,.T.);
#9825=ORIENTED_EDGE('',*,*,#7116,.F.);
#9826=ORIENTED_EDGE('',*,*,#6062,.F.);
#9827=ORIENTED_EDGE('',*,*,#7200,.F.);
#9828=ORIENTED_EDGE('',*,*,#6154,.F.);
#9829=ORIENTED_EDGE('',*,*,#7206,.F.);
#9830=ORIENTED_EDGE('',*,*,#6679,.T.);
#9831=ORIENTED_EDGE('',*,*,#7112,.F.);
#9832=ORIENTED_EDGE('',*,*,#6066,.F.);
#9833=ORIENTED_EDGE('',*,*,#7118,.F.);
#9834=ORIENTED_EDGE('',*,*,#6775,.T.);
#9835=ORIENTED_EDGE('',*,*,#7122,.F.);
#9836=ORIENTED_EDGE('',*,*,#6771,.T.);
#9837=ORIENTED_EDGE('',*,*,#7124,.F.);
#9838=ORIENTED_EDGE('',*,*,#6070,.F.);
#9839=ORIENTED_EDGE('',*,*,#7120,.F.);
#9840=ORIENTED_EDGE('',*,*,#6074,.F.);
#9841=ORIENTED_EDGE('',*,*,#7126,.F.);
#9842=ORIENTED_EDGE('',*,*,#6767,.T.);
#9843=ORIENTED_EDGE('',*,*,#7130,.F.);
#9844=ORIENTED_EDGE('',*,*,#6763,.T.);
#9845=ORIENTED_EDGE('',*,*,#7132,.F.);
#9846=ORIENTED_EDGE('',*,*,#6078,.F.);
#9847=ORIENTED_EDGE('',*,*,#7128,.F.);
#9848=ORIENTED_EDGE('',*,*,#6082,.F.);
#9849=ORIENTED_EDGE('',*,*,#7134,.F.);
#9850=ORIENTED_EDGE('',*,*,#6759,.T.);
#9851=ORIENTED_EDGE('',*,*,#7138,.F.);
#9852=ORIENTED_EDGE('',*,*,#6755,.T.);
#9853=ORIENTED_EDGE('',*,*,#7140,.F.);
#9854=ORIENTED_EDGE('',*,*,#6086,.F.);
#9855=ORIENTED_EDGE('',*,*,#7136,.F.);
#9856=ORIENTED_EDGE('',*,*,#6090,.F.);
#9857=ORIENTED_EDGE('',*,*,#7142,.F.);
#9858=ORIENTED_EDGE('',*,*,#6751,.T.);
#9859=ORIENTED_EDGE('',*,*,#7146,.F.);
#9860=ORIENTED_EDGE('',*,*,#6747,.T.);
#9861=ORIENTED_EDGE('',*,*,#7148,.F.);
#9862=ORIENTED_EDGE('',*,*,#6094,.F.);
#9863=ORIENTED_EDGE('',*,*,#7144,.F.);
#9864=ORIENTED_EDGE('',*,*,#6098,.F.);
#9865=ORIENTED_EDGE('',*,*,#7150,.F.);
#9866=ORIENTED_EDGE('',*,*,#6743,.T.);
#9867=ORIENTED_EDGE('',*,*,#7154,.F.);
#9868=ORIENTED_EDGE('',*,*,#6739,.T.);
#9869=ORIENTED_EDGE('',*,*,#7156,.F.);
#9870=ORIENTED_EDGE('',*,*,#6102,.F.);
#9871=ORIENTED_EDGE('',*,*,#7152,.F.);
#9872=ORIENTED_EDGE('',*,*,#6106,.F.);
#9873=ORIENTED_EDGE('',*,*,#7158,.F.);
#9874=ORIENTED_EDGE('',*,*,#6735,.T.);
#9875=ORIENTED_EDGE('',*,*,#7162,.F.);
#9876=ORIENTED_EDGE('',*,*,#6731,.T.);
#9877=ORIENTED_EDGE('',*,*,#7164,.F.);
#9878=ORIENTED_EDGE('',*,*,#6110,.F.);
#9879=ORIENTED_EDGE('',*,*,#7160,.F.);
#9880=ORIENTED_EDGE('',*,*,#6114,.F.);
#9881=ORIENTED_EDGE('',*,*,#7166,.F.);
#9882=ORIENTED_EDGE('',*,*,#6727,.T.);
#9883=ORIENTED_EDGE('',*,*,#7170,.F.);
#9884=ORIENTED_EDGE('',*,*,#6723,.T.);
#9885=ORIENTED_EDGE('',*,*,#7172,.F.);
#9886=ORIENTED_EDGE('',*,*,#6118,.F.);
#9887=ORIENTED_EDGE('',*,*,#7168,.F.);
#9888=ORIENTED_EDGE('',*,*,#6122,.F.);
#9889=ORIENTED_EDGE('',*,*,#7174,.F.);
#9890=ORIENTED_EDGE('',*,*,#6719,.T.);
#9891=ORIENTED_EDGE('',*,*,#7178,.F.);
#9892=ORIENTED_EDGE('',*,*,#6715,.T.);
#9893=ORIENTED_EDGE('',*,*,#7180,.F.);
#9894=ORIENTED_EDGE('',*,*,#6126,.F.);
#9895=ORIENTED_EDGE('',*,*,#7176,.F.);
#9896=ORIENTED_EDGE('',*,*,#6130,.F.);
#9897=ORIENTED_EDGE('',*,*,#7182,.F.);
#9898=ORIENTED_EDGE('',*,*,#6711,.T.);
#9899=ORIENTED_EDGE('',*,*,#7186,.F.);
#9900=ORIENTED_EDGE('',*,*,#6707,.T.);
#9901=ORIENTED_EDGE('',*,*,#7188,.F.);
#9902=ORIENTED_EDGE('',*,*,#6134,.F.);
#9903=ORIENTED_EDGE('',*,*,#7184,.F.);
#9904=ORIENTED_EDGE('',*,*,#6138,.F.);
#9905=ORIENTED_EDGE('',*,*,#7190,.F.);
#9906=ORIENTED_EDGE('',*,*,#6703,.T.);
#9907=ORIENTED_EDGE('',*,*,#7194,.F.);
#9908=ORIENTED_EDGE('',*,*,#6699,.T.);
#9909=ORIENTED_EDGE('',*,*,#7196,.F.);
#9910=ORIENTED_EDGE('',*,*,#6142,.F.);
#9911=ORIENTED_EDGE('',*,*,#7192,.F.);
#9912=ORIENTED_EDGE('',*,*,#6146,.F.);
#9913=ORIENTED_EDGE('',*,*,#7198,.F.);
#9914=ORIENTED_EDGE('',*,*,#6695,.T.);
#9915=ORIENTED_EDGE('',*,*,#7202,.F.);
#9916=ORIENTED_EDGE('',*,*,#6683,.T.);
#9917=ORIENTED_EDGE('',*,*,#7204,.F.);
#9918=ORIENTED_EDGE('',*,*,#6150,.F.);
#9919=ORIENTED_EDGE('',*,*,#6998,.T.);
#9920=ORIENTED_EDGE('',*,*,#7215,.T.);
#9921=ORIENTED_EDGE('',*,*,#6263,.T.);
#9922=ORIENTED_EDGE('',*,*,#7216,.T.);
#9923=ORIENTED_EDGE('',*,*,#7215,.F.);
#9924=ORIENTED_EDGE('',*,*,#6997,.T.);
#9925=ORIENTED_EDGE('',*,*,#7217,.F.);
#9926=ORIENTED_EDGE('',*,*,#6264,.F.);
#9927=ORIENTED_EDGE('',*,*,#6265,.T.);
#9928=ORIENTED_EDGE('',*,*,#7217,.T.);
#9929=ORIENTED_EDGE('',*,*,#6996,.T.);
#9930=ORIENTED_EDGE('',*,*,#7218,.T.);
#9931=ORIENTED_EDGE('',*,*,#6994,.T.);
#9932=ORIENTED_EDGE('',*,*,#7219,.T.);
#9933=ORIENTED_EDGE('',*,*,#6267,.T.);
#9934=ORIENTED_EDGE('',*,*,#7220,.T.);
#9935=ORIENTED_EDGE('',*,*,#7219,.F.);
#9936=ORIENTED_EDGE('',*,*,#6993,.T.);
#9937=ORIENTED_EDGE('',*,*,#7221,.F.);
#9938=ORIENTED_EDGE('',*,*,#6268,.F.);
#9939=ORIENTED_EDGE('',*,*,#6269,.T.);
#9940=ORIENTED_EDGE('',*,*,#7221,.T.);
#9941=ORIENTED_EDGE('',*,*,#6992,.T.);
#9942=ORIENTED_EDGE('',*,*,#7222,.T.);
#9943=ORIENTED_EDGE('',*,*,#6990,.T.);
#9944=ORIENTED_EDGE('',*,*,#7223,.T.);
#9945=ORIENTED_EDGE('',*,*,#6255,.T.);
#9946=ORIENTED_EDGE('',*,*,#7224,.T.);
#9947=ORIENTED_EDGE('',*,*,#7223,.F.);
#9948=ORIENTED_EDGE('',*,*,#6989,.T.);
#9949=ORIENTED_EDGE('',*,*,#7225,.F.);
#9950=ORIENTED_EDGE('',*,*,#6256,.F.);
#9951=ORIENTED_EDGE('',*,*,#6257,.T.);
#9952=ORIENTED_EDGE('',*,*,#7225,.T.);
#9953=ORIENTED_EDGE('',*,*,#6988,.T.);
#9954=ORIENTED_EDGE('',*,*,#7226,.T.);
#9955=ORIENTED_EDGE('',*,*,#6986,.T.);
#9956=ORIENTED_EDGE('',*,*,#7227,.T.);
#9957=ORIENTED_EDGE('',*,*,#6259,.T.);
#9958=ORIENTED_EDGE('',*,*,#7228,.T.);
#9959=ORIENTED_EDGE('',*,*,#7227,.F.);
#9960=ORIENTED_EDGE('',*,*,#6985,.T.);
#9961=ORIENTED_EDGE('',*,*,#7229,.F.);
#9962=ORIENTED_EDGE('',*,*,#6260,.F.);
#9963=ORIENTED_EDGE('',*,*,#6261,.T.);
#9964=ORIENTED_EDGE('',*,*,#7229,.T.);
#9965=ORIENTED_EDGE('',*,*,#6984,.T.);
#9966=ORIENTED_EDGE('',*,*,#7230,.T.);
#9967=ORIENTED_EDGE('',*,*,#6982,.T.);
#9968=ORIENTED_EDGE('',*,*,#7231,.T.);
#9969=ORIENTED_EDGE('',*,*,#6247,.T.);
#9970=ORIENTED_EDGE('',*,*,#7232,.T.);
#9971=ORIENTED_EDGE('',*,*,#7231,.F.);
#9972=ORIENTED_EDGE('',*,*,#6981,.T.);
#9973=ORIENTED_EDGE('',*,*,#7233,.F.);
#9974=ORIENTED_EDGE('',*,*,#6248,.F.);
#9975=ORIENTED_EDGE('',*,*,#6249,.T.);
#9976=ORIENTED_EDGE('',*,*,#7233,.T.);
#9977=ORIENTED_EDGE('',*,*,#6980,.T.);
#9978=ORIENTED_EDGE('',*,*,#7234,.T.);
#9979=ORIENTED_EDGE('',*,*,#6978,.T.);
#9980=ORIENTED_EDGE('',*,*,#7235,.T.);
#9981=ORIENTED_EDGE('',*,*,#6251,.T.);
#9982=ORIENTED_EDGE('',*,*,#7236,.T.);
#9983=ORIENTED_EDGE('',*,*,#7235,.F.);
#9984=ORIENTED_EDGE('',*,*,#6977,.T.);
#9985=ORIENTED_EDGE('',*,*,#7237,.F.);
#9986=ORIENTED_EDGE('',*,*,#6252,.F.);
#9987=ORIENTED_EDGE('',*,*,#6253,.T.);
#9988=ORIENTED_EDGE('',*,*,#7237,.T.);
#9989=ORIENTED_EDGE('',*,*,#6976,.T.);
#9990=ORIENTED_EDGE('',*,*,#7238,.T.);
#9991=ORIENTED_EDGE('',*,*,#6974,.T.);
#9992=ORIENTED_EDGE('',*,*,#7239,.T.);
#9993=ORIENTED_EDGE('',*,*,#6239,.T.);
#9994=ORIENTED_EDGE('',*,*,#7240,.T.);
#9995=ORIENTED_EDGE('',*,*,#7239,.F.);
#9996=ORIENTED_EDGE('',*,*,#6973,.T.);
#9997=ORIENTED_EDGE('',*,*,#7241,.F.);
#9998=ORIENTED_EDGE('',*,*,#6240,.F.);
#9999=ORIENTED_EDGE('',*,*,#6241,.T.);
#10000=ORIENTED_EDGE('',*,*,#7241,.T.);
#10001=ORIENTED_EDGE('',*,*,#6972,.T.);
#10002=ORIENTED_EDGE('',*,*,#7242,.T.);
#10003=ORIENTED_EDGE('',*,*,#6970,.T.);
#10004=ORIENTED_EDGE('',*,*,#7243,.T.);
#10005=ORIENTED_EDGE('',*,*,#6243,.T.);
#10006=ORIENTED_EDGE('',*,*,#7244,.T.);
#10007=ORIENTED_EDGE('',*,*,#7243,.F.);
#10008=ORIENTED_EDGE('',*,*,#6969,.T.);
#10009=ORIENTED_EDGE('',*,*,#7245,.F.);
#10010=ORIENTED_EDGE('',*,*,#6244,.F.);
#10011=ORIENTED_EDGE('',*,*,#6245,.T.);
#10012=ORIENTED_EDGE('',*,*,#7245,.T.);
#10013=ORIENTED_EDGE('',*,*,#6968,.T.);
#10014=ORIENTED_EDGE('',*,*,#7246,.T.);
#10015=ORIENTED_EDGE('',*,*,#6966,.T.);
#10016=ORIENTED_EDGE('',*,*,#7247,.T.);
#10017=ORIENTED_EDGE('',*,*,#6231,.T.);
#10018=ORIENTED_EDGE('',*,*,#7248,.T.);
#10019=ORIENTED_EDGE('',*,*,#7247,.F.);
#10020=ORIENTED_EDGE('',*,*,#6965,.T.);
#10021=ORIENTED_EDGE('',*,*,#7249,.F.);
#10022=ORIENTED_EDGE('',*,*,#6232,.F.);
#10023=ORIENTED_EDGE('',*,*,#6233,.T.);
#10024=ORIENTED_EDGE('',*,*,#7249,.T.);
#10025=ORIENTED_EDGE('',*,*,#6964,.T.);
#10026=ORIENTED_EDGE('',*,*,#7250,.T.);
#10027=ORIENTED_EDGE('',*,*,#6962,.T.);
#10028=ORIENTED_EDGE('',*,*,#7251,.T.);
#10029=ORIENTED_EDGE('',*,*,#6235,.T.);
#10030=ORIENTED_EDGE('',*,*,#7252,.T.);
#10031=ORIENTED_EDGE('',*,*,#7251,.F.);
#10032=ORIENTED_EDGE('',*,*,#6961,.T.);
#10033=ORIENTED_EDGE('',*,*,#7253,.F.);
#10034=ORIENTED_EDGE('',*,*,#6236,.F.);
#10035=ORIENTED_EDGE('',*,*,#6237,.T.);
#10036=ORIENTED_EDGE('',*,*,#7253,.T.);
#10037=ORIENTED_EDGE('',*,*,#6960,.T.);
#10038=ORIENTED_EDGE('',*,*,#7254,.T.);
#10039=ORIENTED_EDGE('',*,*,#6958,.T.);
#10040=ORIENTED_EDGE('',*,*,#7255,.T.);
#10041=ORIENTED_EDGE('',*,*,#6223,.T.);
#10042=ORIENTED_EDGE('',*,*,#7256,.T.);
#10043=ORIENTED_EDGE('',*,*,#7255,.F.);
#10044=ORIENTED_EDGE('',*,*,#6957,.T.);
#10045=ORIENTED_EDGE('',*,*,#7257,.F.);
#10046=ORIENTED_EDGE('',*,*,#6224,.F.);
#10047=ORIENTED_EDGE('',*,*,#6225,.T.);
#10048=ORIENTED_EDGE('',*,*,#7257,.T.);
#10049=ORIENTED_EDGE('',*,*,#6956,.T.);
#10050=ORIENTED_EDGE('',*,*,#7258,.T.);
#10051=ORIENTED_EDGE('',*,*,#6954,.T.);
#10052=ORIENTED_EDGE('',*,*,#7259,.T.);
#10053=ORIENTED_EDGE('',*,*,#6227,.T.);
#10054=ORIENTED_EDGE('',*,*,#7260,.T.);
#10055=ORIENTED_EDGE('',*,*,#7259,.F.);
#10056=ORIENTED_EDGE('',*,*,#6953,.T.);
#10057=ORIENTED_EDGE('',*,*,#7261,.F.);
#10058=ORIENTED_EDGE('',*,*,#6228,.F.);
#10059=ORIENTED_EDGE('',*,*,#6229,.T.);
#10060=ORIENTED_EDGE('',*,*,#7261,.T.);
#10061=ORIENTED_EDGE('',*,*,#6952,.T.);
#10062=ORIENTED_EDGE('',*,*,#7262,.T.);
#10063=ORIENTED_EDGE('',*,*,#6950,.T.);
#10064=ORIENTED_EDGE('',*,*,#7263,.T.);
#10065=ORIENTED_EDGE('',*,*,#6215,.T.);
#10066=ORIENTED_EDGE('',*,*,#7264,.T.);
#10067=ORIENTED_EDGE('',*,*,#7263,.F.);
#10068=ORIENTED_EDGE('',*,*,#6949,.T.);
#10069=ORIENTED_EDGE('',*,*,#7265,.F.);
#10070=ORIENTED_EDGE('',*,*,#6216,.F.);
#10071=ORIENTED_EDGE('',*,*,#6217,.T.);
#10072=ORIENTED_EDGE('',*,*,#7265,.T.);
#10073=ORIENTED_EDGE('',*,*,#6948,.T.);
#10074=ORIENTED_EDGE('',*,*,#7266,.T.);
#10075=ORIENTED_EDGE('',*,*,#6946,.T.);
#10076=ORIENTED_EDGE('',*,*,#7267,.T.);
#10077=ORIENTED_EDGE('',*,*,#6219,.T.);
#10078=ORIENTED_EDGE('',*,*,#7268,.T.);
#10079=ORIENTED_EDGE('',*,*,#7267,.F.);
#10080=ORIENTED_EDGE('',*,*,#6945,.T.);
#10081=ORIENTED_EDGE('',*,*,#7269,.F.);
#10082=ORIENTED_EDGE('',*,*,#6220,.F.);
#10083=ORIENTED_EDGE('',*,*,#6221,.T.);
#10084=ORIENTED_EDGE('',*,*,#7269,.T.);
#10085=ORIENTED_EDGE('',*,*,#6944,.T.);
#10086=ORIENTED_EDGE('',*,*,#7270,.T.);
#10087=ORIENTED_EDGE('',*,*,#6942,.T.);
#10088=ORIENTED_EDGE('',*,*,#7271,.T.);
#10089=ORIENTED_EDGE('',*,*,#6207,.T.);
#10090=ORIENTED_EDGE('',*,*,#7272,.T.);
#10091=ORIENTED_EDGE('',*,*,#7271,.F.);
#10092=ORIENTED_EDGE('',*,*,#6941,.T.);
#10093=ORIENTED_EDGE('',*,*,#7273,.F.);
#10094=ORIENTED_EDGE('',*,*,#6208,.F.);
#10095=ORIENTED_EDGE('',*,*,#6209,.T.);
#10096=ORIENTED_EDGE('',*,*,#7273,.T.);
#10097=ORIENTED_EDGE('',*,*,#6940,.T.);
#10098=ORIENTED_EDGE('',*,*,#7274,.T.);
#10099=ORIENTED_EDGE('',*,*,#6938,.T.);
#10100=ORIENTED_EDGE('',*,*,#7275,.T.);
#10101=ORIENTED_EDGE('',*,*,#6211,.T.);
#10102=ORIENTED_EDGE('',*,*,#7276,.T.);
#10103=ORIENTED_EDGE('',*,*,#7275,.F.);
#10104=ORIENTED_EDGE('',*,*,#6937,.T.);
#10105=ORIENTED_EDGE('',*,*,#7277,.F.);
#10106=ORIENTED_EDGE('',*,*,#6212,.F.);
#10107=ORIENTED_EDGE('',*,*,#6213,.T.);
#10108=ORIENTED_EDGE('',*,*,#7277,.T.);
#10109=ORIENTED_EDGE('',*,*,#6936,.T.);
#10110=ORIENTED_EDGE('',*,*,#7278,.T.);
#10111=ORIENTED_EDGE('',*,*,#6934,.T.);
#10112=ORIENTED_EDGE('',*,*,#7279,.T.);
#10113=ORIENTED_EDGE('',*,*,#6199,.T.);
#10114=ORIENTED_EDGE('',*,*,#7280,.T.);
#10115=ORIENTED_EDGE('',*,*,#7279,.F.);
#10116=ORIENTED_EDGE('',*,*,#6933,.T.);
#10117=ORIENTED_EDGE('',*,*,#7281,.F.);
#10118=ORIENTED_EDGE('',*,*,#6200,.F.);
#10119=ORIENTED_EDGE('',*,*,#6201,.T.);
#10120=ORIENTED_EDGE('',*,*,#7281,.T.);
#10121=ORIENTED_EDGE('',*,*,#6932,.T.);
#10122=ORIENTED_EDGE('',*,*,#7282,.T.);
#10123=ORIENTED_EDGE('',*,*,#6930,.T.);
#10124=ORIENTED_EDGE('',*,*,#7283,.T.);
#10125=ORIENTED_EDGE('',*,*,#6203,.T.);
#10126=ORIENTED_EDGE('',*,*,#7284,.T.);
#10127=ORIENTED_EDGE('',*,*,#7283,.F.);
#10128=ORIENTED_EDGE('',*,*,#6929,.T.);
#10129=ORIENTED_EDGE('',*,*,#7285,.F.);
#10130=ORIENTED_EDGE('',*,*,#6204,.F.);
#10131=ORIENTED_EDGE('',*,*,#6205,.T.);
#10132=ORIENTED_EDGE('',*,*,#7285,.T.);
#10133=ORIENTED_EDGE('',*,*,#6928,.T.);
#10134=ORIENTED_EDGE('',*,*,#7286,.T.);
#10135=ORIENTED_EDGE('',*,*,#6926,.T.);
#10136=ORIENTED_EDGE('',*,*,#7287,.T.);
#10137=ORIENTED_EDGE('',*,*,#6191,.T.);
#10138=ORIENTED_EDGE('',*,*,#7288,.T.);
#10139=ORIENTED_EDGE('',*,*,#7287,.F.);
#10140=ORIENTED_EDGE('',*,*,#6925,.T.);
#10141=ORIENTED_EDGE('',*,*,#7289,.F.);
#10142=ORIENTED_EDGE('',*,*,#6192,.F.);
#10143=ORIENTED_EDGE('',*,*,#6193,.T.);
#10144=ORIENTED_EDGE('',*,*,#7289,.T.);
#10145=ORIENTED_EDGE('',*,*,#6924,.T.);
#10146=ORIENTED_EDGE('',*,*,#7290,.T.);
#10147=ORIENTED_EDGE('',*,*,#6922,.T.);
#10148=ORIENTED_EDGE('',*,*,#7291,.T.);
#10149=ORIENTED_EDGE('',*,*,#6195,.T.);
#10150=ORIENTED_EDGE('',*,*,#7292,.T.);
#10151=ORIENTED_EDGE('',*,*,#7291,.F.);
#10152=ORIENTED_EDGE('',*,*,#6921,.T.);
#10153=ORIENTED_EDGE('',*,*,#7293,.F.);
#10154=ORIENTED_EDGE('',*,*,#6196,.F.);
#10155=ORIENTED_EDGE('',*,*,#6197,.T.);
#10156=ORIENTED_EDGE('',*,*,#7293,.T.);
#10157=ORIENTED_EDGE('',*,*,#6920,.T.);
#10158=ORIENTED_EDGE('',*,*,#7294,.T.);
#10159=ORIENTED_EDGE('',*,*,#6918,.T.);
#10160=ORIENTED_EDGE('',*,*,#7295,.T.);
#10161=ORIENTED_EDGE('',*,*,#6183,.T.);
#10162=ORIENTED_EDGE('',*,*,#7296,.T.);
#10163=ORIENTED_EDGE('',*,*,#7295,.F.);
#10164=ORIENTED_EDGE('',*,*,#6917,.T.);
#10165=ORIENTED_EDGE('',*,*,#7297,.F.);
#10166=ORIENTED_EDGE('',*,*,#6184,.F.);
#10167=ORIENTED_EDGE('',*,*,#6185,.T.);
#10168=ORIENTED_EDGE('',*,*,#7297,.T.);
#10169=ORIENTED_EDGE('',*,*,#6916,.T.);
#10170=ORIENTED_EDGE('',*,*,#7298,.T.);
#10171=ORIENTED_EDGE('',*,*,#6914,.T.);
#10172=ORIENTED_EDGE('',*,*,#7299,.T.);
#10173=ORIENTED_EDGE('',*,*,#6187,.T.);
#10174=ORIENTED_EDGE('',*,*,#7300,.T.);
#10175=ORIENTED_EDGE('',*,*,#7299,.F.);
#10176=ORIENTED_EDGE('',*,*,#6913,.T.);
#10177=ORIENTED_EDGE('',*,*,#7301,.F.);
#10178=ORIENTED_EDGE('',*,*,#6188,.F.);
#10179=ORIENTED_EDGE('',*,*,#6189,.T.);
#10180=ORIENTED_EDGE('',*,*,#7301,.T.);
#10181=ORIENTED_EDGE('',*,*,#6912,.T.);
#10182=ORIENTED_EDGE('',*,*,#7302,.T.);
#10183=ORIENTED_EDGE('',*,*,#6177,.T.);
#10184=ORIENTED_EDGE('',*,*,#7303,.T.);
#10185=ORIENTED_EDGE('',*,*,#6903,.T.);
#10186=ORIENTED_EDGE('',*,*,#7304,.T.);
#10187=ORIENTED_EDGE('',*,*,#7303,.F.);
#10188=ORIENTED_EDGE('',*,*,#6176,.F.);
#10189=ORIENTED_EDGE('',*,*,#7305,.F.);
#10190=ORIENTED_EDGE('',*,*,#6904,.T.);
#10191=ORIENTED_EDGE('',*,*,#6909,.T.);
#10192=ORIENTED_EDGE('',*,*,#7306,.T.);
#10193=ORIENTED_EDGE('',*,*,#6179,.T.);
#10194=ORIENTED_EDGE('',*,*,#7307,.T.);
#10195=ORIENTED_EDGE('',*,*,#7306,.F.);
#10196=ORIENTED_EDGE('',*,*,#6908,.T.);
#10197=ORIENTED_EDGE('',*,*,#7308,.F.);
#10198=ORIENTED_EDGE('',*,*,#6180,.F.);
#10199=ORIENTED_EDGE('',*,*,#6907,.T.);
#10200=ORIENTED_EDGE('',*,*,#7309,.T.);
#10201=ORIENTED_EDGE('',*,*,#6181,.T.);
#10202=ORIENTED_EDGE('',*,*,#7308,.T.);
#10203=ORIENTED_EDGE('',*,*,#7309,.F.);
#10204=ORIENTED_EDGE('',*,*,#6906,.T.);
#10205=ORIENTED_EDGE('',*,*,#7310,.F.);
#10206=ORIENTED_EDGE('',*,*,#6174,.F.);
#10207=ORIENTED_EDGE('',*,*,#6905,.T.);
#10208=ORIENTED_EDGE('',*,*,#7305,.T.);
#10209=ORIENTED_EDGE('',*,*,#6175,.T.);
#10210=ORIENTED_EDGE('',*,*,#7310,.T.);
#10211=ORIENTED_EDGE('',*,*,#7296,.F.);
#10212=ORIENTED_EDGE('',*,*,#6182,.F.);
#10213=ORIENTED_EDGE('',*,*,#7302,.F.);
#10214=ORIENTED_EDGE('',*,*,#6911,.T.);
#10215=ORIENTED_EDGE('',*,*,#7218,.F.);
#10216=ORIENTED_EDGE('',*,*,#6995,.T.);
#10217=ORIENTED_EDGE('',*,*,#7220,.F.);
#10218=ORIENTED_EDGE('',*,*,#6266,.F.);
#10219=ORIENTED_EDGE('',*,*,#7216,.F.);
#10220=ORIENTED_EDGE('',*,*,#6262,.F.);
#10221=ORIENTED_EDGE('',*,*,#7222,.F.);
#10222=ORIENTED_EDGE('',*,*,#6991,.T.);
#10223=ORIENTED_EDGE('',*,*,#7226,.F.);
#10224=ORIENTED_EDGE('',*,*,#6987,.T.);
#10225=ORIENTED_EDGE('',*,*,#7228,.F.);
#10226=ORIENTED_EDGE('',*,*,#6258,.F.);
#10227=ORIENTED_EDGE('',*,*,#7224,.F.);
#10228=ORIENTED_EDGE('',*,*,#6254,.F.);
#10229=ORIENTED_EDGE('',*,*,#7230,.F.);
#10230=ORIENTED_EDGE('',*,*,#6983,.T.);
#10231=ORIENTED_EDGE('',*,*,#7234,.F.);
#10232=ORIENTED_EDGE('',*,*,#6979,.T.);
#10233=ORIENTED_EDGE('',*,*,#7236,.F.);
#10234=ORIENTED_EDGE('',*,*,#6250,.F.);
#10235=ORIENTED_EDGE('',*,*,#7232,.F.);
#10236=ORIENTED_EDGE('',*,*,#6246,.F.);
#10237=ORIENTED_EDGE('',*,*,#7238,.F.);
#10238=ORIENTED_EDGE('',*,*,#6975,.T.);
#10239=ORIENTED_EDGE('',*,*,#7242,.F.);
#10240=ORIENTED_EDGE('',*,*,#6971,.T.);
#10241=ORIENTED_EDGE('',*,*,#7244,.F.);
#10242=ORIENTED_EDGE('',*,*,#6242,.F.);
#10243=ORIENTED_EDGE('',*,*,#7240,.F.);
#10244=ORIENTED_EDGE('',*,*,#6238,.F.);
#10245=ORIENTED_EDGE('',*,*,#7246,.F.);
#10246=ORIENTED_EDGE('',*,*,#6967,.T.);
#10247=ORIENTED_EDGE('',*,*,#7250,.F.);
#10248=ORIENTED_EDGE('',*,*,#6963,.T.);
#10249=ORIENTED_EDGE('',*,*,#7252,.F.);
#10250=ORIENTED_EDGE('',*,*,#6234,.F.);
#10251=ORIENTED_EDGE('',*,*,#7248,.F.);
#10252=ORIENTED_EDGE('',*,*,#6230,.F.);
#10253=ORIENTED_EDGE('',*,*,#7254,.F.);
#10254=ORIENTED_EDGE('',*,*,#6959,.T.);
#10255=ORIENTED_EDGE('',*,*,#7258,.F.);
#10256=ORIENTED_EDGE('',*,*,#6955,.T.);
#10257=ORIENTED_EDGE('',*,*,#7260,.F.);
#10258=ORIENTED_EDGE('',*,*,#6226,.F.);
#10259=ORIENTED_EDGE('',*,*,#7256,.F.);
#10260=ORIENTED_EDGE('',*,*,#6222,.F.);
#10261=ORIENTED_EDGE('',*,*,#7262,.F.);
#10262=ORIENTED_EDGE('',*,*,#6951,.T.);
#10263=ORIENTED_EDGE('',*,*,#7266,.F.);
#10264=ORIENTED_EDGE('',*,*,#6947,.T.);
#10265=ORIENTED_EDGE('',*,*,#7268,.F.);
#10266=ORIENTED_EDGE('',*,*,#6218,.F.);
#10267=ORIENTED_EDGE('',*,*,#7264,.F.);
#10268=ORIENTED_EDGE('',*,*,#6214,.F.);
#10269=ORIENTED_EDGE('',*,*,#7270,.F.);
#10270=ORIENTED_EDGE('',*,*,#6943,.T.);
#10271=ORIENTED_EDGE('',*,*,#7274,.F.);
#10272=ORIENTED_EDGE('',*,*,#6939,.T.);
#10273=ORIENTED_EDGE('',*,*,#7276,.F.);
#10274=ORIENTED_EDGE('',*,*,#6210,.F.);
#10275=ORIENTED_EDGE('',*,*,#7272,.F.);
#10276=ORIENTED_EDGE('',*,*,#6206,.F.);
#10277=ORIENTED_EDGE('',*,*,#7278,.F.);
#10278=ORIENTED_EDGE('',*,*,#6935,.T.);
#10279=ORIENTED_EDGE('',*,*,#7282,.F.);
#10280=ORIENTED_EDGE('',*,*,#6931,.T.);
#10281=ORIENTED_EDGE('',*,*,#7284,.F.);
#10282=ORIENTED_EDGE('',*,*,#6202,.F.);
#10283=ORIENTED_EDGE('',*,*,#7280,.F.);
#10284=ORIENTED_EDGE('',*,*,#6198,.F.);
#10285=ORIENTED_EDGE('',*,*,#7286,.F.);
#10286=ORIENTED_EDGE('',*,*,#6927,.T.);
#10287=ORIENTED_EDGE('',*,*,#7290,.F.);
#10288=ORIENTED_EDGE('',*,*,#6923,.T.);
#10289=ORIENTED_EDGE('',*,*,#7292,.F.);
#10290=ORIENTED_EDGE('',*,*,#6194,.F.);
#10291=ORIENTED_EDGE('',*,*,#7288,.F.);
#10292=ORIENTED_EDGE('',*,*,#6190,.F.);
#10293=ORIENTED_EDGE('',*,*,#7294,.F.);
#10294=ORIENTED_EDGE('',*,*,#6919,.T.);
#10295=ORIENTED_EDGE('',*,*,#7298,.F.);
#10296=ORIENTED_EDGE('',*,*,#6915,.T.);
#10297=ORIENTED_EDGE('',*,*,#7300,.F.);
#10298=ORIENTED_EDGE('',*,*,#6186,.F.);
#10299=ORIENTED_EDGE('',*,*,#6814,.T.);
#10300=ORIENTED_EDGE('',*,*,#7311,.T.);
#10301=ORIENTED_EDGE('',*,*,#6295,.T.);
#10302=ORIENTED_EDGE('',*,*,#7312,.T.);
#10303=ORIENTED_EDGE('',*,*,#7311,.F.);
#10304=ORIENTED_EDGE('',*,*,#6813,.T.);
#10305=ORIENTED_EDGE('',*,*,#7313,.F.);
#10306=ORIENTED_EDGE('',*,*,#6296,.F.);
#10307=ORIENTED_EDGE('',*,*,#6297,.T.);
#10308=ORIENTED_EDGE('',*,*,#7313,.T.);
#10309=ORIENTED_EDGE('',*,*,#6812,.T.);
#10310=ORIENTED_EDGE('',*,*,#7314,.T.);
#10311=ORIENTED_EDGE('',*,*,#6810,.T.);
#10312=ORIENTED_EDGE('',*,*,#7315,.T.);
#10313=ORIENTED_EDGE('',*,*,#6299,.T.);
#10314=ORIENTED_EDGE('',*,*,#7316,.T.);
#10315=ORIENTED_EDGE('',*,*,#7315,.F.);
#10316=ORIENTED_EDGE('',*,*,#6809,.T.);
#10317=ORIENTED_EDGE('',*,*,#7317,.F.);
#10318=ORIENTED_EDGE('',*,*,#6300,.F.);
#10319=ORIENTED_EDGE('',*,*,#6301,.T.);
#10320=ORIENTED_EDGE('',*,*,#7317,.T.);
#10321=ORIENTED_EDGE('',*,*,#6808,.T.);
#10322=ORIENTED_EDGE('',*,*,#7318,.T.);
#10323=ORIENTED_EDGE('',*,*,#6838,.T.);
#10324=ORIENTED_EDGE('',*,*,#7319,.T.);
#10325=ORIENTED_EDGE('',*,*,#6303,.T.);
#10326=ORIENTED_EDGE('',*,*,#7320,.T.);
#10327=ORIENTED_EDGE('',*,*,#7319,.F.);
#10328=ORIENTED_EDGE('',*,*,#6837,.T.);
#10329=ORIENTED_EDGE('',*,*,#7321,.F.);
#10330=ORIENTED_EDGE('',*,*,#6304,.F.);
#10331=ORIENTED_EDGE('',*,*,#6305,.T.);
#10332=ORIENTED_EDGE('',*,*,#7321,.T.);
#10333=ORIENTED_EDGE('',*,*,#6836,.T.);
#10334=ORIENTED_EDGE('',*,*,#7322,.T.);
#10335=ORIENTED_EDGE('',*,*,#6834,.T.);
#10336=ORIENTED_EDGE('',*,*,#7323,.T.);
#10337=ORIENTED_EDGE('',*,*,#6307,.T.);
#10338=ORIENTED_EDGE('',*,*,#7324,.T.);
#10339=ORIENTED_EDGE('',*,*,#7323,.F.);
#10340=ORIENTED_EDGE('',*,*,#6833,.T.);
#10341=ORIENTED_EDGE('',*,*,#7325,.F.);
#10342=ORIENTED_EDGE('',*,*,#6308,.F.);
#10343=ORIENTED_EDGE('',*,*,#6309,.T.);
#10344=ORIENTED_EDGE('',*,*,#7325,.T.);
#10345=ORIENTED_EDGE('',*,*,#6832,.T.);
#10346=ORIENTED_EDGE('',*,*,#7326,.T.);
#10347=ORIENTED_EDGE('',*,*,#6846,.T.);
#10348=ORIENTED_EDGE('',*,*,#7327,.T.);
#10349=ORIENTED_EDGE('',*,*,#6311,.T.);
#10350=ORIENTED_EDGE('',*,*,#7328,.T.);
#10351=ORIENTED_EDGE('',*,*,#7327,.F.);
#10352=ORIENTED_EDGE('',*,*,#6845,.T.);
#10353=ORIENTED_EDGE('',*,*,#7329,.F.);
#10354=ORIENTED_EDGE('',*,*,#6312,.F.);
#10355=ORIENTED_EDGE('',*,*,#6313,.T.);
#10356=ORIENTED_EDGE('',*,*,#7329,.T.);
#10357=ORIENTED_EDGE('',*,*,#6844,.T.);
#10358=ORIENTED_EDGE('',*,*,#7330,.T.);
#10359=ORIENTED_EDGE('',*,*,#6842,.T.);
#10360=ORIENTED_EDGE('',*,*,#7331,.T.);
#10361=ORIENTED_EDGE('',*,*,#6315,.T.);
#10362=ORIENTED_EDGE('',*,*,#7332,.T.);
#10363=ORIENTED_EDGE('',*,*,#7331,.F.);
#10364=ORIENTED_EDGE('',*,*,#6841,.T.);
#10365=ORIENTED_EDGE('',*,*,#7333,.F.);
#10366=ORIENTED_EDGE('',*,*,#6316,.F.);
#10367=ORIENTED_EDGE('',*,*,#6317,.T.);
#10368=ORIENTED_EDGE('',*,*,#7333,.T.);
#10369=ORIENTED_EDGE('',*,*,#6840,.T.);
#10370=ORIENTED_EDGE('',*,*,#7334,.T.);
#10371=ORIENTED_EDGE('',*,*,#6854,.T.);
#10372=ORIENTED_EDGE('',*,*,#7335,.T.);
#10373=ORIENTED_EDGE('',*,*,#6319,.T.);
#10374=ORIENTED_EDGE('',*,*,#7336,.T.);
#10375=ORIENTED_EDGE('',*,*,#7335,.F.);
#10376=ORIENTED_EDGE('',*,*,#6853,.T.);
#10377=ORIENTED_EDGE('',*,*,#7337,.F.);
#10378=ORIENTED_EDGE('',*,*,#6320,.F.);
#10379=ORIENTED_EDGE('',*,*,#6321,.T.);
#10380=ORIENTED_EDGE('',*,*,#7337,.T.);
#10381=ORIENTED_EDGE('',*,*,#6852,.T.);
#10382=ORIENTED_EDGE('',*,*,#7338,.T.);
#10383=ORIENTED_EDGE('',*,*,#6850,.T.);
#10384=ORIENTED_EDGE('',*,*,#7339,.T.);
#10385=ORIENTED_EDGE('',*,*,#6323,.T.);
#10386=ORIENTED_EDGE('',*,*,#7340,.T.);
#10387=ORIENTED_EDGE('',*,*,#7339,.F.);
#10388=ORIENTED_EDGE('',*,*,#6849,.T.);
#10389=ORIENTED_EDGE('',*,*,#7341,.F.);
#10390=ORIENTED_EDGE('',*,*,#6324,.F.);
#10391=ORIENTED_EDGE('',*,*,#6325,.T.);
#10392=ORIENTED_EDGE('',*,*,#7341,.T.);
#10393=ORIENTED_EDGE('',*,*,#6848,.T.);
#10394=ORIENTED_EDGE('',*,*,#7342,.T.);
#10395=ORIENTED_EDGE('',*,*,#6862,.T.);
#10396=ORIENTED_EDGE('',*,*,#7343,.T.);
#10397=ORIENTED_EDGE('',*,*,#6331,.T.);
#10398=ORIENTED_EDGE('',*,*,#7344,.T.);
#10399=ORIENTED_EDGE('',*,*,#7343,.F.);
#10400=ORIENTED_EDGE('',*,*,#6861,.T.);
#10401=ORIENTED_EDGE('',*,*,#7345,.F.);
#10402=ORIENTED_EDGE('',*,*,#6332,.F.);
#10403=ORIENTED_EDGE('',*,*,#6333,.T.);
#10404=ORIENTED_EDGE('',*,*,#7345,.T.);
#10405=ORIENTED_EDGE('',*,*,#6860,.T.);
#10406=ORIENTED_EDGE('',*,*,#7346,.T.);
#10407=ORIENTED_EDGE('',*,*,#6858,.T.);
#10408=ORIENTED_EDGE('',*,*,#7347,.T.);
#10409=ORIENTED_EDGE('',*,*,#6327,.T.);
#10410=ORIENTED_EDGE('',*,*,#7348,.T.);
#10411=ORIENTED_EDGE('',*,*,#7347,.F.);
#10412=ORIENTED_EDGE('',*,*,#6857,.T.);
#10413=ORIENTED_EDGE('',*,*,#7349,.F.);
#10414=ORIENTED_EDGE('',*,*,#6328,.F.);
#10415=ORIENTED_EDGE('',*,*,#6329,.T.);
#10416=ORIENTED_EDGE('',*,*,#7349,.T.);
#10417=ORIENTED_EDGE('',*,*,#6856,.T.);
#10418=ORIENTED_EDGE('',*,*,#7350,.T.);
#10419=ORIENTED_EDGE('',*,*,#6870,.T.);
#10420=ORIENTED_EDGE('',*,*,#7351,.T.);
#10421=ORIENTED_EDGE('',*,*,#6335,.T.);
#10422=ORIENTED_EDGE('',*,*,#7352,.T.);
#10423=ORIENTED_EDGE('',*,*,#7351,.F.);
#10424=ORIENTED_EDGE('',*,*,#6869,.T.);
#10425=ORIENTED_EDGE('',*,*,#7353,.F.);
#10426=ORIENTED_EDGE('',*,*,#6336,.F.);
#10427=ORIENTED_EDGE('',*,*,#6337,.T.);
#10428=ORIENTED_EDGE('',*,*,#7353,.T.);
#10429=ORIENTED_EDGE('',*,*,#6868,.T.);
#10430=ORIENTED_EDGE('',*,*,#7354,.T.);
#10431=ORIENTED_EDGE('',*,*,#6866,.T.);
#10432=ORIENTED_EDGE('',*,*,#7355,.T.);
#10433=ORIENTED_EDGE('',*,*,#6339,.T.);
#10434=ORIENTED_EDGE('',*,*,#7356,.T.);
#10435=ORIENTED_EDGE('',*,*,#7355,.F.);
#10436=ORIENTED_EDGE('',*,*,#6865,.T.);
#10437=ORIENTED_EDGE('',*,*,#7357,.F.);
#10438=ORIENTED_EDGE('',*,*,#6340,.F.);
#10439=ORIENTED_EDGE('',*,*,#6341,.T.);
#10440=ORIENTED_EDGE('',*,*,#7357,.T.);
#10441=ORIENTED_EDGE('',*,*,#6864,.T.);
#10442=ORIENTED_EDGE('',*,*,#7358,.T.);
#10443=ORIENTED_EDGE('',*,*,#6886,.T.);
#10444=ORIENTED_EDGE('',*,*,#7359,.T.);
#10445=ORIENTED_EDGE('',*,*,#6367,.T.);
#10446=ORIENTED_EDGE('',*,*,#7360,.T.);
#10447=ORIENTED_EDGE('',*,*,#7359,.F.);
#10448=ORIENTED_EDGE('',*,*,#6885,.T.);
#10449=ORIENTED_EDGE('',*,*,#7361,.F.);
#10450=ORIENTED_EDGE('',*,*,#6368,.F.);
#10451=ORIENTED_EDGE('',*,*,#6369,.T.);
#10452=ORIENTED_EDGE('',*,*,#7361,.T.);
#10453=ORIENTED_EDGE('',*,*,#6884,.T.);
#10454=ORIENTED_EDGE('',*,*,#7362,.T.);
#10455=ORIENTED_EDGE('',*,*,#6882,.T.);
#10456=ORIENTED_EDGE('',*,*,#7363,.T.);
#10457=ORIENTED_EDGE('',*,*,#6371,.T.);
#10458=ORIENTED_EDGE('',*,*,#7364,.T.);
#10459=ORIENTED_EDGE('',*,*,#7363,.F.);
#10460=ORIENTED_EDGE('',*,*,#6881,.T.);
#10461=ORIENTED_EDGE('',*,*,#7365,.F.);
#10462=ORIENTED_EDGE('',*,*,#6372,.F.);
#10463=ORIENTED_EDGE('',*,*,#6373,.T.);
#10464=ORIENTED_EDGE('',*,*,#7365,.T.);
#10465=ORIENTED_EDGE('',*,*,#6880,.T.);
#10466=ORIENTED_EDGE('',*,*,#7366,.T.);
#10467=ORIENTED_EDGE('',*,*,#6347,.T.);
#10468=ORIENTED_EDGE('',*,*,#7367,.T.);
#10469=ORIENTED_EDGE('',*,*,#6875,.T.);
#10470=ORIENTED_EDGE('',*,*,#7368,.T.);
#10471=ORIENTED_EDGE('',*,*,#7367,.F.);
#10472=ORIENTED_EDGE('',*,*,#6346,.F.);
#10473=ORIENTED_EDGE('',*,*,#7369,.F.);
#10474=ORIENTED_EDGE('',*,*,#6876,.T.);
#10475=ORIENTED_EDGE('',*,*,#6873,.T.);
#10476=ORIENTED_EDGE('',*,*,#7370,.T.);
#10477=ORIENTED_EDGE('',*,*,#6349,.T.);
#10478=ORIENTED_EDGE('',*,*,#7371,.T.);
#10479=ORIENTED_EDGE('',*,*,#7370,.F.);
#10480=ORIENTED_EDGE('',*,*,#6872,.T.);
#10481=ORIENTED_EDGE('',*,*,#7372,.F.);
#10482=ORIENTED_EDGE('',*,*,#6342,.F.);
#10483=ORIENTED_EDGE('',*,*,#6871,.T.);
#10484=ORIENTED_EDGE('',*,*,#7373,.T.);
#10485=ORIENTED_EDGE('',*,*,#6343,.T.);
#10486=ORIENTED_EDGE('',*,*,#7372,.T.);
#10487=ORIENTED_EDGE('',*,*,#7373,.F.);
#10488=ORIENTED_EDGE('',*,*,#6878,.T.);
#10489=ORIENTED_EDGE('',*,*,#7374,.F.);
#10490=ORIENTED_EDGE('',*,*,#6344,.F.);
#10491=ORIENTED_EDGE('',*,*,#6877,.T.);
#10492=ORIENTED_EDGE('',*,*,#7369,.T.);
#10493=ORIENTED_EDGE('',*,*,#6345,.T.);
#10494=ORIENTED_EDGE('',*,*,#7374,.T.);
#10495=ORIENTED_EDGE('',*,*,#7312,.F.);
#10496=ORIENTED_EDGE('',*,*,#6294,.F.);
#10497=ORIENTED_EDGE('',*,*,#7318,.F.);
#10498=ORIENTED_EDGE('',*,*,#6807,.T.);
#10499=ORIENTED_EDGE('',*,*,#7314,.F.);
#10500=ORIENTED_EDGE('',*,*,#6811,.T.);
#10501=ORIENTED_EDGE('',*,*,#7316,.F.);
#10502=ORIENTED_EDGE('',*,*,#6298,.F.);
#10503=ORIENTED_EDGE('',*,*,#7320,.F.);
#10504=ORIENTED_EDGE('',*,*,#6302,.F.);
#10505=ORIENTED_EDGE('',*,*,#7326,.F.);
#10506=ORIENTED_EDGE('',*,*,#6831,.T.);
#10507=ORIENTED_EDGE('',*,*,#7322,.F.);
#10508=ORIENTED_EDGE('',*,*,#6835,.T.);
#10509=ORIENTED_EDGE('',*,*,#7324,.F.);
#10510=ORIENTED_EDGE('',*,*,#6306,.F.);
#10511=ORIENTED_EDGE('',*,*,#7328,.F.);
#10512=ORIENTED_EDGE('',*,*,#6310,.F.);
#10513=ORIENTED_EDGE('',*,*,#7334,.F.);
#10514=ORIENTED_EDGE('',*,*,#6839,.T.);
#10515=ORIENTED_EDGE('',*,*,#7330,.F.);
#10516=ORIENTED_EDGE('',*,*,#6843,.T.);
#10517=ORIENTED_EDGE('',*,*,#7332,.F.);
#10518=ORIENTED_EDGE('',*,*,#6314,.F.);
#10519=ORIENTED_EDGE('',*,*,#7336,.F.);
#10520=ORIENTED_EDGE('',*,*,#6318,.F.);
#10521=ORIENTED_EDGE('',*,*,#7342,.F.);
#10522=ORIENTED_EDGE('',*,*,#6847,.T.);
#10523=ORIENTED_EDGE('',*,*,#7338,.F.);
#10524=ORIENTED_EDGE('',*,*,#6851,.T.);
#10525=ORIENTED_EDGE('',*,*,#7340,.F.);
#10526=ORIENTED_EDGE('',*,*,#6322,.F.);
#10527=ORIENTED_EDGE('',*,*,#7344,.F.);
#10528=ORIENTED_EDGE('',*,*,#6330,.F.);
#10529=ORIENTED_EDGE('',*,*,#7350,.F.);
#10530=ORIENTED_EDGE('',*,*,#6855,.T.);
#10531=ORIENTED_EDGE('',*,*,#7354,.F.);
#10532=ORIENTED_EDGE('',*,*,#6867,.T.);
#10533=ORIENTED_EDGE('',*,*,#7356,.F.);
#10534=ORIENTED_EDGE('',*,*,#6338,.F.);
#10535=ORIENTED_EDGE('',*,*,#7362,.F.);
#10536=ORIENTED_EDGE('',*,*,#6883,.T.);
#10537=ORIENTED_EDGE('',*,*,#7364,.F.);
#10538=ORIENTED_EDGE('',*,*,#6370,.F.);
#10539=ORIENTED_EDGE('',*,*,#7346,.F.);
#10540=ORIENTED_EDGE('',*,*,#6859,.T.);
#10541=ORIENTED_EDGE('',*,*,#7348,.F.);
#10542=ORIENTED_EDGE('',*,*,#6326,.F.);
#10543=ORIENTED_EDGE('',*,*,#7352,.F.);
#10544=ORIENTED_EDGE('',*,*,#6334,.F.);
#10545=ORIENTED_EDGE('',*,*,#7358,.F.);
#10546=ORIENTED_EDGE('',*,*,#6863,.T.);
#10547=ORIENTED_EDGE('',*,*,#7360,.F.);
#10548=ORIENTED_EDGE('',*,*,#6366,.F.);
#10549=ORIENTED_EDGE('',*,*,#7366,.F.);
#10550=ORIENTED_EDGE('',*,*,#6879,.T.);
#10551=ORIENTED_EDGE('',*,*,#6800,.T.);
#10552=ORIENTED_EDGE('',*,*,#7375,.T.);
#10553=ORIENTED_EDGE('',*,*,#6381,.F.);
#10554=ORIENTED_EDGE('',*,*,#7376,.F.);
#10555=ORIENTED_EDGE('',*,*,#6801,.T.);
#10556=ORIENTED_EDGE('',*,*,#7376,.T.);
#10557=ORIENTED_EDGE('',*,*,#6380,.F.);
#10558=ORIENTED_EDGE('',*,*,#7377,.F.);
#10559=ORIENTED_EDGE('',*,*,#6802,.T.);
#10560=ORIENTED_EDGE('',*,*,#7377,.T.);
#10561=ORIENTED_EDGE('',*,*,#6379,.F.);
#10562=ORIENTED_EDGE('',*,*,#7378,.F.);
#10563=ORIENTED_EDGE('',*,*,#6803,.T.);
#10564=ORIENTED_EDGE('',*,*,#7378,.T.);
#10565=ORIENTED_EDGE('',*,*,#6378,.F.);
#10566=ORIENTED_EDGE('',*,*,#7379,.F.);
#10567=ORIENTED_EDGE('',*,*,#6804,.T.);
#10568=ORIENTED_EDGE('',*,*,#7379,.T.);
#10569=ORIENTED_EDGE('',*,*,#6377,.F.);
#10570=ORIENTED_EDGE('',*,*,#7380,.F.);
#10571=ORIENTED_EDGE('',*,*,#6805,.T.);
#10572=ORIENTED_EDGE('',*,*,#7380,.T.);
#10573=ORIENTED_EDGE('',*,*,#6376,.F.);
#10574=ORIENTED_EDGE('',*,*,#7381,.F.);
#10575=ORIENTED_EDGE('',*,*,#6806,.T.);
#10576=ORIENTED_EDGE('',*,*,#7381,.T.);
#10577=ORIENTED_EDGE('',*,*,#6375,.F.);
#10578=ORIENTED_EDGE('',*,*,#7382,.F.);
#10579=ORIENTED_EDGE('',*,*,#6799,.T.);
#10580=ORIENTED_EDGE('',*,*,#7382,.T.);
#10581=ORIENTED_EDGE('',*,*,#6374,.F.);
#10582=ORIENTED_EDGE('',*,*,#7375,.F.);
#10583=ORIENTED_EDGE('',*,*,#7208,.F.);
#10584=ORIENTED_EDGE('',*,*,#6674,.T.);
#10585=ORIENTED_EDGE('',*,*,#7211,.F.);
#10586=ORIENTED_EDGE('',*,*,#6160,.F.);
#10587=ORIENTED_EDGE('',*,*,#7104,.F.);
#10588=ORIENTED_EDGE('',*,*,#6670,.T.);
#10589=ORIENTED_EDGE('',*,*,#7107,.F.);
#10590=ORIENTED_EDGE('',*,*,#6498,.F.);
#10591=ORIENTED_EDGE('',*,*,#7304,.F.);
#10592=ORIENTED_EDGE('',*,*,#6910,.T.);
#10593=ORIENTED_EDGE('',*,*,#7307,.F.);
#10594=ORIENTED_EDGE('',*,*,#6178,.F.);
#10595=ORIENTED_EDGE('',*,*,#6827,.T.);
#10596=ORIENTED_EDGE('',*,*,#7383,.T.);
#10597=ORIENTED_EDGE('',*,*,#6358,.F.);
#10598=ORIENTED_EDGE('',*,*,#7384,.F.);
#10599=ORIENTED_EDGE('',*,*,#6828,.T.);
#10600=ORIENTED_EDGE('',*,*,#7384,.T.);
#10601=ORIENTED_EDGE('',*,*,#6365,.F.);
#10602=ORIENTED_EDGE('',*,*,#7385,.F.);
#10603=ORIENTED_EDGE('',*,*,#6829,.T.);
#10604=ORIENTED_EDGE('',*,*,#7385,.T.);
#10605=ORIENTED_EDGE('',*,*,#6364,.F.);
#10606=ORIENTED_EDGE('',*,*,#7386,.F.);
#10607=ORIENTED_EDGE('',*,*,#6830,.T.);
#10608=ORIENTED_EDGE('',*,*,#7386,.T.);
#10609=ORIENTED_EDGE('',*,*,#6363,.F.);
#10610=ORIENTED_EDGE('',*,*,#7387,.F.);
#10611=ORIENTED_EDGE('',*,*,#6823,.T.);
#10612=ORIENTED_EDGE('',*,*,#7387,.T.);
#10613=ORIENTED_EDGE('',*,*,#6362,.F.);
#10614=ORIENTED_EDGE('',*,*,#7388,.F.);
#10615=ORIENTED_EDGE('',*,*,#6824,.T.);
#10616=ORIENTED_EDGE('',*,*,#7388,.T.);
#10617=ORIENTED_EDGE('',*,*,#6361,.F.);
#10618=ORIENTED_EDGE('',*,*,#7389,.F.);
#10619=ORIENTED_EDGE('',*,*,#6825,.T.);
#10620=ORIENTED_EDGE('',*,*,#7389,.T.);
#10621=ORIENTED_EDGE('',*,*,#6360,.F.);
#10622=ORIENTED_EDGE('',*,*,#7390,.F.);
#10623=ORIENTED_EDGE('',*,*,#6826,.T.);
#10624=ORIENTED_EDGE('',*,*,#7390,.T.);
#10625=ORIENTED_EDGE('',*,*,#6359,.F.);
#10626=ORIENTED_EDGE('',*,*,#7383,.F.);
#10627=ORIENTED_EDGE('',*,*,#7368,.F.);
#10628=ORIENTED_EDGE('',*,*,#6874,.T.);
#10629=ORIENTED_EDGE('',*,*,#7371,.F.);
#10630=ORIENTED_EDGE('',*,*,#6348,.F.);
#10631=ORIENTED_EDGE('',*,*,#6555,.T.);
#10632=ORIENTED_EDGE('',*,*,#7391,.T.);
#10633=ORIENTED_EDGE('',*,*,#6510,.F.);
#10634=ORIENTED_EDGE('',*,*,#7392,.F.);
#10635=ORIENTED_EDGE('',*,*,#6556,.T.);
#10636=ORIENTED_EDGE('',*,*,#7392,.T.);
#10637=ORIENTED_EDGE('',*,*,#6517,.F.);
#10638=ORIENTED_EDGE('',*,*,#7393,.F.);
#10639=ORIENTED_EDGE('',*,*,#6557,.T.);
#10640=ORIENTED_EDGE('',*,*,#7393,.T.);
#10641=ORIENTED_EDGE('',*,*,#6516,.F.);
#10642=ORIENTED_EDGE('',*,*,#7394,.F.);
#10643=ORIENTED_EDGE('',*,*,#6558,.T.);
#10644=ORIENTED_EDGE('',*,*,#7394,.T.);
#10645=ORIENTED_EDGE('',*,*,#6515,.F.);
#10646=ORIENTED_EDGE('',*,*,#7395,.F.);
#10647=ORIENTED_EDGE('',*,*,#6551,.T.);
#10648=ORIENTED_EDGE('',*,*,#7395,.T.);
#10649=ORIENTED_EDGE('',*,*,#6514,.F.);
#10650=ORIENTED_EDGE('',*,*,#7396,.F.);
#10651=ORIENTED_EDGE('',*,*,#6552,.T.);
#10652=ORIENTED_EDGE('',*,*,#7396,.T.);
#10653=ORIENTED_EDGE('',*,*,#6513,.F.);
#10654=ORIENTED_EDGE('',*,*,#7397,.F.);
#10655=ORIENTED_EDGE('',*,*,#6553,.T.);
#10656=ORIENTED_EDGE('',*,*,#7397,.T.);
#10657=ORIENTED_EDGE('',*,*,#6512,.F.);
#10658=ORIENTED_EDGE('',*,*,#7398,.F.);
#10659=ORIENTED_EDGE('',*,*,#6554,.T.);
#10660=ORIENTED_EDGE('',*,*,#7398,.T.);
#10661=ORIENTED_EDGE('',*,*,#6511,.F.);
#10662=ORIENTED_EDGE('',*,*,#7391,.F.);
#10663=ORIENTED_EDGE('',*,*,#6787,.T.);
#10664=ORIENTED_EDGE('',*,*,#7399,.T.);
#10665=ORIENTED_EDGE('',*,*,#6286,.F.);
#10666=ORIENTED_EDGE('',*,*,#7400,.F.);
#10667=ORIENTED_EDGE('',*,*,#6788,.T.);
#10668=ORIENTED_EDGE('',*,*,#7400,.T.);
#10669=ORIENTED_EDGE('',*,*,#6293,.F.);
#10670=ORIENTED_EDGE('',*,*,#7401,.F.);
#10671=ORIENTED_EDGE('',*,*,#6789,.T.);
#10672=ORIENTED_EDGE('',*,*,#7401,.T.);
#10673=ORIENTED_EDGE('',*,*,#6292,.F.);
#10674=ORIENTED_EDGE('',*,*,#7402,.F.);
#10675=ORIENTED_EDGE('',*,*,#6790,.T.);
#10676=ORIENTED_EDGE('',*,*,#7402,.T.);
#10677=ORIENTED_EDGE('',*,*,#6291,.F.);
#10678=ORIENTED_EDGE('',*,*,#7403,.F.);
#10679=ORIENTED_EDGE('',*,*,#6783,.T.);
#10680=ORIENTED_EDGE('',*,*,#7403,.T.);
#10681=ORIENTED_EDGE('',*,*,#6290,.F.);
#10682=ORIENTED_EDGE('',*,*,#7404,.F.);
#10683=ORIENTED_EDGE('',*,*,#6784,.T.);
#10684=ORIENTED_EDGE('',*,*,#7404,.T.);
#10685=ORIENTED_EDGE('',*,*,#6289,.F.);
#10686=ORIENTED_EDGE('',*,*,#7405,.F.);
#10687=ORIENTED_EDGE('',*,*,#6785,.T.);
#10688=ORIENTED_EDGE('',*,*,#7405,.T.);
#10689=ORIENTED_EDGE('',*,*,#6288,.F.);
#10690=ORIENTED_EDGE('',*,*,#7406,.F.);
#10691=ORIENTED_EDGE('',*,*,#6786,.T.);
#10692=ORIENTED_EDGE('',*,*,#7406,.T.);
#10693=ORIENTED_EDGE('',*,*,#6287,.F.);
#10694=ORIENTED_EDGE('',*,*,#7399,.F.);
#10695=ORIENTED_EDGE('',*,*,#6547,.T.);
#10696=ORIENTED_EDGE('',*,*,#7407,.T.);
#10697=ORIENTED_EDGE('',*,*,#6502,.F.);
#10698=ORIENTED_EDGE('',*,*,#7408,.F.);
#10699=ORIENTED_EDGE('',*,*,#6548,.T.);
#10700=ORIENTED_EDGE('',*,*,#7408,.T.);
#10701=ORIENTED_EDGE('',*,*,#6509,.F.);
#10702=ORIENTED_EDGE('',*,*,#7409,.F.);
#10703=ORIENTED_EDGE('',*,*,#6549,.T.);
#10704=ORIENTED_EDGE('',*,*,#7409,.T.);
#10705=ORIENTED_EDGE('',*,*,#6508,.F.);
#10706=ORIENTED_EDGE('',*,*,#7410,.F.);
#10707=ORIENTED_EDGE('',*,*,#6550,.T.);
#10708=ORIENTED_EDGE('',*,*,#7410,.T.);
#10709=ORIENTED_EDGE('',*,*,#6507,.F.);
#10710=ORIENTED_EDGE('',*,*,#7411,.F.);
#10711=ORIENTED_EDGE('',*,*,#6543,.T.);
#10712=ORIENTED_EDGE('',*,*,#7411,.T.);
#10713=ORIENTED_EDGE('',*,*,#6506,.F.);
#10714=ORIENTED_EDGE('',*,*,#7412,.F.);
#10715=ORIENTED_EDGE('',*,*,#6544,.T.);
#10716=ORIENTED_EDGE('',*,*,#7412,.T.);
#10717=ORIENTED_EDGE('',*,*,#6505,.F.);
#10718=ORIENTED_EDGE('',*,*,#7413,.F.);
#10719=ORIENTED_EDGE('',*,*,#6545,.T.);
#10720=ORIENTED_EDGE('',*,*,#7413,.T.);
#10721=ORIENTED_EDGE('',*,*,#6504,.F.);
#10722=ORIENTED_EDGE('',*,*,#7414,.F.);
#10723=ORIENTED_EDGE('',*,*,#6546,.T.);
#10724=ORIENTED_EDGE('',*,*,#7414,.T.);
#10725=ORIENTED_EDGE('',*,*,#6503,.F.);
#10726=ORIENTED_EDGE('',*,*,#7407,.F.);
#10727=ORIENTED_EDGE('',*,*,#6792,.T.);
#10728=ORIENTED_EDGE('',*,*,#7415,.T.);
#10729=ORIENTED_EDGE('',*,*,#6389,.F.);
#10730=ORIENTED_EDGE('',*,*,#7416,.F.);
#10731=ORIENTED_EDGE('',*,*,#6793,.T.);
#10732=ORIENTED_EDGE('',*,*,#7416,.T.);
#10733=ORIENTED_EDGE('',*,*,#6388,.F.);
#10734=ORIENTED_EDGE('',*,*,#7417,.F.);
#10735=ORIENTED_EDGE('',*,*,#6794,.T.);
#10736=ORIENTED_EDGE('',*,*,#7417,.T.);
#10737=ORIENTED_EDGE('',*,*,#6387,.F.);
#10738=ORIENTED_EDGE('',*,*,#7418,.F.);
#10739=ORIENTED_EDGE('',*,*,#6795,.T.);
#10740=ORIENTED_EDGE('',*,*,#7418,.T.);
#10741=ORIENTED_EDGE('',*,*,#6386,.F.);
#10742=ORIENTED_EDGE('',*,*,#7419,.F.);
#10743=ORIENTED_EDGE('',*,*,#6796,.T.);
#10744=ORIENTED_EDGE('',*,*,#7419,.T.);
#10745=ORIENTED_EDGE('',*,*,#6385,.F.);
#10746=ORIENTED_EDGE('',*,*,#7420,.F.);
#10747=ORIENTED_EDGE('',*,*,#6797,.T.);
#10748=ORIENTED_EDGE('',*,*,#7420,.T.);
#10749=ORIENTED_EDGE('',*,*,#6384,.F.);
#10750=ORIENTED_EDGE('',*,*,#7421,.F.);
#10751=ORIENTED_EDGE('',*,*,#6798,.T.);
#10752=ORIENTED_EDGE('',*,*,#7421,.T.);
#10753=ORIENTED_EDGE('',*,*,#6383,.F.);
#10754=ORIENTED_EDGE('',*,*,#7422,.F.);
#10755=ORIENTED_EDGE('',*,*,#6791,.T.);
#10756=ORIENTED_EDGE('',*,*,#7422,.T.);
#10757=ORIENTED_EDGE('',*,*,#6382,.F.);
#10758=ORIENTED_EDGE('',*,*,#7415,.F.);
#10759=ORIENTED_EDGE('',*,*,#6891,.T.);
#10760=ORIENTED_EDGE('',*,*,#7423,.T.);
#10761=ORIENTED_EDGE('',*,*,#6270,.F.);
#10762=ORIENTED_EDGE('',*,*,#7424,.F.);
#10763=ORIENTED_EDGE('',*,*,#6892,.T.);
#10764=ORIENTED_EDGE('',*,*,#7424,.T.);
#10765=ORIENTED_EDGE('',*,*,#6277,.F.);
#10766=ORIENTED_EDGE('',*,*,#7425,.F.);
#10767=ORIENTED_EDGE('',*,*,#6893,.T.);
#10768=ORIENTED_EDGE('',*,*,#7425,.T.);
#10769=ORIENTED_EDGE('',*,*,#6276,.F.);
#10770=ORIENTED_EDGE('',*,*,#7426,.F.);
#10771=ORIENTED_EDGE('',*,*,#6894,.T.);
#10772=ORIENTED_EDGE('',*,*,#7426,.T.);
#10773=ORIENTED_EDGE('',*,*,#6275,.F.);
#10774=ORIENTED_EDGE('',*,*,#7427,.F.);
#10775=ORIENTED_EDGE('',*,*,#6887,.T.);
#10776=ORIENTED_EDGE('',*,*,#7427,.T.);
#10777=ORIENTED_EDGE('',*,*,#6274,.F.);
#10778=ORIENTED_EDGE('',*,*,#7428,.F.);
#10779=ORIENTED_EDGE('',*,*,#6888,.T.);
#10780=ORIENTED_EDGE('',*,*,#7428,.T.);
#10781=ORIENTED_EDGE('',*,*,#6273,.F.);
#10782=ORIENTED_EDGE('',*,*,#7429,.F.);
#10783=ORIENTED_EDGE('',*,*,#6889,.T.);
#10784=ORIENTED_EDGE('',*,*,#7429,.T.);
#10785=ORIENTED_EDGE('',*,*,#6272,.F.);
#10786=ORIENTED_EDGE('',*,*,#7430,.F.);
#10787=ORIENTED_EDGE('',*,*,#6890,.T.);
#10788=ORIENTED_EDGE('',*,*,#7430,.T.);
#10789=ORIENTED_EDGE('',*,*,#6271,.F.);
#10790=ORIENTED_EDGE('',*,*,#7423,.F.);
#10791=ORIENTED_EDGE('',*,*,#6691,.T.);
#10792=ORIENTED_EDGE('',*,*,#7431,.T.);
#10793=ORIENTED_EDGE('',*,*,#6166,.F.);
#10794=ORIENTED_EDGE('',*,*,#7432,.F.);
#10795=ORIENTED_EDGE('',*,*,#6692,.T.);
#10796=ORIENTED_EDGE('',*,*,#7432,.T.);
#10797=ORIENTED_EDGE('',*,*,#6173,.F.);
#10798=ORIENTED_EDGE('',*,*,#7433,.F.);
#10799=ORIENTED_EDGE('',*,*,#6693,.T.);
#10800=ORIENTED_EDGE('',*,*,#7433,.T.);
#10801=ORIENTED_EDGE('',*,*,#6172,.F.);
#10802=ORIENTED_EDGE('',*,*,#7434,.F.);
#10803=ORIENTED_EDGE('',*,*,#6694,.T.);
#10804=ORIENTED_EDGE('',*,*,#7434,.T.);
#10805=ORIENTED_EDGE('',*,*,#6171,.F.);
#10806=ORIENTED_EDGE('',*,*,#7435,.F.);
#10807=ORIENTED_EDGE('',*,*,#6687,.T.);
#10808=ORIENTED_EDGE('',*,*,#7435,.T.);
#10809=ORIENTED_EDGE('',*,*,#6170,.F.);
#10810=ORIENTED_EDGE('',*,*,#7436,.F.);
#10811=ORIENTED_EDGE('',*,*,#6688,.T.);
#10812=ORIENTED_EDGE('',*,*,#7436,.T.);
#10813=ORIENTED_EDGE('',*,*,#6169,.F.);
#10814=ORIENTED_EDGE('',*,*,#7437,.F.);
#10815=ORIENTED_EDGE('',*,*,#6689,.T.);
#10816=ORIENTED_EDGE('',*,*,#7437,.T.);
#10817=ORIENTED_EDGE('',*,*,#6168,.F.);
#10818=ORIENTED_EDGE('',*,*,#7438,.F.);
#10819=ORIENTED_EDGE('',*,*,#6690,.T.);
#10820=ORIENTED_EDGE('',*,*,#7438,.T.);
#10821=ORIENTED_EDGE('',*,*,#6167,.F.);
#10822=ORIENTED_EDGE('',*,*,#7431,.F.);
#10823=ORIENTED_EDGE('',*,*,#6899,.T.);
#10824=ORIENTED_EDGE('',*,*,#7439,.T.);
#10825=ORIENTED_EDGE('',*,*,#6278,.F.);
#10826=ORIENTED_EDGE('',*,*,#7440,.F.);
#10827=ORIENTED_EDGE('',*,*,#6900,.T.);
#10828=ORIENTED_EDGE('',*,*,#7440,.T.);
#10829=ORIENTED_EDGE('',*,*,#6285,.F.);
#10830=ORIENTED_EDGE('',*,*,#7441,.F.);
#10831=ORIENTED_EDGE('',*,*,#6901,.T.);
#10832=ORIENTED_EDGE('',*,*,#7441,.T.);
#10833=ORIENTED_EDGE('',*,*,#6284,.F.);
#10834=ORIENTED_EDGE('',*,*,#7442,.F.);
#10835=ORIENTED_EDGE('',*,*,#6902,.T.);
#10836=ORIENTED_EDGE('',*,*,#7442,.T.);
#10837=ORIENTED_EDGE('',*,*,#6283,.F.);
#10838=ORIENTED_EDGE('',*,*,#7443,.F.);
#10839=ORIENTED_EDGE('',*,*,#6895,.T.);
#10840=ORIENTED_EDGE('',*,*,#7443,.T.);
#10841=ORIENTED_EDGE('',*,*,#6282,.F.);
#10842=ORIENTED_EDGE('',*,*,#7444,.F.);
#10843=ORIENTED_EDGE('',*,*,#6896,.T.);
#10844=ORIENTED_EDGE('',*,*,#7444,.T.);
#10845=ORIENTED_EDGE('',*,*,#6281,.F.);
#10846=ORIENTED_EDGE('',*,*,#7445,.F.);
#10847=ORIENTED_EDGE('',*,*,#6897,.T.);
#10848=ORIENTED_EDGE('',*,*,#7445,.T.);
#10849=ORIENTED_EDGE('',*,*,#6280,.F.);
#10850=ORIENTED_EDGE('',*,*,#7446,.F.);
#10851=ORIENTED_EDGE('',*,*,#6898,.T.);
#10852=ORIENTED_EDGE('',*,*,#7446,.T.);
#10853=ORIENTED_EDGE('',*,*,#6279,.F.);
#10854=ORIENTED_EDGE('',*,*,#7439,.F.);
#10855=ORIENTED_EDGE('',*,*,#6819,.T.);
#10856=ORIENTED_EDGE('',*,*,#7447,.T.);
#10857=ORIENTED_EDGE('',*,*,#6350,.F.);
#10858=ORIENTED_EDGE('',*,*,#7448,.F.);
#10859=ORIENTED_EDGE('',*,*,#6820,.T.);
#10860=ORIENTED_EDGE('',*,*,#7448,.T.);
#10861=ORIENTED_EDGE('',*,*,#6357,.F.);
#10862=ORIENTED_EDGE('',*,*,#7449,.F.);
#10863=ORIENTED_EDGE('',*,*,#6821,.T.);
#10864=ORIENTED_EDGE('',*,*,#7449,.T.);
#10865=ORIENTED_EDGE('',*,*,#6356,.F.);
#10866=ORIENTED_EDGE('',*,*,#7450,.F.);
#10867=ORIENTED_EDGE('',*,*,#6822,.T.);
#10868=ORIENTED_EDGE('',*,*,#7450,.T.);
#10869=ORIENTED_EDGE('',*,*,#6355,.F.);
#10870=ORIENTED_EDGE('',*,*,#7451,.F.);
#10871=ORIENTED_EDGE('',*,*,#6815,.T.);
#10872=ORIENTED_EDGE('',*,*,#7451,.T.);
#10873=ORIENTED_EDGE('',*,*,#6354,.F.);
#10874=ORIENTED_EDGE('',*,*,#7452,.F.);
#10875=ORIENTED_EDGE('',*,*,#6816,.T.);
#10876=ORIENTED_EDGE('',*,*,#7452,.T.);
#10877=ORIENTED_EDGE('',*,*,#6353,.F.);
#10878=ORIENTED_EDGE('',*,*,#7453,.F.);
#10879=ORIENTED_EDGE('',*,*,#6817,.T.);
#10880=ORIENTED_EDGE('',*,*,#7453,.T.);
#10881=ORIENTED_EDGE('',*,*,#6352,.F.);
#10882=ORIENTED_EDGE('',*,*,#7454,.F.);
#10883=ORIENTED_EDGE('',*,*,#6818,.T.);
#10884=ORIENTED_EDGE('',*,*,#7454,.T.);
#10885=ORIENTED_EDGE('',*,*,#6351,.F.);
#10886=ORIENTED_EDGE('',*,*,#7447,.F.);
#10887=PLANE('',#11765);
#10888=PLANE('',#11766);
#10889=PLANE('',#11767);
#10890=PLANE('',#11768);
#10891=PLANE('',#11772);
#10892=PLANE('',#11779);
#10893=PLANE('',#11786);
#10894=PLANE('',#11793);
#10895=PLANE('',#11800);
#10896=PLANE('',#11807);
#10897=PLANE('',#11814);
#10898=PLANE('',#11821);
#10899=PLANE('',#11828);
#10900=PLANE('',#11835);
#10901=PLANE('',#11842);
#10902=PLANE('',#11849);
#10903=PLANE('',#11856);
#10904=PLANE('',#11863);
#10905=PLANE('',#11870);
#10906=PLANE('',#11877);
#10907=PLANE('',#11884);
#10908=PLANE('',#11891);
#10909=PLANE('',#11898);
#10910=PLANE('',#11905);
#10911=PLANE('',#11912);
#10912=PLANE('',#11919);
#10913=PLANE('',#11926);
#10914=PLANE('',#11933);
#10915=PLANE('',#11940);
#10916=PLANE('',#11947);
#10917=PLANE('',#11954);
#10918=PLANE('',#11958);
#10919=PLANE('',#11962);
#10920=PLANE('',#11966);
#10921=PLANE('',#11967);
#10922=PLANE('',#11968);
#10923=PLANE('',#12197);
#10924=PLANE('',#12198);
#10925=PLANE('',#12199);
#10926=PLANE('',#12200);
#10927=PLANE('',#12201);
#10928=PLANE('',#12202);
#10929=PLANE('',#12203);
#10930=PLANE('',#12204);
#10931=PLANE('',#12205);
#10932=PLANE('',#12206);
#10933=PLANE('',#12207);
#10934=PLANE('',#12208);
#10935=PLANE('',#12209);
#10936=PLANE('',#12210);
#10937=PLANE('',#12211);
#10938=PLANE('',#12212);
#10939=PLANE('',#12213);
#10940=PLANE('',#12214);
#10941=PLANE('',#12215);
#10942=PLANE('',#12216);
#10943=PLANE('',#12217);
#10944=PLANE('',#12218);
#10945=PLANE('',#12219);
#10946=PLANE('',#12220);
#10947=PLANE('',#12221);
#10948=PLANE('',#12222);
#10949=PLANE('',#12452);
#10950=PLANE('',#12455);
#10951=PLANE('',#12458);
#10952=PLANE('',#12461);
#10953=PLANE('',#12464);
#10954=PLANE('',#12467);
#10955=PLANE('',#12470);
#10956=PLANE('',#12473);
#10957=PLANE('',#12476);
#10958=PLANE('',#12479);
#10959=PLANE('',#12482);
#10960=PLANE('',#12485);
#10961=PLANE('',#12488);
#10962=PLANE('',#12491);
#10963=PLANE('',#12494);
#10964=PLANE('',#12497);
#10965=PLANE('',#12500);
#10966=PLANE('',#12503);
#10967=PLANE('',#12506);
#10968=PLANE('',#12509);
#10969=PLANE('',#12512);
#10970=PLANE('',#12515);
#10971=PLANE('',#12518);
#10972=PLANE('',#12521);
#10973=PLANE('',#12524);
#10974=PLANE('',#12527);
#10975=PLANE('',#12530);
#10976=PLANE('',#12532);
#10977=PLANE('',#12534);
#10978=PLANE('',#12536);
#10979=PLANE('',#12537);
#10980=PLANE('',#12538);
#10981=PLANE('',#12539);
#10982=PLANE('',#12540);
#10983=PLANE('',#12541);
#10984=PLANE('',#12542);
#10985=PLANE('',#12543);
#10986=PLANE('',#12544);
#10987=PLANE('',#12545);
#10988=PLANE('',#12546);
#10989=PLANE('',#12547);
#10990=PLANE('',#12548);
#10991=PLANE('',#12549);
#10992=PLANE('',#12550);
#10993=PLANE('',#12551);
#10994=PLANE('',#12552);
#10995=PLANE('',#12553);
#10996=PLANE('',#12554);
#10997=PLANE('',#12555);
#10998=PLANE('',#12556);
#10999=PLANE('',#12557);
#11000=PLANE('',#12558);
#11001=PLANE('',#12559);
#11002=PLANE('',#12560);
#11003=PLANE('',#12561);
#11004=PLANE('',#12563);
#11005=PLANE('',#12566);
#11006=PLANE('',#12569);
#11007=PLANE('',#12572);
#11008=PLANE('',#12575);
#11009=PLANE('',#12578);
#11010=PLANE('',#12581);
#11011=PLANE('',#12584);
#11012=PLANE('',#12587);
#11013=PLANE('',#12590);
#11014=PLANE('',#12593);
#11015=PLANE('',#12596);
#11016=PLANE('',#12599);
#11017=PLANE('',#12602);
#11018=PLANE('',#12605);
#11019=PLANE('',#12608);
#11020=PLANE('',#12611);
#11021=PLANE('',#12614);
#11022=PLANE('',#12617);
#11023=PLANE('',#12620);
#11024=PLANE('',#12623);
#11025=PLANE('',#12626);
#11026=PLANE('',#12629);
#11027=PLANE('',#12632);
#11028=PLANE('',#12635);
#11029=PLANE('',#12637);
#11030=PLANE('',#12639);
#11031=PLANE('',#12641);
#11032=PLANE('',#12642);
#11033=PLANE('',#12643);
#11034=PLANE('',#12644);
#11035=PLANE('',#12645);
#11036=PLANE('',#12646);
#11037=PLANE('',#12647);
#11038=PLANE('',#12648);
#11039=PLANE('',#12649);
#11040=PLANE('',#12650);
#11041=PLANE('',#12651);
#11042=PLANE('',#12652);
#11043=PLANE('',#12653);
#11044=PLANE('',#12654);
#11045=PLANE('',#12655);
#11046=PLANE('',#12656);
#11047=PLANE('',#12657);
#11048=PLANE('',#12658);
#11049=PLANE('',#12659);
#11050=PLANE('',#12660);
#11051=PLANE('',#12661);
#11052=PLANE('',#12662);
#11053=PLANE('',#12663);
#11054=PLANE('',#12664);
#11055=PLANE('',#12666);
#11056=PLANE('',#12669);
#11057=PLANE('',#12672);
#11058=PLANE('',#12675);
#11059=PLANE('',#12678);
#11060=PLANE('',#12681);
#11061=PLANE('',#12684);
#11062=PLANE('',#12687);
#11063=PLANE('',#12690);
#11064=PLANE('',#12693);
#11065=PLANE('',#12696);
#11066=PLANE('',#12699);
#11067=PLANE('',#12702);
#11068=PLANE('',#12705);
#11069=PLANE('',#12708);
#11070=PLANE('',#12711);
#11071=PLANE('',#12714);
#11072=PLANE('',#12717);
#11073=PLANE('',#12720);
#11074=PLANE('',#12723);
#11075=PLANE('',#12726);
#11076=PLANE('',#12729);
#11077=PLANE('',#12732);
#11078=PLANE('',#12734);
#11079=PLANE('',#12736);
#11080=PLANE('',#12738);
#11081=PLANE('',#12739);
#11082=PLANE('',#12740);
#11083=PLANE('',#12741);
#11084=PLANE('',#12742);
#11085=PLANE('',#12743);
#11086=PLANE('',#12744);
#11087=PLANE('',#12745);
#11088=PLANE('',#12746);
#11089=PLANE('',#12747);
#11090=PLANE('',#12748);
#11091=PLANE('',#12749);
#11092=PLANE('',#12750);
#11093=PLANE('',#12751);
#11094=PLANE('',#12752);
#11095=PLANE('',#12753);
#11096=PLANE('',#12754);
#11097=PLANE('',#12755);
#11098=PLANE('',#12756);
#11099=PLANE('',#12757);
#11100=PLANE('',#12758);
#11101=PLANE('',#12759);
#11102=PLANE('',#12761);
#11103=PLANE('',#12764);
#11104=PLANE('',#12767);
#11105=PLANE('',#12770);
#11106=PLANE('',#12773);
#11107=PLANE('',#12776);
#11108=PLANE('',#12779);
#11109=PLANE('',#12782);
#11110=PLANE('',#12785);
#11111=PLANE('',#12788);
#11112=PLANE('',#12791);
#11113=PLANE('',#12794);
#11114=PLANE('',#12797);
#11115=PLANE('',#12800);
#11116=PLANE('',#12803);
#11117=PLANE('',#12805);
#11118=PLANE('',#12807);
#11119=PLANE('',#12809);
#11120=PLANE('',#12810);
#11121=PLANE('',#12811);
#11122=PLANE('',#12812);
#11123=PLANE('',#12813);
#11124=PLANE('',#12814);
#11125=PLANE('',#12815);
#11126=PLANE('',#12816);
#11127=PLANE('',#12817);
#11128=PLANE('',#12818);
#11129=PLANE('',#12819);
#11130=PLANE('',#12820);
#11131=PLANE('',#12821);
#11132=PLANE('',#12822);
#11133=PLANE('',#12823);
#11134=PLANE('',#12825);
#11135=PLANE('',#12827);
#11136=PLANE('',#12829);
#11137=PLANE('',#12831);
#11138=PLANE('',#12832);
#11139=PLANE('',#12833);
#11140=PLANE('',#12834);
#11141=PLANE('',#12836);
#11142=PLANE('',#12838);
#11143=PLANE('',#12840);
#11144=PLANE('',#12842);
#11145=PLANE('',#12843);
#11146=PLANE('',#12845);
#11147=PLANE('',#12847);
#11148=PLANE('',#12849);
#11149=PLANE('',#12851);
#11150=PLANE('',#12853);
#11151=PLANE('',#12855);
#11152=PLANE('',#12857);
#11153=PLANE('',#12859);
#11154=PLANE('',#12861);
#11155=PLANE('',#12863);
#11156=PLANE('',#12865);
#11157=PLANE('',#12867);
#11158=PLANE('',#12869);
#11159=PLANE('',#12871);
#11160=PLANE('',#12873);
#11161=PLANE('',#12875);
#11162=PLANE('',#12877);
#11163=PLANE('',#12879);
#11164=PLANE('',#12881);
#11165=PLANE('',#12883);
#11166=PLANE('',#12885);
#11167=PLANE('',#12887);
#11168=PLANE('',#12889);
#11169=PLANE('',#12891);
#11170=PLANE('',#12893);
#11171=PLANE('',#12895);
#11172=PLANE('',#12897);
#11173=PLANE('',#12899);
#11174=PLANE('',#12901);
#11175=PLANE('',#12903);
#11176=PLANE('',#12905);
#11177=ADVANCED_FACE('',(#1009),#10887,.T.);
#11178=ADVANCED_FACE('',(#1010),#10888,.T.);
#11179=ADVANCED_FACE('',(#1011),#10889,.T.);
#11180=ADVANCED_FACE('',(#1012),#10890,.T.);
#11181=ADVANCED_FACE('',(#1013),#725,.F.);
#11182=ADVANCED_FACE('',(#1014),#10891,.T.);
#11183=ADVANCED_FACE('',(#1015),#726,.F.);
#11184=ADVANCED_FACE('',(#1016),#727,.F.);
#11185=ADVANCED_FACE('',(#1017),#10892,.T.);
#11186=ADVANCED_FACE('',(#1018),#728,.F.);
#11187=ADVANCED_FACE('',(#1019),#729,.F.);
#11188=ADVANCED_FACE('',(#1020),#10893,.T.);
#11189=ADVANCED_FACE('',(#1021),#730,.F.);
#11190=ADVANCED_FACE('',(#1022),#731,.F.);
#11191=ADVANCED_FACE('',(#1023),#10894,.T.);
#11192=ADVANCED_FACE('',(#1024),#732,.F.);
#11193=ADVANCED_FACE('',(#1025),#733,.F.);
#11194=ADVANCED_FACE('',(#1026),#10895,.T.);
#11195=ADVANCED_FACE('',(#1027),#734,.F.);
#11196=ADVANCED_FACE('',(#1028),#735,.F.);
#11197=ADVANCED_FACE('',(#1029),#10896,.T.);
#11198=ADVANCED_FACE('',(#1030),#736,.F.);
#11199=ADVANCED_FACE('',(#1031),#737,.F.);
#11200=ADVANCED_FACE('',(#1032),#10897,.T.);
#11201=ADVANCED_FACE('',(#1033),#738,.F.);
#11202=ADVANCED_FACE('',(#1034),#739,.F.);
#11203=ADVANCED_FACE('',(#1035),#10898,.T.);
#11204=ADVANCED_FACE('',(#1036),#740,.F.);
#11205=ADVANCED_FACE('',(#1037),#741,.F.);
#11206=ADVANCED_FACE('',(#1038),#10899,.T.);
#11207=ADVANCED_FACE('',(#1039),#742,.F.);
#11208=ADVANCED_FACE('',(#1040),#743,.F.);
#11209=ADVANCED_FACE('',(#1041),#10900,.T.);
#11210=ADVANCED_FACE('',(#1042),#744,.F.);
#11211=ADVANCED_FACE('',(#1043),#745,.F.);
#11212=ADVANCED_FACE('',(#1044),#10901,.T.);
#11213=ADVANCED_FACE('',(#1045),#746,.F.);
#11214=ADVANCED_FACE('',(#1046),#747,.F.);
#11215=ADVANCED_FACE('',(#1047),#10902,.T.);
#11216=ADVANCED_FACE('',(#1048),#748,.F.);
#11217=ADVANCED_FACE('',(#1049),#749,.F.);
#11218=ADVANCED_FACE('',(#1050),#10903,.T.);
#11219=ADVANCED_FACE('',(#1051),#750,.F.);
#11220=ADVANCED_FACE('',(#1052),#751,.F.);
#11221=ADVANCED_FACE('',(#1053),#10904,.T.);
#11222=ADVANCED_FACE('',(#1054),#752,.F.);
#11223=ADVANCED_FACE('',(#1055),#753,.F.);
#11224=ADVANCED_FACE('',(#1056),#10905,.T.);
#11225=ADVANCED_FACE('',(#1057),#754,.F.);
#11226=ADVANCED_FACE('',(#1058),#755,.F.);
#11227=ADVANCED_FACE('',(#1059),#10906,.T.);
#11228=ADVANCED_FACE('',(#1060),#756,.F.);
#11229=ADVANCED_FACE('',(#1061),#757,.F.);
#11230=ADVANCED_FACE('',(#1062),#10907,.T.);
#11231=ADVANCED_FACE('',(#1063),#758,.F.);
#11232=ADVANCED_FACE('',(#1064),#759,.F.);
#11233=ADVANCED_FACE('',(#1065),#10908,.T.);
#11234=ADVANCED_FACE('',(#1066),#760,.F.);
#11235=ADVANCED_FACE('',(#1067),#761,.F.);
#11236=ADVANCED_FACE('',(#1068),#10909,.T.);
#11237=ADVANCED_FACE('',(#1069),#762,.F.);
#11238=ADVANCED_FACE('',(#1070),#763,.F.);
#11239=ADVANCED_FACE('',(#1071),#10910,.T.);
#11240=ADVANCED_FACE('',(#1072),#764,.F.);
#11241=ADVANCED_FACE('',(#1073),#765,.F.);
#11242=ADVANCED_FACE('',(#1074),#10911,.T.);
#11243=ADVANCED_FACE('',(#1075),#766,.F.);
#11244=ADVANCED_FACE('',(#1076),#767,.F.);
#11245=ADVANCED_FACE('',(#1077),#10912,.T.);
#11246=ADVANCED_FACE('',(#1078),#768,.F.);
#11247=ADVANCED_FACE('',(#1079),#769,.F.);
#11248=ADVANCED_FACE('',(#1080),#10913,.T.);
#11249=ADVANCED_FACE('',(#1081),#770,.F.);
#11250=ADVANCED_FACE('',(#1082),#771,.F.);
#11251=ADVANCED_FACE('',(#1083),#10914,.T.);
#11252=ADVANCED_FACE('',(#1084),#772,.F.);
#11253=ADVANCED_FACE('',(#1085),#773,.F.);
#11254=ADVANCED_FACE('',(#1086),#10915,.T.);
#11255=ADVANCED_FACE('',(#1087),#774,.F.);
#11256=ADVANCED_FACE('',(#1088),#775,.F.);
#11257=ADVANCED_FACE('',(#1089),#10916,.T.);
#11258=ADVANCED_FACE('',(#1090),#776,.F.);
#11259=ADVANCED_FACE('',(#1091),#777,.F.);
#11260=ADVANCED_FACE('',(#1092),#10917,.T.);
#11261=ADVANCED_FACE('',(#1093),#778,.F.);
#11262=ADVANCED_FACE('',(#1094),#10918,.T.);
#11263=ADVANCED_FACE('',(#1095),#779,.F.);
#11264=ADVANCED_FACE('',(#1096),#10919,.T.);
#11265=ADVANCED_FACE('',(#1097),#780,.F.);
#11266=ADVANCED_FACE('',(#1098),#10920,.T.);
#11267=ADVANCED_FACE('',(#1099),#10921,.T.);
#11268=ADVANCED_FACE('',(#1100,#15,#16,#17,#18,#19,#20,#21,#22,#23,#24,
#25,#26,#27,#28,#29,#30,#31,#32,#33,#34,#35,#36,#37,#38,#39,#40,#41,#42,
#43,#44,#45,#46,#47,#48,#49,#50,#51,#52,#53,#54,#55,#56,#57,#58,#59,#60,
#61,#62,#63,#64,#65,#66,#67,#68,#69,#70,#71,#72,#73,#74,#75,#76,#77,#78,
#79,#80,#81,#82,#83,#84,#85),#10922,.T.);
#11269=ADVANCED_FACE('',(#1101),#10923,.T.);
#11270=ADVANCED_FACE('',(#1102),#10924,.T.);
#11271=ADVANCED_FACE('',(#1103),#10925,.T.);
#11272=ADVANCED_FACE('',(#1104),#10926,.T.);
#11273=ADVANCED_FACE('',(#1105),#10927,.T.);
#11274=ADVANCED_FACE('',(#1106),#10928,.T.);
#11275=ADVANCED_FACE('',(#1107),#10929,.T.);
#11276=ADVANCED_FACE('',(#1108),#10930,.T.);
#11277=ADVANCED_FACE('',(#1109),#10931,.T.);
#11278=ADVANCED_FACE('',(#1110),#10932,.T.);
#11279=ADVANCED_FACE('',(#1111),#10933,.T.);
#11280=ADVANCED_FACE('',(#1112),#10934,.T.);
#11281=ADVANCED_FACE('',(#1113),#10935,.T.);
#11282=ADVANCED_FACE('',(#1114),#10936,.T.);
#11283=ADVANCED_FACE('',(#1115),#10937,.T.);
#11284=ADVANCED_FACE('',(#1116),#10938,.T.);
#11285=ADVANCED_FACE('',(#1117),#10939,.T.);
#11286=ADVANCED_FACE('',(#1118),#10940,.T.);
#11287=ADVANCED_FACE('',(#1119),#10941,.T.);
#11288=ADVANCED_FACE('',(#1120),#10942,.T.);
#11289=ADVANCED_FACE('',(#1121),#10943,.T.);
#11290=ADVANCED_FACE('',(#1122),#10944,.T.);
#11291=ADVANCED_FACE('',(#1123),#10945,.T.);
#11292=ADVANCED_FACE('',(#1124),#10946,.T.);
#11293=ADVANCED_FACE('',(#1125),#10947,.T.);
#11294=ADVANCED_FACE('',(#1126,#86,#87,#88,#89,#90,#91,#92,#93,#94,#95,
#96,#97,#98,#99,#100,#101,#102,#103,#104,#105,#106,#107,#108,#109,#110,
#111,#112,#113,#114,#115,#116,#117,#118,#119,#120,#121,#122,#123,#124,#125,
#126,#127,#128,#129,#130,#131,#132,#133,#134,#135,#136,#137,#138,#139,#140,
#141,#142,#143,#144,#145,#146,#147,#148,#149,#150,#151,#152,#153,#154,#155,
#156),#10948,.F.);
#11295=ADVANCED_FACE('',(#1127),#781,.F.);
#11296=ADVANCED_FACE('',(#1128),#10949,.T.);
#11297=ADVANCED_FACE('',(#1129),#782,.F.);
#11298=ADVANCED_FACE('',(#1130),#783,.F.);
#11299=ADVANCED_FACE('',(#1131),#10950,.T.);
#11300=ADVANCED_FACE('',(#1132),#784,.F.);
#11301=ADVANCED_FACE('',(#1133),#785,.F.);
#11302=ADVANCED_FACE('',(#1134),#10951,.T.);
#11303=ADVANCED_FACE('',(#1135),#786,.F.);
#11304=ADVANCED_FACE('',(#1136),#787,.F.);
#11305=ADVANCED_FACE('',(#1137),#10952,.T.);
#11306=ADVANCED_FACE('',(#1138),#788,.F.);
#11307=ADVANCED_FACE('',(#1139),#789,.F.);
#11308=ADVANCED_FACE('',(#1140),#10953,.T.);
#11309=ADVANCED_FACE('',(#1141),#790,.F.);
#11310=ADVANCED_FACE('',(#1142),#791,.F.);
#11311=ADVANCED_FACE('',(#1143),#10954,.T.);
#11312=ADVANCED_FACE('',(#1144),#792,.F.);
#11313=ADVANCED_FACE('',(#1145),#793,.F.);
#11314=ADVANCED_FACE('',(#1146),#10955,.T.);
#11315=ADVANCED_FACE('',(#1147),#794,.F.);
#11316=ADVANCED_FACE('',(#1148),#795,.F.);
#11317=ADVANCED_FACE('',(#1149),#10956,.T.);
#11318=ADVANCED_FACE('',(#1150),#796,.F.);
#11319=ADVANCED_FACE('',(#1151),#797,.F.);
#11320=ADVANCED_FACE('',(#1152),#10957,.T.);
#11321=ADVANCED_FACE('',(#1153),#798,.F.);
#11322=ADVANCED_FACE('',(#1154),#799,.F.);
#11323=ADVANCED_FACE('',(#1155),#10958,.T.);
#11324=ADVANCED_FACE('',(#1156),#800,.F.);
#11325=ADVANCED_FACE('',(#1157),#801,.F.);
#11326=ADVANCED_FACE('',(#1158),#10959,.T.);
#11327=ADVANCED_FACE('',(#1159),#802,.F.);
#11328=ADVANCED_FACE('',(#1160),#803,.F.);
#11329=ADVANCED_FACE('',(#1161),#10960,.T.);
#11330=ADVANCED_FACE('',(#1162),#804,.F.);
#11331=ADVANCED_FACE('',(#1163),#805,.F.);
#11332=ADVANCED_FACE('',(#1164),#10961,.T.);
#11333=ADVANCED_FACE('',(#1165),#806,.F.);
#11334=ADVANCED_FACE('',(#1166),#807,.F.);
#11335=ADVANCED_FACE('',(#1167),#10962,.T.);
#11336=ADVANCED_FACE('',(#1168),#808,.F.);
#11337=ADVANCED_FACE('',(#1169),#809,.F.);
#11338=ADVANCED_FACE('',(#1170),#10963,.T.);
#11339=ADVANCED_FACE('',(#1171),#810,.F.);
#11340=ADVANCED_FACE('',(#1172),#811,.F.);
#11341=ADVANCED_FACE('',(#1173),#10964,.T.);
#11342=ADVANCED_FACE('',(#1174),#812,.F.);
#11343=ADVANCED_FACE('',(#1175),#813,.F.);
#11344=ADVANCED_FACE('',(#1176),#10965,.T.);
#11345=ADVANCED_FACE('',(#1177),#814,.F.);
#11346=ADVANCED_FACE('',(#1178),#815,.F.);
#11347=ADVANCED_FACE('',(#1179),#10966,.T.);
#11348=ADVANCED_FACE('',(#1180),#816,.F.);
#11349=ADVANCED_FACE('',(#1181),#817,.F.);
#11350=ADVANCED_FACE('',(#1182),#10967,.T.);
#11351=ADVANCED_FACE('',(#1183),#818,.F.);
#11352=ADVANCED_FACE('',(#1184),#819,.F.);
#11353=ADVANCED_FACE('',(#1185),#10968,.T.);
#11354=ADVANCED_FACE('',(#1186),#820,.F.);
#11355=ADVANCED_FACE('',(#1187),#821,.F.);
#11356=ADVANCED_FACE('',(#1188),#10969,.T.);
#11357=ADVANCED_FACE('',(#1189),#822,.F.);
#11358=ADVANCED_FACE('',(#1190),#823,.F.);
#11359=ADVANCED_FACE('',(#1191),#10970,.T.);
#11360=ADVANCED_FACE('',(#1192),#824,.F.);
#11361=ADVANCED_FACE('',(#1193),#825,.F.);
#11362=ADVANCED_FACE('',(#1194),#10971,.T.);
#11363=ADVANCED_FACE('',(#1195),#826,.F.);
#11364=ADVANCED_FACE('',(#1196),#827,.F.);
#11365=ADVANCED_FACE('',(#1197),#10972,.T.);
#11366=ADVANCED_FACE('',(#1198),#828,.F.);
#11367=ADVANCED_FACE('',(#1199),#829,.F.);
#11368=ADVANCED_FACE('',(#1200),#10973,.T.);
#11369=ADVANCED_FACE('',(#1201),#830,.F.);
#11370=ADVANCED_FACE('',(#1202),#831,.F.);
#11371=ADVANCED_FACE('',(#1203),#10974,.T.);
#11372=ADVANCED_FACE('',(#1204),#832,.F.);
#11373=ADVANCED_FACE('',(#1205),#833,.F.);
#11374=ADVANCED_FACE('',(#1206),#10975,.T.);
#11375=ADVANCED_FACE('',(#1207),#834,.F.);
#11376=ADVANCED_FACE('',(#1208),#10976,.T.);
#11377=ADVANCED_FACE('',(#1209),#835,.F.);
#11378=ADVANCED_FACE('',(#1210),#10977,.T.);
#11379=ADVANCED_FACE('',(#1211),#836,.F.);
#11380=ADVANCED_FACE('',(#1212),#10978,.T.);
#11381=ADVANCED_FACE('',(#1213),#10979,.T.);
#11382=ADVANCED_FACE('',(#1214),#10980,.T.);
#11383=ADVANCED_FACE('',(#1215),#10981,.T.);
#11384=ADVANCED_FACE('',(#1216),#10982,.T.);
#11385=ADVANCED_FACE('',(#1217),#10983,.T.);
#11386=ADVANCED_FACE('',(#1218),#10984,.T.);
#11387=ADVANCED_FACE('',(#1219),#10985,.T.);
#11388=ADVANCED_FACE('',(#1220),#10986,.T.);
#11389=ADVANCED_FACE('',(#1221),#10987,.T.);
#11390=ADVANCED_FACE('',(#1222),#10988,.T.);
#11391=ADVANCED_FACE('',(#1223),#10989,.T.);
#11392=ADVANCED_FACE('',(#1224),#10990,.T.);
#11393=ADVANCED_FACE('',(#1225),#10991,.T.);
#11394=ADVANCED_FACE('',(#1226),#10992,.T.);
#11395=ADVANCED_FACE('',(#1227),#10993,.T.);
#11396=ADVANCED_FACE('',(#1228),#10994,.T.);
#11397=ADVANCED_FACE('',(#1229),#10995,.T.);
#11398=ADVANCED_FACE('',(#1230),#10996,.T.);
#11399=ADVANCED_FACE('',(#1231),#10997,.T.);
#11400=ADVANCED_FACE('',(#1232),#10998,.T.);
#11401=ADVANCED_FACE('',(#1233),#10999,.T.);
#11402=ADVANCED_FACE('',(#1234),#11000,.T.);
#11403=ADVANCED_FACE('',(#1235),#11001,.T.);
#11404=ADVANCED_FACE('',(#1236),#11002,.T.);
#11405=ADVANCED_FACE('',(#1237),#11003,.T.);
#11406=ADVANCED_FACE('',(#1238),#837,.F.);
#11407=ADVANCED_FACE('',(#1239),#11004,.T.);
#11408=ADVANCED_FACE('',(#1240),#838,.F.);
#11409=ADVANCED_FACE('',(#1241),#839,.F.);
#11410=ADVANCED_FACE('',(#1242),#11005,.T.);
#11411=ADVANCED_FACE('',(#1243),#840,.F.);
#11412=ADVANCED_FACE('',(#1244),#841,.F.);
#11413=ADVANCED_FACE('',(#1245),#11006,.T.);
#11414=ADVANCED_FACE('',(#1246),#842,.F.);
#11415=ADVANCED_FACE('',(#1247),#843,.F.);
#11416=ADVANCED_FACE('',(#1248),#11007,.T.);
#11417=ADVANCED_FACE('',(#1249),#844,.F.);
#11418=ADVANCED_FACE('',(#1250),#845,.F.);
#11419=ADVANCED_FACE('',(#1251),#11008,.T.);
#11420=ADVANCED_FACE('',(#1252),#846,.F.);
#11421=ADVANCED_FACE('',(#1253),#847,.F.);
#11422=ADVANCED_FACE('',(#1254),#11009,.T.);
#11423=ADVANCED_FACE('',(#1255),#848,.F.);
#11424=ADVANCED_FACE('',(#1256),#849,.F.);
#11425=ADVANCED_FACE('',(#1257),#11010,.T.);
#11426=ADVANCED_FACE('',(#1258),#850,.F.);
#11427=ADVANCED_FACE('',(#1259),#851,.F.);
#11428=ADVANCED_FACE('',(#1260),#11011,.T.);
#11429=ADVANCED_FACE('',(#1261),#852,.F.);
#11430=ADVANCED_FACE('',(#1262),#853,.F.);
#11431=ADVANCED_FACE('',(#1263),#11012,.T.);
#11432=ADVANCED_FACE('',(#1264),#854,.F.);
#11433=ADVANCED_FACE('',(#1265),#855,.F.);
#11434=ADVANCED_FACE('',(#1266),#11013,.T.);
#11435=ADVANCED_FACE('',(#1267),#856,.F.);
#11436=ADVANCED_FACE('',(#1268),#857,.F.);
#11437=ADVANCED_FACE('',(#1269),#11014,.T.);
#11438=ADVANCED_FACE('',(#1270),#858,.F.);
#11439=ADVANCED_FACE('',(#1271),#859,.F.);
#11440=ADVANCED_FACE('',(#1272),#11015,.T.);
#11441=ADVANCED_FACE('',(#1273),#860,.F.);
#11442=ADVANCED_FACE('',(#1274),#861,.F.);
#11443=ADVANCED_FACE('',(#1275),#11016,.T.);
#11444=ADVANCED_FACE('',(#1276),#862,.F.);
#11445=ADVANCED_FACE('',(#1277),#863,.F.);
#11446=ADVANCED_FACE('',(#1278),#11017,.T.);
#11447=ADVANCED_FACE('',(#1279),#864,.F.);
#11448=ADVANCED_FACE('',(#1280),#865,.F.);
#11449=ADVANCED_FACE('',(#1281),#11018,.T.);
#11450=ADVANCED_FACE('',(#1282),#866,.F.);
#11451=ADVANCED_FACE('',(#1283),#867,.F.);
#11452=ADVANCED_FACE('',(#1284),#11019,.T.);
#11453=ADVANCED_FACE('',(#1285),#868,.F.);
#11454=ADVANCED_FACE('',(#1286),#869,.F.);
#11455=ADVANCED_FACE('',(#1287),#11020,.T.);
#11456=ADVANCED_FACE('',(#1288),#870,.F.);
#11457=ADVANCED_FACE('',(#1289),#871,.F.);
#11458=ADVANCED_FACE('',(#1290),#11021,.T.);
#11459=ADVANCED_FACE('',(#1291),#872,.F.);
#11460=ADVANCED_FACE('',(#1292),#873,.F.);
#11461=ADVANCED_FACE('',(#1293),#11022,.T.);
#11462=ADVANCED_FACE('',(#1294),#874,.F.);
#11463=ADVANCED_FACE('',(#1295),#875,.F.);
#11464=ADVANCED_FACE('',(#1296),#11023,.T.);
#11465=ADVANCED_FACE('',(#1297),#876,.F.);
#11466=ADVANCED_FACE('',(#1298),#877,.F.);
#11467=ADVANCED_FACE('',(#1299),#11024,.T.);
#11468=ADVANCED_FACE('',(#1300),#878,.F.);
#11469=ADVANCED_FACE('',(#1301),#879,.F.);
#11470=ADVANCED_FACE('',(#1302),#11025,.T.);
#11471=ADVANCED_FACE('',(#1303),#880,.F.);
#11472=ADVANCED_FACE('',(#1304),#881,.F.);
#11473=ADVANCED_FACE('',(#1305),#11026,.T.);
#11474=ADVANCED_FACE('',(#1306),#882,.F.);
#11475=ADVANCED_FACE('',(#1307),#883,.F.);
#11476=ADVANCED_FACE('',(#1308),#11027,.T.);
#11477=ADVANCED_FACE('',(#1309),#884,.F.);
#11478=ADVANCED_FACE('',(#1310),#885,.F.);
#11479=ADVANCED_FACE('',(#1311),#11028,.T.);
#11480=ADVANCED_FACE('',(#1312),#886,.F.);
#11481=ADVANCED_FACE('',(#1313),#11029,.T.);
#11482=ADVANCED_FACE('',(#1314),#887,.F.);
#11483=ADVANCED_FACE('',(#1315),#11030,.T.);
#11484=ADVANCED_FACE('',(#1316),#888,.F.);
#11485=ADVANCED_FACE('',(#1317),#11031,.T.);
#11486=ADVANCED_FACE('',(#1318),#11032,.T.);
#11487=ADVANCED_FACE('',(#1319),#11033,.T.);
#11488=ADVANCED_FACE('',(#1320),#11034,.T.);
#11489=ADVANCED_FACE('',(#1321),#11035,.T.);
#11490=ADVANCED_FACE('',(#1322),#11036,.T.);
#11491=ADVANCED_FACE('',(#1323),#11037,.T.);
#11492=ADVANCED_FACE('',(#1324),#11038,.T.);
#11493=ADVANCED_FACE('',(#1325),#11039,.T.);
#11494=ADVANCED_FACE('',(#1326),#11040,.T.);
#11495=ADVANCED_FACE('',(#1327),#11041,.T.);
#11496=ADVANCED_FACE('',(#1328),#11042,.T.);
#11497=ADVANCED_FACE('',(#1329),#11043,.T.);
#11498=ADVANCED_FACE('',(#1330),#11044,.T.);
#11499=ADVANCED_FACE('',(#1331),#11045,.T.);
#11500=ADVANCED_FACE('',(#1332),#11046,.T.);
#11501=ADVANCED_FACE('',(#1333),#11047,.T.);
#11502=ADVANCED_FACE('',(#1334),#11048,.T.);
#11503=ADVANCED_FACE('',(#1335),#11049,.T.);
#11504=ADVANCED_FACE('',(#1336),#11050,.T.);
#11505=ADVANCED_FACE('',(#1337),#11051,.T.);
#11506=ADVANCED_FACE('',(#1338),#11052,.T.);
#11507=ADVANCED_FACE('',(#1339),#11053,.T.);
#11508=ADVANCED_FACE('',(#1340),#11054,.T.);
#11509=ADVANCED_FACE('',(#1341),#889,.F.);
#11510=ADVANCED_FACE('',(#1342),#11055,.T.);
#11511=ADVANCED_FACE('',(#1343),#890,.F.);
#11512=ADVANCED_FACE('',(#1344),#891,.F.);
#11513=ADVANCED_FACE('',(#1345),#11056,.T.);
#11514=ADVANCED_FACE('',(#1346),#892,.F.);
#11515=ADVANCED_FACE('',(#1347),#893,.F.);
#11516=ADVANCED_FACE('',(#1348),#11057,.T.);
#11517=ADVANCED_FACE('',(#1349),#894,.F.);
#11518=ADVANCED_FACE('',(#1350),#895,.F.);
#11519=ADVANCED_FACE('',(#1351),#11058,.T.);
#11520=ADVANCED_FACE('',(#1352),#896,.F.);
#11521=ADVANCED_FACE('',(#1353),#897,.F.);
#11522=ADVANCED_FACE('',(#1354),#11059,.T.);
#11523=ADVANCED_FACE('',(#1355),#898,.F.);
#11524=ADVANCED_FACE('',(#1356),#899,.F.);
#11525=ADVANCED_FACE('',(#1357),#11060,.T.);
#11526=ADVANCED_FACE('',(#1358),#900,.F.);
#11527=ADVANCED_FACE('',(#1359),#901,.F.);
#11528=ADVANCED_FACE('',(#1360),#11061,.T.);
#11529=ADVANCED_FACE('',(#1361),#902,.F.);
#11530=ADVANCED_FACE('',(#1362),#903,.F.);
#11531=ADVANCED_FACE('',(#1363),#11062,.T.);
#11532=ADVANCED_FACE('',(#1364),#904,.F.);
#11533=ADVANCED_FACE('',(#1365),#905,.F.);
#11534=ADVANCED_FACE('',(#1366),#11063,.T.);
#11535=ADVANCED_FACE('',(#1367),#906,.F.);
#11536=ADVANCED_FACE('',(#1368),#907,.F.);
#11537=ADVANCED_FACE('',(#1369),#11064,.T.);
#11538=ADVANCED_FACE('',(#1370),#908,.F.);
#11539=ADVANCED_FACE('',(#1371),#909,.F.);
#11540=ADVANCED_FACE('',(#1372),#11065,.T.);
#11541=ADVANCED_FACE('',(#1373),#910,.F.);
#11542=ADVANCED_FACE('',(#1374),#911,.F.);
#11543=ADVANCED_FACE('',(#1375),#11066,.T.);
#11544=ADVANCED_FACE('',(#1376),#912,.F.);
#11545=ADVANCED_FACE('',(#1377),#913,.F.);
#11546=ADVANCED_FACE('',(#1378),#11067,.T.);
#11547=ADVANCED_FACE('',(#1379),#914,.F.);
#11548=ADVANCED_FACE('',(#1380),#915,.F.);
#11549=ADVANCED_FACE('',(#1381),#11068,.T.);
#11550=ADVANCED_FACE('',(#1382),#916,.F.);
#11551=ADVANCED_FACE('',(#1383),#917,.F.);
#11552=ADVANCED_FACE('',(#1384),#11069,.T.);
#11553=ADVANCED_FACE('',(#1385),#918,.F.);
#11554=ADVANCED_FACE('',(#1386),#919,.F.);
#11555=ADVANCED_FACE('',(#1387),#11070,.T.);
#11556=ADVANCED_FACE('',(#1388),#920,.F.);
#11557=ADVANCED_FACE('',(#1389),#921,.F.);
#11558=ADVANCED_FACE('',(#1390),#11071,.T.);
#11559=ADVANCED_FACE('',(#1391),#922,.F.);
#11560=ADVANCED_FACE('',(#1392),#923,.F.);
#11561=ADVANCED_FACE('',(#1393),#11072,.T.);
#11562=ADVANCED_FACE('',(#1394),#924,.F.);
#11563=ADVANCED_FACE('',(#1395),#925,.F.);
#11564=ADVANCED_FACE('',(#1396),#11073,.T.);
#11565=ADVANCED_FACE('',(#1397),#926,.F.);
#11566=ADVANCED_FACE('',(#1398),#927,.F.);
#11567=ADVANCED_FACE('',(#1399),#11074,.T.);
#11568=ADVANCED_FACE('',(#1400),#928,.F.);
#11569=ADVANCED_FACE('',(#1401),#929,.F.);
#11570=ADVANCED_FACE('',(#1402),#11075,.T.);
#11571=ADVANCED_FACE('',(#1403),#930,.F.);
#11572=ADVANCED_FACE('',(#1404),#931,.F.);
#11573=ADVANCED_FACE('',(#1405),#11076,.T.);
#11574=ADVANCED_FACE('',(#1406),#932,.F.);
#11575=ADVANCED_FACE('',(#1407),#933,.F.);
#11576=ADVANCED_FACE('',(#1408),#11077,.T.);
#11577=ADVANCED_FACE('',(#1409),#934,.F.);
#11578=ADVANCED_FACE('',(#1410),#11078,.T.);
#11579=ADVANCED_FACE('',(#1411),#935,.F.);
#11580=ADVANCED_FACE('',(#1412),#11079,.T.);
#11581=ADVANCED_FACE('',(#1413),#936,.F.);
#11582=ADVANCED_FACE('',(#1414),#11080,.T.);
#11583=ADVANCED_FACE('',(#1415),#11081,.T.);
#11584=ADVANCED_FACE('',(#1416),#11082,.T.);
#11585=ADVANCED_FACE('',(#1417),#11083,.T.);
#11586=ADVANCED_FACE('',(#1418),#11084,.T.);
#11587=ADVANCED_FACE('',(#1419),#11085,.T.);
#11588=ADVANCED_FACE('',(#1420),#11086,.T.);
#11589=ADVANCED_FACE('',(#1421),#11087,.T.);
#11590=ADVANCED_FACE('',(#1422),#11088,.T.);
#11591=ADVANCED_FACE('',(#1423),#11089,.T.);
#11592=ADVANCED_FACE('',(#1424),#11090,.T.);
#11593=ADVANCED_FACE('',(#1425),#11091,.T.);
#11594=ADVANCED_FACE('',(#1426),#11092,.T.);
#11595=ADVANCED_FACE('',(#1427),#11093,.T.);
#11596=ADVANCED_FACE('',(#1428),#11094,.T.);
#11597=ADVANCED_FACE('',(#1429),#11095,.T.);
#11598=ADVANCED_FACE('',(#1430),#11096,.T.);
#11599=ADVANCED_FACE('',(#1431),#11097,.T.);
#11600=ADVANCED_FACE('',(#1432),#11098,.T.);
#11601=ADVANCED_FACE('',(#1433),#11099,.T.);
#11602=ADVANCED_FACE('',(#1434),#11100,.T.);
#11603=ADVANCED_FACE('',(#1435),#11101,.T.);
#11604=ADVANCED_FACE('',(#1436),#937,.F.);
#11605=ADVANCED_FACE('',(#1437),#11102,.T.);
#11606=ADVANCED_FACE('',(#1438),#938,.F.);
#11607=ADVANCED_FACE('',(#1439),#939,.F.);
#11608=ADVANCED_FACE('',(#1440),#11103,.T.);
#11609=ADVANCED_FACE('',(#1441),#940,.F.);
#11610=ADVANCED_FACE('',(#1442),#941,.F.);
#11611=ADVANCED_FACE('',(#1443),#11104,.T.);
#11612=ADVANCED_FACE('',(#1444),#942,.F.);
#11613=ADVANCED_FACE('',(#1445),#943,.F.);
#11614=ADVANCED_FACE('',(#1446),#11105,.T.);
#11615=ADVANCED_FACE('',(#1447),#944,.F.);
#11616=ADVANCED_FACE('',(#1448),#945,.F.);
#11617=ADVANCED_FACE('',(#1449),#11106,.T.);
#11618=ADVANCED_FACE('',(#1450),#946,.F.);
#11619=ADVANCED_FACE('',(#1451),#947,.F.);
#11620=ADVANCED_FACE('',(#1452),#11107,.T.);
#11621=ADVANCED_FACE('',(#1453),#948,.F.);
#11622=ADVANCED_FACE('',(#1454),#949,.F.);
#11623=ADVANCED_FACE('',(#1455),#11108,.T.);
#11624=ADVANCED_FACE('',(#1456),#950,.F.);
#11625=ADVANCED_FACE('',(#1457),#951,.F.);
#11626=ADVANCED_FACE('',(#1458),#11109,.T.);
#11627=ADVANCED_FACE('',(#1459),#952,.F.);
#11628=ADVANCED_FACE('',(#1460),#953,.F.);
#11629=ADVANCED_FACE('',(#1461),#11110,.T.);
#11630=ADVANCED_FACE('',(#1462),#954,.F.);
#11631=ADVANCED_FACE('',(#1463),#955,.F.);
#11632=ADVANCED_FACE('',(#1464),#11111,.T.);
#11633=ADVANCED_FACE('',(#1465),#956,.F.);
#11634=ADVANCED_FACE('',(#1466),#957,.F.);
#11635=ADVANCED_FACE('',(#1467),#11112,.T.);
#11636=ADVANCED_FACE('',(#1468),#958,.F.);
#11637=ADVANCED_FACE('',(#1469),#959,.F.);
#11638=ADVANCED_FACE('',(#1470),#11113,.T.);
#11639=ADVANCED_FACE('',(#1471),#960,.F.);
#11640=ADVANCED_FACE('',(#1472),#961,.F.);
#11641=ADVANCED_FACE('',(#1473),#11114,.T.);
#11642=ADVANCED_FACE('',(#1474),#962,.F.);
#11643=ADVANCED_FACE('',(#1475),#963,.F.);
#11644=ADVANCED_FACE('',(#1476),#11115,.T.);
#11645=ADVANCED_FACE('',(#1477),#964,.F.);
#11646=ADVANCED_FACE('',(#1478),#965,.F.);
#11647=ADVANCED_FACE('',(#1479),#11116,.T.);
#11648=ADVANCED_FACE('',(#1480),#966,.F.);
#11649=ADVANCED_FACE('',(#1481),#11117,.T.);
#11650=ADVANCED_FACE('',(#1482),#967,.F.);
#11651=ADVANCED_FACE('',(#1483),#11118,.T.);
#11652=ADVANCED_FACE('',(#1484),#968,.F.);
#11653=ADVANCED_FACE('',(#1485),#11119,.T.);
#11654=ADVANCED_FACE('',(#1486),#11120,.T.);
#11655=ADVANCED_FACE('',(#1487),#11121,.T.);
#11656=ADVANCED_FACE('',(#1488),#11122,.T.);
#11657=ADVANCED_FACE('',(#1489),#11123,.T.);
#11658=ADVANCED_FACE('',(#1490),#11124,.T.);
#11659=ADVANCED_FACE('',(#1491),#11125,.T.);
#11660=ADVANCED_FACE('',(#1492),#11126,.T.);
#11661=ADVANCED_FACE('',(#1493),#11127,.T.);
#11662=ADVANCED_FACE('',(#1494),#11128,.T.);
#11663=ADVANCED_FACE('',(#1495),#11129,.T.);
#11664=ADVANCED_FACE('',(#1496),#11130,.T.);
#11665=ADVANCED_FACE('',(#1497),#11131,.T.);
#11666=ADVANCED_FACE('',(#1498),#11132,.T.);
#11667=ADVANCED_FACE('',(#1499),#11133,.T.);
#11668=ADVANCED_FACE('',(#1500),#969,.F.);
#11669=ADVANCED_FACE('',(#1501),#11134,.T.);
#11670=ADVANCED_FACE('',(#1502),#970,.F.);
#11671=ADVANCED_FACE('',(#1503),#11135,.T.);
#11672=ADVANCED_FACE('',(#1504),#971,.F.);
#11673=ADVANCED_FACE('',(#1505),#11136,.T.);
#11674=ADVANCED_FACE('',(#1506),#972,.F.);
#11675=ADVANCED_FACE('',(#1507),#11137,.T.);
#11676=ADVANCED_FACE('',(#1508),#11138,.T.);
#11677=ADVANCED_FACE('',(#1509),#11139,.T.);
#11678=ADVANCED_FACE('',(#1510),#11140,.T.);
#11679=ADVANCED_FACE('',(#1511),#973,.F.);
#11680=ADVANCED_FACE('',(#1512),#11141,.T.);
#11681=ADVANCED_FACE('',(#1513),#974,.F.);
#11682=ADVANCED_FACE('',(#1514),#11142,.T.);
#11683=ADVANCED_FACE('',(#1515),#975,.F.);
#11684=ADVANCED_FACE('',(#1516),#11143,.T.);
#11685=ADVANCED_FACE('',(#1517),#976,.F.);
#11686=ADVANCED_FACE('',(#1518),#11144,.T.);
#11687=ADVANCED_FACE('',(#1519),#11145,.T.);
#11688=ADVANCED_FACE('',(#1520),#977,.F.);
#11689=ADVANCED_FACE('',(#1521),#11146,.T.);
#11690=ADVANCED_FACE('',(#1522),#978,.F.);
#11691=ADVANCED_FACE('',(#1523),#11147,.T.);
#11692=ADVANCED_FACE('',(#1524),#979,.F.);
#11693=ADVANCED_FACE('',(#1525),#11148,.T.);
#11694=ADVANCED_FACE('',(#1526),#980,.F.);
#11695=ADVANCED_FACE('',(#1527),#11149,.T.);
#11696=ADVANCED_FACE('',(#1528),#981,.F.);
#11697=ADVANCED_FACE('',(#1529),#11150,.T.);
#11698=ADVANCED_FACE('',(#1530),#982,.F.);
#11699=ADVANCED_FACE('',(#1531),#11151,.T.);
#11700=ADVANCED_FACE('',(#1532),#983,.F.);
#11701=ADVANCED_FACE('',(#1533),#11152,.T.);
#11702=ADVANCED_FACE('',(#1534),#984,.F.);
#11703=ADVANCED_FACE('',(#1535),#11153,.T.);
#11704=ADVANCED_FACE('',(#1536),#985,.F.);
#11705=ADVANCED_FACE('',(#1537),#11154,.T.);
#11706=ADVANCED_FACE('',(#1538),#986,.F.);
#11707=ADVANCED_FACE('',(#1539),#11155,.T.);
#11708=ADVANCED_FACE('',(#1540),#987,.F.);
#11709=ADVANCED_FACE('',(#1541),#11156,.T.);
#11710=ADVANCED_FACE('',(#1542),#988,.F.);
#11711=ADVANCED_FACE('',(#1543),#11157,.T.);
#11712=ADVANCED_FACE('',(#1544),#989,.F.);
#11713=ADVANCED_FACE('',(#1545),#11158,.T.);
#11714=ADVANCED_FACE('',(#1546),#990,.F.);
#11715=ADVANCED_FACE('',(#1547),#11159,.T.);
#11716=ADVANCED_FACE('',(#1548),#991,.F.);
#11717=ADVANCED_FACE('',(#1549),#11160,.T.);
#11718=ADVANCED_FACE('',(#1550),#992,.F.);
#11719=ADVANCED_FACE('',(#1551),#11161,.T.);
#11720=ADVANCED_FACE('',(#1552),#993,.F.);
#11721=ADVANCED_FACE('',(#1553),#11162,.T.);
#11722=ADVANCED_FACE('',(#1554),#994,.F.);
#11723=ADVANCED_FACE('',(#1555),#11163,.T.);
#11724=ADVANCED_FACE('',(#1556),#995,.F.);
#11725=ADVANCED_FACE('',(#1557),#11164,.T.);
#11726=ADVANCED_FACE('',(#1558),#996,.F.);
#11727=ADVANCED_FACE('',(#1559),#11165,.T.);
#11728=ADVANCED_FACE('',(#1560),#997,.F.);
#11729=ADVANCED_FACE('',(#1561),#11166,.T.);
#11730=ADVANCED_FACE('',(#1562),#998,.F.);
#11731=ADVANCED_FACE('',(#1563),#11167,.T.);
#11732=ADVANCED_FACE('',(#1564),#999,.F.);
#11733=ADVANCED_FACE('',(#1565),#11168,.T.);
#11734=ADVANCED_FACE('',(#1566),#1000,.F.);
#11735=ADVANCED_FACE('',(#1567),#11169,.T.);
#11736=ADVANCED_FACE('',(#1568),#1001,.F.);
#11737=ADVANCED_FACE('',(#1569),#11170,.T.);
#11738=ADVANCED_FACE('',(#1570),#1002,.F.);
#11739=ADVANCED_FACE('',(#1571),#11171,.T.);
#11740=ADVANCED_FACE('',(#1572),#1003,.F.);
#11741=ADVANCED_FACE('',(#1573),#11172,.T.);
#11742=ADVANCED_FACE('',(#1574),#1004,.F.);
#11743=ADVANCED_FACE('',(#1575),#11173,.T.);
#11744=ADVANCED_FACE('',(#1576),#1005,.F.);
#11745=ADVANCED_FACE('',(#1577),#11174,.T.);
#11746=ADVANCED_FACE('',(#1578),#1006,.F.);
#11747=ADVANCED_FACE('',(#1579),#11175,.T.);
#11748=ADVANCED_FACE('',(#1580),#1007,.F.);
#11749=ADVANCED_FACE('',(#1581),#11176,.T.);
#11750=ADVANCED_FACE('',(#1582),#1008,.F.);
#11751=CLOSED_SHELL('',(#11177,#11178,#11179,#11180,#11181,#11182,#11183,
#11184,#11185,#11186,#11187,#11188,#11189,#11190,#11191,#11192,#11193,#11194,
#11195,#11196,#11197,#11198,#11199,#11200,#11201,#11202,#11203,#11204,#11205,
#11206,#11207,#11208,#11209,#11210,#11211,#11212,#11213,#11214,#11215,#11216,
#11217,#11218,#11219,#11220,#11221,#11222,#11223,#11224,#11225,#11226,#11227,
#11228,#11229,#11230,#11231,#11232,#11233,#11234,#11235,#11236,#11237,#11238,
#11239,#11240,#11241,#11242,#11243,#11244,#11245,#11246,#11247,#11248,#11249,
#11250,#11251,#11252,#11253,#11254,#11255,#11256,#11257,#11258,#11259,#11260,
#11261,#11262,#11263,#11264,#11265,#11266,#11267,#11268,#11269,#11270,#11271,
#11272,#11273,#11274,#11275,#11276,#11277,#11278,#11279,#11280,#11281,#11282,
#11283,#11284,#11285,#11286,#11287,#11288,#11289,#11290,#11291,#11292,#11293,
#11294,#11295,#11296,#11297,#11298,#11299,#11300,#11301,#11302,#11303,#11304,
#11305,#11306,#11307,#11308,#11309,#11310,#11311,#11312,#11313,#11314,#11315,
#11316,#11317,#11318,#11319,#11320,#11321,#11322,#11323,#11324,#11325,#11326,
#11327,#11328,#11329,#11330,#11331,#11332,#11333,#11334,#11335,#11336,#11337,
#11338,#11339,#11340,#11341,#11342,#11343,#11344,#11345,#11346,#11347,#11348,
#11349,#11350,#11351,#11352,#11353,#11354,#11355,#11356,#11357,#11358,#11359,
#11360,#11361,#11362,#11363,#11364,#11365,#11366,#11367,#11368,#11369,#11370,
#11371,#11372,#11373,#11374,#11375,#11376,#11377,#11378,#11379,#11380,#11381,
#11382,#11383,#11384,#11385,#11386,#11387,#11388,#11389,#11390,#11391,#11392,
#11393,#11394,#11395,#11396,#11397,#11398,#11399,#11400,#11401,#11402,#11403,
#11404,#11405,#11406,#11407,#11408,#11409,#11410,#11411,#11412,#11413,#11414,
#11415,#11416,#11417,#11418,#11419,#11420,#11421,#11422,#11423,#11424,#11425,
#11426,#11427,#11428,#11429,#11430,#11431,#11432,#11433,#11434,#11435,#11436,
#11437,#11438,#11439,#11440,#11441,#11442,#11443,#11444,#11445,#11446,#11447,
#11448,#11449,#11450,#11451,#11452,#11453,#11454,#11455,#11456,#11457,#11458,
#11459,#11460,#11461,#11462,#11463,#11464,#11465,#11466,#11467,#11468,#11469,
#11470,#11471,#11472,#11473,#11474,#11475,#11476,#11477,#11478,#11479,#11480,
#11481,#11482,#11483,#11484,#11485,#11486,#11487,#11488,#11489,#11490,#11491,
#11492,#11493,#11494,#11495,#11496,#11497,#11498,#11499,#11500,#11501,#11502,
#11503,#11504,#11505,#11506,#11507,#11508,#11509,#11510,#11511,#11512,#11513,
#11514,#11515,#11516,#11517,#11518,#11519,#11520,#11521,#11522,#11523,#11524,
#11525,#11526,#11527,#11528,#11529,#11530,#11531,#11532,#11533,#11534,#11535,
#11536,#11537,#11538,#11539,#11540,#11541,#11542,#11543,#11544,#11545,#11546,
#11547,#11548,#11549,#11550,#11551,#11552,#11553,#11554,#11555,#11556,#11557,
#11558,#11559,#11560,#11561,#11562,#11563,#11564,#11565,#11566,#11567,#11568,
#11569,#11570,#11571,#11572,#11573,#11574,#11575,#11576,#11577,#11578,#11579,
#11580,#11581,#11582,#11583,#11584,#11585,#11586,#11587,#11588,#11589,#11590,
#11591,#11592,#11593,#11594,#11595,#11596,#11597,#11598,#11599,#11600,#11601,
#11602,#11603,#11604,#11605,#11606,#11607,#11608,#11609,#11610,#11611,#11612,
#11613,#11614,#11615,#11616,#11617,#11618,#11619,#11620,#11621,#11622,#11623,
#11624,#11625,#11626,#11627,#11628,#11629,#11630,#11631,#11632,#11633,#11634,
#11635,#11636,#11637,#11638,#11639,#11640,#11641,#11642,#11643,#11644,#11645,
#11646,#11647,#11648,#11649,#11650,#11651,#11652,#11653,#11654,#11655,#11656,
#11657,#11658,#11659,#11660,#11661,#11662,#11663,#11664,#11665,#11666,#11667,
#11668,#11669,#11670,#11671,#11672,#11673,#11674,#11675,#11676,#11677,#11678,
#11679,#11680,#11681,#11682,#11683,#11684,#11685,#11686,#11687,#11688,#11689,
#11690,#11691,#11692,#11693,#11694,#11695,#11696,#11697,#11698,#11699,#11700,
#11701,#11702,#11703,#11704,#11705,#11706,#11707,#11708,#11709,#11710,#11711,
#11712,#11713,#11714,#11715,#11716,#11717,#11718,#11719,#11720,#11721,#11722,
#11723,#11724,#11725,#11726,#11727,#11728,#11729,#11730,#11731,#11732,#11733,
#11734,#11735,#11736,#11737,#11738,#11739,#11740,#11741,#11742,#11743,#11744,
#11745,#11746,#11747,#11748,#11749,#11750));
#11752=DERIVED_UNIT_ELEMENT(#11754,1.);
#11753=DERIVED_UNIT_ELEMENT(#19781,-3.);
#11754=(
MASS_UNIT()
NAMED_UNIT(*)
SI_UNIT(.KILO.,.GRAM.)
);
#11755=DERIVED_UNIT((#11752,#11753));
#11756=MEASURE_REPRESENTATION_ITEM('density measure',
POSITIVE_RATIO_MEASURE(7850.),#11755);
#11757=PROPERTY_DEFINITION_REPRESENTATION(#11762,#11759);
#11758=PROPERTY_DEFINITION_REPRESENTATION(#11763,#11760);
#11759=REPRESENTATION('material name',(#11761),#19778);
#11760=REPRESENTATION('density',(#11756),#19778);
#11761=DESCRIPTIVE_REPRESENTATION_ITEM('Steel','Steel');
#11762=PROPERTY_DEFINITION('material property','material name',#19788);
#11763=PROPERTY_DEFINITION('material property','density of part',#19788);
#11764=AXIS2_PLACEMENT_3D('',#16341,#12907,#12908);
#11765=AXIS2_PLACEMENT_3D('',#16342,#12909,#12910);
#11766=AXIS2_PLACEMENT_3D('',#16351,#12915,#12916);
#11767=AXIS2_PLACEMENT_3D('',#16357,#12920,#12921);
#11768=AXIS2_PLACEMENT_3D('',#16363,#12925,#12926);
#11769=AXIS2_PLACEMENT_3D('',#16366,#12929,#12930);
#11770=AXIS2_PLACEMENT_3D('',#16369,#12931,#12932);
#11771=AXIS2_PLACEMENT_3D('',#16373,#12934,#12935);
#11772=AXIS2_PLACEMENT_3D('',#16375,#12937,#12938);
#11773=AXIS2_PLACEMENT_3D('',#16381,#12942,#12943);
#11774=AXIS2_PLACEMENT_3D('',#16383,#12944,#12945);
#11775=AXIS2_PLACEMENT_3D('',#16385,#12946,#12947);
#11776=AXIS2_PLACEMENT_3D('',#16387,#12949,#12950);
#11777=AXIS2_PLACEMENT_3D('',#16390,#12951,#12952);
#11778=AXIS2_PLACEMENT_3D('',#16394,#12954,#12955);
#11779=AXIS2_PLACEMENT_3D('',#16396,#12957,#12958);
#11780=AXIS2_PLACEMENT_3D('',#16402,#12962,#12963);
#11781=AXIS2_PLACEMENT_3D('',#16404,#12964,#12965);
#11782=AXIS2_PLACEMENT_3D('',#16406,#12966,#12967);
#11783=AXIS2_PLACEMENT_3D('',#16408,#12969,#12970);
#11784=AXIS2_PLACEMENT_3D('',#16411,#12971,#12972);
#11785=AXIS2_PLACEMENT_3D('',#16415,#12974,#12975);
#11786=AXIS2_PLACEMENT_3D('',#16417,#12977,#12978);
#11787=AXIS2_PLACEMENT_3D('',#16423,#12982,#12983);
#11788=AXIS2_PLACEMENT_3D('',#16425,#12984,#12985);
#11789=AXIS2_PLACEMENT_3D('',#16427,#12986,#12987);
#11790=AXIS2_PLACEMENT_3D('',#16429,#12989,#12990);
#11791=AXIS2_PLACEMENT_3D('',#16432,#12991,#12992);
#11792=AXIS2_PLACEMENT_3D('',#16436,#12994,#12995);
#11793=AXIS2_PLACEMENT_3D('',#16438,#12997,#12998);
#11794=AXIS2_PLACEMENT_3D('',#16444,#13002,#13003);
#11795=AXIS2_PLACEMENT_3D('',#16446,#13004,#13005);
#11796=AXIS2_PLACEMENT_3D('',#16448,#13006,#13007);
#11797=AXIS2_PLACEMENT_3D('',#16450,#13009,#13010);
#11798=AXIS2_PLACEMENT_3D('',#16453,#13011,#13012);
#11799=AXIS2_PLACEMENT_3D('',#16457,#13014,#13015);
#11800=AXIS2_PLACEMENT_3D('',#16459,#13017,#13018);
#11801=AXIS2_PLACEMENT_3D('',#16465,#13022,#13023);
#11802=AXIS2_PLACEMENT_3D('',#16467,#13024,#13025);
#11803=AXIS2_PLACEMENT_3D('',#16469,#13026,#13027);
#11804=AXIS2_PLACEMENT_3D('',#16471,#13029,#13030);
#11805=AXIS2_PLACEMENT_3D('',#16474,#13031,#13032);
#11806=AXIS2_PLACEMENT_3D('',#16478,#13034,#13035);
#11807=AXIS2_PLACEMENT_3D('',#16480,#13037,#13038);
#11808=AXIS2_PLACEMENT_3D('',#16486,#13042,#13043);
#11809=AXIS2_PLACEMENT_3D('',#16488,#13044,#13045);
#11810=AXIS2_PLACEMENT_3D('',#16490,#13046,#13047);
#11811=AXIS2_PLACEMENT_3D('',#16492,#13049,#13050);
#11812=AXIS2_PLACEMENT_3D('',#16495,#13051,#13052);
#11813=AXIS2_PLACEMENT_3D('',#16499,#13054,#13055);
#11814=AXIS2_PLACEMENT_3D('',#16501,#13057,#13058);
#11815=AXIS2_PLACEMENT_3D('',#16507,#13062,#13063);
#11816=AXIS2_PLACEMENT_3D('',#16509,#13064,#13065);
#11817=AXIS2_PLACEMENT_3D('',#16511,#13066,#13067);
#11818=AXIS2_PLACEMENT_3D('',#16513,#13069,#13070);
#11819=AXIS2_PLACEMENT_3D('',#16516,#13071,#13072);
#11820=AXIS2_PLACEMENT_3D('',#16520,#13074,#13075);
#11821=AXIS2_PLACEMENT_3D('',#16522,#13077,#13078);
#11822=AXIS2_PLACEMENT_3D('',#16528,#13082,#13083);
#11823=AXIS2_PLACEMENT_3D('',#16530,#13084,#13085);
#11824=AXIS2_PLACEMENT_3D('',#16532,#13086,#13087);
#11825=AXIS2_PLACEMENT_3D('',#16534,#13089,#13090);
#11826=AXIS2_PLACEMENT_3D('',#16537,#13091,#13092);
#11827=AXIS2_PLACEMENT_3D('',#16541,#13094,#13095);
#11828=AXIS2_PLACEMENT_3D('',#16543,#13097,#13098);
#11829=AXIS2_PLACEMENT_3D('',#16549,#13102,#13103);
#11830=AXIS2_PLACEMENT_3D('',#16551,#13104,#13105);
#11831=AXIS2_PLACEMENT_3D('',#16553,#13106,#13107);
#11832=AXIS2_PLACEMENT_3D('',#16555,#13109,#13110);
#11833=AXIS2_PLACEMENT_3D('',#16558,#13111,#13112);
#11834=AXIS2_PLACEMENT_3D('',#16562,#13114,#13115);
#11835=AXIS2_PLACEMENT_3D('',#16564,#13117,#13118);
#11836=AXIS2_PLACEMENT_3D('',#16570,#13122,#13123);
#11837=AXIS2_PLACEMENT_3D('',#16572,#13124,#13125);
#11838=AXIS2_PLACEMENT_3D('',#16574,#13126,#13127);
#11839=AXIS2_PLACEMENT_3D('',#16576,#13129,#13130);
#11840=AXIS2_PLACEMENT_3D('',#16579,#13131,#13132);
#11841=AXIS2_PLACEMENT_3D('',#16583,#13134,#13135);
#11842=AXIS2_PLACEMENT_3D('',#16585,#13137,#13138);
#11843=AXIS2_PLACEMENT_3D('',#16591,#13142,#13143);
#11844=AXIS2_PLACEMENT_3D('',#16593,#13144,#13145);
#11845=AXIS2_PLACEMENT_3D('',#16595,#13146,#13147);
#11846=AXIS2_PLACEMENT_3D('',#16597,#13149,#13150);
#11847=AXIS2_PLACEMENT_3D('',#16600,#13151,#13152);
#11848=AXIS2_PLACEMENT_3D('',#16604,#13154,#13155);
#11849=AXIS2_PLACEMENT_3D('',#16606,#13157,#13158);
#11850=AXIS2_PLACEMENT_3D('',#16612,#13162,#13163);
#11851=AXIS2_PLACEMENT_3D('',#16614,#13164,#13165);
#11852=AXIS2_PLACEMENT_3D('',#16616,#13166,#13167);
#11853=AXIS2_PLACEMENT_3D('',#16618,#13169,#13170);
#11854=AXIS2_PLACEMENT_3D('',#16621,#13171,#13172);
#11855=AXIS2_PLACEMENT_3D('',#16625,#13174,#13175);
#11856=AXIS2_PLACEMENT_3D('',#16627,#13177,#13178);
#11857=AXIS2_PLACEMENT_3D('',#16633,#13182,#13183);
#11858=AXIS2_PLACEMENT_3D('',#16635,#13184,#13185);
#11859=AXIS2_PLACEMENT_3D('',#16637,#13186,#13187);
#11860=AXIS2_PLACEMENT_3D('',#16639,#13189,#13190);
#11861=AXIS2_PLACEMENT_3D('',#16642,#13191,#13192);
#11862=AXIS2_PLACEMENT_3D('',#16646,#13194,#13195);
#11863=AXIS2_PLACEMENT_3D('',#16648,#13197,#13198);
#11864=AXIS2_PLACEMENT_3D('',#16654,#13202,#13203);
#11865=AXIS2_PLACEMENT_3D('',#16656,#13204,#13205);
#11866=AXIS2_PLACEMENT_3D('',#16658,#13206,#13207);
#11867=AXIS2_PLACEMENT_3D('',#16660,#13209,#13210);
#11868=AXIS2_PLACEMENT_3D('',#16663,#13211,#13212);
#11869=AXIS2_PLACEMENT_3D('',#16667,#13214,#13215);
#11870=AXIS2_PLACEMENT_3D('',#16669,#13217,#13218);
#11871=AXIS2_PLACEMENT_3D('',#16675,#13222,#13223);
#11872=AXIS2_PLACEMENT_3D('',#16677,#13224,#13225);
#11873=AXIS2_PLACEMENT_3D('',#16679,#13226,#13227);
#11874=AXIS2_PLACEMENT_3D('',#16681,#13229,#13230);
#11875=AXIS2_PLACEMENT_3D('',#16684,#13231,#13232);
#11876=AXIS2_PLACEMENT_3D('',#16688,#13234,#13235);
#11877=AXIS2_PLACEMENT_3D('',#16690,#13237,#13238);
#11878=AXIS2_PLACEMENT_3D('',#16696,#13242,#13243);
#11879=AXIS2_PLACEMENT_3D('',#16698,#13244,#13245);
#11880=AXIS2_PLACEMENT_3D('',#16700,#13246,#13247);
#11881=AXIS2_PLACEMENT_3D('',#16702,#13249,#13250);
#11882=AXIS2_PLACEMENT_3D('',#16705,#13251,#13252);
#11883=AXIS2_PLACEMENT_3D('',#16709,#13254,#13255);
#11884=AXIS2_PLACEMENT_3D('',#16711,#13257,#13258);
#11885=AXIS2_PLACEMENT_3D('',#16717,#13262,#13263);
#11886=AXIS2_PLACEMENT_3D('',#16719,#13264,#13265);
#11887=AXIS2_PLACEMENT_3D('',#16721,#13266,#13267);
#11888=AXIS2_PLACEMENT_3D('',#16723,#13269,#13270);
#11889=AXIS2_PLACEMENT_3D('',#16726,#13271,#13272);
#11890=AXIS2_PLACEMENT_3D('',#16730,#13274,#13275);
#11891=AXIS2_PLACEMENT_3D('',#16732,#13277,#13278);
#11892=AXIS2_PLACEMENT_3D('',#16738,#13282,#13283);
#11893=AXIS2_PLACEMENT_3D('',#16740,#13284,#13285);
#11894=AXIS2_PLACEMENT_3D('',#16742,#13286,#13287);
#11895=AXIS2_PLACEMENT_3D('',#16744,#13289,#13290);
#11896=AXIS2_PLACEMENT_3D('',#16747,#13291,#13292);
#11897=AXIS2_PLACEMENT_3D('',#16751,#13294,#13295);
#11898=AXIS2_PLACEMENT_3D('',#16753,#13297,#13298);
#11899=AXIS2_PLACEMENT_3D('',#16759,#13302,#13303);
#11900=AXIS2_PLACEMENT_3D('',#16761,#13304,#13305);
#11901=AXIS2_PLACEMENT_3D('',#16763,#13306,#13307);
#11902=AXIS2_PLACEMENT_3D('',#16765,#13309,#13310);
#11903=AXIS2_PLACEMENT_3D('',#16768,#13311,#13312);
#11904=AXIS2_PLACEMENT_3D('',#16772,#13314,#13315);
#11905=AXIS2_PLACEMENT_3D('',#16774,#13317,#13318);
#11906=AXIS2_PLACEMENT_3D('',#16780,#13322,#13323);
#11907=AXIS2_PLACEMENT_3D('',#16782,#13324,#13325);
#11908=AXIS2_PLACEMENT_3D('',#16784,#13326,#13327);
#11909=AXIS2_PLACEMENT_3D('',#16786,#13329,#13330);
#11910=AXIS2_PLACEMENT_3D('',#16789,#13331,#13332);
#11911=AXIS2_PLACEMENT_3D('',#16793,#13334,#13335);
#11912=AXIS2_PLACEMENT_3D('',#16795,#13337,#13338);
#11913=AXIS2_PLACEMENT_3D('',#16801,#13342,#13343);
#11914=AXIS2_PLACEMENT_3D('',#16803,#13344,#13345);
#11915=AXIS2_PLACEMENT_3D('',#16805,#13346,#13347);
#11916=AXIS2_PLACEMENT_3D('',#16807,#13349,#13350);
#11917=AXIS2_PLACEMENT_3D('',#16810,#13351,#13352);
#11918=AXIS2_PLACEMENT_3D('',#16814,#13354,#13355);
#11919=AXIS2_PLACEMENT_3D('',#16816,#13357,#13358);
#11920=AXIS2_PLACEMENT_3D('',#16822,#13362,#13363);
#11921=AXIS2_PLACEMENT_3D('',#16824,#13364,#13365);
#11922=AXIS2_PLACEMENT_3D('',#16826,#13366,#13367);
#11923=AXIS2_PLACEMENT_3D('',#16828,#13369,#13370);
#11924=AXIS2_PLACEMENT_3D('',#16831,#13371,#13372);
#11925=AXIS2_PLACEMENT_3D('',#16835,#13374,#13375);
#11926=AXIS2_PLACEMENT_3D('',#16837,#13377,#13378);
#11927=AXIS2_PLACEMENT_3D('',#16843,#13382,#13383);
#11928=AXIS2_PLACEMENT_3D('',#16845,#13384,#13385);
#11929=AXIS2_PLACEMENT_3D('',#16847,#13386,#13387);
#11930=AXIS2_PLACEMENT_3D('',#16849,#13389,#13390);
#11931=AXIS2_PLACEMENT_3D('',#16852,#13391,#13392);
#11932=AXIS2_PLACEMENT_3D('',#16856,#13394,#13395);
#11933=AXIS2_PLACEMENT_3D('',#16858,#13397,#13398);
#11934=AXIS2_PLACEMENT_3D('',#16864,#13402,#13403);
#11935=AXIS2_PLACEMENT_3D('',#16866,#13404,#13405);
#11936=AXIS2_PLACEMENT_3D('',#16868,#13406,#13407);
#11937=AXIS2_PLACEMENT_3D('',#16870,#13409,#13410);
#11938=AXIS2_PLACEMENT_3D('',#16873,#13411,#13412);
#11939=AXIS2_PLACEMENT_3D('',#16877,#13414,#13415);
#11940=AXIS2_PLACEMENT_3D('',#16879,#13417,#13418);
#11941=AXIS2_PLACEMENT_3D('',#16885,#13422,#13423);
#11942=AXIS2_PLACEMENT_3D('',#16887,#13424,#13425);
#11943=AXIS2_PLACEMENT_3D('',#16889,#13426,#13427);
#11944=AXIS2_PLACEMENT_3D('',#16891,#13429,#13430);
#11945=AXIS2_PLACEMENT_3D('',#16894,#13431,#13432);
#11946=AXIS2_PLACEMENT_3D('',#16898,#13434,#13435);
#11947=AXIS2_PLACEMENT_3D('',#16900,#13437,#13438);
#11948=AXIS2_PLACEMENT_3D('',#16906,#13442,#13443);
#11949=AXIS2_PLACEMENT_3D('',#16908,#13444,#13445);
#11950=AXIS2_PLACEMENT_3D('',#16910,#13446,#13447);
#11951=AXIS2_PLACEMENT_3D('',#16912,#13449,#13450);
#11952=AXIS2_PLACEMENT_3D('',#16915,#13451,#13452);
#11953=AXIS2_PLACEMENT_3D('',#16919,#13454,#13455);
#11954=AXIS2_PLACEMENT_3D('',#16921,#13457,#13458);
#11955=AXIS2_PLACEMENT_3D('',#16927,#13462,#13463);
#11956=AXIS2_PLACEMENT_3D('',#16929,#13464,#13465);
#11957=AXIS2_PLACEMENT_3D('',#16932,#13467,#13468);
#11958=AXIS2_PLACEMENT_3D('',#16933,#13469,#13470);
#11959=AXIS2_PLACEMENT_3D('',#16939,#13474,#13475);
#11960=AXIS2_PLACEMENT_3D('',#16941,#13476,#13477);
#11961=AXIS2_PLACEMENT_3D('',#16944,#13479,#13480);
#11962=AXIS2_PLACEMENT_3D('',#16945,#13481,#13482);
#11963=AXIS2_PLACEMENT_3D('',#16951,#13486,#13487);
#11964=AXIS2_PLACEMENT_3D('',#16953,#13488,#13489);
#11965=AXIS2_PLACEMENT_3D('',#16955,#13490,#13491);
#11966=AXIS2_PLACEMENT_3D('',#16957,#13493,#13494);
#11967=AXIS2_PLACEMENT_3D('',#16960,#13497,#13498);
#11968=AXIS2_PLACEMENT_3D('',#16963,#13501,#13502);
#11969=AXIS2_PLACEMENT_3D('',#16993,#13529,#13530);
#11970=AXIS2_PLACEMENT_3D('',#16997,#13532,#13533);
#11971=AXIS2_PLACEMENT_3D('',#17001,#13535,#13536);
#11972=AXIS2_PLACEMENT_3D('',#17004,#13538,#13539);
#11973=AXIS2_PLACEMENT_3D('',#17009,#13541,#13542);
#11974=AXIS2_PLACEMENT_3D('',#17013,#13544,#13545);
#11975=AXIS2_PLACEMENT_3D('',#17017,#13547,#13548);
#11976=AXIS2_PLACEMENT_3D('',#17020,#13550,#13551);
#11977=AXIS2_PLACEMENT_3D('',#17025,#13553,#13554);
#11978=AXIS2_PLACEMENT_3D('',#17029,#13556,#13557);
#11979=AXIS2_PLACEMENT_3D('',#17033,#13559,#13560);
#11980=AXIS2_PLACEMENT_3D('',#17036,#13562,#13563);
#11981=AXIS2_PLACEMENT_3D('',#17041,#13565,#13566);
#11982=AXIS2_PLACEMENT_3D('',#17045,#13568,#13569);
#11983=AXIS2_PLACEMENT_3D('',#17049,#13571,#13572);
#11984=AXIS2_PLACEMENT_3D('',#17052,#13574,#13575);
#11985=AXIS2_PLACEMENT_3D('',#17057,#13577,#13578);
#11986=AXIS2_PLACEMENT_3D('',#17061,#13580,#13581);
#11987=AXIS2_PLACEMENT_3D('',#17065,#13583,#13584);
#11988=AXIS2_PLACEMENT_3D('',#17068,#13586,#13587);
#11989=AXIS2_PLACEMENT_3D('',#17073,#13589,#13590);
#11990=AXIS2_PLACEMENT_3D('',#17077,#13592,#13593);
#11991=AXIS2_PLACEMENT_3D('',#17081,#13595,#13596);
#11992=AXIS2_PLACEMENT_3D('',#17084,#13598,#13599);
#11993=AXIS2_PLACEMENT_3D('',#17089,#13601,#13602);
#11994=AXIS2_PLACEMENT_3D('',#17093,#13604,#13605);
#11995=AXIS2_PLACEMENT_3D('',#17097,#13607,#13608);
#11996=AXIS2_PLACEMENT_3D('',#17100,#13610,#13611);
#11997=AXIS2_PLACEMENT_3D('',#17105,#13613,#13614);
#11998=AXIS2_PLACEMENT_3D('',#17109,#13616,#13617);
#11999=AXIS2_PLACEMENT_3D('',#17113,#13619,#13620);
#12000=AXIS2_PLACEMENT_3D('',#17116,#13622,#13623);
#12001=AXIS2_PLACEMENT_3D('',#17121,#13625,#13626);
#12002=AXIS2_PLACEMENT_3D('',#17125,#13628,#13629);
#12003=AXIS2_PLACEMENT_3D('',#17129,#13631,#13632);
#12004=AXIS2_PLACEMENT_3D('',#17132,#13634,#13635);
#12005=AXIS2_PLACEMENT_3D('',#17137,#13637,#13638);
#12006=AXIS2_PLACEMENT_3D('',#17141,#13640,#13641);
#12007=AXIS2_PLACEMENT_3D('',#17145,#13643,#13644);
#12008=AXIS2_PLACEMENT_3D('',#17148,#13646,#13647);
#12009=AXIS2_PLACEMENT_3D('',#17153,#13649,#13650);
#12010=AXIS2_PLACEMENT_3D('',#17157,#13652,#13653);
#12011=AXIS2_PLACEMENT_3D('',#17161,#13655,#13656);
#12012=AXIS2_PLACEMENT_3D('',#17164,#13658,#13659);
#12013=AXIS2_PLACEMENT_3D('',#17169,#13661,#13662);
#12014=AXIS2_PLACEMENT_3D('',#17173,#13664,#13665);
#12015=AXIS2_PLACEMENT_3D('',#17177,#13667,#13668);
#12016=AXIS2_PLACEMENT_3D('',#17180,#13670,#13671);
#12017=AXIS2_PLACEMENT_3D('',#17185,#13673,#13674);
#12018=AXIS2_PLACEMENT_3D('',#17189,#13676,#13677);
#12019=AXIS2_PLACEMENT_3D('',#17193,#13679,#13680);
#12020=AXIS2_PLACEMENT_3D('',#17196,#13682,#13683);
#12021=AXIS2_PLACEMENT_3D('',#17201,#13685,#13686);
#12022=AXIS2_PLACEMENT_3D('',#17205,#13688,#13689);
#12023=AXIS2_PLACEMENT_3D('',#17209,#13691,#13692);
#12024=AXIS2_PLACEMENT_3D('',#17212,#13694,#13695);
#12025=AXIS2_PLACEMENT_3D('',#17217,#13697,#13698);
#12026=AXIS2_PLACEMENT_3D('',#17221,#13700,#13701);
#12027=AXIS2_PLACEMENT_3D('',#17225,#13703,#13704);
#12028=AXIS2_PLACEMENT_3D('',#17228,#13706,#13707);
#12029=AXIS2_PLACEMENT_3D('',#17233,#13709,#13710);
#12030=AXIS2_PLACEMENT_3D('',#17237,#13712,#13713);
#12031=AXIS2_PLACEMENT_3D('',#17241,#13715,#13716);
#12032=AXIS2_PLACEMENT_3D('',#17244,#13718,#13719);
#12033=AXIS2_PLACEMENT_3D('',#17249,#13721,#13722);
#12034=AXIS2_PLACEMENT_3D('',#17253,#13724,#13725);
#12035=AXIS2_PLACEMENT_3D('',#17257,#13727,#13728);
#12036=AXIS2_PLACEMENT_3D('',#17260,#13730,#13731);
#12037=AXIS2_PLACEMENT_3D('',#17265,#13733,#13734);
#12038=AXIS2_PLACEMENT_3D('',#17269,#13736,#13737);
#12039=AXIS2_PLACEMENT_3D('',#17273,#13739,#13740);
#12040=AXIS2_PLACEMENT_3D('',#17276,#13742,#13743);
#12041=AXIS2_PLACEMENT_3D('',#17281,#13745,#13746);
#12042=AXIS2_PLACEMENT_3D('',#17285,#13748,#13749);
#12043=AXIS2_PLACEMENT_3D('',#17289,#13751,#13752);
#12044=AXIS2_PLACEMENT_3D('',#17292,#13754,#13755);
#12045=AXIS2_PLACEMENT_3D('',#17297,#13757,#13758);
#12046=AXIS2_PLACEMENT_3D('',#17301,#13760,#13761);
#12047=AXIS2_PLACEMENT_3D('',#17305,#13763,#13764);
#12048=AXIS2_PLACEMENT_3D('',#17308,#13766,#13767);
#12049=AXIS2_PLACEMENT_3D('',#17313,#13769,#13770);
#12050=AXIS2_PLACEMENT_3D('',#17317,#13772,#13773);
#12051=AXIS2_PLACEMENT_3D('',#17321,#13775,#13776);
#12052=AXIS2_PLACEMENT_3D('',#17324,#13778,#13779);
#12053=AXIS2_PLACEMENT_3D('',#17329,#13781,#13782);
#12054=AXIS2_PLACEMENT_3D('',#17333,#13784,#13785);
#12055=AXIS2_PLACEMENT_3D('',#17337,#13787,#13788);
#12056=AXIS2_PLACEMENT_3D('',#17340,#13790,#13791);
#12057=AXIS2_PLACEMENT_3D('',#17345,#13793,#13794);
#12058=AXIS2_PLACEMENT_3D('',#17349,#13796,#13797);
#12059=AXIS2_PLACEMENT_3D('',#17353,#13799,#13800);
#12060=AXIS2_PLACEMENT_3D('',#17356,#13802,#13803);
#12061=AXIS2_PLACEMENT_3D('',#17361,#13805,#13806);
#12062=AXIS2_PLACEMENT_3D('',#17365,#13808,#13809);
#12063=AXIS2_PLACEMENT_3D('',#17369,#13811,#13812);
#12064=AXIS2_PLACEMENT_3D('',#17372,#13814,#13815);
#12065=AXIS2_PLACEMENT_3D('',#17377,#13817,#13818);
#12066=AXIS2_PLACEMENT_3D('',#17381,#13820,#13821);
#12067=AXIS2_PLACEMENT_3D('',#17385,#13823,#13824);
#12068=AXIS2_PLACEMENT_3D('',#17388,#13826,#13827);
#12069=AXIS2_PLACEMENT_3D('',#17393,#13829,#13830);
#12070=AXIS2_PLACEMENT_3D('',#17397,#13832,#13833);
#12071=AXIS2_PLACEMENT_3D('',#17401,#13835,#13836);
#12072=AXIS2_PLACEMENT_3D('',#17404,#13838,#13839);
#12073=AXIS2_PLACEMENT_3D('',#17409,#13841,#13842);
#12074=AXIS2_PLACEMENT_3D('',#17413,#13844,#13845);
#12075=AXIS2_PLACEMENT_3D('',#17417,#13847,#13848);
#12076=AXIS2_PLACEMENT_3D('',#17420,#13850,#13851);
#12077=AXIS2_PLACEMENT_3D('',#17425,#13853,#13854);
#12078=AXIS2_PLACEMENT_3D('',#17429,#13856,#13857);
#12079=AXIS2_PLACEMENT_3D('',#17433,#13859,#13860);
#12080=AXIS2_PLACEMENT_3D('',#17436,#13862,#13863);
#12081=AXIS2_PLACEMENT_3D('',#17441,#13865,#13866);
#12082=AXIS2_PLACEMENT_3D('',#17445,#13868,#13869);
#12083=AXIS2_PLACEMENT_3D('',#17449,#13871,#13872);
#12084=AXIS2_PLACEMENT_3D('',#17452,#13874,#13875);
#12085=AXIS2_PLACEMENT_3D('',#17457,#13877,#13878);
#12086=AXIS2_PLACEMENT_3D('',#17461,#13880,#13881);
#12087=AXIS2_PLACEMENT_3D('',#17465,#13883,#13884);
#12088=AXIS2_PLACEMENT_3D('',#17468,#13886,#13887);
#12089=AXIS2_PLACEMENT_3D('',#17473,#13889,#13890);
#12090=AXIS2_PLACEMENT_3D('',#17477,#13892,#13893);
#12091=AXIS2_PLACEMENT_3D('',#17481,#13895,#13896);
#12092=AXIS2_PLACEMENT_3D('',#17484,#13898,#13899);
#12093=AXIS2_PLACEMENT_3D('',#17489,#13901,#13902);
#12094=AXIS2_PLACEMENT_3D('',#17493,#13904,#13905);
#12095=AXIS2_PLACEMENT_3D('',#17497,#13907,#13908);
#12096=AXIS2_PLACEMENT_3D('',#17500,#13910,#13911);
#12097=AXIS2_PLACEMENT_3D('',#17505,#13913,#13914);
#12098=AXIS2_PLACEMENT_3D('',#17509,#13916,#13917);
#12099=AXIS2_PLACEMENT_3D('',#17513,#13919,#13920);
#12100=AXIS2_PLACEMENT_3D('',#17516,#13922,#13923);
#12101=AXIS2_PLACEMENT_3D('',#17521,#13925,#13926);
#12102=AXIS2_PLACEMENT_3D('',#17525,#13928,#13929);
#12103=AXIS2_PLACEMENT_3D('',#17529,#13931,#13932);
#12104=AXIS2_PLACEMENT_3D('',#17532,#13934,#13935);
#12105=AXIS2_PLACEMENT_3D('',#17537,#13937,#13938);
#12106=AXIS2_PLACEMENT_3D('',#17541,#13940,#13941);
#12107=AXIS2_PLACEMENT_3D('',#17545,#13943,#13944);
#12108=AXIS2_PLACEMENT_3D('',#17548,#13946,#13947);
#12109=AXIS2_PLACEMENT_3D('',#17553,#13949,#13950);
#12110=AXIS2_PLACEMENT_3D('',#17557,#13952,#13953);
#12111=AXIS2_PLACEMENT_3D('',#17561,#13955,#13956);
#12112=AXIS2_PLACEMENT_3D('',#17564,#13958,#13959);
#12113=AXIS2_PLACEMENT_3D('',#17569,#13961,#13962);
#12114=AXIS2_PLACEMENT_3D('',#17573,#13964,#13965);
#12115=AXIS2_PLACEMENT_3D('',#17577,#13967,#13968);
#12116=AXIS2_PLACEMENT_3D('',#17580,#13970,#13971);
#12117=AXIS2_PLACEMENT_3D('',#17585,#13973,#13974);
#12118=AXIS2_PLACEMENT_3D('',#17589,#13976,#13977);
#12119=AXIS2_PLACEMENT_3D('',#17593,#13979,#13980);
#12120=AXIS2_PLACEMENT_3D('',#17596,#13982,#13983);
#12121=AXIS2_PLACEMENT_3D('',#17601,#13985,#13986);
#12122=AXIS2_PLACEMENT_3D('',#17605,#13988,#13989);
#12123=AXIS2_PLACEMENT_3D('',#17609,#13991,#13992);
#12124=AXIS2_PLACEMENT_3D('',#17612,#13994,#13995);
#12125=AXIS2_PLACEMENT_3D('',#17615,#13996,#13997);
#12126=AXIS2_PLACEMENT_3D('',#17619,#13999,#14000);
#12127=AXIS2_PLACEMENT_3D('',#17623,#14002,#14003);
#12128=AXIS2_PLACEMENT_3D('',#17627,#14005,#14006);
#12129=AXIS2_PLACEMENT_3D('',#17631,#14008,#14009);
#12130=AXIS2_PLACEMENT_3D('',#17635,#14011,#14012);
#12131=AXIS2_PLACEMENT_3D('',#17639,#14014,#14015);
#12132=AXIS2_PLACEMENT_3D('',#17643,#14017,#14018);
#12133=AXIS2_PLACEMENT_3D('',#17649,#14021,#14022);
#12134=AXIS2_PLACEMENT_3D('',#17653,#14024,#14025);
#12135=AXIS2_PLACEMENT_3D('',#17657,#14027,#14028);
#12136=AXIS2_PLACEMENT_3D('',#17660,#14030,#14031);
#12137=AXIS2_PLACEMENT_3D('',#17665,#14033,#14034);
#12138=AXIS2_PLACEMENT_3D('',#17669,#14036,#14037);
#12139=AXIS2_PLACEMENT_3D('',#17673,#14039,#14040);
#12140=AXIS2_PLACEMENT_3D('',#17676,#14042,#14043);
#12141=AXIS2_PLACEMENT_3D('',#17681,#14045,#14046);
#12142=AXIS2_PLACEMENT_3D('',#17685,#14048,#14049);
#12143=AXIS2_PLACEMENT_3D('',#17689,#14051,#14052);
#12144=AXIS2_PLACEMENT_3D('',#17692,#14054,#14055);
#12145=AXIS2_PLACEMENT_3D('',#17697,#14057,#14058);
#12146=AXIS2_PLACEMENT_3D('',#17701,#14060,#14061);
#12147=AXIS2_PLACEMENT_3D('',#17705,#14063,#14064);
#12148=AXIS2_PLACEMENT_3D('',#17708,#14066,#14067);
#12149=AXIS2_PLACEMENT_3D('',#17713,#14069,#14070);
#12150=AXIS2_PLACEMENT_3D('',#17717,#14072,#14073);
#12151=AXIS2_PLACEMENT_3D('',#17721,#14075,#14076);
#12152=AXIS2_PLACEMENT_3D('',#17724,#14078,#14079);
#12153=AXIS2_PLACEMENT_3D('',#17729,#14081,#14082);
#12154=AXIS2_PLACEMENT_3D('',#17733,#14084,#14085);
#12155=AXIS2_PLACEMENT_3D('',#17737,#14087,#14088);
#12156=AXIS2_PLACEMENT_3D('',#17740,#14090,#14091);
#12157=AXIS2_PLACEMENT_3D('',#17745,#14093,#14094);
#12158=AXIS2_PLACEMENT_3D('',#17749,#14096,#14097);
#12159=AXIS2_PLACEMENT_3D('',#17753,#14099,#14100);
#12160=AXIS2_PLACEMENT_3D('',#17756,#14102,#14103);
#12161=AXIS2_PLACEMENT_3D('',#17761,#14105,#14106);
#12162=AXIS2_PLACEMENT_3D('',#17765,#14108,#14109);
#12163=AXIS2_PLACEMENT_3D('',#17769,#14111,#14112);
#12164=AXIS2_PLACEMENT_3D('',#17772,#14114,#14115);
#12165=AXIS2_PLACEMENT_3D('',#17777,#14117,#14118);
#12166=AXIS2_PLACEMENT_3D('',#17781,#14120,#14121);
#12167=AXIS2_PLACEMENT_3D('',#17785,#14123,#14124);
#12168=AXIS2_PLACEMENT_3D('',#17788,#14126,#14127);
#12169=AXIS2_PLACEMENT_3D('',#17793,#14129,#14130);
#12170=AXIS2_PLACEMENT_3D('',#17797,#14132,#14133);
#12171=AXIS2_PLACEMENT_3D('',#17801,#14135,#14136);
#12172=AXIS2_PLACEMENT_3D('',#17804,#14138,#14139);
#12173=AXIS2_PLACEMENT_3D('',#17809,#14141,#14142);
#12174=AXIS2_PLACEMENT_3D('',#17813,#14144,#14145);
#12175=AXIS2_PLACEMENT_3D('',#17817,#14147,#14148);
#12176=AXIS2_PLACEMENT_3D('',#17820,#14150,#14151);
#12177=AXIS2_PLACEMENT_3D('',#17825,#14153,#14154);
#12178=AXIS2_PLACEMENT_3D('',#17829,#14156,#14157);
#12179=AXIS2_PLACEMENT_3D('',#17833,#14159,#14160);
#12180=AXIS2_PLACEMENT_3D('',#17836,#14162,#14163);
#12181=AXIS2_PLACEMENT_3D('',#17841,#14165,#14166);
#12182=AXIS2_PLACEMENT_3D('',#17845,#14168,#14169);
#12183=AXIS2_PLACEMENT_3D('',#17849,#14171,#14172);
#12184=AXIS2_PLACEMENT_3D('',#17852,#14174,#14175);
#12185=AXIS2_PLACEMENT_3D('',#17857,#14177,#14178);
#12186=AXIS2_PLACEMENT_3D('',#17861,#14180,#14181);
#12187=AXIS2_PLACEMENT_3D('',#17865,#14183,#14184);
#12188=AXIS2_PLACEMENT_3D('',#17868,#14186,#14187);
#12189=AXIS2_PLACEMENT_3D('',#17873,#14189,#14190);
#12190=AXIS2_PLACEMENT_3D('',#17877,#14192,#14193);
#12191=AXIS2_PLACEMENT_3D('',#17881,#14195,#14196);
#12192=AXIS2_PLACEMENT_3D('',#17884,#14198,#14199);
#12193=AXIS2_PLACEMENT_3D('',#17889,#14201,#14202);
#12194=AXIS2_PLACEMENT_3D('',#17893,#14204,#14205);
#12195=AXIS2_PLACEMENT_3D('',#17897,#14207,#14208);
#12196=AXIS2_PLACEMENT_3D('',#17900,#14210,#14211);
#12197=AXIS2_PLACEMENT_3D('',#17901,#14212,#14213);
#12198=AXIS2_PLACEMENT_3D('',#17903,#14215,#14216);
#12199=AXIS2_PLACEMENT_3D('',#17905,#14218,#14219);
#12200=AXIS2_PLACEMENT_3D('',#17907,#14221,#14222);
#12201=AXIS2_PLACEMENT_3D('',#17909,#14224,#14225);
#12202=AXIS2_PLACEMENT_3D('',#17911,#14227,#14228);
#12203=AXIS2_PLACEMENT_3D('',#17913,#14230,#14231);
#12204=AXIS2_PLACEMENT_3D('',#17915,#14233,#14234);
#12205=AXIS2_PLACEMENT_3D('',#17917,#14236,#14237);
#12206=AXIS2_PLACEMENT_3D('',#17919,#14239,#14240);
#12207=AXIS2_PLACEMENT_3D('',#17921,#14242,#14243);
#12208=AXIS2_PLACEMENT_3D('',#17923,#14245,#14246);
#12209=AXIS2_PLACEMENT_3D('',#17925,#14248,#14249);
#12210=AXIS2_PLACEMENT_3D('',#17927,#14251,#14252);
#12211=AXIS2_PLACEMENT_3D('',#17929,#14254,#14255);
#12212=AXIS2_PLACEMENT_3D('',#17931,#14257,#14258);
#12213=AXIS2_PLACEMENT_3D('',#17933,#14260,#14261);
#12214=AXIS2_PLACEMENT_3D('',#17935,#14263,#14264);
#12215=AXIS2_PLACEMENT_3D('',#17937,#14266,#14267);
#12216=AXIS2_PLACEMENT_3D('',#17939,#14269,#14270);
#12217=AXIS2_PLACEMENT_3D('',#17941,#14272,#14273);
#12218=AXIS2_PLACEMENT_3D('',#17943,#14275,#14276);
#12219=AXIS2_PLACEMENT_3D('',#17945,#14278,#14279);
#12220=AXIS2_PLACEMENT_3D('',#17947,#14281,#14282);
#12221=AXIS2_PLACEMENT_3D('',#17949,#14284,#14285);
#12222=AXIS2_PLACEMENT_3D('',#17951,#14287,#14288);
#12223=AXIS2_PLACEMENT_3D('',#17956,#14290,#14291);
#12224=AXIS2_PLACEMENT_3D('',#17960,#14293,#14294);
#12225=AXIS2_PLACEMENT_3D('',#17964,#14296,#14297);
#12226=AXIS2_PLACEMENT_3D('',#17967,#14299,#14300);
#12227=AXIS2_PLACEMENT_3D('',#17972,#14302,#14303);
#12228=AXIS2_PLACEMENT_3D('',#17976,#14305,#14306);
#12229=AXIS2_PLACEMENT_3D('',#17980,#14308,#14309);
#12230=AXIS2_PLACEMENT_3D('',#17983,#14311,#14312);
#12231=AXIS2_PLACEMENT_3D('',#17988,#14314,#14315);
#12232=AXIS2_PLACEMENT_3D('',#17992,#14317,#14318);
#12233=AXIS2_PLACEMENT_3D('',#17996,#14320,#14321);
#12234=AXIS2_PLACEMENT_3D('',#17999,#14323,#14324);
#12235=AXIS2_PLACEMENT_3D('',#18004,#14326,#14327);
#12236=AXIS2_PLACEMENT_3D('',#18008,#14329,#14330);
#12237=AXIS2_PLACEMENT_3D('',#18012,#14332,#14333);
#12238=AXIS2_PLACEMENT_3D('',#18015,#14335,#14336);
#12239=AXIS2_PLACEMENT_3D('',#18020,#14338,#14339);
#12240=AXIS2_PLACEMENT_3D('',#18024,#14341,#14342);
#12241=AXIS2_PLACEMENT_3D('',#18028,#14344,#14345);
#12242=AXIS2_PLACEMENT_3D('',#18031,#14347,#14348);
#12243=AXIS2_PLACEMENT_3D('',#18036,#14350,#14351);
#12244=AXIS2_PLACEMENT_3D('',#18040,#14353,#14354);
#12245=AXIS2_PLACEMENT_3D('',#18044,#14356,#14357);
#12246=AXIS2_PLACEMENT_3D('',#18047,#14359,#14360);
#12247=AXIS2_PLACEMENT_3D('',#18052,#14362,#14363);
#12248=AXIS2_PLACEMENT_3D('',#18056,#14365,#14366);
#12249=AXIS2_PLACEMENT_3D('',#18060,#14368,#14369);
#12250=AXIS2_PLACEMENT_3D('',#18063,#14371,#14372);
#12251=AXIS2_PLACEMENT_3D('',#18068,#14374,#14375);
#12252=AXIS2_PLACEMENT_3D('',#18072,#14377,#14378);
#12253=AXIS2_PLACEMENT_3D('',#18076,#14380,#14381);
#12254=AXIS2_PLACEMENT_3D('',#18079,#14383,#14384);
#12255=AXIS2_PLACEMENT_3D('',#18084,#14386,#14387);
#12256=AXIS2_PLACEMENT_3D('',#18088,#14389,#14390);
#12257=AXIS2_PLACEMENT_3D('',#18092,#14392,#14393);
#12258=AXIS2_PLACEMENT_3D('',#18095,#14395,#14396);
#12259=AXIS2_PLACEMENT_3D('',#18100,#14398,#14399);
#12260=AXIS2_PLACEMENT_3D('',#18104,#14401,#14402);
#12261=AXIS2_PLACEMENT_3D('',#18108,#14404,#14405);
#12262=AXIS2_PLACEMENT_3D('',#18111,#14407,#14408);
#12263=AXIS2_PLACEMENT_3D('',#18116,#14410,#14411);
#12264=AXIS2_PLACEMENT_3D('',#18120,#14413,#14414);
#12265=AXIS2_PLACEMENT_3D('',#18124,#14416,#14417);
#12266=AXIS2_PLACEMENT_3D('',#18127,#14419,#14420);
#12267=AXIS2_PLACEMENT_3D('',#18132,#14422,#14423);
#12268=AXIS2_PLACEMENT_3D('',#18136,#14425,#14426);
#12269=AXIS2_PLACEMENT_3D('',#18140,#14428,#14429);
#12270=AXIS2_PLACEMENT_3D('',#18143,#14431,#14432);
#12271=AXIS2_PLACEMENT_3D('',#18148,#14434,#14435);
#12272=AXIS2_PLACEMENT_3D('',#18152,#14437,#14438);
#12273=AXIS2_PLACEMENT_3D('',#18156,#14440,#14441);
#12274=AXIS2_PLACEMENT_3D('',#18159,#14443,#14444);
#12275=AXIS2_PLACEMENT_3D('',#18164,#14446,#14447);
#12276=AXIS2_PLACEMENT_3D('',#18168,#14449,#14450);
#12277=AXIS2_PLACEMENT_3D('',#18172,#14452,#14453);
#12278=AXIS2_PLACEMENT_3D('',#18175,#14455,#14456);
#12279=AXIS2_PLACEMENT_3D('',#18180,#14458,#14459);
#12280=AXIS2_PLACEMENT_3D('',#18184,#14461,#14462);
#12281=AXIS2_PLACEMENT_3D('',#18188,#14464,#14465);
#12282=AXIS2_PLACEMENT_3D('',#18191,#14467,#14468);
#12283=AXIS2_PLACEMENT_3D('',#18194,#14469,#14470);
#12284=AXIS2_PLACEMENT_3D('',#18198,#14472,#14473);
#12285=AXIS2_PLACEMENT_3D('',#18202,#14475,#14476);
#12286=AXIS2_PLACEMENT_3D('',#18206,#14478,#14479);
#12287=AXIS2_PLACEMENT_3D('',#18210,#14481,#14482);
#12288=AXIS2_PLACEMENT_3D('',#18214,#14484,#14485);
#12289=AXIS2_PLACEMENT_3D('',#18218,#14487,#14488);
#12290=AXIS2_PLACEMENT_3D('',#18222,#14490,#14491);
#12291=AXIS2_PLACEMENT_3D('',#18228,#14494,#14495);
#12292=AXIS2_PLACEMENT_3D('',#18232,#14497,#14498);
#12293=AXIS2_PLACEMENT_3D('',#18236,#14500,#14501);
#12294=AXIS2_PLACEMENT_3D('',#18239,#14503,#14504);
#12295=AXIS2_PLACEMENT_3D('',#18244,#14506,#14507);
#12296=AXIS2_PLACEMENT_3D('',#18248,#14509,#14510);
#12297=AXIS2_PLACEMENT_3D('',#18252,#14512,#14513);
#12298=AXIS2_PLACEMENT_3D('',#18255,#14515,#14516);
#12299=AXIS2_PLACEMENT_3D('',#18260,#14518,#14519);
#12300=AXIS2_PLACEMENT_3D('',#18264,#14521,#14522);
#12301=AXIS2_PLACEMENT_3D('',#18268,#14524,#14525);
#12302=AXIS2_PLACEMENT_3D('',#18271,#14527,#14528);
#12303=AXIS2_PLACEMENT_3D('',#18276,#14530,#14531);
#12304=AXIS2_PLACEMENT_3D('',#18280,#14533,#14534);
#12305=AXIS2_PLACEMENT_3D('',#18284,#14536,#14537);
#12306=AXIS2_PLACEMENT_3D('',#18287,#14539,#14540);
#12307=AXIS2_PLACEMENT_3D('',#18292,#14542,#14543);
#12308=AXIS2_PLACEMENT_3D('',#18296,#14545,#14546);
#12309=AXIS2_PLACEMENT_3D('',#18300,#14548,#14549);
#12310=AXIS2_PLACEMENT_3D('',#18303,#14551,#14552);
#12311=AXIS2_PLACEMENT_3D('',#18308,#14554,#14555);
#12312=AXIS2_PLACEMENT_3D('',#18312,#14557,#14558);
#12313=AXIS2_PLACEMENT_3D('',#18316,#14560,#14561);
#12314=AXIS2_PLACEMENT_3D('',#18319,#14563,#14564);
#12315=AXIS2_PLACEMENT_3D('',#18324,#14566,#14567);
#12316=AXIS2_PLACEMENT_3D('',#18328,#14569,#14570);
#12317=AXIS2_PLACEMENT_3D('',#18332,#14572,#14573);
#12318=AXIS2_PLACEMENT_3D('',#18335,#14575,#14576);
#12319=AXIS2_PLACEMENT_3D('',#18340,#14578,#14579);
#12320=AXIS2_PLACEMENT_3D('',#18344,#14581,#14582);
#12321=AXIS2_PLACEMENT_3D('',#18348,#14584,#14585);
#12322=AXIS2_PLACEMENT_3D('',#18351,#14587,#14588);
#12323=AXIS2_PLACEMENT_3D('',#18356,#14590,#14591);
#12324=AXIS2_PLACEMENT_3D('',#18360,#14593,#14594);
#12325=AXIS2_PLACEMENT_3D('',#18364,#14596,#14597);
#12326=AXIS2_PLACEMENT_3D('',#18367,#14599,#14600);
#12327=AXIS2_PLACEMENT_3D('',#18372,#14602,#14603);
#12328=AXIS2_PLACEMENT_3D('',#18376,#14605,#14606);
#12329=AXIS2_PLACEMENT_3D('',#18380,#14608,#14609);
#12330=AXIS2_PLACEMENT_3D('',#18383,#14611,#14612);
#12331=AXIS2_PLACEMENT_3D('',#18388,#14614,#14615);
#12332=AXIS2_PLACEMENT_3D('',#18392,#14617,#14618);
#12333=AXIS2_PLACEMENT_3D('',#18396,#14620,#14621);
#12334=AXIS2_PLACEMENT_3D('',#18399,#14623,#14624);
#12335=AXIS2_PLACEMENT_3D('',#18404,#14626,#14627);
#12336=AXIS2_PLACEMENT_3D('',#18408,#14629,#14630);
#12337=AXIS2_PLACEMENT_3D('',#18412,#14632,#14633);
#12338=AXIS2_PLACEMENT_3D('',#18415,#14635,#14636);
#12339=AXIS2_PLACEMENT_3D('',#18420,#14638,#14639);
#12340=AXIS2_PLACEMENT_3D('',#18424,#14641,#14642);
#12341=AXIS2_PLACEMENT_3D('',#18428,#14644,#14645);
#12342=AXIS2_PLACEMENT_3D('',#18431,#14647,#14648);
#12343=AXIS2_PLACEMENT_3D('',#18436,#14650,#14651);
#12344=AXIS2_PLACEMENT_3D('',#18440,#14653,#14654);
#12345=AXIS2_PLACEMENT_3D('',#18444,#14656,#14657);
#12346=AXIS2_PLACEMENT_3D('',#18447,#14659,#14660);
#12347=AXIS2_PLACEMENT_3D('',#18450,#14661,#14662);
#12348=AXIS2_PLACEMENT_3D('',#18454,#14664,#14665);
#12349=AXIS2_PLACEMENT_3D('',#18458,#14667,#14668);
#12350=AXIS2_PLACEMENT_3D('',#18462,#14670,#14671);
#12351=AXIS2_PLACEMENT_3D('',#18466,#14673,#14674);
#12352=AXIS2_PLACEMENT_3D('',#18470,#14676,#14677);
#12353=AXIS2_PLACEMENT_3D('',#18474,#14679,#14680);
#12354=AXIS2_PLACEMENT_3D('',#18478,#14682,#14683);
#12355=AXIS2_PLACEMENT_3D('',#18484,#14686,#14687);
#12356=AXIS2_PLACEMENT_3D('',#18488,#14689,#14690);
#12357=AXIS2_PLACEMENT_3D('',#18492,#14692,#14693);
#12358=AXIS2_PLACEMENT_3D('',#18495,#14695,#14696);
#12359=AXIS2_PLACEMENT_3D('',#18500,#14698,#14699);
#12360=AXIS2_PLACEMENT_3D('',#18504,#14701,#14702);
#12361=AXIS2_PLACEMENT_3D('',#18508,#14704,#14705);
#12362=AXIS2_PLACEMENT_3D('',#18511,#14707,#14708);
#12363=AXIS2_PLACEMENT_3D('',#18516,#14710,#14711);
#12364=AXIS2_PLACEMENT_3D('',#18520,#14713,#14714);
#12365=AXIS2_PLACEMENT_3D('',#18524,#14716,#14717);
#12366=AXIS2_PLACEMENT_3D('',#18527,#14719,#14720);
#12367=AXIS2_PLACEMENT_3D('',#18532,#14722,#14723);
#12368=AXIS2_PLACEMENT_3D('',#18536,#14725,#14726);
#12369=AXIS2_PLACEMENT_3D('',#18540,#14728,#14729);
#12370=AXIS2_PLACEMENT_3D('',#18543,#14731,#14732);
#12371=AXIS2_PLACEMENT_3D('',#18548,#14734,#14735);
#12372=AXIS2_PLACEMENT_3D('',#18552,#14737,#14738);
#12373=AXIS2_PLACEMENT_3D('',#18556,#14740,#14741);
#12374=AXIS2_PLACEMENT_3D('',#18559,#14743,#14744);
#12375=AXIS2_PLACEMENT_3D('',#18564,#14746,#14747);
#12376=AXIS2_PLACEMENT_3D('',#18568,#14749,#14750);
#12377=AXIS2_PLACEMENT_3D('',#18572,#14752,#14753);
#12378=AXIS2_PLACEMENT_3D('',#18575,#14755,#14756);
#12379=AXIS2_PLACEMENT_3D('',#18580,#14758,#14759);
#12380=AXIS2_PLACEMENT_3D('',#18584,#14761,#14762);
#12381=AXIS2_PLACEMENT_3D('',#18588,#14764,#14765);
#12382=AXIS2_PLACEMENT_3D('',#18591,#14767,#14768);
#12383=AXIS2_PLACEMENT_3D('',#18596,#14770,#14771);
#12384=AXIS2_PLACEMENT_3D('',#18600,#14773,#14774);
#12385=AXIS2_PLACEMENT_3D('',#18604,#14776,#14777);
#12386=AXIS2_PLACEMENT_3D('',#18607,#14779,#14780);
#12387=AXIS2_PLACEMENT_3D('',#18610,#14781,#14782);
#12388=AXIS2_PLACEMENT_3D('',#18614,#14784,#14785);
#12389=AXIS2_PLACEMENT_3D('',#18618,#14787,#14788);
#12390=AXIS2_PLACEMENT_3D('',#18622,#14790,#14791);
#12391=AXIS2_PLACEMENT_3D('',#18628,#14794,#14795);
#12392=AXIS2_PLACEMENT_3D('',#18632,#14797,#14798);
#12393=AXIS2_PLACEMENT_3D('',#18636,#14800,#14801);
#12394=AXIS2_PLACEMENT_3D('',#18639,#14803,#14804);
#12395=AXIS2_PLACEMENT_3D('',#18644,#14806,#14807);
#12396=AXIS2_PLACEMENT_3D('',#18648,#14809,#14810);
#12397=AXIS2_PLACEMENT_3D('',#18652,#14812,#14813);
#12398=AXIS2_PLACEMENT_3D('',#18655,#14815,#14816);
#12399=AXIS2_PLACEMENT_3D('',#18660,#14818,#14819);
#12400=AXIS2_PLACEMENT_3D('',#18664,#14821,#14822);
#12401=AXIS2_PLACEMENT_3D('',#18668,#14824,#14825);
#12402=AXIS2_PLACEMENT_3D('',#18671,#14827,#14828);
#12403=AXIS2_PLACEMENT_3D('',#18674,#14829,#14830);
#12404=AXIS2_PLACEMENT_3D('',#18678,#14832,#14833);
#12405=AXIS2_PLACEMENT_3D('',#18682,#14835,#14836);
#12406=AXIS2_PLACEMENT_3D('',#18686,#14838,#14839);
#12407=AXIS2_PLACEMENT_3D('',#18692,#14842,#14843);
#12408=AXIS2_PLACEMENT_3D('',#18696,#14845,#14846);
#12409=AXIS2_PLACEMENT_3D('',#18700,#14848,#14849);
#12410=AXIS2_PLACEMENT_3D('',#18703,#14851,#14852);
#12411=AXIS2_PLACEMENT_3D('',#18708,#14854,#14855);
#12412=AXIS2_PLACEMENT_3D('',#18712,#14857,#14858);
#12413=AXIS2_PLACEMENT_3D('',#18716,#14860,#14861);
#12414=AXIS2_PLACEMENT_3D('',#18719,#14863,#14864);
#12415=AXIS2_PLACEMENT_3D('',#18724,#14866,#14867);
#12416=AXIS2_PLACEMENT_3D('',#18728,#14869,#14870);
#12417=AXIS2_PLACEMENT_3D('',#18732,#14872,#14873);
#12418=AXIS2_PLACEMENT_3D('',#18735,#14875,#14876);
#12419=AXIS2_PLACEMENT_3D('',#18740,#14878,#14879);
#12420=AXIS2_PLACEMENT_3D('',#18744,#14881,#14882);
#12421=AXIS2_PLACEMENT_3D('',#18748,#14884,#14885);
#12422=AXIS2_PLACEMENT_3D('',#18751,#14887,#14888);
#12423=AXIS2_PLACEMENT_3D('',#18756,#14890,#14891);
#12424=AXIS2_PLACEMENT_3D('',#18760,#14893,#14894);
#12425=AXIS2_PLACEMENT_3D('',#18764,#14896,#14897);
#12426=AXIS2_PLACEMENT_3D('',#18767,#14899,#14900);
#12427=AXIS2_PLACEMENT_3D('',#18772,#14902,#14903);
#12428=AXIS2_PLACEMENT_3D('',#18776,#14905,#14906);
#12429=AXIS2_PLACEMENT_3D('',#18780,#14908,#14909);
#12430=AXIS2_PLACEMENT_3D('',#18783,#14911,#14912);
#12431=AXIS2_PLACEMENT_3D('',#18788,#14914,#14915);
#12432=AXIS2_PLACEMENT_3D('',#18792,#14917,#14918);
#12433=AXIS2_PLACEMENT_3D('',#18796,#14920,#14921);
#12434=AXIS2_PLACEMENT_3D('',#18799,#14923,#14924);
#12435=AXIS2_PLACEMENT_3D('',#18804,#14926,#14927);
#12436=AXIS2_PLACEMENT_3D('',#18808,#14929,#14930);
#12437=AXIS2_PLACEMENT_3D('',#18812,#14932,#14933);
#12438=AXIS2_PLACEMENT_3D('',#18815,#14935,#14936);
#12439=AXIS2_PLACEMENT_3D('',#18820,#14938,#14939);
#12440=AXIS2_PLACEMENT_3D('',#18824,#14941,#14942);
#12441=AXIS2_PLACEMENT_3D('',#18828,#14944,#14945);
#12442=AXIS2_PLACEMENT_3D('',#18831,#14947,#14948);
#12443=AXIS2_PLACEMENT_3D('',#18836,#14950,#14951);
#12444=AXIS2_PLACEMENT_3D('',#18840,#14953,#14954);
#12445=AXIS2_PLACEMENT_3D('',#18844,#14956,#14957);
#12446=AXIS2_PLACEMENT_3D('',#18847,#14959,#14960);
#12447=AXIS2_PLACEMENT_3D('',#18852,#14962,#14963);
#12448=AXIS2_PLACEMENT_3D('',#18856,#14965,#14966);
#12449=AXIS2_PLACEMENT_3D('',#18860,#14968,#14969);
#12450=AXIS2_PLACEMENT_3D('',#18863,#14971,#14972);
#12451=AXIS2_PLACEMENT_3D('',#18864,#14973,#14974);
#12452=AXIS2_PLACEMENT_3D('',#18867,#14977,#14978);
#12453=AXIS2_PLACEMENT_3D('',#18869,#14980,#14981);
#12454=AXIS2_PLACEMENT_3D('',#18871,#14983,#14984);
#12455=AXIS2_PLACEMENT_3D('',#18874,#14987,#14988);
#12456=AXIS2_PLACEMENT_3D('',#18876,#14990,#14991);
#12457=AXIS2_PLACEMENT_3D('',#18878,#14993,#14994);
#12458=AXIS2_PLACEMENT_3D('',#18881,#14997,#14998);
#12459=AXIS2_PLACEMENT_3D('',#18883,#15000,#15001);
#12460=AXIS2_PLACEMENT_3D('',#18885,#15003,#15004);
#12461=AXIS2_PLACEMENT_3D('',#18888,#15007,#15008);
#12462=AXIS2_PLACEMENT_3D('',#18890,#15010,#15011);
#12463=AXIS2_PLACEMENT_3D('',#18892,#15013,#15014);
#12464=AXIS2_PLACEMENT_3D('',#18895,#15017,#15018);
#12465=AXIS2_PLACEMENT_3D('',#18897,#15020,#15021);
#12466=AXIS2_PLACEMENT_3D('',#18899,#15023,#15024);
#12467=AXIS2_PLACEMENT_3D('',#18902,#15027,#15028);
#12468=AXIS2_PLACEMENT_3D('',#18904,#15030,#15031);
#12469=AXIS2_PLACEMENT_3D('',#18906,#15033,#15034);
#12470=AXIS2_PLACEMENT_3D('',#18909,#15037,#15038);
#12471=AXIS2_PLACEMENT_3D('',#18911,#15040,#15041);
#12472=AXIS2_PLACEMENT_3D('',#18913,#15043,#15044);
#12473=AXIS2_PLACEMENT_3D('',#18916,#15047,#15048);
#12474=AXIS2_PLACEMENT_3D('',#18918,#15050,#15051);
#12475=AXIS2_PLACEMENT_3D('',#18920,#15053,#15054);
#12476=AXIS2_PLACEMENT_3D('',#18923,#15057,#15058);
#12477=AXIS2_PLACEMENT_3D('',#18925,#15060,#15061);
#12478=AXIS2_PLACEMENT_3D('',#18927,#15063,#15064);
#12479=AXIS2_PLACEMENT_3D('',#18930,#15067,#15068);
#12480=AXIS2_PLACEMENT_3D('',#18932,#15070,#15071);
#12481=AXIS2_PLACEMENT_3D('',#18934,#15073,#15074);
#12482=AXIS2_PLACEMENT_3D('',#18937,#15077,#15078);
#12483=AXIS2_PLACEMENT_3D('',#18939,#15080,#15081);
#12484=AXIS2_PLACEMENT_3D('',#18941,#15083,#15084);
#12485=AXIS2_PLACEMENT_3D('',#18944,#15087,#15088);
#12486=AXIS2_PLACEMENT_3D('',#18946,#15090,#15091);
#12487=AXIS2_PLACEMENT_3D('',#18948,#15093,#15094);
#12488=AXIS2_PLACEMENT_3D('',#18951,#15097,#15098);
#12489=AXIS2_PLACEMENT_3D('',#18953,#15100,#15101);
#12490=AXIS2_PLACEMENT_3D('',#18955,#15103,#15104);
#12491=AXIS2_PLACEMENT_3D('',#18958,#15107,#15108);
#12492=AXIS2_PLACEMENT_3D('',#18960,#15110,#15111);
#12493=AXIS2_PLACEMENT_3D('',#18962,#15113,#15114);
#12494=AXIS2_PLACEMENT_3D('',#18965,#15117,#15118);
#12495=AXIS2_PLACEMENT_3D('',#18967,#15120,#15121);
#12496=AXIS2_PLACEMENT_3D('',#18969,#15123,#15124);
#12497=AXIS2_PLACEMENT_3D('',#18972,#15127,#15128);
#12498=AXIS2_PLACEMENT_3D('',#18974,#15130,#15131);
#12499=AXIS2_PLACEMENT_3D('',#18976,#15133,#15134);
#12500=AXIS2_PLACEMENT_3D('',#18979,#15137,#15138);
#12501=AXIS2_PLACEMENT_3D('',#18981,#15140,#15141);
#12502=AXIS2_PLACEMENT_3D('',#18983,#15143,#15144);
#12503=AXIS2_PLACEMENT_3D('',#18986,#15147,#15148);
#12504=AXIS2_PLACEMENT_3D('',#18988,#15150,#15151);
#12505=AXIS2_PLACEMENT_3D('',#18990,#15153,#15154);
#12506=AXIS2_PLACEMENT_3D('',#18993,#15157,#15158);
#12507=AXIS2_PLACEMENT_3D('',#18995,#15160,#15161);
#12508=AXIS2_PLACEMENT_3D('',#18997,#15163,#15164);
#12509=AXIS2_PLACEMENT_3D('',#19000,#15167,#15168);
#12510=AXIS2_PLACEMENT_3D('',#19002,#15170,#15171);
#12511=AXIS2_PLACEMENT_3D('',#19004,#15173,#15174);
#12512=AXIS2_PLACEMENT_3D('',#19007,#15177,#15178);
#12513=AXIS2_PLACEMENT_3D('',#19009,#15180,#15181);
#12514=AXIS2_PLACEMENT_3D('',#19011,#15183,#15184);
#12515=AXIS2_PLACEMENT_3D('',#19014,#15187,#15188);
#12516=AXIS2_PLACEMENT_3D('',#19016,#15190,#15191);
#12517=AXIS2_PLACEMENT_3D('',#19018,#15193,#15194);
#12518=AXIS2_PLACEMENT_3D('',#19021,#15197,#15198);
#12519=AXIS2_PLACEMENT_3D('',#19023,#15200,#15201);
#12520=AXIS2_PLACEMENT_3D('',#19025,#15203,#15204);
#12521=AXIS2_PLACEMENT_3D('',#19028,#15207,#15208);
#12522=AXIS2_PLACEMENT_3D('',#19030,#15210,#15211);
#12523=AXIS2_PLACEMENT_3D('',#19032,#15213,#15214);
#12524=AXIS2_PLACEMENT_3D('',#19035,#15217,#15218);
#12525=AXIS2_PLACEMENT_3D('',#19037,#15220,#15221);
#12526=AXIS2_PLACEMENT_3D('',#19039,#15223,#15224);
#12527=AXIS2_PLACEMENT_3D('',#19042,#15227,#15228);
#12528=AXIS2_PLACEMENT_3D('',#19044,#15230,#15231);
#12529=AXIS2_PLACEMENT_3D('',#19046,#15233,#15234);
#12530=AXIS2_PLACEMENT_3D('',#19049,#15237,#15238);
#12531=AXIS2_PLACEMENT_3D('',#19051,#15240,#15241);
#12532=AXIS2_PLACEMENT_3D('',#19054,#15244,#15245);
#12533=AXIS2_PLACEMENT_3D('',#19056,#15247,#15248);
#12534=AXIS2_PLACEMENT_3D('',#19058,#15250,#15251);
#12535=AXIS2_PLACEMENT_3D('',#19060,#15253,#15254);
#12536=AXIS2_PLACEMENT_3D('',#19061,#15255,#15256);
#12537=AXIS2_PLACEMENT_3D('',#19062,#15257,#15258);
#12538=AXIS2_PLACEMENT_3D('',#19063,#15259,#15260);
#12539=AXIS2_PLACEMENT_3D('',#19064,#15261,#15262);
#12540=AXIS2_PLACEMENT_3D('',#19065,#15263,#15264);
#12541=AXIS2_PLACEMENT_3D('',#19066,#15265,#15266);
#12542=AXIS2_PLACEMENT_3D('',#19067,#15267,#15268);
#12543=AXIS2_PLACEMENT_3D('',#19068,#15269,#15270);
#12544=AXIS2_PLACEMENT_3D('',#19069,#15271,#15272);
#12545=AXIS2_PLACEMENT_3D('',#19070,#15273,#15274);
#12546=AXIS2_PLACEMENT_3D('',#19071,#15275,#15276);
#12547=AXIS2_PLACEMENT_3D('',#19072,#15277,#15278);
#12548=AXIS2_PLACEMENT_3D('',#19073,#15279,#15280);
#12549=AXIS2_PLACEMENT_3D('',#19074,#15281,#15282);
#12550=AXIS2_PLACEMENT_3D('',#19075,#15283,#15284);
#12551=AXIS2_PLACEMENT_3D('',#19076,#15285,#15286);
#12552=AXIS2_PLACEMENT_3D('',#19077,#15287,#15288);
#12553=AXIS2_PLACEMENT_3D('',#19078,#15289,#15290);
#12554=AXIS2_PLACEMENT_3D('',#19079,#15291,#15292);
#12555=AXIS2_PLACEMENT_3D('',#19080,#15293,#15294);
#12556=AXIS2_PLACEMENT_3D('',#19081,#15295,#15296);
#12557=AXIS2_PLACEMENT_3D('',#19082,#15297,#15298);
#12558=AXIS2_PLACEMENT_3D('',#19083,#15299,#15300);
#12559=AXIS2_PLACEMENT_3D('',#19084,#15301,#15302);
#12560=AXIS2_PLACEMENT_3D('',#19085,#15303,#15304);
#12561=AXIS2_PLACEMENT_3D('',#19086,#15305,#15306);
#12562=AXIS2_PLACEMENT_3D('',#19087,#15307,#15308);
#12563=AXIS2_PLACEMENT_3D('',#19090,#15311,#15312);
#12564=AXIS2_PLACEMENT_3D('',#19092,#15314,#15315);
#12565=AXIS2_PLACEMENT_3D('',#19094,#15317,#15318);
#12566=AXIS2_PLACEMENT_3D('',#19097,#15321,#15322);
#12567=AXIS2_PLACEMENT_3D('',#19099,#15324,#15325);
#12568=AXIS2_PLACEMENT_3D('',#19101,#15327,#15328);
#12569=AXIS2_PLACEMENT_3D('',#19104,#15331,#15332);
#12570=AXIS2_PLACEMENT_3D('',#19106,#15334,#15335);
#12571=AXIS2_PLACEMENT_3D('',#19108,#15337,#15338);
#12572=AXIS2_PLACEMENT_3D('',#19111,#15341,#15342);
#12573=AXIS2_PLACEMENT_3D('',#19113,#15344,#15345);
#12574=AXIS2_PLACEMENT_3D('',#19115,#15347,#15348);
#12575=AXIS2_PLACEMENT_3D('',#19118,#15351,#15352);
#12576=AXIS2_PLACEMENT_3D('',#19120,#15354,#15355);
#12577=AXIS2_PLACEMENT_3D('',#19122,#15357,#15358);
#12578=AXIS2_PLACEMENT_3D('',#19125,#15361,#15362);
#12579=AXIS2_PLACEMENT_3D('',#19127,#15364,#15365);
#12580=AXIS2_PLACEMENT_3D('',#19129,#15367,#15368);
#12581=AXIS2_PLACEMENT_3D('',#19132,#15371,#15372);
#12582=AXIS2_PLACEMENT_3D('',#19134,#15374,#15375);
#12583=AXIS2_PLACEMENT_3D('',#19136,#15377,#15378);
#12584=AXIS2_PLACEMENT_3D('',#19139,#15381,#15382);
#12585=AXIS2_PLACEMENT_3D('',#19141,#15384,#15385);
#12586=AXIS2_PLACEMENT_3D('',#19143,#15387,#15388);
#12587=AXIS2_PLACEMENT_3D('',#19146,#15391,#15392);
#12588=AXIS2_PLACEMENT_3D('',#19148,#15394,#15395);
#12589=AXIS2_PLACEMENT_3D('',#19150,#15397,#15398);
#12590=AXIS2_PLACEMENT_3D('',#19153,#15401,#15402);
#12591=AXIS2_PLACEMENT_3D('',#19155,#15404,#15405);
#12592=AXIS2_PLACEMENT_3D('',#19157,#15407,#15408);
#12593=AXIS2_PLACEMENT_3D('',#19160,#15411,#15412);
#12594=AXIS2_PLACEMENT_3D('',#19162,#15414,#15415);
#12595=AXIS2_PLACEMENT_3D('',#19164,#15417,#15418);
#12596=AXIS2_PLACEMENT_3D('',#19167,#15421,#15422);
#12597=AXIS2_PLACEMENT_3D('',#19169,#15424,#15425);
#12598=AXIS2_PLACEMENT_3D('',#19171,#15427,#15428);
#12599=AXIS2_PLACEMENT_3D('',#19174,#15431,#15432);
#12600=AXIS2_PLACEMENT_3D('',#19176,#15434,#15435);
#12601=AXIS2_PLACEMENT_3D('',#19178,#15437,#15438);
#12602=AXIS2_PLACEMENT_3D('',#19181,#15441,#15442);
#12603=AXIS2_PLACEMENT_3D('',#19183,#15444,#15445);
#12604=AXIS2_PLACEMENT_3D('',#19185,#15447,#15448);
#12605=AXIS2_PLACEMENT_3D('',#19188,#15451,#15452);
#12606=AXIS2_PLACEMENT_3D('',#19190,#15454,#15455);
#12607=AXIS2_PLACEMENT_3D('',#19192,#15457,#15458);
#12608=AXIS2_PLACEMENT_3D('',#19195,#15461,#15462);
#12609=AXIS2_PLACEMENT_3D('',#19197,#15464,#15465);
#12610=AXIS2_PLACEMENT_3D('',#19199,#15467,#15468);
#12611=AXIS2_PLACEMENT_3D('',#19202,#15471,#15472);
#12612=AXIS2_PLACEMENT_3D('',#19204,#15474,#15475);
#12613=AXIS2_PLACEMENT_3D('',#19206,#15477,#15478);
#12614=AXIS2_PLACEMENT_3D('',#19209,#15481,#15482);
#12615=AXIS2_PLACEMENT_3D('',#19211,#15484,#15485);
#12616=AXIS2_PLACEMENT_3D('',#19213,#15487,#15488);
#12617=AXIS2_PLACEMENT_3D('',#19216,#15491,#15492);
#12618=AXIS2_PLACEMENT_3D('',#19218,#15494,#15495);
#12619=AXIS2_PLACEMENT_3D('',#19220,#15497,#15498);
#12620=AXIS2_PLACEMENT_3D('',#19223,#15501,#15502);
#12621=AXIS2_PLACEMENT_3D('',#19225,#15504,#15505);
#12622=AXIS2_PLACEMENT_3D('',#19227,#15507,#15508);
#12623=AXIS2_PLACEMENT_3D('',#19230,#15511,#15512);
#12624=AXIS2_PLACEMENT_3D('',#19232,#15514,#15515);
#12625=AXIS2_PLACEMENT_3D('',#19234,#15517,#15518);
#12626=AXIS2_PLACEMENT_3D('',#19237,#15521,#15522);
#12627=AXIS2_PLACEMENT_3D('',#19239,#15524,#15525);
#12628=AXIS2_PLACEMENT_3D('',#19241,#15527,#15528);
#12629=AXIS2_PLACEMENT_3D('',#19244,#15531,#15532);
#12630=AXIS2_PLACEMENT_3D('',#19246,#15534,#15535);
#12631=AXIS2_PLACEMENT_3D('',#19248,#15537,#15538);
#12632=AXIS2_PLACEMENT_3D('',#19251,#15541,#15542);
#12633=AXIS2_PLACEMENT_3D('',#19253,#15544,#15545);
#12634=AXIS2_PLACEMENT_3D('',#19255,#15547,#15548);
#12635=AXIS2_PLACEMENT_3D('',#19258,#15551,#15552);
#12636=AXIS2_PLACEMENT_3D('',#19260,#15554,#15555);
#12637=AXIS2_PLACEMENT_3D('',#19263,#15558,#15559);
#12638=AXIS2_PLACEMENT_3D('',#19265,#15561,#15562);
#12639=AXIS2_PLACEMENT_3D('',#19267,#15564,#15565);
#12640=AXIS2_PLACEMENT_3D('',#19269,#15567,#15568);
#12641=AXIS2_PLACEMENT_3D('',#19270,#15569,#15570);
#12642=AXIS2_PLACEMENT_3D('',#19271,#15571,#15572);
#12643=AXIS2_PLACEMENT_3D('',#19272,#15573,#15574);
#12644=AXIS2_PLACEMENT_3D('',#19273,#15575,#15576);
#12645=AXIS2_PLACEMENT_3D('',#19274,#15577,#15578);
#12646=AXIS2_PLACEMENT_3D('',#19275,#15579,#15580);
#12647=AXIS2_PLACEMENT_3D('',#19276,#15581,#15582);
#12648=AXIS2_PLACEMENT_3D('',#19277,#15583,#15584);
#12649=AXIS2_PLACEMENT_3D('',#19278,#15585,#15586);
#12650=AXIS2_PLACEMENT_3D('',#19279,#15587,#15588);
#12651=AXIS2_PLACEMENT_3D('',#19280,#15589,#15590);
#12652=AXIS2_PLACEMENT_3D('',#19281,#15591,#15592);
#12653=AXIS2_PLACEMENT_3D('',#19282,#15593,#15594);
#12654=AXIS2_PLACEMENT_3D('',#19283,#15595,#15596);
#12655=AXIS2_PLACEMENT_3D('',#19284,#15597,#15598);
#12656=AXIS2_PLACEMENT_3D('',#19285,#15599,#15600);
#12657=AXIS2_PLACEMENT_3D('',#19286,#15601,#15602);
#12658=AXIS2_PLACEMENT_3D('',#19287,#15603,#15604);
#12659=AXIS2_PLACEMENT_3D('',#19288,#15605,#15606);
#12660=AXIS2_PLACEMENT_3D('',#19289,#15607,#15608);
#12661=AXIS2_PLACEMENT_3D('',#19290,#15609,#15610);
#12662=AXIS2_PLACEMENT_3D('',#19291,#15611,#15612);
#12663=AXIS2_PLACEMENT_3D('',#19292,#15613,#15614);
#12664=AXIS2_PLACEMENT_3D('',#19293,#15615,#15616);
#12665=AXIS2_PLACEMENT_3D('',#19294,#15617,#15618);
#12666=AXIS2_PLACEMENT_3D('',#19297,#15621,#15622);
#12667=AXIS2_PLACEMENT_3D('',#19299,#15624,#15625);
#12668=AXIS2_PLACEMENT_3D('',#19301,#15627,#15628);
#12669=AXIS2_PLACEMENT_3D('',#19304,#15631,#15632);
#12670=AXIS2_PLACEMENT_3D('',#19306,#15634,#15635);
#12671=AXIS2_PLACEMENT_3D('',#19308,#15637,#15638);
#12672=AXIS2_PLACEMENT_3D('',#19311,#15641,#15642);
#12673=AXIS2_PLACEMENT_3D('',#19313,#15644,#15645);
#12674=AXIS2_PLACEMENT_3D('',#19315,#15647,#15648);
#12675=AXIS2_PLACEMENT_3D('',#19318,#15651,#15652);
#12676=AXIS2_PLACEMENT_3D('',#19320,#15654,#15655);
#12677=AXIS2_PLACEMENT_3D('',#19322,#15657,#15658);
#12678=AXIS2_PLACEMENT_3D('',#19325,#15661,#15662);
#12679=AXIS2_PLACEMENT_3D('',#19327,#15664,#15665);
#12680=AXIS2_PLACEMENT_3D('',#19329,#15667,#15668);
#12681=AXIS2_PLACEMENT_3D('',#19332,#15671,#15672);
#12682=AXIS2_PLACEMENT_3D('',#19334,#15674,#15675);
#12683=AXIS2_PLACEMENT_3D('',#19336,#15677,#15678);
#12684=AXIS2_PLACEMENT_3D('',#19339,#15681,#15682);
#12685=AXIS2_PLACEMENT_3D('',#19341,#15684,#15685);
#12686=AXIS2_PLACEMENT_3D('',#19343,#15687,#15688);
#12687=AXIS2_PLACEMENT_3D('',#19346,#15691,#15692);
#12688=AXIS2_PLACEMENT_3D('',#19348,#15694,#15695);
#12689=AXIS2_PLACEMENT_3D('',#19350,#15697,#15698);
#12690=AXIS2_PLACEMENT_3D('',#19353,#15701,#15702);
#12691=AXIS2_PLACEMENT_3D('',#19355,#15704,#15705);
#12692=AXIS2_PLACEMENT_3D('',#19357,#15707,#15708);
#12693=AXIS2_PLACEMENT_3D('',#19360,#15711,#15712);
#12694=AXIS2_PLACEMENT_3D('',#19362,#15714,#15715);
#12695=AXIS2_PLACEMENT_3D('',#19364,#15717,#15718);
#12696=AXIS2_PLACEMENT_3D('',#19367,#15721,#15722);
#12697=AXIS2_PLACEMENT_3D('',#19369,#15724,#15725);
#12698=AXIS2_PLACEMENT_3D('',#19371,#15727,#15728);
#12699=AXIS2_PLACEMENT_3D('',#19374,#15731,#15732);
#12700=AXIS2_PLACEMENT_3D('',#19376,#15734,#15735);
#12701=AXIS2_PLACEMENT_3D('',#19378,#15737,#15738);
#12702=AXIS2_PLACEMENT_3D('',#19381,#15741,#15742);
#12703=AXIS2_PLACEMENT_3D('',#19383,#15744,#15745);
#12704=AXIS2_PLACEMENT_3D('',#19385,#15747,#15748);
#12705=AXIS2_PLACEMENT_3D('',#19388,#15751,#15752);
#12706=AXIS2_PLACEMENT_3D('',#19390,#15754,#15755);
#12707=AXIS2_PLACEMENT_3D('',#19392,#15757,#15758);
#12708=AXIS2_PLACEMENT_3D('',#19395,#15761,#15762);
#12709=AXIS2_PLACEMENT_3D('',#19397,#15764,#15765);
#12710=AXIS2_PLACEMENT_3D('',#19399,#15767,#15768);
#12711=AXIS2_PLACEMENT_3D('',#19402,#15771,#15772);
#12712=AXIS2_PLACEMENT_3D('',#19404,#15774,#15775);
#12713=AXIS2_PLACEMENT_3D('',#19406,#15777,#15778);
#12714=AXIS2_PLACEMENT_3D('',#19409,#15781,#15782);
#12715=AXIS2_PLACEMENT_3D('',#19411,#15784,#15785);
#12716=AXIS2_PLACEMENT_3D('',#19413,#15787,#15788);
#12717=AXIS2_PLACEMENT_3D('',#19416,#15791,#15792);
#12718=AXIS2_PLACEMENT_3D('',#19418,#15794,#15795);
#12719=AXIS2_PLACEMENT_3D('',#19420,#15797,#15798);
#12720=AXIS2_PLACEMENT_3D('',#19423,#15801,#15802);
#12721=AXIS2_PLACEMENT_3D('',#19425,#15804,#15805);
#12722=AXIS2_PLACEMENT_3D('',#19427,#15807,#15808);
#12723=AXIS2_PLACEMENT_3D('',#19430,#15811,#15812);
#12724=AXIS2_PLACEMENT_3D('',#19432,#15814,#15815);
#12725=AXIS2_PLACEMENT_3D('',#19434,#15817,#15818);
#12726=AXIS2_PLACEMENT_3D('',#19437,#15821,#15822);
#12727=AXIS2_PLACEMENT_3D('',#19439,#15824,#15825);
#12728=AXIS2_PLACEMENT_3D('',#19441,#15827,#15828);
#12729=AXIS2_PLACEMENT_3D('',#19444,#15831,#15832);
#12730=AXIS2_PLACEMENT_3D('',#19446,#15834,#15835);
#12731=AXIS2_PLACEMENT_3D('',#19448,#15837,#15838);
#12732=AXIS2_PLACEMENT_3D('',#19451,#15841,#15842);
#12733=AXIS2_PLACEMENT_3D('',#19453,#15844,#15845);
#12734=AXIS2_PLACEMENT_3D('',#19456,#15848,#15849);
#12735=AXIS2_PLACEMENT_3D('',#19458,#15851,#15852);
#12736=AXIS2_PLACEMENT_3D('',#19460,#15854,#15855);
#12737=AXIS2_PLACEMENT_3D('',#19462,#15857,#15858);
#12738=AXIS2_PLACEMENT_3D('',#19463,#15859,#15860);
#12739=AXIS2_PLACEMENT_3D('',#19464,#15861,#15862);
#12740=AXIS2_PLACEMENT_3D('',#19465,#15863,#15864);
#12741=AXIS2_PLACEMENT_3D('',#19466,#15865,#15866);
#12742=AXIS2_PLACEMENT_3D('',#19467,#15867,#15868);
#12743=AXIS2_PLACEMENT_3D('',#19468,#15869,#15870);
#12744=AXIS2_PLACEMENT_3D('',#19469,#15871,#15872);
#12745=AXIS2_PLACEMENT_3D('',#19470,#15873,#15874);
#12746=AXIS2_PLACEMENT_3D('',#19471,#15875,#15876);
#12747=AXIS2_PLACEMENT_3D('',#19472,#15877,#15878);
#12748=AXIS2_PLACEMENT_3D('',#19473,#15879,#15880);
#12749=AXIS2_PLACEMENT_3D('',#19474,#15881,#15882);
#12750=AXIS2_PLACEMENT_3D('',#19475,#15883,#15884);
#12751=AXIS2_PLACEMENT_3D('',#19476,#15885,#15886);
#12752=AXIS2_PLACEMENT_3D('',#19477,#15887,#15888);
#12753=AXIS2_PLACEMENT_3D('',#19478,#15889,#15890);
#12754=AXIS2_PLACEMENT_3D('',#19479,#15891,#15892);
#12755=AXIS2_PLACEMENT_3D('',#19480,#15893,#15894);
#12756=AXIS2_PLACEMENT_3D('',#19481,#15895,#15896);
#12757=AXIS2_PLACEMENT_3D('',#19482,#15897,#15898);
#12758=AXIS2_PLACEMENT_3D('',#19483,#15899,#15900);
#12759=AXIS2_PLACEMENT_3D('',#19484,#15901,#15902);
#12760=AXIS2_PLACEMENT_3D('',#19485,#15903,#15904);
#12761=AXIS2_PLACEMENT_3D('',#19488,#15907,#15908);
#12762=AXIS2_PLACEMENT_3D('',#19490,#15910,#15911);
#12763=AXIS2_PLACEMENT_3D('',#19492,#15913,#15914);
#12764=AXIS2_PLACEMENT_3D('',#19495,#15917,#15918);
#12765=AXIS2_PLACEMENT_3D('',#19497,#15920,#15921);
#12766=AXIS2_PLACEMENT_3D('',#19499,#15923,#15924);
#12767=AXIS2_PLACEMENT_3D('',#19502,#15927,#15928);
#12768=AXIS2_PLACEMENT_3D('',#19504,#15930,#15931);
#12769=AXIS2_PLACEMENT_3D('',#19506,#15933,#15934);
#12770=AXIS2_PLACEMENT_3D('',#19509,#15937,#15938);
#12771=AXIS2_PLACEMENT_3D('',#19511,#15940,#15941);
#12772=AXIS2_PLACEMENT_3D('',#19513,#15943,#15944);
#12773=AXIS2_PLACEMENT_3D('',#19516,#15947,#15948);
#12774=AXIS2_PLACEMENT_3D('',#19518,#15950,#15951);
#12775=AXIS2_PLACEMENT_3D('',#19520,#15953,#15954);
#12776=AXIS2_PLACEMENT_3D('',#19523,#15957,#15958);
#12777=AXIS2_PLACEMENT_3D('',#19525,#15960,#15961);
#12778=AXIS2_PLACEMENT_3D('',#19527,#15963,#15964);
#12779=AXIS2_PLACEMENT_3D('',#19530,#15967,#15968);
#12780=AXIS2_PLACEMENT_3D('',#19532,#15970,#15971);
#12781=AXIS2_PLACEMENT_3D('',#19534,#15973,#15974);
#12782=AXIS2_PLACEMENT_3D('',#19537,#15977,#15978);
#12783=AXIS2_PLACEMENT_3D('',#19539,#15980,#15981);
#12784=AXIS2_PLACEMENT_3D('',#19541,#15983,#15984);
#12785=AXIS2_PLACEMENT_3D('',#19544,#15987,#15988);
#12786=AXIS2_PLACEMENT_3D('',#19546,#15990,#15991);
#12787=AXIS2_PLACEMENT_3D('',#19548,#15993,#15994);
#12788=AXIS2_PLACEMENT_3D('',#19551,#15997,#15998);
#12789=AXIS2_PLACEMENT_3D('',#19553,#16000,#16001);
#12790=AXIS2_PLACEMENT_3D('',#19555,#16003,#16004);
#12791=AXIS2_PLACEMENT_3D('',#19558,#16007,#16008);
#12792=AXIS2_PLACEMENT_3D('',#19560,#16010,#16011);
#12793=AXIS2_PLACEMENT_3D('',#19562,#16013,#16014);
#12794=AXIS2_PLACEMENT_3D('',#19565,#16017,#16018);
#12795=AXIS2_PLACEMENT_3D('',#19567,#16020,#16021);
#12796=AXIS2_PLACEMENT_3D('',#19569,#16023,#16024);
#12797=AXIS2_PLACEMENT_3D('',#19572,#16027,#16028);
#12798=AXIS2_PLACEMENT_3D('',#19574,#16030,#16031);
#12799=AXIS2_PLACEMENT_3D('',#19576,#16033,#16034);
#12800=AXIS2_PLACEMENT_3D('',#19579,#16037,#16038);
#12801=AXIS2_PLACEMENT_3D('',#19581,#16040,#16041);
#12802=AXIS2_PLACEMENT_3D('',#19583,#16043,#16044);
#12803=AXIS2_PLACEMENT_3D('',#19586,#16047,#16048);
#12804=AXIS2_PLACEMENT_3D('',#19588,#16050,#16051);
#12805=AXIS2_PLACEMENT_3D('',#19591,#16054,#16055);
#12806=AXIS2_PLACEMENT_3D('',#19593,#16057,#16058);
#12807=AXIS2_PLACEMENT_3D('',#19595,#16060,#16061);
#12808=AXIS2_PLACEMENT_3D('',#19597,#16063,#16064);
#12809=AXIS2_PLACEMENT_3D('',#19598,#16065,#16066);
#12810=AXIS2_PLACEMENT_3D('',#19599,#16067,#16068);
#12811=AXIS2_PLACEMENT_3D('',#19600,#16069,#16070);
#12812=AXIS2_PLACEMENT_3D('',#19601,#16071,#16072);
#12813=AXIS2_PLACEMENT_3D('',#19602,#16073,#16074);
#12814=AXIS2_PLACEMENT_3D('',#19603,#16075,#16076);
#12815=AXIS2_PLACEMENT_3D('',#19604,#16077,#16078);
#12816=AXIS2_PLACEMENT_3D('',#19605,#16079,#16080);
#12817=AXIS2_PLACEMENT_3D('',#19606,#16081,#16082);
#12818=AXIS2_PLACEMENT_3D('',#19607,#16083,#16084);
#12819=AXIS2_PLACEMENT_3D('',#19608,#16085,#16086);
#12820=AXIS2_PLACEMENT_3D('',#19609,#16087,#16088);
#12821=AXIS2_PLACEMENT_3D('',#19610,#16089,#16090);
#12822=AXIS2_PLACEMENT_3D('',#19611,#16091,#16092);
#12823=AXIS2_PLACEMENT_3D('',#19612,#16093,#16094);
#12824=AXIS2_PLACEMENT_3D('',#19615,#16097,#16098);
#12825=AXIS2_PLACEMENT_3D('',#19617,#16100,#16101);
#12826=AXIS2_PLACEMENT_3D('',#19619,#16103,#16104);
#12827=AXIS2_PLACEMENT_3D('',#19621,#16106,#16107);
#12828=AXIS2_PLACEMENT_3D('',#19623,#16109,#16110);
#12829=AXIS2_PLACEMENT_3D('',#19625,#16112,#16113);
#12830=AXIS2_PLACEMENT_3D('',#19627,#16115,#16116);
#12831=AXIS2_PLACEMENT_3D('',#19628,#16117,#16118);
#12832=AXIS2_PLACEMENT_3D('',#19629,#16119,#16120);
#12833=AXIS2_PLACEMENT_3D('',#19630,#16121,#16122);
#12834=AXIS2_PLACEMENT_3D('',#19631,#16123,#16124);
#12835=AXIS2_PLACEMENT_3D('',#19634,#16127,#16128);
#12836=AXIS2_PLACEMENT_3D('',#19636,#16130,#16131);
#12837=AXIS2_PLACEMENT_3D('',#19638,#16133,#16134);
#12838=AXIS2_PLACEMENT_3D('',#19640,#16136,#16137);
#12839=AXIS2_PLACEMENT_3D('',#19642,#16139,#16140);
#12840=AXIS2_PLACEMENT_3D('',#19644,#16142,#16143);
#12841=AXIS2_PLACEMENT_3D('',#19646,#16145,#16146);
#12842=AXIS2_PLACEMENT_3D('',#19647,#16147,#16148);
#12843=AXIS2_PLACEMENT_3D('',#19648,#16149,#16150);
#12844=AXIS2_PLACEMENT_3D('',#19651,#16153,#16154);
#12845=AXIS2_PLACEMENT_3D('',#19653,#16156,#16157);
#12846=AXIS2_PLACEMENT_3D('',#19655,#16159,#16160);
#12847=AXIS2_PLACEMENT_3D('',#19657,#16162,#16163);
#12848=AXIS2_PLACEMENT_3D('',#19659,#16165,#16166);
#12849=AXIS2_PLACEMENT_3D('',#19661,#16168,#16169);
#12850=AXIS2_PLACEMENT_3D('',#19663,#16171,#16172);
#12851=AXIS2_PLACEMENT_3D('',#19664,#16173,#16174);
#12852=AXIS2_PLACEMENT_3D('',#19667,#16177,#16178);
#12853=AXIS2_PLACEMENT_3D('',#19669,#16180,#16181);
#12854=AXIS2_PLACEMENT_3D('',#19671,#16183,#16184);
#12855=AXIS2_PLACEMENT_3D('',#19673,#16186,#16187);
#12856=AXIS2_PLACEMENT_3D('',#19675,#16189,#16190);
#12857=AXIS2_PLACEMENT_3D('',#19677,#16192,#16193);
#12858=AXIS2_PLACEMENT_3D('',#19679,#16195,#16196);
#12859=AXIS2_PLACEMENT_3D('',#19680,#16197,#16198);
#12860=AXIS2_PLACEMENT_3D('',#19683,#16201,#16202);
#12861=AXIS2_PLACEMENT_3D('',#19685,#16204,#16205);
#12862=AXIS2_PLACEMENT_3D('',#19687,#16207,#16208);
#12863=AXIS2_PLACEMENT_3D('',#19689,#16210,#16211);
#12864=AXIS2_PLACEMENT_3D('',#19691,#16213,#16214);
#12865=AXIS2_PLACEMENT_3D('',#19693,#16216,#16217);
#12866=AXIS2_PLACEMENT_3D('',#19695,#16219,#16220);
#12867=AXIS2_PLACEMENT_3D('',#19696,#16221,#16222);
#12868=AXIS2_PLACEMENT_3D('',#19699,#16225,#16226);
#12869=AXIS2_PLACEMENT_3D('',#19701,#16228,#16229);
#12870=AXIS2_PLACEMENT_3D('',#19703,#16231,#16232);
#12871=AXIS2_PLACEMENT_3D('',#19705,#16234,#16235);
#12872=AXIS2_PLACEMENT_3D('',#19707,#16237,#16238);
#12873=AXIS2_PLACEMENT_3D('',#19709,#16240,#16241);
#12874=AXIS2_PLACEMENT_3D('',#19711,#16243,#16244);
#12875=AXIS2_PLACEMENT_3D('',#19712,#16245,#16246);
#12876=AXIS2_PLACEMENT_3D('',#19715,#16249,#16250);
#12877=AXIS2_PLACEMENT_3D('',#19717,#16252,#16253);
#12878=AXIS2_PLACEMENT_3D('',#19719,#16255,#16256);
#12879=AXIS2_PLACEMENT_3D('',#19721,#16258,#16259);
#12880=AXIS2_PLACEMENT_3D('',#19723,#16261,#16262);
#12881=AXIS2_PLACEMENT_3D('',#19725,#16264,#16265);
#12882=AXIS2_PLACEMENT_3D('',#19727,#16267,#16268);
#12883=AXIS2_PLACEMENT_3D('',#19728,#16269,#16270);
#12884=AXIS2_PLACEMENT_3D('',#19731,#16273,#16274);
#12885=AXIS2_PLACEMENT_3D('',#19733,#16276,#16277);
#12886=AXIS2_PLACEMENT_3D('',#19735,#16279,#16280);
#12887=AXIS2_PLACEMENT_3D('',#19737,#16282,#16283);
#12888=AXIS2_PLACEMENT_3D('',#19739,#16285,#16286);
#12889=AXIS2_PLACEMENT_3D('',#19741,#16288,#16289);
#12890=AXIS2_PLACEMENT_3D('',#19743,#16291,#16292);
#12891=AXIS2_PLACEMENT_3D('',#19744,#16293,#16294);
#12892=AXIS2_PLACEMENT_3D('',#19747,#16297,#16298);
#12893=AXIS2_PLACEMENT_3D('',#19749,#16300,#16301);
#12894=AXIS2_PLACEMENT_3D('',#19751,#16303,#16304);
#12895=AXIS2_PLACEMENT_3D('',#19753,#16306,#16307);
#12896=AXIS2_PLACEMENT_3D('',#19755,#16309,#16310);
#12897=AXIS2_PLACEMENT_3D('',#19757,#16312,#16313);
#12898=AXIS2_PLACEMENT_3D('',#19759,#16315,#16316);
#12899=AXIS2_PLACEMENT_3D('',#19760,#16317,#16318);
#12900=AXIS2_PLACEMENT_3D('',#19763,#16321,#16322);
#12901=AXIS2_PLACEMENT_3D('',#19765,#16324,#16325);
#12902=AXIS2_PLACEMENT_3D('',#19767,#16327,#16328);
#12903=AXIS2_PLACEMENT_3D('',#19769,#16330,#16331);
#12904=AXIS2_PLACEMENT_3D('',#19771,#16333,#16334);
#12905=AXIS2_PLACEMENT_3D('',#19773,#16336,#16337);
#12906=AXIS2_PLACEMENT_3D('',#19775,#16339,#16340);
#12907=DIRECTION('axis',(0.,0.,1.));
#12908=DIRECTION('refdir',(1.,0.,0.));
#12909=DIRECTION('center_axis',(1.,-8.67361737988404E-19,2.92734586571086E-18));
#12910=DIRECTION('ref_axis',(2.92734586571086E-18,0.,-1.));
#12911=DIRECTION('',(-2.92734586571086E-18,-1.54074395550979E-33,1.));
#12912=DIRECTION('',(-8.67361737988404E-19,-1.,0.));
#12913=DIRECTION('',(2.92734586571086E-18,1.54074395550979E-33,-1.));
#12914=DIRECTION('',(-8.67361737988404E-19,-1.,0.));
#12915=DIRECTION('center_axis',(8.67361737988404E-19,1.,1.54328302330756E-33));
#12916=DIRECTION('ref_axis',(0.,-1.54328302330756E-33,1.));
#12917=DIRECTION('',(1.,-8.67361737988404E-19,0.));
#12918=DIRECTION('',(2.92734586571086E-18,1.54074395550979E-33,-1.));
#12919=DIRECTION('',(1.,-8.67361737988404E-19,0.));
#12920=DIRECTION('center_axis',(-1.,8.67361737988404E-19,-2.92734586571086E-18));
#12921=DIRECTION('ref_axis',(-2.92734586571086E-18,0.,1.));
#12922=DIRECTION('',(8.67361737988404E-19,1.,0.));
#12923=DIRECTION('',(2.92734586571086E-18,1.54074395550979E-33,-1.));
#12924=DIRECTION('',(8.67361737988404E-19,1.,0.));
#12925=DIRECTION('center_axis',(-8.67361737988404E-19,-1.,-1.54328302330756E-33));
#12926=DIRECTION('ref_axis',(0.,1.54328302330756E-33,-1.));
#12927=DIRECTION('',(-1.,8.67361737988404E-19,0.));
#12928=DIRECTION('',(-1.,8.67361737988404E-19,0.));
#12929=DIRECTION('center_axis',(0.,0.,1.));
#12930=DIRECTION('ref_axis',(0.707106781186538,-0.707106781186557,0.));
#12931=DIRECTION('center_axis',(0.,0.,-1.));
#12932=DIRECTION('ref_axis',(0.707106781186538,-0.707106781186557,0.));
#12933=DIRECTION('',(0.,0.,1.));
#12934=DIRECTION('center_axis',(0.,0.,1.));
#12935=DIRECTION('ref_axis',(0.707106781186538,-0.707106781186557,0.));
#12936=DIRECTION('',(0.,0.,-1.));
#12937=DIRECTION('center_axis',(0.,1.,0.));
#12938=DIRECTION('ref_axis',(-1.,0.,0.));
#12939=DIRECTION('',(1.,0.,0.));
#12940=DIRECTION('',(0.,0.,-1.));
#12941=DIRECTION('',(1.,0.,0.));
#12942=DIRECTION('center_axis',(0.,0.,-1.));
#12943=DIRECTION('ref_axis',(-0.707106781186535,-0.70710678118656,0.));
#12944=DIRECTION('center_axis',(0.,0.,1.));
#12945=DIRECTION('ref_axis',(-0.707106781186535,-0.70710678118656,0.));
#12946=DIRECTION('center_axis',(0.,0.,-1.));
#12947=DIRECTION('ref_axis',(-0.707106781186535,-0.70710678118656,0.));
#12948=DIRECTION('',(0.,0.,1.));
#12949=DIRECTION('center_axis',(0.,0.,1.));
#12950=DIRECTION('ref_axis',(-0.707106781186535,0.70710678118656,0.));
#12951=DIRECTION('center_axis',(0.,0.,-1.));
#12952=DIRECTION('ref_axis',(-0.707106781186535,0.70710678118656,0.));
#12953=DIRECTION('',(0.,0.,1.));
#12954=DIRECTION('center_axis',(0.,0.,1.));
#12955=DIRECTION('ref_axis',(-0.707106781186535,0.70710678118656,0.));
#12956=DIRECTION('',(0.,0.,-1.));
#12957=DIRECTION('center_axis',(0.,-1.,0.));
#12958=DIRECTION('ref_axis',(1.,0.,0.));
#12959=DIRECTION('',(-1.,0.,0.));
#12960=DIRECTION('',(0.,0.,-1.));
#12961=DIRECTION('',(-1.,0.,0.));
#12962=DIRECTION('center_axis',(0.,0.,-1.));
#12963=DIRECTION('ref_axis',(0.707106781186538,0.707106781186557,0.));
#12964=DIRECTION('center_axis',(0.,0.,1.));
#12965=DIRECTION('ref_axis',(0.707106781186538,0.707106781186557,0.));
#12966=DIRECTION('center_axis',(0.,0.,-1.));
#12967=DIRECTION('ref_axis',(0.707106781186538,0.707106781186557,0.));
#12968=DIRECTION('',(0.,0.,1.));
#12969=DIRECTION('center_axis',(0.,0.,1.));
#12970=DIRECTION('ref_axis',(0.707106781186538,-0.707106781186557,0.));
#12971=DIRECTION('center_axis',(0.,0.,-1.));
#12972=DIRECTION('ref_axis',(0.707106781186538,-0.707106781186557,0.));
#12973=DIRECTION('',(0.,0.,1.));
#12974=DIRECTION('center_axis',(0.,0.,1.));
#12975=DIRECTION('ref_axis',(0.707106781186538,-0.707106781186557,0.));
#12976=DIRECTION('',(0.,0.,-1.));
#12977=DIRECTION('center_axis',(0.,1.,0.));
#12978=DIRECTION('ref_axis',(-1.,0.,0.));
#12979=DIRECTION('',(1.,0.,0.));
#12980=DIRECTION('',(0.,0.,-1.));
#12981=DIRECTION('',(1.,0.,0.));
#12982=DIRECTION('center_axis',(0.,0.,-1.));
#12983=DIRECTION('ref_axis',(-0.70710678118656,-0.707106781186535,0.));
#12984=DIRECTION('center_axis',(0.,0.,1.));
#12985=DIRECTION('ref_axis',(-0.70710678118656,-0.707106781186535,0.));
#12986=DIRECTION('center_axis',(0.,0.,-1.));
#12987=DIRECTION('ref_axis',(-0.70710678118656,-0.707106781186535,0.));
#12988=DIRECTION('',(0.,0.,1.));
#12989=DIRECTION('center_axis',(0.,0.,1.));
#12990=DIRECTION('ref_axis',(-0.707106781186535,0.70710678118656,0.));
#12991=DIRECTION('center_axis',(0.,0.,-1.));
#12992=DIRECTION('ref_axis',(-0.707106781186535,0.70710678118656,0.));
#12993=DIRECTION('',(0.,0.,1.));
#12994=DIRECTION('center_axis',(0.,0.,1.));
#12995=DIRECTION('ref_axis',(-0.707106781186535,0.70710678118656,0.));
#12996=DIRECTION('',(0.,0.,-1.));
#12997=DIRECTION('center_axis',(0.,-1.,0.));
#12998=DIRECTION('ref_axis',(1.,0.,0.));
#12999=DIRECTION('',(-1.,0.,0.));
#13000=DIRECTION('',(0.,0.,-1.));
#13001=DIRECTION('',(-1.,0.,0.));
#13002=DIRECTION('center_axis',(0.,0.,-1.));
#13003=DIRECTION('ref_axis',(0.707106781186538,0.707106781186557,0.));
#13004=DIRECTION('center_axis',(0.,0.,1.));
#13005=DIRECTION('ref_axis',(0.707106781186538,0.707106781186557,0.));
#13006=DIRECTION('center_axis',(0.,0.,-1.));
#13007=DIRECTION('ref_axis',(0.707106781186538,0.707106781186557,0.));
#13008=DIRECTION('',(0.,0.,1.));
#13009=DIRECTION('center_axis',(0.,0.,1.));
#13010=DIRECTION('ref_axis',(0.707106781186535,-0.70710678118656,0.));
#13011=DIRECTION('center_axis',(0.,0.,-1.));
#13012=DIRECTION('ref_axis',(0.707106781186535,-0.70710678118656,0.));
#13013=DIRECTION('',(0.,0.,1.));
#13014=DIRECTION('center_axis',(0.,0.,1.));
#13015=DIRECTION('ref_axis',(0.707106781186535,-0.70710678118656,0.));
#13016=DIRECTION('',(0.,0.,-1.));
#13017=DIRECTION('center_axis',(0.,1.,0.));
#13018=DIRECTION('ref_axis',(-1.,0.,0.));
#13019=DIRECTION('',(1.,0.,0.));
#13020=DIRECTION('',(0.,0.,-1.));
#13021=DIRECTION('',(1.,0.,0.));
#13022=DIRECTION('center_axis',(0.,0.,-1.));
#13023=DIRECTION('ref_axis',(-0.70710678118656,-0.707106781186535,0.));
#13024=DIRECTION('center_axis',(0.,0.,1.));
#13025=DIRECTION('ref_axis',(-0.70710678118656,-0.707106781186535,0.));
#13026=DIRECTION('center_axis',(0.,0.,-1.));
#13027=DIRECTION('ref_axis',(-0.70710678118656,-0.707106781186535,0.));
#13028=DIRECTION('',(0.,0.,1.));
#13029=DIRECTION('center_axis',(0.,0.,1.));
#13030=DIRECTION('ref_axis',(-0.707106781186535,0.70710678118656,0.));
#13031=DIRECTION('center_axis',(0.,0.,-1.));
#13032=DIRECTION('ref_axis',(-0.707106781186535,0.70710678118656,0.));
#13033=DIRECTION('',(0.,0.,1.));
#13034=DIRECTION('center_axis',(0.,0.,1.));
#13035=DIRECTION('ref_axis',(-0.707106781186535,0.70710678118656,0.));
#13036=DIRECTION('',(0.,0.,-1.));
#13037=DIRECTION('center_axis',(0.,-1.,0.));
#13038=DIRECTION('ref_axis',(1.,0.,0.));
#13039=DIRECTION('',(-1.,0.,0.));
#13040=DIRECTION('',(0.,0.,-1.));
#13041=DIRECTION('',(-1.,0.,0.));
#13042=DIRECTION('center_axis',(0.,0.,-1.));
#13043=DIRECTION('ref_axis',(0.70710678118656,0.707106781186535,0.));
#13044=DIRECTION('center_axis',(0.,0.,1.));
#13045=DIRECTION('ref_axis',(0.70710678118656,0.707106781186535,0.));
#13046=DIRECTION('center_axis',(0.,0.,-1.));
#13047=DIRECTION('ref_axis',(0.70710678118656,0.707106781186535,0.));
#13048=DIRECTION('',(0.,0.,1.));
#13049=DIRECTION('center_axis',(0.,0.,1.));
#13050=DIRECTION('ref_axis',(0.707106781186535,-0.70710678118656,0.));
#13051=DIRECTION('center_axis',(0.,0.,-1.));
#13052=DIRECTION('ref_axis',(0.707106781186535,-0.70710678118656,0.));
#13053=DIRECTION('',(0.,0.,1.));
#13054=DIRECTION('center_axis',(0.,0.,1.));
#13055=DIRECTION('ref_axis',(0.707106781186535,-0.70710678118656,0.));
#13056=DIRECTION('',(0.,0.,-1.));
#13057=DIRECTION('center_axis',(0.,1.,0.));
#13058=DIRECTION('ref_axis',(-1.,0.,0.));
#13059=DIRECTION('',(1.,0.,0.));
#13060=DIRECTION('',(0.,0.,-1.));
#13061=DIRECTION('',(1.,0.,0.));
#13062=DIRECTION('center_axis',(0.,0.,-1.));
#13063=DIRECTION('ref_axis',(-0.707106781186535,-0.70710678118656,0.));
#13064=DIRECTION('center_axis',(0.,0.,1.));
#13065=DIRECTION('ref_axis',(-0.707106781186535,-0.70710678118656,0.));
#13066=DIRECTION('center_axis',(0.,0.,-1.));
#13067=DIRECTION('ref_axis',(-0.707106781186535,-0.70710678118656,0.));
#13068=DIRECTION('',(0.,0.,1.));
#13069=DIRECTION('center_axis',(0.,0.,1.));
#13070=DIRECTION('ref_axis',(-0.707106781186548,0.707106781186548,0.));
#13071=DIRECTION('center_axis',(0.,0.,-1.));
#13072=DIRECTION('ref_axis',(-0.707106781186548,0.707106781186548,0.));
#13073=DIRECTION('',(0.,0.,1.));
#13074=DIRECTION('center_axis',(0.,0.,1.));
#13075=DIRECTION('ref_axis',(-0.707106781186548,0.707106781186548,0.));
#13076=DIRECTION('',(0.,0.,-1.));
#13077=DIRECTION('center_axis',(0.,-1.,0.));
#13078=DIRECTION('ref_axis',(1.,0.,0.));
#13079=DIRECTION('',(-1.,0.,0.));
#13080=DIRECTION('',(0.,0.,-1.));
#13081=DIRECTION('',(-1.,0.,0.));
#13082=DIRECTION('center_axis',(0.,0.,-1.));
#13083=DIRECTION('ref_axis',(0.707106781186535,0.70710678118656,0.));
#13084=DIRECTION('center_axis',(0.,0.,1.));
#13085=DIRECTION('ref_axis',(0.707106781186535,0.70710678118656,0.));
#13086=DIRECTION('center_axis',(0.,0.,-1.));
#13087=DIRECTION('ref_axis',(0.707106781186535,0.70710678118656,0.));
#13088=DIRECTION('',(0.,0.,1.));
#13089=DIRECTION('center_axis',(0.,0.,1.));
#13090=DIRECTION('ref_axis',(0.707106781186535,-0.70710678118656,0.));
#13091=DIRECTION('center_axis',(0.,0.,-1.));
#13092=DIRECTION('ref_axis',(0.707106781186535,-0.70710678118656,0.));
#13093=DIRECTION('',(0.,0.,1.));
#13094=DIRECTION('center_axis',(0.,0.,1.));
#13095=DIRECTION('ref_axis',(0.707106781186535,-0.70710678118656,0.));
#13096=DIRECTION('',(0.,0.,-1.));
#13097=DIRECTION('center_axis',(0.,1.,0.));
#13098=DIRECTION('ref_axis',(-1.,0.,0.));
#13099=DIRECTION('',(1.,0.,0.));
#13100=DIRECTION('',(0.,0.,-1.));
#13101=DIRECTION('',(1.,0.,0.));
#13102=DIRECTION('center_axis',(0.,0.,-1.));
#13103=DIRECTION('ref_axis',(-0.707106781186522,-0.707106781186573,0.));
#13104=DIRECTION('center_axis',(0.,0.,1.));
#13105=DIRECTION('ref_axis',(-0.707106781186522,-0.707106781186573,0.));
#13106=DIRECTION('center_axis',(0.,0.,-1.));
#13107=DIRECTION('ref_axis',(-0.707106781186522,-0.707106781186573,0.));
#13108=DIRECTION('',(0.,0.,1.));
#13109=DIRECTION('center_axis',(0.,0.,1.));
#13110=DIRECTION('ref_axis',(-0.707106781186573,0.707106781186522,0.));
#13111=DIRECTION('center_axis',(0.,0.,-1.));
#13112=DIRECTION('ref_axis',(-0.707106781186573,0.707106781186522,0.));
#13113=DIRECTION('',(0.,0.,1.));
#13114=DIRECTION('center_axis',(0.,0.,1.));
#13115=DIRECTION('ref_axis',(-0.707106781186573,0.707106781186522,0.));
#13116=DIRECTION('',(0.,0.,-1.));
#13117=DIRECTION('center_axis',(0.,-1.,0.));
#13118=DIRECTION('ref_axis',(1.,0.,0.));
#13119=DIRECTION('',(-1.,0.,0.));
#13120=DIRECTION('',(0.,0.,-1.));
#13121=DIRECTION('',(-1.,0.,0.));
#13122=DIRECTION('center_axis',(0.,0.,-1.));
#13123=DIRECTION('ref_axis',(0.70710678118656,0.707106781186535,0.));
#13124=DIRECTION('center_axis',(0.,0.,1.));
#13125=DIRECTION('ref_axis',(0.70710678118656,0.707106781186535,0.));
#13126=DIRECTION('center_axis',(0.,0.,-1.));
#13127=DIRECTION('ref_axis',(0.70710678118656,0.707106781186535,0.));
#13128=DIRECTION('',(0.,0.,1.));
#13129=DIRECTION('center_axis',(0.,0.,1.));
#13130=DIRECTION('ref_axis',(0.707106781186548,-0.707106781186548,0.));
#13131=DIRECTION('center_axis',(0.,0.,-1.));
#13132=DIRECTION('ref_axis',(0.707106781186548,-0.707106781186548,0.));
#13133=DIRECTION('',(0.,0.,1.));
#13134=DIRECTION('center_axis',(0.,0.,1.));
#13135=DIRECTION('ref_axis',(0.707106781186548,-0.707106781186548,0.));
#13136=DIRECTION('',(0.,0.,-1.));
#13137=DIRECTION('center_axis',(0.,1.,0.));
#13138=DIRECTION('ref_axis',(-1.,0.,0.));
#13139=DIRECTION('',(1.,0.,0.));
#13140=DIRECTION('',(0.,0.,-1.));
#13141=DIRECTION('',(1.,0.,0.));
#13142=DIRECTION('center_axis',(0.,0.,-1.));
#13143=DIRECTION('ref_axis',(-0.707106781186548,-0.707106781186548,0.));
#13144=DIRECTION('center_axis',(0.,0.,1.));
#13145=DIRECTION('ref_axis',(-0.707106781186548,-0.707106781186548,0.));
#13146=DIRECTION('center_axis',(0.,0.,-1.));
#13147=DIRECTION('ref_axis',(-0.707106781186548,-0.707106781186548,0.));
#13148=DIRECTION('',(0.,0.,1.));
#13149=DIRECTION('center_axis',(0.,0.,1.));
#13150=DIRECTION('ref_axis',(-0.707106781186548,0.707106781186548,0.));
#13151=DIRECTION('center_axis',(0.,0.,-1.));
#13152=DIRECTION('ref_axis',(-0.707106781186548,0.707106781186548,0.));
#13153=DIRECTION('',(0.,0.,1.));
#13154=DIRECTION('center_axis',(0.,0.,1.));
#13155=DIRECTION('ref_axis',(-0.707106781186548,0.707106781186548,0.));
#13156=DIRECTION('',(0.,0.,-1.));
#13157=DIRECTION('center_axis',(0.,-1.,0.));
#13158=DIRECTION('ref_axis',(1.,0.,0.));
#13159=DIRECTION('',(-1.,0.,0.));
#13160=DIRECTION('',(0.,0.,-1.));
#13161=DIRECTION('',(-1.,0.,0.));
#13162=DIRECTION('center_axis',(0.,0.,-1.));
#13163=DIRECTION('ref_axis',(0.707106781186522,0.707106781186573,0.));
#13164=DIRECTION('center_axis',(0.,0.,1.));
#13165=DIRECTION('ref_axis',(0.707106781186522,0.707106781186573,0.));
#13166=DIRECTION('center_axis',(0.,0.,-1.));
#13167=DIRECTION('ref_axis',(0.707106781186522,0.707106781186573,0.));
#13168=DIRECTION('',(0.,0.,1.));
#13169=DIRECTION('center_axis',(0.,0.,1.));
#13170=DIRECTION('ref_axis',(0.707106781186548,-0.707106781186548,0.));
#13171=DIRECTION('center_axis',(0.,0.,-1.));
#13172=DIRECTION('ref_axis',(0.707106781186548,-0.707106781186548,0.));
#13173=DIRECTION('',(0.,0.,1.));
#13174=DIRECTION('center_axis',(0.,0.,1.));
#13175=DIRECTION('ref_axis',(0.707106781186548,-0.707106781186548,0.));
#13176=DIRECTION('',(0.,0.,-1.));
#13177=DIRECTION('center_axis',(0.,1.,0.));
#13178=DIRECTION('ref_axis',(-1.,0.,0.));
#13179=DIRECTION('',(1.,0.,0.));
#13180=DIRECTION('',(0.,0.,-1.));
#13181=DIRECTION('',(1.,0.,0.));
#13182=DIRECTION('center_axis',(0.,0.,-1.));
#13183=DIRECTION('ref_axis',(-0.707106781186548,-0.707106781186548,0.));
#13184=DIRECTION('center_axis',(0.,0.,1.));
#13185=DIRECTION('ref_axis',(-0.707106781186548,-0.707106781186548,0.));
#13186=DIRECTION('center_axis',(0.,0.,-1.));
#13187=DIRECTION('ref_axis',(-0.707106781186548,-0.707106781186548,0.));
#13188=DIRECTION('',(0.,0.,1.));
#13189=DIRECTION('center_axis',(0.,0.,1.));
#13190=DIRECTION('ref_axis',(-0.707106781186548,0.707106781186548,0.));
#13191=DIRECTION('center_axis',(0.,0.,-1.));
#13192=DIRECTION('ref_axis',(-0.707106781186548,0.707106781186548,0.));
#13193=DIRECTION('',(0.,0.,1.));
#13194=DIRECTION('center_axis',(0.,0.,1.));
#13195=DIRECTION('ref_axis',(-0.707106781186548,0.707106781186548,0.));
#13196=DIRECTION('',(0.,0.,-1.));
#13197=DIRECTION('center_axis',(0.,-1.,0.));
#13198=DIRECTION('ref_axis',(1.,0.,0.));
#13199=DIRECTION('',(-1.,0.,0.));
#13200=DIRECTION('',(0.,0.,-1.));
#13201=DIRECTION('',(-1.,0.,0.));
#13202=DIRECTION('center_axis',(0.,0.,-1.));
#13203=DIRECTION('ref_axis',(0.707106781186522,0.707106781186573,0.));
#13204=DIRECTION('center_axis',(0.,0.,1.));
#13205=DIRECTION('ref_axis',(0.707106781186522,0.707106781186573,0.));
#13206=DIRECTION('center_axis',(0.,0.,-1.));
#13207=DIRECTION('ref_axis',(0.707106781186522,0.707106781186573,0.));
#13208=DIRECTION('',(0.,0.,1.));
#13209=DIRECTION('center_axis',(0.,0.,1.));
#13210=DIRECTION('ref_axis',(0.707106781186548,-0.707106781186548,0.));
#13211=DIRECTION('center_axis',(0.,0.,-1.));
#13212=DIRECTION('ref_axis',(0.707106781186548,-0.707106781186548,0.));
#13213=DIRECTION('',(0.,0.,1.));
#13214=DIRECTION('center_axis',(0.,0.,1.));
#13215=DIRECTION('ref_axis',(0.707106781186548,-0.707106781186548,0.));
#13216=DIRECTION('',(0.,0.,-1.));
#13217=DIRECTION('center_axis',(0.,1.,0.));
#13218=DIRECTION('ref_axis',(-1.,0.,0.));
#13219=DIRECTION('',(1.,0.,0.));
#13220=DIRECTION('',(0.,0.,-1.));
#13221=DIRECTION('',(1.,0.,0.));
#13222=DIRECTION('center_axis',(0.,0.,-1.));
#13223=DIRECTION('ref_axis',(-0.707106781186573,-0.707106781186522,0.));
#13224=DIRECTION('center_axis',(0.,0.,1.));
#13225=DIRECTION('ref_axis',(-0.707106781186573,-0.707106781186522,0.));
#13226=DIRECTION('center_axis',(0.,0.,-1.));
#13227=DIRECTION('ref_axis',(-0.707106781186573,-0.707106781186522,0.));
#13228=DIRECTION('',(0.,0.,1.));
#13229=DIRECTION('center_axis',(0.,0.,1.));
#13230=DIRECTION('ref_axis',(-0.707106781186522,0.707106781186573,0.));
#13231=DIRECTION('center_axis',(0.,0.,-1.));
#13232=DIRECTION('ref_axis',(-0.707106781186522,0.707106781186573,0.));
#13233=DIRECTION('',(0.,0.,1.));
#13234=DIRECTION('center_axis',(0.,0.,1.));
#13235=DIRECTION('ref_axis',(-0.707106781186522,0.707106781186573,0.));
#13236=DIRECTION('',(0.,0.,-1.));
#13237=DIRECTION('center_axis',(0.,-1.,0.));
#13238=DIRECTION('ref_axis',(1.,0.,0.));
#13239=DIRECTION('',(-1.,0.,0.));
#13240=DIRECTION('',(0.,0.,-1.));
#13241=DIRECTION('',(-1.,0.,0.));
#13242=DIRECTION('center_axis',(0.,0.,-1.));
#13243=DIRECTION('ref_axis',(0.707106781186522,0.707106781186573,0.));
#13244=DIRECTION('center_axis',(0.,0.,1.));
#13245=DIRECTION('ref_axis',(0.707106781186522,0.707106781186573,0.));
#13246=DIRECTION('center_axis',(0.,0.,-1.));
#13247=DIRECTION('ref_axis',(0.707106781186522,0.707106781186573,0.));
#13248=DIRECTION('',(0.,0.,1.));
#13249=DIRECTION('center_axis',(0.,0.,1.));
#13250=DIRECTION('ref_axis',(0.707106781186522,-0.707106781186573,0.));
#13251=DIRECTION('center_axis',(0.,0.,-1.));
#13252=DIRECTION('ref_axis',(0.707106781186522,-0.707106781186573,0.));
#13253=DIRECTION('',(0.,0.,1.));
#13254=DIRECTION('center_axis',(0.,0.,1.));
#13255=DIRECTION('ref_axis',(0.707106781186522,-0.707106781186573,0.));
#13256=DIRECTION('',(0.,0.,-1.));
#13257=DIRECTION('center_axis',(0.,1.,0.));
#13258=DIRECTION('ref_axis',(-1.,0.,0.));
#13259=DIRECTION('',(1.,0.,0.));
#13260=DIRECTION('',(0.,0.,-1.));
#13261=DIRECTION('',(1.,0.,0.));
#13262=DIRECTION('center_axis',(0.,0.,-1.));
#13263=DIRECTION('ref_axis',(-0.707106781186548,-0.707106781186548,0.));
#13264=DIRECTION('center_axis',(0.,0.,1.));
#13265=DIRECTION('ref_axis',(-0.707106781186548,-0.707106781186548,0.));
#13266=DIRECTION('center_axis',(0.,0.,-1.));
#13267=DIRECTION('ref_axis',(-0.707106781186548,-0.707106781186548,0.));
#13268=DIRECTION('',(0.,0.,1.));
#13269=DIRECTION('center_axis',(0.,0.,1.));
#13270=DIRECTION('ref_axis',(-0.707106781186522,0.707106781186573,0.));
#13271=DIRECTION('center_axis',(0.,0.,-1.));
#13272=DIRECTION('ref_axis',(-0.707106781186522,0.707106781186573,0.));
#13273=DIRECTION('',(0.,0.,1.));
#13274=DIRECTION('center_axis',(0.,0.,1.));
#13275=DIRECTION('ref_axis',(-0.707106781186522,0.707106781186573,0.));
#13276=DIRECTION('',(0.,0.,-1.));
#13277=DIRECTION('center_axis',(0.,-1.,0.));
#13278=DIRECTION('ref_axis',(1.,0.,0.));
#13279=DIRECTION('',(-1.,0.,0.));
#13280=DIRECTION('',(0.,0.,-1.));
#13281=DIRECTION('',(-1.,0.,0.));
#13282=DIRECTION('center_axis',(0.,0.,-1.));
#13283=DIRECTION('ref_axis',(0.707106781186573,0.707106781186522,0.));
#13284=DIRECTION('center_axis',(0.,0.,1.));
#13285=DIRECTION('ref_axis',(0.707106781186573,0.707106781186522,0.));
#13286=DIRECTION('center_axis',(0.,0.,-1.));
#13287=DIRECTION('ref_axis',(0.707106781186573,0.707106781186522,0.));
#13288=DIRECTION('',(0.,0.,1.));
#13289=DIRECTION('center_axis',(0.,0.,1.));
#13290=DIRECTION('ref_axis',(0.707106781186522,-0.707106781186573,0.));
#13291=DIRECTION('center_axis',(0.,0.,-1.));
#13292=DIRECTION('ref_axis',(0.707106781186522,-0.707106781186573,0.));
#13293=DIRECTION('',(0.,0.,1.));
#13294=DIRECTION('center_axis',(0.,0.,1.));
#13295=DIRECTION('ref_axis',(0.707106781186522,-0.707106781186573,0.));
#13296=DIRECTION('',(0.,0.,-1.));
#13297=DIRECTION('center_axis',(0.,1.,0.));
#13298=DIRECTION('ref_axis',(-1.,0.,0.));
#13299=DIRECTION('',(1.,0.,0.));
#13300=DIRECTION('',(0.,0.,-1.));
#13301=DIRECTION('',(1.,0.,0.));
#13302=DIRECTION('center_axis',(0.,0.,-1.));
#13303=DIRECTION('ref_axis',(-0.707106781186573,-0.707106781186522,0.));
#13304=DIRECTION('center_axis',(0.,0.,1.));
#13305=DIRECTION('ref_axis',(-0.707106781186573,-0.707106781186522,0.));
#13306=DIRECTION('center_axis',(0.,0.,-1.));
#13307=DIRECTION('ref_axis',(-0.707106781186573,-0.707106781186522,0.));
#13308=DIRECTION('',(0.,0.,1.));
#13309=DIRECTION('center_axis',(0.,0.,1.));
#13310=DIRECTION('ref_axis',(-0.707106781186573,0.707106781186522,0.));
#13311=DIRECTION('center_axis',(0.,0.,-1.));
#13312=DIRECTION('ref_axis',(-0.707106781186573,0.707106781186522,0.));
#13313=DIRECTION('',(0.,0.,1.));
#13314=DIRECTION('center_axis',(0.,0.,1.));
#13315=DIRECTION('ref_axis',(-0.707106781186573,0.707106781186522,0.));
#13316=DIRECTION('',(0.,0.,-1.));
#13317=DIRECTION('center_axis',(0.,-1.,0.));
#13318=DIRECTION('ref_axis',(1.,0.,0.));
#13319=DIRECTION('',(-1.,0.,0.));
#13320=DIRECTION('',(0.,0.,-1.));
#13321=DIRECTION('',(-1.,0.,0.));
#13322=DIRECTION('center_axis',(0.,0.,-1.));
#13323=DIRECTION('ref_axis',(0.707106781186522,0.707106781186573,0.));
#13324=DIRECTION('center_axis',(0.,0.,1.));
#13325=DIRECTION('ref_axis',(0.707106781186522,0.707106781186573,0.));
#13326=DIRECTION('center_axis',(0.,0.,-1.));
#13327=DIRECTION('ref_axis',(0.707106781186522,0.707106781186573,0.));
#13328=DIRECTION('',(0.,0.,1.));
#13329=DIRECTION('center_axis',(0.,0.,1.));
#13330=DIRECTION('ref_axis',(0.707106781186522,-0.707106781186573,0.));
#13331=DIRECTION('center_axis',(0.,0.,-1.));
#13332=DIRECTION('ref_axis',(0.707106781186522,-0.707106781186573,0.));
#13333=DIRECTION('',(0.,0.,1.));
#13334=DIRECTION('center_axis',(0.,0.,1.));
#13335=DIRECTION('ref_axis',(0.707106781186522,-0.707106781186573,0.));
#13336=DIRECTION('',(0.,0.,-1.));
#13337=DIRECTION('center_axis',(0.,1.,0.));
#13338=DIRECTION('ref_axis',(-1.,0.,0.));
#13339=DIRECTION('',(1.,0.,0.));
#13340=DIRECTION('',(0.,0.,-1.));
#13341=DIRECTION('',(1.,0.,0.));
#13342=DIRECTION('center_axis',(0.,0.,-1.));
#13343=DIRECTION('ref_axis',(-0.707106781186548,-0.707106781186548,0.));
#13344=DIRECTION('center_axis',(0.,0.,1.));
#13345=DIRECTION('ref_axis',(-0.707106781186548,-0.707106781186548,0.));
#13346=DIRECTION('center_axis',(0.,0.,-1.));
#13347=DIRECTION('ref_axis',(-0.707106781186548,-0.707106781186548,0.));
#13348=DIRECTION('',(0.,0.,1.));
#13349=DIRECTION('center_axis',(0.,0.,1.));
#13350=DIRECTION('ref_axis',(-0.707106781186522,0.707106781186573,0.));
#13351=DIRECTION('center_axis',(0.,0.,-1.));
#13352=DIRECTION('ref_axis',(-0.707106781186522,0.707106781186573,0.));
#13353=DIRECTION('',(0.,0.,1.));
#13354=DIRECTION('center_axis',(0.,0.,1.));
#13355=DIRECTION('ref_axis',(-0.707106781186522,0.707106781186573,0.));
#13356=DIRECTION('',(0.,0.,-1.));
#13357=DIRECTION('center_axis',(0.,-1.,0.));
#13358=DIRECTION('ref_axis',(1.,0.,0.));
#13359=DIRECTION('',(-1.,0.,0.));
#13360=DIRECTION('',(0.,0.,-1.));
#13361=DIRECTION('',(-1.,0.,0.));
#13362=DIRECTION('center_axis',(0.,0.,-1.));
#13363=DIRECTION('ref_axis',(0.707106781186522,0.707106781186573,0.));
#13364=DIRECTION('center_axis',(0.,0.,1.));
#13365=DIRECTION('ref_axis',(0.707106781186522,0.707106781186573,0.));
#13366=DIRECTION('center_axis',(0.,0.,-1.));
#13367=DIRECTION('ref_axis',(0.707106781186522,0.707106781186573,0.));
#13368=DIRECTION('',(0.,0.,1.));
#13369=DIRECTION('center_axis',(0.,0.,1.));
#13370=DIRECTION('ref_axis',(0.707106781186522,-0.707106781186573,0.));
#13371=DIRECTION('center_axis',(0.,0.,-1.));
#13372=DIRECTION('ref_axis',(0.707106781186522,-0.707106781186573,0.));
#13373=DIRECTION('',(0.,0.,1.));
#13374=DIRECTION('center_axis',(0.,0.,1.));
#13375=DIRECTION('ref_axis',(0.707106781186522,-0.707106781186573,0.));
#13376=DIRECTION('',(0.,0.,-1.));
#13377=DIRECTION('center_axis',(0.,1.,0.));
#13378=DIRECTION('ref_axis',(-1.,0.,0.));
#13379=DIRECTION('',(1.,0.,0.));
#13380=DIRECTION('',(0.,0.,-1.));
#13381=DIRECTION('',(1.,0.,0.));
#13382=DIRECTION('center_axis',(0.,0.,-1.));
#13383=DIRECTION('ref_axis',(-0.707106781186522,-0.707106781186573,0.));
#13384=DIRECTION('center_axis',(0.,0.,1.));
#13385=DIRECTION('ref_axis',(-0.707106781186522,-0.707106781186573,0.));
#13386=DIRECTION('center_axis',(0.,0.,-1.));
#13387=DIRECTION('ref_axis',(-0.707106781186522,-0.707106781186573,0.));
#13388=DIRECTION('',(0.,0.,1.));
#13389=DIRECTION('center_axis',(0.,0.,1.));
#13390=DIRECTION('ref_axis',(-0.707106781186522,0.707106781186573,0.));
#13391=DIRECTION('center_axis',(0.,0.,-1.));
#13392=DIRECTION('ref_axis',(-0.707106781186522,0.707106781186573,0.));
#13393=DIRECTION('',(0.,0.,1.));
#13394=DIRECTION('center_axis',(0.,0.,1.));
#13395=DIRECTION('ref_axis',(-0.707106781186522,0.707106781186573,0.));
#13396=DIRECTION('',(0.,0.,-1.));
#13397=DIRECTION('center_axis',(0.,-1.,0.));
#13398=DIRECTION('ref_axis',(1.,0.,0.));
#13399=DIRECTION('',(-1.,0.,0.));
#13400=DIRECTION('',(0.,0.,-1.));
#13401=DIRECTION('',(-1.,0.,0.));
#13402=DIRECTION('center_axis',(0.,0.,-1.));
#13403=DIRECTION('ref_axis',(0.707106781186548,0.707106781186548,0.));
#13404=DIRECTION('center_axis',(0.,0.,1.));
#13405=DIRECTION('ref_axis',(0.707106781186548,0.707106781186548,0.));
#13406=DIRECTION('center_axis',(0.,0.,-1.));
#13407=DIRECTION('ref_axis',(0.707106781186548,0.707106781186548,0.));
#13408=DIRECTION('',(0.,0.,1.));
#13409=DIRECTION('center_axis',(0.,0.,1.));
#13410=DIRECTION('ref_axis',(0.707106781186522,-0.707106781186573,0.));
#13411=DIRECTION('center_axis',(0.,0.,-1.));
#13412=DIRECTION('ref_axis',(0.707106781186522,-0.707106781186573,0.));
#13413=DIRECTION('',(0.,0.,1.));
#13414=DIRECTION('center_axis',(0.,0.,1.));
#13415=DIRECTION('ref_axis',(0.707106781186522,-0.707106781186573,0.));
#13416=DIRECTION('',(0.,0.,-1.));
#13417=DIRECTION('center_axis',(0.,1.,0.));
#13418=DIRECTION('ref_axis',(-1.,0.,0.));
#13419=DIRECTION('',(1.,0.,0.));
#13420=DIRECTION('',(0.,0.,-1.));
#13421=DIRECTION('',(1.,0.,0.));
#13422=DIRECTION('center_axis',(0.,0.,-1.));
#13423=DIRECTION('ref_axis',(-0.707106781186522,-0.707106781186573,0.));
#13424=DIRECTION('center_axis',(0.,0.,1.));
#13425=DIRECTION('ref_axis',(-0.707106781186522,-0.707106781186573,0.));
#13426=DIRECTION('center_axis',(0.,0.,-1.));
#13427=DIRECTION('ref_axis',(-0.707106781186522,-0.707106781186573,0.));
#13428=DIRECTION('',(0.,0.,1.));
#13429=DIRECTION('center_axis',(0.,0.,1.));
#13430=DIRECTION('ref_axis',(-0.707106781186522,0.707106781186573,0.));
#13431=DIRECTION('center_axis',(0.,0.,-1.));
#13432=DIRECTION('ref_axis',(-0.707106781186522,0.707106781186573,0.));
#13433=DIRECTION('',(0.,0.,1.));
#13434=DIRECTION('center_axis',(0.,0.,1.));
#13435=DIRECTION('ref_axis',(-0.707106781186522,0.707106781186573,0.));
#13436=DIRECTION('',(0.,0.,-1.));
#13437=DIRECTION('center_axis',(0.,-1.,0.));
#13438=DIRECTION('ref_axis',(1.,0.,0.));
#13439=DIRECTION('',(-1.,0.,0.));
#13440=DIRECTION('',(0.,0.,-1.));
#13441=DIRECTION('',(-1.,0.,0.));
#13442=DIRECTION('center_axis',(0.,0.,-1.));
#13443=DIRECTION('ref_axis',(0.707106781186573,0.707106781186522,0.));
#13444=DIRECTION('center_axis',(0.,0.,1.));
#13445=DIRECTION('ref_axis',(0.707106781186573,0.707106781186522,0.));
#13446=DIRECTION('center_axis',(0.,0.,-1.));
#13447=DIRECTION('ref_axis',(0.707106781186573,0.707106781186522,0.));
#13448=DIRECTION('',(0.,0.,1.));
#13449=DIRECTION('center_axis',(0.,0.,1.));
#13450=DIRECTION('ref_axis',(0.707106781186522,-0.707106781186573,0.));
#13451=DIRECTION('center_axis',(0.,0.,-1.));
#13452=DIRECTION('ref_axis',(0.707106781186522,-0.707106781186573,0.));
#13453=DIRECTION('',(0.,0.,1.));
#13454=DIRECTION('center_axis',(0.,0.,1.));
#13455=DIRECTION('ref_axis',(0.707106781186522,-0.707106781186573,0.));
#13456=DIRECTION('',(0.,0.,-1.));
#13457=DIRECTION('center_axis',(0.,1.,0.));
#13458=DIRECTION('ref_axis',(-1.,0.,0.));
#13459=DIRECTION('',(1.,0.,0.));
#13460=DIRECTION('',(0.,0.,-1.));
#13461=DIRECTION('',(1.,0.,0.));
#13462=DIRECTION('center_axis',(0.,0.,1.));
#13463=DIRECTION('ref_axis',(-0.707106781186548,-0.707106781186548,0.));
#13464=DIRECTION('center_axis',(0.,0.,-1.));
#13465=DIRECTION('ref_axis',(-0.707106781186548,-0.707106781186548,0.));
#13466=DIRECTION('',(0.,0.,1.));
#13467=DIRECTION('center_axis',(0.,0.,1.));
#13468=DIRECTION('ref_axis',(-0.707106781186548,-0.707106781186548,0.));
#13469=DIRECTION('center_axis',(1.,0.,0.));
#13470=DIRECTION('ref_axis',(0.,1.,0.));
#13471=DIRECTION('',(0.,-1.,0.));
#13472=DIRECTION('',(0.,0.,-1.));
#13473=DIRECTION('',(0.,-1.,0.));
#13474=DIRECTION('center_axis',(0.,0.,1.));
#13475=DIRECTION('ref_axis',(-0.707106781186573,0.707106781186522,0.));
#13476=DIRECTION('center_axis',(0.,0.,-1.));
#13477=DIRECTION('ref_axis',(-0.707106781186573,0.707106781186522,0.));
#13478=DIRECTION('',(0.,0.,1.));
#13479=DIRECTION('center_axis',(0.,0.,1.));
#13480=DIRECTION('ref_axis',(-0.707106781186573,0.707106781186522,0.));
#13481=DIRECTION('center_axis',(0.,-1.,0.));
#13482=DIRECTION('ref_axis',(1.,0.,0.));
#13483=DIRECTION('',(-1.,0.,0.));
#13484=DIRECTION('',(0.,0.,-1.));
#13485=DIRECTION('',(-1.,0.,0.));
#13486=DIRECTION('center_axis',(0.,0.,-1.));
#13487=DIRECTION('ref_axis',(0.707106781186573,0.707106781186522,0.));
#13488=DIRECTION('center_axis',(0.,0.,1.));
#13489=DIRECTION('ref_axis',(0.707106781186573,0.707106781186522,0.));
#13490=DIRECTION('center_axis',(0.,0.,-1.));
#13491=DIRECTION('ref_axis',(0.707106781186573,0.707106781186522,0.));
#13492=DIRECTION('',(0.,0.,1.));
#13493=DIRECTION('center_axis',(1.,0.,0.));
#13494=DIRECTION('ref_axis',(0.,1.,0.));
#13495=DIRECTION('',(0.,-1.,0.));
#13496=DIRECTION('',(0.,-1.,0.));
#13497=DIRECTION('center_axis',(-1.,0.,0.));
#13498=DIRECTION('ref_axis',(0.,-1.,0.));
#13499=DIRECTION('',(0.,1.,0.));
#13500=DIRECTION('',(0.,1.,0.));
#13501=DIRECTION('center_axis',(0.,0.,1.));
#13502=DIRECTION('ref_axis',(1.,0.,0.));
#13503=DIRECTION('',(0.,-1.,0.));
#13504=DIRECTION('',(0.,1.,0.));
#13505=DIRECTION('',(0.,-1.,0.));
#13506=DIRECTION('',(0.,1.,0.));
#13507=DIRECTION('',(0.,-1.,0.));
#13508=DIRECTION('',(0.,1.,0.));
#13509=DIRECTION('',(0.,-1.,0.));
#13510=DIRECTION('',(0.,1.,0.));
#13511=DIRECTION('',(0.,-1.,0.));
#13512=DIRECTION('',(0.,1.,0.));
#13513=DIRECTION('',(0.,-1.,0.));
#13514=DIRECTION('',(0.,1.,0.));
#13515=DIRECTION('',(0.,-1.,0.));
#13516=DIRECTION('',(0.,1.,0.));
#13517=DIRECTION('',(0.,-1.,0.));
#13518=DIRECTION('',(0.,1.,0.));
#13519=DIRECTION('',(0.,-1.,0.));
#13520=DIRECTION('',(0.,1.,0.));
#13521=DIRECTION('',(0.,-1.,0.));
#13522=DIRECTION('',(0.,1.,0.));
#13523=DIRECTION('',(0.,-1.,0.));
#13524=DIRECTION('',(0.,1.,0.));
#13525=DIRECTION('',(0.,-1.,0.));
#13526=DIRECTION('',(0.,1.,0.));
#13527=DIRECTION('',(0.,1.,0.));
#13528=DIRECTION('',(0.,-1.,0.));
#13529=DIRECTION('center_axis',(0.,0.,1.));
#13530=DIRECTION('ref_axis',(-0.707106781186535,0.70710678118656,0.));
#13531=DIRECTION('',(-1.,0.,0.));
#13532=DIRECTION('center_axis',(0.,0.,1.));
#13533=DIRECTION('ref_axis',(0.707106781186522,0.707106781186573,0.));
#13534=DIRECTION('',(0.,1.,0.));
#13535=DIRECTION('center_axis',(0.,0.,1.));
#13536=DIRECTION('ref_axis',(0.707106781186535,-0.70710678118656,0.));
#13537=DIRECTION('',(1.,0.,0.));
#13538=DIRECTION('center_axis',(0.,0.,1.));
#13539=DIRECTION('ref_axis',(-0.707106781186548,-0.707106781186548,0.));
#13540=DIRECTION('',(0.,-1.,0.));
#13541=DIRECTION('center_axis',(0.,0.,1.));
#13542=DIRECTION('ref_axis',(-0.707106781186535,0.70710678118656,0.));
#13543=DIRECTION('',(-1.,0.,0.));
#13544=DIRECTION('center_axis',(0.,0.,1.));
#13545=DIRECTION('ref_axis',(0.707106781186548,0.707106781186548,0.));
#13546=DIRECTION('',(0.,1.,0.));
#13547=DIRECTION('center_axis',(0.,0.,1.));
#13548=DIRECTION('ref_axis',(0.707106781186535,-0.70710678118656,0.));
#13549=DIRECTION('',(1.,0.,0.));
#13550=DIRECTION('center_axis',(0.,0.,1.));
#13551=DIRECTION('ref_axis',(-0.707106781186522,-0.707106781186573,0.));
#13552=DIRECTION('',(0.,-1.,0.));
#13553=DIRECTION('center_axis',(0.,0.,1.));
#13554=DIRECTION('ref_axis',(-0.707106781186535,0.70710678118656,0.));
#13555=DIRECTION('',(-1.,0.,0.));
#13556=DIRECTION('center_axis',(0.,0.,1.));
#13557=DIRECTION('ref_axis',(0.707106781186522,0.707106781186573,0.));
#13558=DIRECTION('',(0.,1.,0.));
#13559=DIRECTION('center_axis',(0.,0.,1.));
#13560=DIRECTION('ref_axis',(0.707106781186535,-0.70710678118656,0.));
#13561=DIRECTION('',(1.,0.,0.));
#13562=DIRECTION('center_axis',(0.,0.,1.));
#13563=DIRECTION('ref_axis',(-0.707106781186522,-0.707106781186573,0.));
#13564=DIRECTION('',(0.,-1.,0.));
#13565=DIRECTION('center_axis',(0.,0.,1.));
#13566=DIRECTION('ref_axis',(-0.707106781186535,0.70710678118656,0.));
#13567=DIRECTION('',(-1.,0.,0.));
#13568=DIRECTION('center_axis',(0.,0.,1.));
#13569=DIRECTION('ref_axis',(0.707106781186548,0.707106781186548,0.));
#13570=DIRECTION('',(0.,1.,0.));
#13571=DIRECTION('center_axis',(0.,0.,1.));
#13572=DIRECTION('ref_axis',(0.707106781186535,-0.70710678118656,0.));
#13573=DIRECTION('',(1.,0.,0.));
#13574=DIRECTION('center_axis',(0.,0.,1.));
#13575=DIRECTION('ref_axis',(-0.707106781186548,-0.707106781186548,0.));
#13576=DIRECTION('',(0.,-1.,0.));
#13577=DIRECTION('center_axis',(0.,0.,1.));
#13578=DIRECTION('ref_axis',(-0.707106781186535,0.70710678118656,0.));
#13579=DIRECTION('',(-1.,0.,0.));
#13580=DIRECTION('center_axis',(0.,0.,1.));
#13581=DIRECTION('ref_axis',(0.707106781186548,0.707106781186548,0.));
#13582=DIRECTION('',(0.,1.,0.));
#13583=DIRECTION('center_axis',(0.,0.,1.));
#13584=DIRECTION('ref_axis',(0.707106781186535,-0.70710678118656,0.));
#13585=DIRECTION('',(1.,0.,0.));
#13586=DIRECTION('center_axis',(0.,0.,1.));
#13587=DIRECTION('ref_axis',(-0.707106781186548,-0.707106781186548,0.));
#13588=DIRECTION('',(0.,-1.,0.));
#13589=DIRECTION('center_axis',(0.,0.,1.));
#13590=DIRECTION('ref_axis',(-0.707106781186535,0.70710678118656,0.));
#13591=DIRECTION('',(-1.,0.,0.));
#13592=DIRECTION('center_axis',(0.,0.,1.));
#13593=DIRECTION('ref_axis',(0.707106781186548,0.707106781186548,0.));
#13594=DIRECTION('',(0.,1.,0.));
#13595=DIRECTION('center_axis',(0.,0.,1.));
#13596=DIRECTION('ref_axis',(0.70710678118656,-0.707106781186535,0.));
#13597=DIRECTION('',(1.,0.,0.));
#13598=DIRECTION('center_axis',(0.,0.,1.));
#13599=DIRECTION('ref_axis',(-0.707106781186548,-0.707106781186548,0.));
#13600=DIRECTION('',(0.,-1.,0.));
#13601=DIRECTION('center_axis',(0.,0.,1.));
#13602=DIRECTION('ref_axis',(-0.707106781186535,0.70710678118656,0.));
#13603=DIRECTION('',(-1.,0.,0.));
#13604=DIRECTION('center_axis',(0.,0.,1.));
#13605=DIRECTION('ref_axis',(0.707106781186548,0.707106781186548,0.));
#13606=DIRECTION('',(0.,1.,0.));
#13607=DIRECTION('center_axis',(0.,0.,1.));
#13608=DIRECTION('ref_axis',(0.70710678118656,-0.707106781186535,0.));
#13609=DIRECTION('',(1.,0.,0.));
#13610=DIRECTION('center_axis',(0.,0.,1.));
#13611=DIRECTION('ref_axis',(-0.707106781186548,-0.707106781186548,0.));
#13612=DIRECTION('',(0.,-1.,0.));
#13613=DIRECTION('center_axis',(0.,0.,1.));
#13614=DIRECTION('ref_axis',(-0.707106781186535,0.70710678118656,0.));
#13615=DIRECTION('',(-1.,0.,0.));
#13616=DIRECTION('center_axis',(0.,0.,1.));
#13617=DIRECTION('ref_axis',(0.707106781186548,0.707106781186548,0.));
#13618=DIRECTION('',(0.,1.,0.));
#13619=DIRECTION('center_axis',(0.,0.,1.));
#13620=DIRECTION('ref_axis',(0.707106781186535,-0.70710678118656,0.));
#13621=DIRECTION('',(1.,0.,0.));
#13622=DIRECTION('center_axis',(0.,0.,1.));
#13623=DIRECTION('ref_axis',(-0.707106781186548,-0.707106781186548,0.));
#13624=DIRECTION('',(0.,-1.,0.));
#13625=DIRECTION('center_axis',(0.,0.,1.));
#13626=DIRECTION('ref_axis',(-0.707106781186535,0.70710678118656,0.));
#13627=DIRECTION('',(-1.,0.,0.));
#13628=DIRECTION('center_axis',(0.,0.,1.));
#13629=DIRECTION('ref_axis',(0.707106781186548,0.707106781186548,0.));
#13630=DIRECTION('',(0.,1.,0.));
#13631=DIRECTION('center_axis',(0.,0.,1.));
#13632=DIRECTION('ref_axis',(0.70710678118656,-0.707106781186535,0.));
#13633=DIRECTION('',(1.,0.,0.));
#13634=DIRECTION('center_axis',(0.,0.,1.));
#13635=DIRECTION('ref_axis',(-0.707106781186548,-0.707106781186548,0.));
#13636=DIRECTION('',(0.,-1.,0.));
#13637=DIRECTION('center_axis',(0.,0.,1.));
#13638=DIRECTION('ref_axis',(-0.707106781186548,0.707106781186548,0.));
#13639=DIRECTION('',(-1.,0.,0.));
#13640=DIRECTION('center_axis',(0.,0.,1.));
#13641=DIRECTION('ref_axis',(0.707106781186548,0.707106781186548,0.));
#13642=DIRECTION('',(0.,1.,0.));
#13643=DIRECTION('center_axis',(0.,0.,1.));
#13644=DIRECTION('ref_axis',(0.707106781186548,-0.707106781186548,0.));
#13645=DIRECTION('',(1.,0.,0.));
#13646=DIRECTION('center_axis',(0.,0.,1.));
#13647=DIRECTION('ref_axis',(-0.707106781186548,-0.707106781186548,0.));
#13648=DIRECTION('',(0.,-1.,0.));
#13649=DIRECTION('center_axis',(0.,0.,1.));
#13650=DIRECTION('ref_axis',(-0.707106781186548,0.707106781186548,0.));
#13651=DIRECTION('',(-1.,0.,0.));
#13652=DIRECTION('center_axis',(0.,0.,1.));
#13653=DIRECTION('ref_axis',(0.707106781186548,0.707106781186548,0.));
#13654=DIRECTION('',(0.,1.,0.));
#13655=DIRECTION('center_axis',(0.,0.,1.));
#13656=DIRECTION('ref_axis',(0.707106781186554,-0.707106781186541,0.));
#13657=DIRECTION('',(1.,0.,0.));
#13658=DIRECTION('center_axis',(0.,0.,1.));
#13659=DIRECTION('ref_axis',(-0.707106781186548,-0.707106781186548,0.));
#13660=DIRECTION('',(0.,-1.,0.));
#13661=DIRECTION('center_axis',(0.,0.,1.));
#13662=DIRECTION('ref_axis',(-0.707106781186554,0.707106781186541,0.));
#13663=DIRECTION('',(-1.,0.,0.));
#13664=DIRECTION('center_axis',(0.,0.,1.));
#13665=DIRECTION('ref_axis',(0.707106781186548,0.707106781186548,0.));
#13666=DIRECTION('',(0.,1.,0.));
#13667=DIRECTION('center_axis',(0.,0.,1.));
#13668=DIRECTION('ref_axis',(0.707106781186554,-0.707106781186541,0.));
#13669=DIRECTION('',(1.,0.,0.));
#13670=DIRECTION('center_axis',(0.,0.,1.));
#13671=DIRECTION('ref_axis',(-0.707106781186548,-0.707106781186548,0.));
#13672=DIRECTION('',(0.,-1.,0.));
#13673=DIRECTION('center_axis',(0.,0.,1.));
#13674=DIRECTION('ref_axis',(-0.707106781186541,0.707106781186554,0.));
#13675=DIRECTION('',(-1.,0.,0.));
#13676=DIRECTION('center_axis',(0.,0.,1.));
#13677=DIRECTION('ref_axis',(0.707106781186548,0.707106781186548,0.));
#13678=DIRECTION('',(0.,1.,0.));
#13679=DIRECTION('center_axis',(0.,0.,1.));
#13680=DIRECTION('ref_axis',(0.707106781186554,-0.707106781186541,0.));
#13681=DIRECTION('',(1.,0.,0.));
#13682=DIRECTION('center_axis',(0.,0.,1.));
#13683=DIRECTION('ref_axis',(-0.707106781186548,-0.707106781186548,0.));
#13684=DIRECTION('',(0.,1.,0.));
#13685=DIRECTION('center_axis',(0.,0.,-1.));
#13686=DIRECTION('ref_axis',(0.,1.,0.));
#13687=DIRECTION('',(1.,0.,0.));
#13688=DIRECTION('center_axis',(0.,0.,-1.));
#13689=DIRECTION('ref_axis',(1.,0.,0.));
#13690=DIRECTION('',(0.,-1.,0.));
#13691=DIRECTION('center_axis',(0.,0.,-1.));
#13692=DIRECTION('ref_axis',(0.,-1.,0.));
#13693=DIRECTION('',(-1.,0.,0.));
#13694=DIRECTION('center_axis',(0.,0.,-1.));
#13695=DIRECTION('ref_axis',(-1.,0.,0.));
#13696=DIRECTION('',(-1.,0.,0.));
#13697=DIRECTION('center_axis',(0.,0.,1.));
#13698=DIRECTION('ref_axis',(0.707106781186548,0.707106781186548,0.));
#13699=DIRECTION('',(0.,1.,0.));
#13700=DIRECTION('center_axis',(0.,0.,1.));
#13701=DIRECTION('ref_axis',(0.707106781186541,-0.707106781186554,0.));
#13702=DIRECTION('',(1.,0.,0.));
#13703=DIRECTION('center_axis',(0.,0.,1.));
#13704=DIRECTION('ref_axis',(-0.707106781186548,-0.707106781186548,0.));
#13705=DIRECTION('',(0.,-1.,0.));
#13706=DIRECTION('center_axis',(0.,0.,1.));
#13707=DIRECTION('ref_axis',(-0.707106781186554,0.707106781186541,0.));
#13708=DIRECTION('',(0.,1.,0.));
#13709=DIRECTION('center_axis',(0.,0.,1.));
#13710=DIRECTION('ref_axis',(0.707106781186554,-0.707106781186541,0.));
#13711=DIRECTION('',(1.,0.,0.));
#13712=DIRECTION('center_axis',(0.,0.,1.));
#13713=DIRECTION('ref_axis',(-0.707106781186548,-0.707106781186548,0.));
#13714=DIRECTION('',(0.,-1.,0.));
#13715=DIRECTION('center_axis',(0.,0.,1.));
#13716=DIRECTION('ref_axis',(-0.707106781186548,0.707106781186548,0.));
#13717=DIRECTION('',(-1.,0.,0.));
#13718=DIRECTION('center_axis',(0.,0.,1.));
#13719=DIRECTION('ref_axis',(0.707106781186548,0.707106781186548,0.));
#13720=DIRECTION('',(0.,1.,0.));
#13721=DIRECTION('center_axis',(0.,0.,1.));
#13722=DIRECTION('ref_axis',(0.707106781186548,-0.707106781186548,0.));
#13723=DIRECTION('',(1.,0.,0.));
#13724=DIRECTION('center_axis',(0.,0.,1.));
#13725=DIRECTION('ref_axis',(-0.707106781186548,-0.707106781186548,0.));
#13726=DIRECTION('',(0.,-1.,0.));
#13727=DIRECTION('center_axis',(0.,0.,1.));
#13728=DIRECTION('ref_axis',(-0.707106781186548,0.707106781186548,0.));
#13729=DIRECTION('',(-1.,0.,0.));
#13730=DIRECTION('center_axis',(0.,0.,1.));
#13731=DIRECTION('ref_axis',(0.707106781186548,0.707106781186548,0.));
#13732=DIRECTION('',(0.,1.,0.));
#13733=DIRECTION('center_axis',(0.,0.,1.));
#13734=DIRECTION('ref_axis',(0.707106781186548,-0.707106781186548,0.));
#13735=DIRECTION('',(1.,0.,0.));
#13736=DIRECTION('center_axis',(0.,0.,1.));
#13737=DIRECTION('ref_axis',(-0.707106781186548,-0.707106781186548,0.));
#13738=DIRECTION('',(0.,-1.,0.));
#13739=DIRECTION('center_axis',(0.,0.,1.));
#13740=DIRECTION('ref_axis',(-0.707106781186535,0.70710678118656,0.));
#13741=DIRECTION('',(-1.,0.,0.));
#13742=DIRECTION('center_axis',(0.,0.,1.));
#13743=DIRECTION('ref_axis',(0.707106781186548,0.707106781186548,0.));
#13744=DIRECTION('',(0.,1.,0.));
#13745=DIRECTION('center_axis',(0.,0.,1.));
#13746=DIRECTION('ref_axis',(0.707106781186535,-0.70710678118656,0.));
#13747=DIRECTION('',(1.,0.,0.));
#13748=DIRECTION('center_axis',(0.,0.,1.));
#13749=DIRECTION('ref_axis',(-0.707106781186548,-0.707106781186548,0.));
#13750=DIRECTION('',(0.,-1.,0.));
#13751=DIRECTION('center_axis',(0.,0.,1.));
#13752=DIRECTION('ref_axis',(-0.707106781186535,0.70710678118656,0.));
#13753=DIRECTION('',(-1.,0.,0.));
#13754=DIRECTION('center_axis',(0.,0.,1.));
#13755=DIRECTION('ref_axis',(0.707106781186548,0.707106781186548,0.));
#13756=DIRECTION('',(0.,1.,0.));
#13757=DIRECTION('center_axis',(0.,0.,1.));
#13758=DIRECTION('ref_axis',(0.70710678118656,-0.707106781186535,0.));
#13759=DIRECTION('',(1.,0.,0.));
#13760=DIRECTION('center_axis',(0.,0.,1.));
#13761=DIRECTION('ref_axis',(-0.707106781186548,-0.707106781186548,0.));
#13762=DIRECTION('',(0.,-1.,0.));
#13763=DIRECTION('center_axis',(0.,0.,1.));
#13764=DIRECTION('ref_axis',(-0.707106781186535,0.70710678118656,0.));
#13765=DIRECTION('',(-1.,0.,0.));
#13766=DIRECTION('center_axis',(0.,0.,1.));
#13767=DIRECTION('ref_axis',(0.70710678118656,0.707106781186535,0.));
#13768=DIRECTION('',(0.,1.,0.));
#13769=DIRECTION('center_axis',(0.,0.,1.));
#13770=DIRECTION('ref_axis',(0.70710678118656,-0.707106781186535,0.));
#13771=DIRECTION('',(1.,0.,0.));
#13772=DIRECTION('center_axis',(0.,0.,1.));
#13773=DIRECTION('ref_axis',(-0.707106781186548,-0.707106781186548,0.));
#13774=DIRECTION('',(0.,-1.,0.));
#13775=DIRECTION('center_axis',(0.,0.,1.));
#13776=DIRECTION('ref_axis',(-0.707106781186535,0.70710678118656,0.));
#13777=DIRECTION('',(-1.,0.,0.));
#13778=DIRECTION('center_axis',(0.,0.,1.));
#13779=DIRECTION('ref_axis',(0.707106781186548,0.707106781186548,0.));
#13780=DIRECTION('',(0.,1.,0.));
#13781=DIRECTION('center_axis',(0.,0.,1.));
#13782=DIRECTION('ref_axis',(0.70710678118656,-0.707106781186535,0.));
#13783=DIRECTION('',(1.,0.,0.));
#13784=DIRECTION('center_axis',(0.,0.,1.));
#13785=DIRECTION('ref_axis',(-0.707106781186522,-0.707106781186573,0.));
#13786=DIRECTION('',(0.,-1.,0.));
#13787=DIRECTION('center_axis',(0.,0.,1.));
#13788=DIRECTION('ref_axis',(-0.707106781186535,0.70710678118656,0.));
#13789=DIRECTION('',(-1.,0.,0.));
#13790=DIRECTION('center_axis',(0.,0.,1.));
#13791=DIRECTION('ref_axis',(0.707106781186548,0.707106781186548,0.));
#13792=DIRECTION('',(0.,1.,0.));
#13793=DIRECTION('center_axis',(0.,0.,1.));
#13794=DIRECTION('ref_axis',(0.707106781186535,-0.70710678118656,0.));
#13795=DIRECTION('',(1.,0.,0.));
#13796=DIRECTION('center_axis',(0.,0.,1.));
#13797=DIRECTION('ref_axis',(-0.707106781186548,-0.707106781186548,0.));
#13798=DIRECTION('',(0.,-1.,0.));
#13799=DIRECTION('center_axis',(0.,0.,1.));
#13800=DIRECTION('ref_axis',(-0.707106781186535,0.70710678118656,0.));
#13801=DIRECTION('',(-1.,0.,0.));
#13802=DIRECTION('center_axis',(0.,0.,1.));
#13803=DIRECTION('ref_axis',(0.707106781186522,0.707106781186573,0.));
#13804=DIRECTION('',(0.,1.,0.));
#13805=DIRECTION('center_axis',(0.,0.,1.));
#13806=DIRECTION('ref_axis',(0.707106781186535,-0.70710678118656,0.));
#13807=DIRECTION('',(1.,0.,0.));
#13808=DIRECTION('center_axis',(0.,0.,1.));
#13809=DIRECTION('ref_axis',(-0.707106781186548,-0.707106781186548,0.));
#13810=DIRECTION('',(0.,-1.,0.));
#13811=DIRECTION('center_axis',(0.,0.,1.));
#13812=DIRECTION('ref_axis',(-0.707106781186535,0.70710678118656,0.));
#13813=DIRECTION('',(-1.,0.,0.));
#13814=DIRECTION('center_axis',(0.,0.,1.));
#13815=DIRECTION('ref_axis',(0.707106781186522,0.707106781186573,0.));
#13816=DIRECTION('',(0.,1.,0.));
#13817=DIRECTION('center_axis',(0.,0.,1.));
#13818=DIRECTION('ref_axis',(0.707106781186535,-0.70710678118656,0.));
#13819=DIRECTION('',(1.,0.,0.));
#13820=DIRECTION('center_axis',(0.,0.,1.));
#13821=DIRECTION('ref_axis',(-0.707106781186522,-0.707106781186573,0.));
#13822=DIRECTION('',(0.,-1.,0.));
#13823=DIRECTION('center_axis',(0.,0.,1.));
#13824=DIRECTION('ref_axis',(-0.707106781186535,0.70710678118656,0.));
#13825=DIRECTION('',(-1.,0.,0.));
#13826=DIRECTION('center_axis',(0.,0.,1.));
#13827=DIRECTION('ref_axis',(0.707106781186548,0.707106781186548,0.));
#13828=DIRECTION('',(0.,1.,0.));
#13829=DIRECTION('center_axis',(0.,0.,1.));
#13830=DIRECTION('ref_axis',(0.707106781186535,-0.70710678118656,0.));
#13831=DIRECTION('',(1.,0.,0.));
#13832=DIRECTION('center_axis',(0.,0.,1.));
#13833=DIRECTION('ref_axis',(-0.707106781186548,-0.707106781186548,0.));
#13834=DIRECTION('',(0.,-1.,0.));
#13835=DIRECTION('center_axis',(0.,0.,1.));
#13836=DIRECTION('ref_axis',(-0.707106781186535,0.70710678118656,0.));
#13837=DIRECTION('',(-1.,0.,0.));
#13838=DIRECTION('center_axis',(0.,0.,1.));
#13839=DIRECTION('ref_axis',(0.707106781186522,0.707106781186573,0.));
#13840=DIRECTION('',(0.,1.,0.));
#13841=DIRECTION('center_axis',(0.,0.,-1.));
#13842=DIRECTION('ref_axis',(0.,1.,0.));
#13843=DIRECTION('',(1.,0.,0.));
#13844=DIRECTION('center_axis',(0.,0.,-1.));
#13845=DIRECTION('ref_axis',(1.,0.,0.));
#13846=DIRECTION('',(0.,-1.,0.));
#13847=DIRECTION('center_axis',(0.,0.,-1.));
#13848=DIRECTION('ref_axis',(7.10542735760103E-14,-1.,0.));
#13849=DIRECTION('',(-1.,0.,0.));
#13850=DIRECTION('center_axis',(0.,0.,-1.));
#13851=DIRECTION('ref_axis',(-1.,0.,0.));
#13852=DIRECTION('',(0.,1.,0.));
#13853=DIRECTION('center_axis',(0.,0.,-1.));
#13854=DIRECTION('ref_axis',(0.,1.,0.));
#13855=DIRECTION('',(1.,0.,0.));
#13856=DIRECTION('center_axis',(0.,0.,-1.));
#13857=DIRECTION('ref_axis',(1.,0.,0.));
#13858=DIRECTION('',(0.,-1.,0.));
#13859=DIRECTION('center_axis',(0.,0.,-1.));
#13860=DIRECTION('ref_axis',(0.,-1.,0.));
#13861=DIRECTION('',(-1.,0.,0.));
#13862=DIRECTION('center_axis',(0.,0.,-1.));
#13863=DIRECTION('ref_axis',(-1.,0.,0.));
#13864=DIRECTION('',(0.,1.,0.));
#13865=DIRECTION('center_axis',(0.,0.,-1.));
#13866=DIRECTION('ref_axis',(0.,1.,0.));
#13867=DIRECTION('',(1.,0.,0.));
#13868=DIRECTION('center_axis',(0.,0.,-1.));
#13869=DIRECTION('ref_axis',(1.,0.,0.));
#13870=DIRECTION('',(0.,-1.,0.));
#13871=DIRECTION('center_axis',(0.,0.,-1.));
#13872=DIRECTION('ref_axis',(0.,-1.,0.));
#13873=DIRECTION('',(-1.,0.,0.));
#13874=DIRECTION('center_axis',(0.,0.,-1.));
#13875=DIRECTION('ref_axis',(-1.,0.,0.));
#13876=DIRECTION('',(0.,1.,0.));
#13877=DIRECTION('center_axis',(0.,0.,1.));
#13878=DIRECTION('ref_axis',(0.707106781186548,-0.707106781186548,0.));
#13879=DIRECTION('',(1.,0.,0.));
#13880=DIRECTION('center_axis',(0.,0.,1.));
#13881=DIRECTION('ref_axis',(-0.707106781186535,-0.70710678118656,0.));
#13882=DIRECTION('',(0.,-1.,0.));
#13883=DIRECTION('center_axis',(0.,0.,1.));
#13884=DIRECTION('ref_axis',(-0.707106781186548,0.707106781186548,0.));
#13885=DIRECTION('',(-1.,0.,0.));
#13886=DIRECTION('center_axis',(0.,0.,1.));
#13887=DIRECTION('ref_axis',(0.707106781186535,0.70710678118656,0.));
#13888=DIRECTION('',(0.,1.,0.));
#13889=DIRECTION('center_axis',(0.,0.,1.));
#13890=DIRECTION('ref_axis',(0.707106781186551,-0.707106781186544,0.));
#13891=DIRECTION('',(1.,0.,0.));
#13892=DIRECTION('center_axis',(0.,0.,1.));
#13893=DIRECTION('ref_axis',(-0.70710678118656,-0.707106781186535,0.));
#13894=DIRECTION('',(0.,-1.,0.));
#13895=DIRECTION('center_axis',(0.,0.,1.));
#13896=DIRECTION('ref_axis',(-0.707106781186548,0.707106781186548,0.));
#13897=DIRECTION('',(-1.,0.,0.));
#13898=DIRECTION('center_axis',(0.,0.,1.));
#13899=DIRECTION('ref_axis',(0.707106781186538,0.707106781186557,0.));
#13900=DIRECTION('',(0.,1.,0.));
#13901=DIRECTION('center_axis',(0.,0.,1.));
#13902=DIRECTION('ref_axis',(0.707106781186548,-0.707106781186548,0.));
#13903=DIRECTION('',(1.,0.,0.));
#13904=DIRECTION('center_axis',(0.,0.,1.));
#13905=DIRECTION('ref_axis',(-0.70710678118656,-0.707106781186535,0.));
#13906=DIRECTION('',(0.,-1.,0.));
#13907=DIRECTION('center_axis',(0.,0.,1.));
#13908=DIRECTION('ref_axis',(-0.707106781186548,0.707106781186548,0.));
#13909=DIRECTION('',(-1.,0.,0.));
#13910=DIRECTION('center_axis',(0.,0.,1.));
#13911=DIRECTION('ref_axis',(0.70710678118656,0.707106781186535,0.));
#13912=DIRECTION('',(0.,1.,0.));
#13913=DIRECTION('center_axis',(0.,0.,1.));
#13914=DIRECTION('ref_axis',(0.707106781186548,-0.707106781186548,0.));
#13915=DIRECTION('',(1.,0.,0.));
#13916=DIRECTION('center_axis',(0.,0.,1.));
#13917=DIRECTION('ref_axis',(-0.707106781186535,-0.70710678118656,0.));
#13918=DIRECTION('',(0.,-1.,0.));
#13919=DIRECTION('center_axis',(0.,0.,1.));
#13920=DIRECTION('ref_axis',(-0.707106781186548,0.707106781186548,0.));
#13921=DIRECTION('',(-1.,0.,0.));
#13922=DIRECTION('center_axis',(0.,0.,1.));
#13923=DIRECTION('ref_axis',(0.70710678118656,0.707106781186535,0.));
#13924=DIRECTION('',(0.,1.,0.));
#13925=DIRECTION('center_axis',(0.,0.,1.));
#13926=DIRECTION('ref_axis',(0.707106781186535,-0.70710678118656,0.));
#13927=DIRECTION('',(1.,0.,0.));
#13928=DIRECTION('center_axis',(0.,0.,1.));
#13929=DIRECTION('ref_axis',(-0.707106781186535,-0.70710678118656,0.));
#13930=DIRECTION('',(0.,-1.,0.));
#13931=DIRECTION('center_axis',(0.,0.,1.));
#13932=DIRECTION('ref_axis',(-0.707106781186535,0.70710678118656,0.));
#13933=DIRECTION('',(-1.,0.,0.));
#13934=DIRECTION('center_axis',(0.,0.,1.));
#13935=DIRECTION('ref_axis',(0.707106781186535,0.70710678118656,0.));
#13936=DIRECTION('',(0.,1.,0.));
#13937=DIRECTION('center_axis',(0.,0.,1.));
#13938=DIRECTION('ref_axis',(0.707106781186535,-0.70710678118656,0.));
#13939=DIRECTION('',(1.,0.,0.));
#13940=DIRECTION('center_axis',(0.,0.,1.));
#13941=DIRECTION('ref_axis',(-0.707106781186573,-0.707106781186522,0.));
#13942=DIRECTION('',(0.,-1.,0.));
#13943=DIRECTION('center_axis',(0.,0.,1.));
#13944=DIRECTION('ref_axis',(-0.707106781186585,0.70710678118651,0.));
#13945=DIRECTION('',(-1.,0.,0.));
#13946=DIRECTION('center_axis',(0.,0.,1.));
#13947=DIRECTION('ref_axis',(0.707106781186573,0.707106781186522,0.));
#13948=DIRECTION('',(0.,1.,0.));
#13949=DIRECTION('center_axis',(0.,0.,1.));
#13950=DIRECTION('ref_axis',(0.707106781186535,-0.70710678118656,0.));
#13951=DIRECTION('',(1.,0.,0.));
#13952=DIRECTION('center_axis',(0.,0.,1.));
#13953=DIRECTION('ref_axis',(-0.707106781186573,-0.707106781186522,0.));
#13954=DIRECTION('',(0.,-1.,0.));
#13955=DIRECTION('center_axis',(0.,0.,1.));
#13956=DIRECTION('ref_axis',(-0.707106781186585,0.70710678118651,0.));
#13957=DIRECTION('',(-1.,0.,0.));
#13958=DIRECTION('center_axis',(0.,0.,1.));
#13959=DIRECTION('ref_axis',(0.707106781186522,0.707106781186573,0.));
#13960=DIRECTION('',(0.,1.,0.));
#13961=DIRECTION('center_axis',(0.,0.,-1.));
#13962=DIRECTION('ref_axis',(0.,1.,0.));
#13963=DIRECTION('',(1.,0.,0.));
#13964=DIRECTION('center_axis',(0.,0.,-1.));
#13965=DIRECTION('ref_axis',(1.,0.,0.));
#13966=DIRECTION('',(0.,-1.,0.));
#13967=DIRECTION('center_axis',(0.,0.,-1.));
#13968=DIRECTION('ref_axis',(0.,-1.,0.));
#13969=DIRECTION('',(-1.,0.,0.));
#13970=DIRECTION('center_axis',(0.,0.,-1.));
#13971=DIRECTION('ref_axis',(-1.,0.,0.));
#13972=DIRECTION('',(0.,1.,0.));
#13973=DIRECTION('center_axis',(0.,0.,-1.));
#13974=DIRECTION('ref_axis',(0.,1.,0.));
#13975=DIRECTION('',(1.,0.,0.));
#13976=DIRECTION('center_axis',(0.,0.,-1.));
#13977=DIRECTION('ref_axis',(1.,0.,0.));
#13978=DIRECTION('',(0.,-1.,0.));
#13979=DIRECTION('center_axis',(0.,0.,-1.));
#13980=DIRECTION('ref_axis',(0.,-1.,0.));
#13981=DIRECTION('',(-1.,0.,0.));
#13982=DIRECTION('center_axis',(0.,0.,-1.));
#13983=DIRECTION('ref_axis',(-1.,0.,0.));
#13984=DIRECTION('',(0.,1.,0.));
#13985=DIRECTION('center_axis',(0.,0.,1.));
#13986=DIRECTION('ref_axis',(0.707106781186535,-0.70710678118656,0.));
#13987=DIRECTION('',(1.,0.,0.));
#13988=DIRECTION('center_axis',(0.,0.,1.));
#13989=DIRECTION('ref_axis',(-0.707106781186548,-0.707106781186548,0.));
#13990=DIRECTION('',(0.,-1.,0.));
#13991=DIRECTION('center_axis',(0.,0.,1.));
#13992=DIRECTION('ref_axis',(-0.707106781186535,0.70710678118656,0.));
#13993=DIRECTION('',(-1.,0.,0.));
#13994=DIRECTION('center_axis',(0.,0.,1.));
#13995=DIRECTION('ref_axis',(0.707106781186522,0.707106781186573,0.));
#13996=DIRECTION('center_axis',(0.,0.,-1.));
#13997=DIRECTION('ref_axis',(0.,1.,0.));
#13998=DIRECTION('',(1.,0.,0.));
#13999=DIRECTION('center_axis',(0.,0.,-1.));
#14000=DIRECTION('ref_axis',(1.,0.,0.));
#14001=DIRECTION('',(0.,-1.,0.));
#14002=DIRECTION('center_axis',(0.,0.,-1.));
#14003=DIRECTION('ref_axis',(0.,-1.,0.));
#14004=DIRECTION('',(-1.,0.,0.));
#14005=DIRECTION('center_axis',(0.,0.,-1.));
#14006=DIRECTION('ref_axis',(-1.,0.,0.));
#14007=DIRECTION('',(0.,1.,0.));
#14008=DIRECTION('center_axis',(0.,0.,-1.));
#14009=DIRECTION('ref_axis',(0.,1.,0.));
#14010=DIRECTION('',(1.,0.,0.));
#14011=DIRECTION('center_axis',(0.,0.,-1.));
#14012=DIRECTION('ref_axis',(1.,0.,0.));
#14013=DIRECTION('',(0.,-1.,0.));
#14014=DIRECTION('center_axis',(0.,0.,-1.));
#14015=DIRECTION('ref_axis',(0.,-1.,0.));
#14016=DIRECTION('',(-1.,0.,0.));
#14017=DIRECTION('center_axis',(0.,0.,-1.));
#14018=DIRECTION('ref_axis',(-1.,0.,0.));
#14019=DIRECTION('',(0.,1.,0.));
#14020=DIRECTION('',(0.,1.,0.));
#14021=DIRECTION('center_axis',(0.,0.,1.));
#14022=DIRECTION('ref_axis',(0.707106781186573,-0.707106781186522,0.));
#14023=DIRECTION('',(1.,0.,0.));
#14024=DIRECTION('center_axis',(0.,0.,1.));
#14025=DIRECTION('ref_axis',(-0.707106781186548,-0.707106781186548,0.));
#14026=DIRECTION('',(0.,-1.,0.));
#14027=DIRECTION('center_axis',(0.,0.,1.));
#14028=DIRECTION('ref_axis',(-0.707106781186598,0.707106781186497,0.));
#14029=DIRECTION('',(-1.,0.,0.));
#14030=DIRECTION('center_axis',(0.,0.,1.));
#14031=DIRECTION('ref_axis',(0.707106781186573,0.707106781186522,0.));
#14032=DIRECTION('',(0.,1.,0.));
#14033=DIRECTION('center_axis',(0.,0.,1.));
#14034=DIRECTION('ref_axis',(0.707106781186573,-0.707106781186522,0.));
#14035=DIRECTION('',(1.,0.,0.));
#14036=DIRECTION('center_axis',(0.,0.,1.));
#14037=DIRECTION('ref_axis',(-0.707106781186522,-0.707106781186573,0.));
#14038=DIRECTION('',(0.,-1.,0.));
#14039=DIRECTION('center_axis',(0.,0.,1.));
#14040=DIRECTION('ref_axis',(-0.707106781186548,0.707106781186548,0.));
#14041=DIRECTION('',(-1.,0.,0.));
#14042=DIRECTION('center_axis',(0.,0.,1.));
#14043=DIRECTION('ref_axis',(0.707106781186573,0.707106781186522,0.));
#14044=DIRECTION('',(0.,1.,0.));
#14045=DIRECTION('center_axis',(0.,0.,1.));
#14046=DIRECTION('ref_axis',(0.707106781186522,-0.707106781186573,0.));
#14047=DIRECTION('',(1.,0.,0.));
#14048=DIRECTION('center_axis',(0.,0.,1.));
#14049=DIRECTION('ref_axis',(-0.707106781186522,-0.707106781186573,0.));
#14050=DIRECTION('',(0.,-1.,0.));
#14051=DIRECTION('center_axis',(0.,0.,1.));
#14052=DIRECTION('ref_axis',(-0.707106781186548,0.707106781186548,0.));
#14053=DIRECTION('',(-1.,0.,0.));
#14054=DIRECTION('center_axis',(0.,0.,1.));
#14055=DIRECTION('ref_axis',(0.707106781186548,0.707106781186548,0.));
#14056=DIRECTION('',(0.,1.,0.));
#14057=DIRECTION('center_axis',(0.,0.,1.));
#14058=DIRECTION('ref_axis',(0.707106781186522,-0.707106781186573,0.));
#14059=DIRECTION('',(1.,0.,0.));
#14060=DIRECTION('center_axis',(0.,0.,1.));
#14061=DIRECTION('ref_axis',(-0.707106781186548,-0.707106781186548,0.));
#14062=DIRECTION('',(0.,-1.,0.));
#14063=DIRECTION('center_axis',(0.,0.,1.));
#14064=DIRECTION('ref_axis',(-0.707106781186548,0.707106781186548,0.));
#14065=DIRECTION('',(-1.,0.,0.));
#14066=DIRECTION('center_axis',(0.,0.,1.));
#14067=DIRECTION('ref_axis',(0.707106781186548,0.707106781186548,0.));
#14068=DIRECTION('',(0.,1.,0.));
#14069=DIRECTION('center_axis',(0.,0.,1.));
#14070=DIRECTION('ref_axis',(0.707106781186573,-0.707106781186522,0.));
#14071=DIRECTION('',(1.,0.,0.));
#14072=DIRECTION('center_axis',(0.,0.,1.));
#14073=DIRECTION('ref_axis',(-0.707106781186548,-0.707106781186548,0.));
#14074=DIRECTION('',(0.,-1.,0.));
#14075=DIRECTION('center_axis',(0.,0.,1.));
#14076=DIRECTION('ref_axis',(-0.707106781186548,0.707106781186548,0.));
#14077=DIRECTION('',(-1.,0.,0.));
#14078=DIRECTION('center_axis',(0.,0.,1.));
#14079=DIRECTION('ref_axis',(0.707106781186573,0.707106781186522,0.));
#14080=DIRECTION('',(0.,1.,0.));
#14081=DIRECTION('center_axis',(0.,0.,1.));
#14082=DIRECTION('ref_axis',(0.707106781186548,-0.707106781186548,0.));
#14083=DIRECTION('',(1.,0.,0.));
#14084=DIRECTION('center_axis',(0.,0.,1.));
#14085=DIRECTION('ref_axis',(-0.707106781186522,-0.707106781186573,0.));
#14086=DIRECTION('',(0.,-1.,0.));
#14087=DIRECTION('center_axis',(0.,0.,1.));
#14088=DIRECTION('ref_axis',(-0.707106781186548,0.707106781186548,0.));
#14089=DIRECTION('',(-1.,0.,0.));
#14090=DIRECTION('center_axis',(0.,0.,1.));
#14091=DIRECTION('ref_axis',(0.707106781186548,0.707106781186548,0.));
#14092=DIRECTION('',(0.,1.,0.));
#14093=DIRECTION('center_axis',(0.,0.,1.));
#14094=DIRECTION('ref_axis',(0.707106781186548,-0.707106781186548,0.));
#14095=DIRECTION('',(1.,0.,0.));
#14096=DIRECTION('center_axis',(0.,0.,1.));
#14097=DIRECTION('ref_axis',(-0.707106781186548,-0.707106781186548,0.));
#14098=DIRECTION('',(0.,-1.,0.));
#14099=DIRECTION('center_axis',(0.,0.,1.));
#14100=DIRECTION('ref_axis',(-0.707106781186573,0.707106781186522,0.));
#14101=DIRECTION('',(-1.,0.,0.));
#14102=DIRECTION('center_axis',(0.,0.,1.));
#14103=DIRECTION('ref_axis',(0.707106781186548,0.707106781186548,0.));
#14104=DIRECTION('',(0.,1.,0.));
#14105=DIRECTION('center_axis',(0.,0.,1.));
#14106=DIRECTION('ref_axis',(0.707106781186548,-0.707106781186548,0.));
#14107=DIRECTION('',(1.,0.,0.));
#14108=DIRECTION('center_axis',(0.,0.,1.));
#14109=DIRECTION('ref_axis',(-0.707106781186548,-0.707106781186548,0.));
#14110=DIRECTION('',(0.,-1.,0.));
#14111=DIRECTION('center_axis',(0.,0.,1.));
#14112=DIRECTION('ref_axis',(-0.707106781186573,0.707106781186522,0.));
#14113=DIRECTION('',(-1.,0.,0.));
#14114=DIRECTION('center_axis',(0.,0.,1.));
#14115=DIRECTION('ref_axis',(0.707106781186548,0.707106781186548,0.));
#14116=DIRECTION('',(0.,1.,0.));
#14117=DIRECTION('center_axis',(0.,0.,1.));
#14118=DIRECTION('ref_axis',(0.707106781186548,-0.707106781186548,0.));
#14119=DIRECTION('',(1.,0.,0.));
#14120=DIRECTION('center_axis',(0.,0.,1.));
#14121=DIRECTION('ref_axis',(-0.707106781186548,-0.707106781186548,0.));
#14122=DIRECTION('',(0.,-1.,0.));
#14123=DIRECTION('center_axis',(0.,0.,1.));
#14124=DIRECTION('ref_axis',(-0.707106781186548,0.707106781186548,0.));
#14125=DIRECTION('',(-1.,0.,0.));
#14126=DIRECTION('center_axis',(0.,0.,1.));
#14127=DIRECTION('ref_axis',(0.707106781186548,0.707106781186548,0.));
#14128=DIRECTION('',(0.,1.,0.));
#14129=DIRECTION('center_axis',(0.,0.,1.));
#14130=DIRECTION('ref_axis',(0.707106781186548,-0.707106781186548,0.));
#14131=DIRECTION('',(1.,0.,0.));
#14132=DIRECTION('center_axis',(0.,0.,1.));
#14133=DIRECTION('ref_axis',(-0.707106781186548,-0.707106781186548,0.));
#14134=DIRECTION('',(0.,-1.,0.));
#14135=DIRECTION('center_axis',(0.,0.,1.));
#14136=DIRECTION('ref_axis',(-0.70710678118656,0.707106781186535,0.));
#14137=DIRECTION('',(-1.,0.,0.));
#14138=DIRECTION('center_axis',(0.,0.,1.));
#14139=DIRECTION('ref_axis',(0.707106781186548,0.707106781186548,0.));
#14140=DIRECTION('',(0.,1.,0.));
#14141=DIRECTION('center_axis',(0.,0.,1.));
#14142=DIRECTION('ref_axis',(0.707106781186548,-0.707106781186548,0.));
#14143=DIRECTION('',(1.,0.,0.));
#14144=DIRECTION('center_axis',(0.,0.,1.));
#14145=DIRECTION('ref_axis',(-0.707106781186548,-0.707106781186548,0.));
#14146=DIRECTION('',(0.,-1.,0.));
#14147=DIRECTION('center_axis',(0.,0.,1.));
#14148=DIRECTION('ref_axis',(-0.70710678118656,0.707106781186535,0.));
#14149=DIRECTION('',(-1.,0.,0.));
#14150=DIRECTION('center_axis',(0.,0.,1.));
#14151=DIRECTION('ref_axis',(0.707106781186548,0.707106781186548,0.));
#14152=DIRECTION('',(0.,1.,0.));
#14153=DIRECTION('center_axis',(0.,0.,1.));
#14154=DIRECTION('ref_axis',(0.707106781186541,-0.707106781186554,0.));
#14155=DIRECTION('',(1.,0.,0.));
#14156=DIRECTION('center_axis',(0.,0.,1.));
#14157=DIRECTION('ref_axis',(-0.707106781186548,-0.707106781186548,0.));
#14158=DIRECTION('',(0.,-1.,0.));
#14159=DIRECTION('center_axis',(0.,0.,1.));
#14160=DIRECTION('ref_axis',(-0.707106781186566,0.707106781186529,0.));
#14161=DIRECTION('',(-1.,0.,0.));
#14162=DIRECTION('center_axis',(0.,0.,1.));
#14163=DIRECTION('ref_axis',(0.707106781186548,0.707106781186548,0.));
#14164=DIRECTION('',(0.,1.,0.));
#14165=DIRECTION('center_axis',(0.,0.,1.));
#14166=DIRECTION('ref_axis',(0.707106781186544,-0.707106781186551,0.));
#14167=DIRECTION('',(1.,0.,0.));
#14168=DIRECTION('center_axis',(0.,0.,1.));
#14169=DIRECTION('ref_axis',(-0.707106781186548,-0.707106781186548,0.));
#14170=DIRECTION('',(0.,-1.,0.));
#14171=DIRECTION('center_axis',(0.,0.,1.));
#14172=DIRECTION('ref_axis',(-0.707106781186566,0.707106781186529,0.));
#14173=DIRECTION('',(-1.,0.,0.));
#14174=DIRECTION('center_axis',(0.,0.,1.));
#14175=DIRECTION('ref_axis',(0.707106781186548,0.707106781186548,0.));
#14176=DIRECTION('',(-1.,0.,0.));
#14177=DIRECTION('center_axis',(0.,0.,1.));
#14178=DIRECTION('ref_axis',(0.707106781186548,0.707106781186548,0.));
#14179=DIRECTION('',(0.,1.,0.));
#14180=DIRECTION('center_axis',(0.,0.,1.));
#14181=DIRECTION('ref_axis',(0.707106781186544,-0.707106781186551,0.));
#14182=DIRECTION('',(1.,0.,0.));
#14183=DIRECTION('center_axis',(0.,0.,1.));
#14184=DIRECTION('ref_axis',(-0.707106781186548,-0.707106781186548,0.));
#14185=DIRECTION('',(0.,-1.,0.));
#14186=DIRECTION('center_axis',(0.,0.,1.));
#14187=DIRECTION('ref_axis',(-0.707106781186566,0.707106781186529,0.));
#14188=DIRECTION('',(0.,1.,0.));
#14189=DIRECTION('center_axis',(0.,0.,-1.));
#14190=DIRECTION('ref_axis',(0.,1.,0.));
#14191=DIRECTION('',(1.,0.,0.));
#14192=DIRECTION('center_axis',(0.,0.,-1.));
#14193=DIRECTION('ref_axis',(1.,0.,0.));
#14194=DIRECTION('',(0.,-1.,0.));
#14195=DIRECTION('center_axis',(0.,0.,-1.));
#14196=DIRECTION('ref_axis',(0.,-1.,0.));
#14197=DIRECTION('',(-1.,0.,0.));
#14198=DIRECTION('center_axis',(0.,0.,-1.));
#14199=DIRECTION('ref_axis',(-1.,0.,0.));
#14200=DIRECTION('',(0.,1.,0.));
#14201=DIRECTION('center_axis',(0.,0.,-1.));
#14202=DIRECTION('ref_axis',(0.,1.,0.));
#14203=DIRECTION('',(1.,0.,0.));
#14204=DIRECTION('center_axis',(0.,0.,-1.));
#14205=DIRECTION('ref_axis',(1.,0.,0.));
#14206=DIRECTION('',(0.,-1.,0.));
#14207=DIRECTION('center_axis',(0.,0.,-1.));
#14208=DIRECTION('ref_axis',(0.,-1.,0.));
#14209=DIRECTION('',(-1.,0.,0.));
#14210=DIRECTION('center_axis',(0.,0.,-1.));
#14211=DIRECTION('ref_axis',(-1.,0.,0.));
#14212=DIRECTION('center_axis',(1.,0.,0.));
#14213=DIRECTION('ref_axis',(0.,1.,0.));
#14214=DIRECTION('',(0.,-1.,0.));
#14215=DIRECTION('center_axis',(1.,0.,0.));
#14216=DIRECTION('ref_axis',(0.,1.,0.));
#14217=DIRECTION('',(0.,-1.,0.));
#14218=DIRECTION('center_axis',(1.,0.,0.));
#14219=DIRECTION('ref_axis',(0.,1.,0.));
#14220=DIRECTION('',(0.,-1.,0.));
#14221=DIRECTION('center_axis',(1.,0.,0.));
#14222=DIRECTION('ref_axis',(0.,1.,0.));
#14223=DIRECTION('',(0.,-1.,0.));
#14224=DIRECTION('center_axis',(1.,0.,0.));
#14225=DIRECTION('ref_axis',(0.,1.,0.));
#14226=DIRECTION('',(0.,-1.,0.));
#14227=DIRECTION('center_axis',(1.,0.,0.));
#14228=DIRECTION('ref_axis',(0.,1.,0.));
#14229=DIRECTION('',(0.,-1.,0.));
#14230=DIRECTION('center_axis',(1.,0.,0.));
#14231=DIRECTION('ref_axis',(0.,1.,0.));
#14232=DIRECTION('',(0.,-1.,0.));
#14233=DIRECTION('center_axis',(1.,0.,0.));
#14234=DIRECTION('ref_axis',(0.,1.,0.));
#14235=DIRECTION('',(0.,-1.,0.));
#14236=DIRECTION('center_axis',(1.,0.,0.));
#14237=DIRECTION('ref_axis',(0.,1.,0.));
#14238=DIRECTION('',(0.,-1.,0.));
#14239=DIRECTION('center_axis',(1.,0.,0.));
#14240=DIRECTION('ref_axis',(0.,1.,0.));
#14241=DIRECTION('',(0.,-1.,0.));
#14242=DIRECTION('center_axis',(1.,0.,0.));
#14243=DIRECTION('ref_axis',(0.,1.,0.));
#14244=DIRECTION('',(0.,-1.,0.));
#14245=DIRECTION('center_axis',(1.,0.,0.));
#14246=DIRECTION('ref_axis',(0.,1.,0.));
#14247=DIRECTION('',(0.,-1.,0.));
#14248=DIRECTION('center_axis',(-1.,0.,0.));
#14249=DIRECTION('ref_axis',(0.,-1.,0.));
#14250=DIRECTION('',(0.,1.,0.));
#14251=DIRECTION('center_axis',(-1.,0.,0.));
#14252=DIRECTION('ref_axis',(0.,-1.,0.));
#14253=DIRECTION('',(0.,1.,0.));
#14254=DIRECTION('center_axis',(-1.,0.,0.));
#14255=DIRECTION('ref_axis',(0.,-1.,0.));
#14256=DIRECTION('',(0.,1.,0.));
#14257=DIRECTION('center_axis',(-1.,0.,0.));
#14258=DIRECTION('ref_axis',(0.,-1.,0.));
#14259=DIRECTION('',(0.,1.,0.));
#14260=DIRECTION('center_axis',(-1.,0.,0.));
#14261=DIRECTION('ref_axis',(0.,-1.,0.));
#14262=DIRECTION('',(0.,1.,0.));
#14263=DIRECTION('center_axis',(-1.,0.,0.));
#14264=DIRECTION('ref_axis',(0.,-1.,0.));
#14265=DIRECTION('',(0.,1.,0.));
#14266=DIRECTION('center_axis',(-1.,0.,0.));
#14267=DIRECTION('ref_axis',(0.,-1.,0.));
#14268=DIRECTION('',(0.,1.,0.));
#14269=DIRECTION('center_axis',(-1.,0.,0.));
#14270=DIRECTION('ref_axis',(0.,-1.,0.));
#14271=DIRECTION('',(0.,1.,0.));
#14272=DIRECTION('center_axis',(-1.,0.,0.));
#14273=DIRECTION('ref_axis',(0.,-1.,0.));
#14274=DIRECTION('',(0.,1.,0.));
#14275=DIRECTION('center_axis',(-1.,0.,0.));
#14276=DIRECTION('ref_axis',(0.,-1.,0.));
#14277=DIRECTION('',(0.,1.,0.));
#14278=DIRECTION('center_axis',(-1.,0.,0.));
#14279=DIRECTION('ref_axis',(0.,-1.,0.));
#14280=DIRECTION('',(0.,1.,0.));
#14281=DIRECTION('center_axis',(-1.,0.,0.));
#14282=DIRECTION('ref_axis',(0.,-1.,0.));
#14283=DIRECTION('',(0.,1.,0.));
#14284=DIRECTION('center_axis',(-1.,0.,0.));
#14285=DIRECTION('ref_axis',(0.,-1.,0.));
#14286=DIRECTION('',(0.,1.,0.));
#14287=DIRECTION('center_axis',(0.,0.,1.));
#14288=DIRECTION('ref_axis',(1.,0.,0.));
#14289=DIRECTION('',(0.,-1.,0.));
#14290=DIRECTION('center_axis',(0.,0.,-1.));
#14291=DIRECTION('ref_axis',(1.,0.,0.));
#14292=DIRECTION('',(1.,0.,0.));
#14293=DIRECTION('center_axis',(0.,0.,-1.));
#14294=DIRECTION('ref_axis',(0.,1.,0.));
#14295=DIRECTION('',(0.,1.,0.));
#14296=DIRECTION('center_axis',(0.,0.,-1.));
#14297=DIRECTION('ref_axis',(-1.,0.,0.));
#14298=DIRECTION('',(-1.,0.,0.));
#14299=DIRECTION('center_axis',(0.,0.,-1.));
#14300=DIRECTION('ref_axis',(0.,-1.,0.));
#14301=DIRECTION('',(0.,-1.,0.));
#14302=DIRECTION('center_axis',(0.,0.,-1.));
#14303=DIRECTION('ref_axis',(1.,0.,0.));
#14304=DIRECTION('',(1.,0.,0.));
#14305=DIRECTION('center_axis',(0.,0.,-1.));
#14306=DIRECTION('ref_axis',(0.,1.,0.));
#14307=DIRECTION('',(0.,1.,0.));
#14308=DIRECTION('center_axis',(0.,0.,-1.));
#14309=DIRECTION('ref_axis',(-1.,0.,0.));
#14310=DIRECTION('',(-1.,0.,0.));
#14311=DIRECTION('center_axis',(0.,0.,-1.));
#14312=DIRECTION('ref_axis',(0.,-1.,0.));
#14313=DIRECTION('',(0.,1.,0.));
#14314=DIRECTION('center_axis',(0.,0.,-1.));
#14315=DIRECTION('ref_axis',(0.707106781186573,0.707106781186522,0.));
#14316=DIRECTION('',(-1.,0.,0.));
#14317=DIRECTION('center_axis',(0.,0.,-1.));
#14318=DIRECTION('ref_axis',(-0.707106781186598,0.707106781186497,0.));
#14319=DIRECTION('',(0.,-1.,0.));
#14320=DIRECTION('center_axis',(0.,0.,-1.));
#14321=DIRECTION('ref_axis',(-0.707106781186548,-0.707106781186548,0.));
#14322=DIRECTION('',(1.,0.,0.));
#14323=DIRECTION('center_axis',(0.,0.,-1.));
#14324=DIRECTION('ref_axis',(0.707106781186573,-0.707106781186522,0.));
#14325=DIRECTION('',(0.,1.,0.));
#14326=DIRECTION('center_axis',(0.,0.,-1.));
#14327=DIRECTION('ref_axis',(0.707106781186573,0.707106781186522,0.));
#14328=DIRECTION('',(-1.,0.,0.));
#14329=DIRECTION('center_axis',(0.,0.,-1.));
#14330=DIRECTION('ref_axis',(-0.707106781186548,0.707106781186548,0.));
#14331=DIRECTION('',(0.,-1.,0.));
#14332=DIRECTION('center_axis',(0.,0.,-1.));
#14333=DIRECTION('ref_axis',(-0.707106781186522,-0.707106781186573,0.));
#14334=DIRECTION('',(1.,0.,0.));
#14335=DIRECTION('center_axis',(0.,0.,-1.));
#14336=DIRECTION('ref_axis',(0.707106781186573,-0.707106781186522,0.));
#14337=DIRECTION('',(0.,1.,0.));
#14338=DIRECTION('center_axis',(0.,0.,-1.));
#14339=DIRECTION('ref_axis',(0.707106781186548,0.707106781186548,0.));
#14340=DIRECTION('',(-1.,0.,0.));
#14341=DIRECTION('center_axis',(0.,0.,-1.));
#14342=DIRECTION('ref_axis',(-0.707106781186548,0.707106781186548,0.));
#14343=DIRECTION('',(0.,-1.,0.));
#14344=DIRECTION('center_axis',(0.,0.,-1.));
#14345=DIRECTION('ref_axis',(-0.707106781186522,-0.707106781186573,0.));
#14346=DIRECTION('',(1.,0.,0.));
#14347=DIRECTION('center_axis',(0.,0.,-1.));
#14348=DIRECTION('ref_axis',(0.707106781186522,-0.707106781186573,0.));
#14349=DIRECTION('',(0.,1.,0.));
#14350=DIRECTION('center_axis',(0.,0.,-1.));
#14351=DIRECTION('ref_axis',(0.707106781186548,0.707106781186548,0.));
#14352=DIRECTION('',(-1.,0.,0.));
#14353=DIRECTION('center_axis',(0.,0.,-1.));
#14354=DIRECTION('ref_axis',(-0.707106781186548,0.707106781186548,0.));
#14355=DIRECTION('',(0.,-1.,0.));
#14356=DIRECTION('center_axis',(0.,0.,-1.));
#14357=DIRECTION('ref_axis',(-0.707106781186548,-0.707106781186548,0.));
#14358=DIRECTION('',(1.,0.,0.));
#14359=DIRECTION('center_axis',(0.,0.,-1.));
#14360=DIRECTION('ref_axis',(0.707106781186522,-0.707106781186573,0.));
#14361=DIRECTION('',(0.,1.,0.));
#14362=DIRECTION('center_axis',(0.,0.,-1.));
#14363=DIRECTION('ref_axis',(0.707106781186573,0.707106781186522,0.));
#14364=DIRECTION('',(-1.,0.,0.));
#14365=DIRECTION('center_axis',(0.,0.,-1.));
#14366=DIRECTION('ref_axis',(-0.707106781186548,0.707106781186548,0.));
#14367=DIRECTION('',(0.,-1.,0.));
#14368=DIRECTION('center_axis',(0.,0.,-1.));
#14369=DIRECTION('ref_axis',(-0.707106781186548,-0.707106781186548,0.));
#14370=DIRECTION('',(1.,0.,0.));
#14371=DIRECTION('center_axis',(0.,0.,-1.));
#14372=DIRECTION('ref_axis',(0.707106781186573,-0.707106781186522,0.));
#14373=DIRECTION('',(0.,1.,0.));
#14374=DIRECTION('center_axis',(0.,0.,-1.));
#14375=DIRECTION('ref_axis',(0.707106781186548,0.707106781186548,0.));
#14376=DIRECTION('',(-1.,0.,0.));
#14377=DIRECTION('center_axis',(0.,0.,-1.));
#14378=DIRECTION('ref_axis',(-0.707106781186548,0.707106781186548,0.));
#14379=DIRECTION('',(0.,-1.,0.));
#14380=DIRECTION('center_axis',(0.,0.,-1.));
#14381=DIRECTION('ref_axis',(-0.707106781186522,-0.707106781186573,0.));
#14382=DIRECTION('',(1.,0.,0.));
#14383=DIRECTION('center_axis',(0.,0.,-1.));
#14384=DIRECTION('ref_axis',(0.707106781186548,-0.707106781186548,0.));
#14385=DIRECTION('',(0.,1.,0.));
#14386=DIRECTION('center_axis',(0.,0.,-1.));
#14387=DIRECTION('ref_axis',(0.707106781186548,0.707106781186548,0.));
#14388=DIRECTION('',(-1.,0.,0.));
#14389=DIRECTION('center_axis',(0.,0.,-1.));
#14390=DIRECTION('ref_axis',(-0.707106781186573,0.707106781186522,0.));
#14391=DIRECTION('',(0.,-1.,0.));
#14392=DIRECTION('center_axis',(0.,0.,-1.));
#14393=DIRECTION('ref_axis',(-0.707106781186548,-0.707106781186548,0.));
#14394=DIRECTION('',(1.,0.,0.));
#14395=DIRECTION('center_axis',(0.,0.,-1.));
#14396=DIRECTION('ref_axis',(0.707106781186548,-0.707106781186548,0.));
#14397=DIRECTION('',(0.,1.,0.));
#14398=DIRECTION('center_axis',(0.,0.,-1.));
#14399=DIRECTION('ref_axis',(0.707106781186548,0.707106781186548,0.));
#14400=DIRECTION('',(-1.,0.,0.));
#14401=DIRECTION('center_axis',(0.,0.,-1.));
#14402=DIRECTION('ref_axis',(-0.707106781186573,0.707106781186522,0.));
#14403=DIRECTION('',(0.,-1.,0.));
#14404=DIRECTION('center_axis',(0.,0.,-1.));
#14405=DIRECTION('ref_axis',(-0.707106781186548,-0.707106781186548,0.));
#14406=DIRECTION('',(1.,0.,0.));
#14407=DIRECTION('center_axis',(0.,0.,-1.));
#14408=DIRECTION('ref_axis',(0.707106781186548,-0.707106781186548,0.));
#14409=DIRECTION('',(0.,1.,0.));
#14410=DIRECTION('center_axis',(0.,0.,-1.));
#14411=DIRECTION('ref_axis',(0.707106781186548,0.707106781186548,0.));
#14412=DIRECTION('',(-1.,0.,0.));
#14413=DIRECTION('center_axis',(0.,0.,-1.));
#14414=DIRECTION('ref_axis',(-0.707106781186548,0.707106781186548,0.));
#14415=DIRECTION('',(0.,-1.,0.));
#14416=DIRECTION('center_axis',(0.,0.,-1.));
#14417=DIRECTION('ref_axis',(-0.707106781186548,-0.707106781186548,0.));
#14418=DIRECTION('',(1.,0.,0.));
#14419=DIRECTION('center_axis',(0.,0.,-1.));
#14420=DIRECTION('ref_axis',(0.707106781186548,-0.707106781186548,0.));
#14421=DIRECTION('',(0.,1.,0.));
#14422=DIRECTION('center_axis',(0.,0.,-1.));
#14423=DIRECTION('ref_axis',(0.707106781186548,0.707106781186548,0.));
#14424=DIRECTION('',(-1.,0.,0.));
#14425=DIRECTION('center_axis',(0.,0.,-1.));
#14426=DIRECTION('ref_axis',(-0.70710678118656,0.707106781186535,0.));
#14427=DIRECTION('',(0.,-1.,0.));
#14428=DIRECTION('center_axis',(0.,0.,-1.));
#14429=DIRECTION('ref_axis',(-0.707106781186548,-0.707106781186548,0.));
#14430=DIRECTION('',(1.,0.,0.));
#14431=DIRECTION('center_axis',(0.,0.,-1.));
#14432=DIRECTION('ref_axis',(0.707106781186548,-0.707106781186548,0.));
#14433=DIRECTION('',(0.,1.,0.));
#14434=DIRECTION('center_axis',(0.,0.,-1.));
#14435=DIRECTION('ref_axis',(0.707106781186548,0.707106781186548,0.));
#14436=DIRECTION('',(-1.,0.,0.));
#14437=DIRECTION('center_axis',(0.,0.,-1.));
#14438=DIRECTION('ref_axis',(-0.70710678118656,0.707106781186535,0.));
#14439=DIRECTION('',(0.,-1.,0.));
#14440=DIRECTION('center_axis',(0.,0.,-1.));
#14441=DIRECTION('ref_axis',(-0.707106781186548,-0.707106781186548,0.));
#14442=DIRECTION('',(1.,0.,0.));
#14443=DIRECTION('center_axis',(0.,0.,-1.));
#14444=DIRECTION('ref_axis',(0.707106781186548,-0.707106781186548,0.));
#14445=DIRECTION('',(0.,1.,0.));
#14446=DIRECTION('center_axis',(0.,0.,-1.));
#14447=DIRECTION('ref_axis',(0.707106781186548,0.707106781186548,0.));
#14448=DIRECTION('',(-1.,0.,0.));
#14449=DIRECTION('center_axis',(0.,0.,-1.));
#14450=DIRECTION('ref_axis',(-0.707106781186566,0.707106781186529,0.));
#14451=DIRECTION('',(0.,-1.,0.));
#14452=DIRECTION('center_axis',(0.,0.,-1.));
#14453=DIRECTION('ref_axis',(-0.707106781186548,-0.707106781186548,0.));
#14454=DIRECTION('',(1.,0.,0.));
#14455=DIRECTION('center_axis',(0.,0.,-1.));
#14456=DIRECTION('ref_axis',(0.707106781186541,-0.707106781186554,0.));
#14457=DIRECTION('',(0.,1.,0.));
#14458=DIRECTION('center_axis',(0.,0.,-1.));
#14459=DIRECTION('ref_axis',(0.707106781186548,0.707106781186548,0.));
#14460=DIRECTION('',(-1.,0.,0.));
#14461=DIRECTION('center_axis',(0.,0.,-1.));
#14462=DIRECTION('ref_axis',(-0.707106781186566,0.707106781186529,0.));
#14463=DIRECTION('',(0.,-1.,0.));
#14464=DIRECTION('center_axis',(0.,0.,-1.));
#14465=DIRECTION('ref_axis',(-0.707106781186548,-0.707106781186548,0.));
#14466=DIRECTION('',(1.,0.,0.));
#14467=DIRECTION('center_axis',(0.,0.,-1.));
#14468=DIRECTION('ref_axis',(0.707106781186544,-0.707106781186551,0.));
#14469=DIRECTION('center_axis',(0.,0.,-1.));
#14470=DIRECTION('ref_axis',(0.707106781186544,-0.707106781186551,0.));
#14471=DIRECTION('',(0.,1.,0.));
#14472=DIRECTION('center_axis',(0.,0.,-1.));
#14473=DIRECTION('ref_axis',(0.707106781186548,0.707106781186548,0.));
#14474=DIRECTION('',(-1.,0.,0.));
#14475=DIRECTION('center_axis',(0.,0.,-1.));
#14476=DIRECTION('ref_axis',(-0.707106781186566,0.707106781186529,0.));
#14477=DIRECTION('',(0.,-1.,0.));
#14478=DIRECTION('center_axis',(0.,0.,-1.));
#14479=DIRECTION('ref_axis',(-0.707106781186548,-0.707106781186548,0.));
#14480=DIRECTION('',(1.,0.,0.));
#14481=DIRECTION('center_axis',(0.,0.,-1.));
#14482=DIRECTION('ref_axis',(0.707106781186554,-0.707106781186541,0.));
#14483=DIRECTION('',(0.,1.,0.));
#14484=DIRECTION('center_axis',(0.,0.,-1.));
#14485=DIRECTION('ref_axis',(0.707106781186548,0.707106781186548,0.));
#14486=DIRECTION('',(-1.,0.,0.));
#14487=DIRECTION('center_axis',(0.,0.,-1.));
#14488=DIRECTION('ref_axis',(-0.707106781186541,0.707106781186554,0.));
#14489=DIRECTION('',(0.,-1.,0.));
#14490=DIRECTION('center_axis',(0.,0.,-1.));
#14491=DIRECTION('ref_axis',(-0.707106781186548,-0.707106781186548,0.));
#14492=DIRECTION('',(1.,0.,0.));
#14493=DIRECTION('',(0.,1.,0.));
#14494=DIRECTION('center_axis',(0.,0.,-1.));
#14495=DIRECTION('ref_axis',(0.707106781186548,0.707106781186548,0.));
#14496=DIRECTION('',(-1.,0.,0.));
#14497=DIRECTION('center_axis',(0.,0.,-1.));
#14498=DIRECTION('ref_axis',(-0.707106781186554,0.707106781186541,0.));
#14499=DIRECTION('',(0.,-1.,0.));
#14500=DIRECTION('center_axis',(0.,0.,-1.));
#14501=DIRECTION('ref_axis',(-0.707106781186548,-0.707106781186548,0.));
#14502=DIRECTION('',(1.,0.,0.));
#14503=DIRECTION('center_axis',(0.,0.,-1.));
#14504=DIRECTION('ref_axis',(0.707106781186554,-0.707106781186541,0.));
#14505=DIRECTION('',(0.,-1.,0.));
#14506=DIRECTION('center_axis',(0.,0.,-1.));
#14507=DIRECTION('ref_axis',(1.,0.,0.));
#14508=DIRECTION('',(1.,0.,0.));
#14509=DIRECTION('center_axis',(0.,0.,-1.));
#14510=DIRECTION('ref_axis',(0.,1.,0.));
#14511=DIRECTION('',(0.,1.,0.));
#14512=DIRECTION('center_axis',(0.,0.,-1.));
#14513=DIRECTION('ref_axis',(-1.,0.,0.));
#14514=DIRECTION('',(-1.,0.,0.));
#14515=DIRECTION('center_axis',(0.,0.,-1.));
#14516=DIRECTION('ref_axis',(0.,-1.,0.));
#14517=DIRECTION('',(0.,1.,0.));
#14518=DIRECTION('center_axis',(0.,0.,-1.));
#14519=DIRECTION('ref_axis',(0.707106781186548,0.707106781186548,0.));
#14520=DIRECTION('',(-1.,0.,0.));
#14521=DIRECTION('center_axis',(0.,0.,-1.));
#14522=DIRECTION('ref_axis',(-0.707106781186548,0.707106781186548,0.));
#14523=DIRECTION('',(0.,-1.,0.));
#14524=DIRECTION('center_axis',(0.,0.,-1.));
#14525=DIRECTION('ref_axis',(-0.707106781186548,-0.707106781186548,0.));
#14526=DIRECTION('',(1.,0.,0.));
#14527=DIRECTION('center_axis',(0.,0.,-1.));
#14528=DIRECTION('ref_axis',(0.707106781186554,-0.707106781186541,0.));
#14529=DIRECTION('',(0.,1.,0.));
#14530=DIRECTION('center_axis',(0.,0.,-1.));
#14531=DIRECTION('ref_axis',(0.707106781186548,0.707106781186548,0.));
#14532=DIRECTION('',(-1.,0.,0.));
#14533=DIRECTION('center_axis',(0.,0.,-1.));
#14534=DIRECTION('ref_axis',(-0.707106781186548,0.707106781186548,0.));
#14535=DIRECTION('',(0.,-1.,0.));
#14536=DIRECTION('center_axis',(0.,0.,-1.));
#14537=DIRECTION('ref_axis',(-0.707106781186548,-0.707106781186548,0.));
#14538=DIRECTION('',(1.,0.,0.));
#14539=DIRECTION('center_axis',(0.,0.,-1.));
#14540=DIRECTION('ref_axis',(0.707106781186548,-0.707106781186548,0.));
#14541=DIRECTION('',(0.,1.,0.));
#14542=DIRECTION('center_axis',(0.,0.,-1.));
#14543=DIRECTION('ref_axis',(0.707106781186548,0.707106781186548,0.));
#14544=DIRECTION('',(-1.,0.,0.));
#14545=DIRECTION('center_axis',(0.,0.,-1.));
#14546=DIRECTION('ref_axis',(-0.707106781186535,0.70710678118656,0.));
#14547=DIRECTION('',(0.,-1.,0.));
#14548=DIRECTION('center_axis',(0.,0.,-1.));
#14549=DIRECTION('ref_axis',(-0.707106781186548,-0.707106781186548,0.));
#14550=DIRECTION('',(1.,0.,0.));
#14551=DIRECTION('center_axis',(0.,0.,-1.));
#14552=DIRECTION('ref_axis',(0.70710678118656,-0.707106781186535,0.));
#14553=DIRECTION('',(0.,1.,0.));
#14554=DIRECTION('center_axis',(0.,0.,-1.));
#14555=DIRECTION('ref_axis',(0.707106781186548,0.707106781186548,0.));
#14556=DIRECTION('',(-1.,0.,0.));
#14557=DIRECTION('center_axis',(0.,0.,-1.));
#14558=DIRECTION('ref_axis',(-0.707106781186535,0.70710678118656,0.));
#14559=DIRECTION('',(0.,-1.,0.));
#14560=DIRECTION('center_axis',(0.,0.,-1.));
#14561=DIRECTION('ref_axis',(-0.707106781186548,-0.707106781186548,0.));
#14562=DIRECTION('',(1.,0.,0.));
#14563=DIRECTION('center_axis',(0.,0.,-1.));
#14564=DIRECTION('ref_axis',(0.707106781186535,-0.70710678118656,0.));
#14565=DIRECTION('',(0.,1.,0.));
#14566=DIRECTION('center_axis',(0.,0.,-1.));
#14567=DIRECTION('ref_axis',(0.707106781186548,0.707106781186548,0.));
#14568=DIRECTION('',(-1.,0.,0.));
#14569=DIRECTION('center_axis',(0.,0.,-1.));
#14570=DIRECTION('ref_axis',(-0.707106781186535,0.70710678118656,0.));
#14571=DIRECTION('',(0.,-1.,0.));
#14572=DIRECTION('center_axis',(0.,0.,-1.));
#14573=DIRECTION('ref_axis',(-0.707106781186548,-0.707106781186548,0.));
#14574=DIRECTION('',(1.,0.,0.));
#14575=DIRECTION('center_axis',(0.,0.,-1.));
#14576=DIRECTION('ref_axis',(0.70710678118656,-0.707106781186535,0.));
#14577=DIRECTION('',(0.,1.,0.));
#14578=DIRECTION('center_axis',(0.,0.,-1.));
#14579=DIRECTION('ref_axis',(0.707106781186548,0.707106781186548,0.));
#14580=DIRECTION('',(-1.,0.,0.));
#14581=DIRECTION('center_axis',(0.,0.,-1.));
#14582=DIRECTION('ref_axis',(-0.707106781186535,0.70710678118656,0.));
#14583=DIRECTION('',(0.,-1.,0.));
#14584=DIRECTION('center_axis',(0.,0.,-1.));
#14585=DIRECTION('ref_axis',(-0.707106781186548,-0.707106781186548,0.));
#14586=DIRECTION('',(1.,0.,0.));
#14587=DIRECTION('center_axis',(0.,0.,-1.));
#14588=DIRECTION('ref_axis',(0.70710678118656,-0.707106781186535,0.));
#14589=DIRECTION('',(0.,1.,0.));
#14590=DIRECTION('center_axis',(0.,0.,-1.));
#14591=DIRECTION('ref_axis',(0.707106781186548,0.707106781186548,0.));
#14592=DIRECTION('',(-1.,0.,0.));
#14593=DIRECTION('center_axis',(0.,0.,-1.));
#14594=DIRECTION('ref_axis',(-0.707106781186535,0.70710678118656,0.));
#14595=DIRECTION('',(0.,-1.,0.));
#14596=DIRECTION('center_axis',(0.,0.,-1.));
#14597=DIRECTION('ref_axis',(-0.707106781186548,-0.707106781186548,0.));
#14598=DIRECTION('',(1.,0.,0.));
#14599=DIRECTION('center_axis',(0.,0.,-1.));
#14600=DIRECTION('ref_axis',(0.707106781186535,-0.70710678118656,0.));
#14601=DIRECTION('',(0.,1.,0.));
#14602=DIRECTION('center_axis',(0.,0.,-1.));
#14603=DIRECTION('ref_axis',(0.707106781186548,0.707106781186548,0.));
#14604=DIRECTION('',(-1.,0.,0.));
#14605=DIRECTION('center_axis',(0.,0.,-1.));
#14606=DIRECTION('ref_axis',(-0.707106781186535,0.70710678118656,0.));
#14607=DIRECTION('',(0.,-1.,0.));
#14608=DIRECTION('center_axis',(0.,0.,-1.));
#14609=DIRECTION('ref_axis',(-0.707106781186548,-0.707106781186548,0.));
#14610=DIRECTION('',(1.,0.,0.));
#14611=DIRECTION('center_axis',(0.,0.,-1.));
#14612=DIRECTION('ref_axis',(0.707106781186535,-0.70710678118656,0.));
#14613=DIRECTION('',(0.,1.,0.));
#14614=DIRECTION('center_axis',(0.,0.,-1.));
#14615=DIRECTION('ref_axis',(0.707106781186522,0.707106781186573,0.));
#14616=DIRECTION('',(-1.,0.,0.));
#14617=DIRECTION('center_axis',(0.,0.,-1.));
#14618=DIRECTION('ref_axis',(-0.707106781186535,0.70710678118656,0.));
#14619=DIRECTION('',(0.,-1.,0.));
#14620=DIRECTION('center_axis',(0.,0.,-1.));
#14621=DIRECTION('ref_axis',(-0.707106781186522,-0.707106781186573,0.));
#14622=DIRECTION('',(1.,0.,0.));
#14623=DIRECTION('center_axis',(0.,0.,-1.));
#14624=DIRECTION('ref_axis',(0.707106781186535,-0.70710678118656,0.));
#14625=DIRECTION('',(0.,1.,0.));
#14626=DIRECTION('center_axis',(0.,0.,-1.));
#14627=DIRECTION('ref_axis',(0.707106781186548,0.707106781186548,0.));
#14628=DIRECTION('',(-1.,0.,0.));
#14629=DIRECTION('center_axis',(0.,0.,-1.));
#14630=DIRECTION('ref_axis',(-0.707106781186535,0.70710678118656,0.));
#14631=DIRECTION('',(0.,-1.,0.));
#14632=DIRECTION('center_axis',(0.,0.,-1.));
#14633=DIRECTION('ref_axis',(-0.707106781186522,-0.707106781186573,0.));
#14634=DIRECTION('',(1.,0.,0.));
#14635=DIRECTION('center_axis',(0.,0.,-1.));
#14636=DIRECTION('ref_axis',(0.707106781186535,-0.70710678118656,0.));
#14637=DIRECTION('',(0.,1.,0.));
#14638=DIRECTION('center_axis',(0.,0.,-1.));
#14639=DIRECTION('ref_axis',(0.707106781186522,0.707106781186573,0.));
#14640=DIRECTION('',(-1.,0.,0.));
#14641=DIRECTION('center_axis',(0.,0.,-1.));
#14642=DIRECTION('ref_axis',(-0.707106781186535,0.70710678118656,0.));
#14643=DIRECTION('',(0.,-1.,0.));
#14644=DIRECTION('center_axis',(0.,0.,-1.));
#14645=DIRECTION('ref_axis',(-0.707106781186548,-0.707106781186548,0.));
#14646=DIRECTION('',(1.,0.,0.));
#14647=DIRECTION('center_axis',(0.,0.,-1.));
#14648=DIRECTION('ref_axis',(0.707106781186535,-0.70710678118656,0.));
#14649=DIRECTION('',(0.,-1.,0.));
#14650=DIRECTION('center_axis',(0.,0.,-1.));
#14651=DIRECTION('ref_axis',(1.,0.,0.));
#14652=DIRECTION('',(1.,0.,0.));
#14653=DIRECTION('center_axis',(0.,0.,-1.));
#14654=DIRECTION('ref_axis',(0.,1.,0.));
#14655=DIRECTION('',(0.,1.,0.));
#14656=DIRECTION('center_axis',(0.,0.,-1.));
#14657=DIRECTION('ref_axis',(-1.,0.,0.));
#14658=DIRECTION('',(-1.,0.,0.));
#14659=DIRECTION('center_axis',(0.,0.,-1.));
#14660=DIRECTION('ref_axis',(0.,-1.,0.));
#14661=DIRECTION('center_axis',(0.,0.,-1.));
#14662=DIRECTION('ref_axis',(0.,1.,0.));
#14663=DIRECTION('',(0.,1.,0.));
#14664=DIRECTION('center_axis',(0.,0.,-1.));
#14665=DIRECTION('ref_axis',(-1.,0.,0.));
#14666=DIRECTION('',(-1.,0.,0.));
#14667=DIRECTION('center_axis',(0.,0.,-1.));
#14668=DIRECTION('ref_axis',(0.,-1.,0.));
#14669=DIRECTION('',(0.,-1.,0.));
#14670=DIRECTION('center_axis',(0.,0.,-1.));
#14671=DIRECTION('ref_axis',(1.,0.,0.));
#14672=DIRECTION('',(1.,0.,0.));
#14673=DIRECTION('center_axis',(0.,0.,-1.));
#14674=DIRECTION('ref_axis',(0.,1.,0.));
#14675=DIRECTION('',(0.,1.,0.));
#14676=DIRECTION('center_axis',(0.,0.,-1.));
#14677=DIRECTION('ref_axis',(-1.,0.,0.));
#14678=DIRECTION('',(-1.,0.,0.));
#14679=DIRECTION('center_axis',(0.,0.,-1.));
#14680=DIRECTION('ref_axis',(0.,-1.,0.));
#14681=DIRECTION('',(0.,-1.,0.));
#14682=DIRECTION('center_axis',(0.,0.,-1.));
#14683=DIRECTION('ref_axis',(1.,0.,0.));
#14684=DIRECTION('',(1.,0.,0.));
#14685=DIRECTION('',(0.,1.,0.));
#14686=DIRECTION('center_axis',(0.,0.,-1.));
#14687=DIRECTION('ref_axis',(0.707106781186535,0.70710678118656,0.));
#14688=DIRECTION('',(-1.,0.,0.));
#14689=DIRECTION('center_axis',(0.,0.,-1.));
#14690=DIRECTION('ref_axis',(-0.707106781186548,0.707106781186548,0.));
#14691=DIRECTION('',(0.,-1.,0.));
#14692=DIRECTION('center_axis',(0.,0.,-1.));
#14693=DIRECTION('ref_axis',(-0.707106781186535,-0.70710678118656,0.));
#14694=DIRECTION('',(1.,0.,0.));
#14695=DIRECTION('center_axis',(0.,0.,-1.));
#14696=DIRECTION('ref_axis',(0.707106781186548,-0.707106781186548,0.));
#14697=DIRECTION('',(0.,-1.,0.));
#14698=DIRECTION('center_axis',(0.,0.,-1.));
#14699=DIRECTION('ref_axis',(1.,0.,0.));
#14700=DIRECTION('',(1.,0.,0.));
#14701=DIRECTION('center_axis',(0.,0.,-1.));
#14702=DIRECTION('ref_axis',(0.,1.,0.));
#14703=DIRECTION('',(0.,1.,0.));
#14704=DIRECTION('center_axis',(0.,0.,-1.));
#14705=DIRECTION('ref_axis',(-1.,0.,0.));
#14706=DIRECTION('',(-1.,0.,0.));
#14707=DIRECTION('center_axis',(0.,0.,-1.));
#14708=DIRECTION('ref_axis',(0.,-1.,0.));
#14709=DIRECTION('',(0.,-1.,0.));
#14710=DIRECTION('center_axis',(0.,0.,-1.));
#14711=DIRECTION('ref_axis',(1.,0.,0.));
#14712=DIRECTION('',(1.,0.,0.));
#14713=DIRECTION('center_axis',(0.,0.,-1.));
#14714=DIRECTION('ref_axis',(0.,1.,0.));
#14715=DIRECTION('',(0.,1.,0.));
#14716=DIRECTION('center_axis',(0.,0.,-1.));
#14717=DIRECTION('ref_axis',(-1.,0.,0.));
#14718=DIRECTION('',(-1.,0.,0.));
#14719=DIRECTION('center_axis',(0.,0.,-1.));
#14720=DIRECTION('ref_axis',(0.,-1.,0.));
#14721=DIRECTION('',(0.,1.,0.));
#14722=DIRECTION('center_axis',(0.,0.,-1.));
#14723=DIRECTION('ref_axis',(0.707106781186538,0.707106781186557,0.));
#14724=DIRECTION('',(-1.,0.,0.));
#14725=DIRECTION('center_axis',(0.,0.,-1.));
#14726=DIRECTION('ref_axis',(-0.707106781186548,0.707106781186548,0.));
#14727=DIRECTION('',(0.,-1.,0.));
#14728=DIRECTION('center_axis',(0.,0.,-1.));
#14729=DIRECTION('ref_axis',(-0.70710678118656,-0.707106781186535,0.));
#14730=DIRECTION('',(1.,0.,0.));
#14731=DIRECTION('center_axis',(0.,0.,-1.));
#14732=DIRECTION('ref_axis',(0.707106781186551,-0.707106781186544,0.));
#14733=DIRECTION('',(0.,1.,0.));
#14734=DIRECTION('center_axis',(0.,0.,-1.));
#14735=DIRECTION('ref_axis',(0.70710678118656,0.707106781186535,0.));
#14736=DIRECTION('',(-1.,0.,0.));
#14737=DIRECTION('center_axis',(0.,0.,-1.));
#14738=DIRECTION('ref_axis',(-0.707106781186548,0.707106781186548,0.));
#14739=DIRECTION('',(0.,-1.,0.));
#14740=DIRECTION('center_axis',(0.,0.,-1.));
#14741=DIRECTION('ref_axis',(-0.70710678118656,-0.707106781186535,0.));
#14742=DIRECTION('',(1.,0.,0.));
#14743=DIRECTION('center_axis',(0.,0.,-1.));
#14744=DIRECTION('ref_axis',(0.707106781186548,-0.707106781186548,0.));
#14745=DIRECTION('',(0.,1.,0.));
#14746=DIRECTION('center_axis',(0.,0.,-1.));
#14747=DIRECTION('ref_axis',(0.70710678118656,0.707106781186535,0.));
#14748=DIRECTION('',(-1.,0.,0.));
#14749=DIRECTION('center_axis',(0.,0.,-1.));
#14750=DIRECTION('ref_axis',(-0.707106781186548,0.707106781186548,0.));
#14751=DIRECTION('',(0.,-1.,0.));
#14752=DIRECTION('center_axis',(0.,0.,-1.));
#14753=DIRECTION('ref_axis',(-0.707106781186535,-0.70710678118656,0.));
#14754=DIRECTION('',(1.,0.,0.));
#14755=DIRECTION('center_axis',(0.,0.,-1.));
#14756=DIRECTION('ref_axis',(0.707106781186548,-0.707106781186548,0.));
#14757=DIRECTION('',(0.,-1.,0.));
#14758=DIRECTION('center_axis',(0.,0.,-1.));
#14759=DIRECTION('ref_axis',(-0.707106781186535,-0.70710678118656,0.));
#14760=DIRECTION('',(1.,0.,0.));
#14761=DIRECTION('center_axis',(0.,0.,-1.));
#14762=DIRECTION('ref_axis',(0.707106781186535,-0.70710678118656,0.));
#14763=DIRECTION('',(0.,1.,0.));
#14764=DIRECTION('center_axis',(0.,0.,-1.));
#14765=DIRECTION('ref_axis',(0.707106781186535,0.70710678118656,0.));
#14766=DIRECTION('',(-1.,0.,0.));
#14767=DIRECTION('center_axis',(0.,0.,-1.));
#14768=DIRECTION('ref_axis',(-0.707106781186535,0.70710678118656,0.));
#14769=DIRECTION('',(0.,1.,0.));
#14770=DIRECTION('center_axis',(0.,0.,-1.));
#14771=DIRECTION('ref_axis',(0.707106781186573,0.707106781186522,0.));
#14772=DIRECTION('',(-1.,0.,0.));
#14773=DIRECTION('center_axis',(0.,0.,-1.));
#14774=DIRECTION('ref_axis',(-0.707106781186585,0.70710678118651,0.));
#14775=DIRECTION('',(0.,-1.,0.));
#14776=DIRECTION('center_axis',(0.,0.,-1.));
#14777=DIRECTION('ref_axis',(-0.707106781186573,-0.707106781186522,0.));
#14778=DIRECTION('',(1.,0.,0.));
#14779=DIRECTION('center_axis',(0.,0.,-1.));
#14780=DIRECTION('ref_axis',(0.707106781186535,-0.70710678118656,0.));
#14781=DIRECTION('center_axis',(0.,0.,-1.));
#14782=DIRECTION('ref_axis',(0.707106781186535,-0.70710678118656,0.));
#14783=DIRECTION('',(0.,1.,0.));
#14784=DIRECTION('center_axis',(0.,0.,-1.));
#14785=DIRECTION('ref_axis',(0.707106781186522,0.707106781186573,0.));
#14786=DIRECTION('',(-1.,0.,0.));
#14787=DIRECTION('center_axis',(0.,0.,-1.));
#14788=DIRECTION('ref_axis',(-0.707106781186585,0.70710678118651,0.));
#14789=DIRECTION('',(0.,-1.,0.));
#14790=DIRECTION('center_axis',(0.,0.,-1.));
#14791=DIRECTION('ref_axis',(-0.707106781186573,-0.707106781186522,0.));
#14792=DIRECTION('',(1.,0.,0.));
#14793=DIRECTION('',(0.,1.,0.));
#14794=DIRECTION('center_axis',(0.,0.,-1.));
#14795=DIRECTION('ref_axis',(0.707106781186522,0.707106781186573,0.));
#14796=DIRECTION('',(-1.,0.,0.));
#14797=DIRECTION('center_axis',(0.,0.,-1.));
#14798=DIRECTION('ref_axis',(-0.707106781186535,0.70710678118656,0.));
#14799=DIRECTION('',(0.,-1.,0.));
#14800=DIRECTION('center_axis',(0.,0.,-1.));
#14801=DIRECTION('ref_axis',(-0.707106781186548,-0.707106781186548,0.));
#14802=DIRECTION('',(1.,0.,0.));
#14803=DIRECTION('center_axis',(0.,0.,-1.));
#14804=DIRECTION('ref_axis',(0.707106781186535,-0.70710678118656,0.));
#14805=DIRECTION('',(0.,-1.,0.));
#14806=DIRECTION('center_axis',(0.,0.,-1.));
#14807=DIRECTION('ref_axis',(1.,0.,0.));
#14808=DIRECTION('',(1.,0.,0.));
#14809=DIRECTION('center_axis',(0.,0.,-1.));
#14810=DIRECTION('ref_axis',(0.,1.,0.));
#14811=DIRECTION('',(0.,1.,0.));
#14812=DIRECTION('center_axis',(0.,0.,-1.));
#14813=DIRECTION('ref_axis',(-1.,0.,0.));
#14814=DIRECTION('',(-1.,0.,0.));
#14815=DIRECTION('center_axis',(0.,0.,-1.));
#14816=DIRECTION('ref_axis',(7.10542735760103E-14,-1.,0.));
#14817=DIRECTION('',(0.,-1.,0.));
#14818=DIRECTION('center_axis',(0.,0.,-1.));
#14819=DIRECTION('ref_axis',(1.,0.,0.));
#14820=DIRECTION('',(1.,0.,0.));
#14821=DIRECTION('center_axis',(0.,0.,-1.));
#14822=DIRECTION('ref_axis',(0.,1.,0.));
#14823=DIRECTION('',(0.,1.,0.));
#14824=DIRECTION('center_axis',(0.,0.,-1.));
#14825=DIRECTION('ref_axis',(-1.,0.,0.));
#14826=DIRECTION('',(-1.,0.,0.));
#14827=DIRECTION('center_axis',(0.,0.,-1.));
#14828=DIRECTION('ref_axis',(0.,-1.,0.));
#14829=DIRECTION('center_axis',(0.,0.,-1.));
#14830=DIRECTION('ref_axis',(0.707106781186541,-0.707106781186554,0.));
#14831=DIRECTION('',(0.,1.,0.));
#14832=DIRECTION('center_axis',(0.,0.,-1.));
#14833=DIRECTION('ref_axis',(0.707106781186548,0.707106781186548,0.));
#14834=DIRECTION('',(-1.,0.,0.));
#14835=DIRECTION('center_axis',(0.,0.,-1.));
#14836=DIRECTION('ref_axis',(-0.707106781186554,0.707106781186541,0.));
#14837=DIRECTION('',(0.,-1.,0.));
#14838=DIRECTION('center_axis',(0.,0.,-1.));
#14839=DIRECTION('ref_axis',(-0.707106781186548,-0.707106781186548,0.));
#14840=DIRECTION('',(1.,0.,0.));
#14841=DIRECTION('',(0.,1.,0.));
#14842=DIRECTION('center_axis',(0.,0.,-1.));
#14843=DIRECTION('ref_axis',(0.707106781186548,0.707106781186548,0.));
#14844=DIRECTION('',(-1.,0.,0.));
#14845=DIRECTION('center_axis',(0.,0.,-1.));
#14846=DIRECTION('ref_axis',(-0.707106781186548,0.707106781186548,0.));
#14847=DIRECTION('',(0.,-1.,0.));
#14848=DIRECTION('center_axis',(0.,0.,-1.));
#14849=DIRECTION('ref_axis',(-0.707106781186548,-0.707106781186548,0.));
#14850=DIRECTION('',(1.,0.,0.));
#14851=DIRECTION('center_axis',(0.,0.,-1.));
#14852=DIRECTION('ref_axis',(0.707106781186554,-0.707106781186541,0.));
#14853=DIRECTION('',(0.,1.,0.));
#14854=DIRECTION('center_axis',(0.,0.,-1.));
#14855=DIRECTION('ref_axis',(0.707106781186548,0.707106781186548,0.));
#14856=DIRECTION('',(-1.,0.,0.));
#14857=DIRECTION('center_axis',(0.,0.,-1.));
#14858=DIRECTION('ref_axis',(-0.707106781186548,0.707106781186548,0.));
#14859=DIRECTION('',(0.,-1.,0.));
#14860=DIRECTION('center_axis',(0.,0.,-1.));
#14861=DIRECTION('ref_axis',(-0.707106781186548,-0.707106781186548,0.));
#14862=DIRECTION('',(1.,0.,0.));
#14863=DIRECTION('center_axis',(0.,0.,-1.));
#14864=DIRECTION('ref_axis',(0.707106781186548,-0.707106781186548,0.));
#14865=DIRECTION('',(0.,1.,0.));
#14866=DIRECTION('center_axis',(0.,0.,-1.));
#14867=DIRECTION('ref_axis',(0.707106781186548,0.707106781186548,0.));
#14868=DIRECTION('',(-1.,0.,0.));
#14869=DIRECTION('center_axis',(0.,0.,-1.));
#14870=DIRECTION('ref_axis',(-0.707106781186535,0.70710678118656,0.));
#14871=DIRECTION('',(0.,-1.,0.));
#14872=DIRECTION('center_axis',(0.,0.,-1.));
#14873=DIRECTION('ref_axis',(-0.707106781186548,-0.707106781186548,0.));
#14874=DIRECTION('',(1.,0.,0.));
#14875=DIRECTION('center_axis',(0.,0.,-1.));
#14876=DIRECTION('ref_axis',(0.707106781186548,-0.707106781186548,0.));
#14877=DIRECTION('',(0.,1.,0.));
#14878=DIRECTION('center_axis',(0.,0.,-1.));
#14879=DIRECTION('ref_axis',(0.707106781186548,0.707106781186548,0.));
#14880=DIRECTION('',(-1.,0.,0.));
#14881=DIRECTION('center_axis',(0.,0.,-1.));
#14882=DIRECTION('ref_axis',(-0.707106781186535,0.70710678118656,0.));
#14883=DIRECTION('',(0.,-1.,0.));
#14884=DIRECTION('center_axis',(0.,0.,-1.));
#14885=DIRECTION('ref_axis',(-0.707106781186548,-0.707106781186548,0.));
#14886=DIRECTION('',(1.,0.,0.));
#14887=DIRECTION('center_axis',(0.,0.,-1.));
#14888=DIRECTION('ref_axis',(0.707106781186535,-0.70710678118656,0.));
#14889=DIRECTION('',(0.,1.,0.));
#14890=DIRECTION('center_axis',(0.,0.,-1.));
#14891=DIRECTION('ref_axis',(0.70710678118656,0.707106781186535,0.));
#14892=DIRECTION('',(-1.,0.,0.));
#14893=DIRECTION('center_axis',(0.,0.,-1.));
#14894=DIRECTION('ref_axis',(-0.707106781186535,0.70710678118656,0.));
#14895=DIRECTION('',(0.,-1.,0.));
#14896=DIRECTION('center_axis',(0.,0.,-1.));
#14897=DIRECTION('ref_axis',(-0.707106781186548,-0.707106781186548,0.));
#14898=DIRECTION('',(1.,0.,0.));
#14899=DIRECTION('center_axis',(0.,0.,-1.));
#14900=DIRECTION('ref_axis',(0.70710678118656,-0.707106781186535,0.));
#14901=DIRECTION('',(0.,1.,0.));
#14902=DIRECTION('center_axis',(0.,0.,-1.));
#14903=DIRECTION('ref_axis',(0.707106781186548,0.707106781186548,0.));
#14904=DIRECTION('',(-1.,0.,0.));
#14905=DIRECTION('center_axis',(0.,0.,-1.));
#14906=DIRECTION('ref_axis',(-0.707106781186535,0.70710678118656,0.));
#14907=DIRECTION('',(0.,-1.,0.));
#14908=DIRECTION('center_axis',(0.,0.,-1.));
#14909=DIRECTION('ref_axis',(-0.707106781186548,-0.707106781186548,0.));
#14910=DIRECTION('',(1.,0.,0.));
#14911=DIRECTION('center_axis',(0.,0.,-1.));
#14912=DIRECTION('ref_axis',(0.70710678118656,-0.707106781186535,0.));
#14913=DIRECTION('',(0.,1.,0.));
#14914=DIRECTION('center_axis',(0.,0.,-1.));
#14915=DIRECTION('ref_axis',(0.707106781186548,0.707106781186548,0.));
#14916=DIRECTION('',(-1.,0.,0.));
#14917=DIRECTION('center_axis',(0.,0.,-1.));
#14918=DIRECTION('ref_axis',(-0.707106781186535,0.70710678118656,0.));
#14919=DIRECTION('',(0.,-1.,0.));
#14920=DIRECTION('center_axis',(0.,0.,-1.));
#14921=DIRECTION('ref_axis',(-0.707106781186522,-0.707106781186573,0.));
#14922=DIRECTION('',(1.,0.,0.));
#14923=DIRECTION('center_axis',(0.,0.,-1.));
#14924=DIRECTION('ref_axis',(0.70710678118656,-0.707106781186535,0.));
#14925=DIRECTION('',(0.,1.,0.));
#14926=DIRECTION('center_axis',(0.,0.,-1.));
#14927=DIRECTION('ref_axis',(0.707106781186522,0.707106781186573,0.));
#14928=DIRECTION('',(-1.,0.,0.));
#14929=DIRECTION('center_axis',(0.,0.,-1.));
#14930=DIRECTION('ref_axis',(-0.707106781186535,0.70710678118656,0.));
#14931=DIRECTION('',(0.,-1.,0.));
#14932=DIRECTION('center_axis',(0.,0.,-1.));
#14933=DIRECTION('ref_axis',(-0.707106781186548,-0.707106781186548,0.));
#14934=DIRECTION('',(1.,0.,0.));
#14935=DIRECTION('center_axis',(0.,0.,-1.));
#14936=DIRECTION('ref_axis',(0.707106781186535,-0.70710678118656,0.));
#14937=DIRECTION('',(0.,1.,0.));
#14938=DIRECTION('center_axis',(0.,0.,-1.));
#14939=DIRECTION('ref_axis',(0.707106781186522,0.707106781186573,0.));
#14940=DIRECTION('',(-1.,0.,0.));
#14941=DIRECTION('center_axis',(0.,0.,-1.));
#14942=DIRECTION('ref_axis',(-0.707106781186535,0.70710678118656,0.));
#14943=DIRECTION('',(0.,-1.,0.));
#14944=DIRECTION('center_axis',(0.,0.,-1.));
#14945=DIRECTION('ref_axis',(-0.707106781186548,-0.707106781186548,0.));
#14946=DIRECTION('',(1.,0.,0.));
#14947=DIRECTION('center_axis',(0.,0.,-1.));
#14948=DIRECTION('ref_axis',(0.707106781186535,-0.70710678118656,0.));
#14949=DIRECTION('',(0.,1.,0.));
#14950=DIRECTION('center_axis',(0.,0.,-1.));
#14951=DIRECTION('ref_axis',(0.707106781186548,0.707106781186548,0.));
#14952=DIRECTION('',(-1.,0.,0.));
#14953=DIRECTION('center_axis',(0.,0.,-1.));
#14954=DIRECTION('ref_axis',(-0.707106781186535,0.70710678118656,0.));
#14955=DIRECTION('',(0.,-1.,0.));
#14956=DIRECTION('center_axis',(0.,0.,-1.));
#14957=DIRECTION('ref_axis',(-0.707106781186522,-0.707106781186573,0.));
#14958=DIRECTION('',(1.,0.,0.));
#14959=DIRECTION('center_axis',(0.,0.,-1.));
#14960=DIRECTION('ref_axis',(0.707106781186535,-0.70710678118656,0.));
#14961=DIRECTION('',(0.,1.,0.));
#14962=DIRECTION('center_axis',(0.,0.,-1.));
#14963=DIRECTION('ref_axis',(0.707106781186522,0.707106781186573,0.));
#14964=DIRECTION('',(-1.,0.,0.));
#14965=DIRECTION('center_axis',(0.,0.,-1.));
#14966=DIRECTION('ref_axis',(-0.707106781186535,0.70710678118656,0.));
#14967=DIRECTION('',(0.,-1.,0.));
#14968=DIRECTION('center_axis',(0.,0.,-1.));
#14969=DIRECTION('ref_axis',(-0.707106781186548,-0.707106781186548,0.));
#14970=DIRECTION('',(1.,0.,0.));
#14971=DIRECTION('center_axis',(0.,0.,-1.));
#14972=DIRECTION('ref_axis',(0.707106781186535,-0.70710678118656,0.));
#14973=DIRECTION('center_axis',(0.,0.,1.));
#14974=DIRECTION('ref_axis',(0.707106781186573,-0.707106781186522,0.));
#14975=DIRECTION('',(0.,0.,1.));
#14976=DIRECTION('',(0.,0.,-1.));
#14977=DIRECTION('center_axis',(0.,1.,0.));
#14978=DIRECTION('ref_axis',(-1.,0.,0.));
#14979=DIRECTION('',(0.,0.,-1.));
#14980=DIRECTION('center_axis',(0.,0.,-1.));
#14981=DIRECTION('ref_axis',(-0.707106781186548,-0.707106781186548,0.));
#14982=DIRECTION('',(0.,0.,1.));
#14983=DIRECTION('center_axis',(0.,0.,1.));
#14984=DIRECTION('ref_axis',(-0.707106781186598,0.707106781186497,0.));
#14985=DIRECTION('',(0.,0.,1.));
#14986=DIRECTION('',(0.,0.,-1.));
#14987=DIRECTION('center_axis',(0.,-1.,0.));
#14988=DIRECTION('ref_axis',(1.,0.,0.));
#14989=DIRECTION('',(0.,0.,-1.));
#14990=DIRECTION('center_axis',(0.,0.,-1.));
#14991=DIRECTION('ref_axis',(0.707106781186573,0.707106781186522,0.));
#14992=DIRECTION('',(0.,0.,1.));
#14993=DIRECTION('center_axis',(0.,0.,1.));
#14994=DIRECTION('ref_axis',(0.707106781186573,-0.707106781186522,0.));
#14995=DIRECTION('',(0.,0.,1.));
#14996=DIRECTION('',(0.,0.,-1.));
#14997=DIRECTION('center_axis',(0.,1.,0.));
#14998=DIRECTION('ref_axis',(-1.,0.,0.));
#14999=DIRECTION('',(0.,0.,-1.));
#15000=DIRECTION('center_axis',(0.,0.,-1.));
#15001=DIRECTION('ref_axis',(-0.707106781186522,-0.707106781186573,0.));
#15002=DIRECTION('',(0.,0.,1.));
#15003=DIRECTION('center_axis',(0.,0.,1.));
#15004=DIRECTION('ref_axis',(-0.707106781186548,0.707106781186548,0.));
#15005=DIRECTION('',(0.,0.,1.));
#15006=DIRECTION('',(0.,0.,-1.));
#15007=DIRECTION('center_axis',(0.,-1.,0.));
#15008=DIRECTION('ref_axis',(1.,0.,0.));
#15009=DIRECTION('',(0.,0.,-1.));
#15010=DIRECTION('center_axis',(0.,0.,-1.));
#15011=DIRECTION('ref_axis',(0.707106781186573,0.707106781186522,0.));
#15012=DIRECTION('',(0.,0.,1.));
#15013=DIRECTION('center_axis',(0.,0.,1.));
#15014=DIRECTION('ref_axis',(0.707106781186522,-0.707106781186573,0.));
#15015=DIRECTION('',(0.,0.,1.));
#15016=DIRECTION('',(0.,0.,-1.));
#15017=DIRECTION('center_axis',(0.,1.,0.));
#15018=DIRECTION('ref_axis',(-1.,0.,0.));
#15019=DIRECTION('',(0.,0.,-1.));
#15020=DIRECTION('center_axis',(0.,0.,-1.));
#15021=DIRECTION('ref_axis',(-0.707106781186522,-0.707106781186573,0.));
#15022=DIRECTION('',(0.,0.,1.));
#15023=DIRECTION('center_axis',(0.,0.,1.));
#15024=DIRECTION('ref_axis',(-0.707106781186548,0.707106781186548,0.));
#15025=DIRECTION('',(0.,0.,1.));
#15026=DIRECTION('',(0.,0.,-1.));
#15027=DIRECTION('center_axis',(0.,-1.,0.));
#15028=DIRECTION('ref_axis',(1.,0.,0.));
#15029=DIRECTION('',(0.,0.,-1.));
#15030=DIRECTION('center_axis',(0.,0.,-1.));
#15031=DIRECTION('ref_axis',(0.707106781186548,0.707106781186548,0.));
#15032=DIRECTION('',(0.,0.,1.));
#15033=DIRECTION('center_axis',(0.,0.,1.));
#15034=DIRECTION('ref_axis',(0.707106781186522,-0.707106781186573,0.));
#15035=DIRECTION('',(0.,0.,1.));
#15036=DIRECTION('',(0.,0.,-1.));
#15037=DIRECTION('center_axis',(0.,1.,0.));
#15038=DIRECTION('ref_axis',(-1.,0.,0.));
#15039=DIRECTION('',(0.,0.,-1.));
#15040=DIRECTION('center_axis',(0.,0.,-1.));
#15041=DIRECTION('ref_axis',(-0.707106781186548,-0.707106781186548,0.));
#15042=DIRECTION('',(0.,0.,1.));
#15043=DIRECTION('center_axis',(0.,0.,1.));
#15044=DIRECTION('ref_axis',(-0.707106781186548,0.707106781186548,0.));
#15045=DIRECTION('',(0.,0.,1.));
#15046=DIRECTION('',(0.,0.,-1.));
#15047=DIRECTION('center_axis',(0.,-1.,0.));
#15048=DIRECTION('ref_axis',(1.,0.,0.));
#15049=DIRECTION('',(0.,0.,-1.));
#15050=DIRECTION('center_axis',(0.,0.,-1.));
#15051=DIRECTION('ref_axis',(0.707106781186548,0.707106781186548,0.));
#15052=DIRECTION('',(0.,0.,1.));
#15053=DIRECTION('center_axis',(0.,0.,1.));
#15054=DIRECTION('ref_axis',(0.707106781186573,-0.707106781186522,0.));
#15055=DIRECTION('',(0.,0.,1.));
#15056=DIRECTION('',(0.,0.,-1.));
#15057=DIRECTION('center_axis',(0.,1.,0.));
#15058=DIRECTION('ref_axis',(-1.,0.,0.));
#15059=DIRECTION('',(0.,0.,-1.));
#15060=DIRECTION('center_axis',(0.,0.,-1.));
#15061=DIRECTION('ref_axis',(-0.707106781186548,-0.707106781186548,0.));
#15062=DIRECTION('',(0.,0.,1.));
#15063=DIRECTION('center_axis',(0.,0.,1.));
#15064=DIRECTION('ref_axis',(-0.707106781186548,0.707106781186548,0.));
#15065=DIRECTION('',(0.,0.,1.));
#15066=DIRECTION('',(0.,0.,-1.));
#15067=DIRECTION('center_axis',(0.,-1.,0.));
#15068=DIRECTION('ref_axis',(1.,0.,0.));
#15069=DIRECTION('',(0.,0.,-1.));
#15070=DIRECTION('center_axis',(0.,0.,-1.));
#15071=DIRECTION('ref_axis',(0.707106781186573,0.707106781186522,0.));
#15072=DIRECTION('',(0.,0.,1.));
#15073=DIRECTION('center_axis',(0.,0.,1.));
#15074=DIRECTION('ref_axis',(0.707106781186548,-0.707106781186548,0.));
#15075=DIRECTION('',(0.,0.,1.));
#15076=DIRECTION('',(0.,0.,-1.));
#15077=DIRECTION('center_axis',(0.,1.,0.));
#15078=DIRECTION('ref_axis',(-1.,0.,0.));
#15079=DIRECTION('',(0.,0.,-1.));
#15080=DIRECTION('center_axis',(0.,0.,-1.));
#15081=DIRECTION('ref_axis',(-0.707106781186522,-0.707106781186573,0.));
#15082=DIRECTION('',(0.,0.,1.));
#15083=DIRECTION('center_axis',(0.,0.,1.));
#15084=DIRECTION('ref_axis',(-0.707106781186548,0.707106781186548,0.));
#15085=DIRECTION('',(0.,0.,1.));
#15086=DIRECTION('',(0.,0.,-1.));
#15087=DIRECTION('center_axis',(0.,-1.,0.));
#15088=DIRECTION('ref_axis',(1.,0.,0.));
#15089=DIRECTION('',(0.,0.,-1.));
#15090=DIRECTION('center_axis',(0.,0.,-1.));
#15091=DIRECTION('ref_axis',(0.707106781186548,0.707106781186548,0.));
#15092=DIRECTION('',(0.,0.,1.));
#15093=DIRECTION('center_axis',(0.,0.,1.));
#15094=DIRECTION('ref_axis',(0.707106781186548,-0.707106781186548,0.));
#15095=DIRECTION('',(0.,0.,1.));
#15096=DIRECTION('',(0.,0.,-1.));
#15097=DIRECTION('center_axis',(0.,1.,0.));
#15098=DIRECTION('ref_axis',(-1.,0.,0.));
#15099=DIRECTION('',(0.,0.,-1.));
#15100=DIRECTION('center_axis',(0.,0.,-1.));
#15101=DIRECTION('ref_axis',(-0.707106781186548,-0.707106781186548,0.));
#15102=DIRECTION('',(0.,0.,1.));
#15103=DIRECTION('center_axis',(0.,0.,1.));
#15104=DIRECTION('ref_axis',(-0.707106781186573,0.707106781186522,0.));
#15105=DIRECTION('',(0.,0.,1.));
#15106=DIRECTION('',(0.,0.,-1.));
#15107=DIRECTION('center_axis',(0.,-1.,0.));
#15108=DIRECTION('ref_axis',(1.,0.,0.));
#15109=DIRECTION('',(0.,0.,-1.));
#15110=DIRECTION('center_axis',(0.,0.,-1.));
#15111=DIRECTION('ref_axis',(0.707106781186548,0.707106781186548,0.));
#15112=DIRECTION('',(0.,0.,1.));
#15113=DIRECTION('center_axis',(0.,0.,1.));
#15114=DIRECTION('ref_axis',(0.707106781186548,-0.707106781186548,0.));
#15115=DIRECTION('',(0.,0.,1.));
#15116=DIRECTION('',(0.,0.,-1.));
#15117=DIRECTION('center_axis',(0.,1.,0.));
#15118=DIRECTION('ref_axis',(-1.,0.,0.));
#15119=DIRECTION('',(0.,0.,-1.));
#15120=DIRECTION('center_axis',(0.,0.,-1.));
#15121=DIRECTION('ref_axis',(-0.707106781186548,-0.707106781186548,0.));
#15122=DIRECTION('',(0.,0.,1.));
#15123=DIRECTION('center_axis',(0.,0.,1.));
#15124=DIRECTION('ref_axis',(-0.707106781186573,0.707106781186522,0.));
#15125=DIRECTION('',(0.,0.,1.));
#15126=DIRECTION('',(0.,0.,-1.));
#15127=DIRECTION('center_axis',(0.,-1.,0.));
#15128=DIRECTION('ref_axis',(1.,0.,0.));
#15129=DIRECTION('',(0.,0.,-1.));
#15130=DIRECTION('center_axis',(0.,0.,-1.));
#15131=DIRECTION('ref_axis',(0.707106781186548,0.707106781186548,0.));
#15132=DIRECTION('',(0.,0.,1.));
#15133=DIRECTION('center_axis',(0.,0.,1.));
#15134=DIRECTION('ref_axis',(0.707106781186548,-0.707106781186548,0.));
#15135=DIRECTION('',(0.,0.,1.));
#15136=DIRECTION('',(0.,0.,-1.));
#15137=DIRECTION('center_axis',(0.,1.,0.));
#15138=DIRECTION('ref_axis',(-1.,0.,0.));
#15139=DIRECTION('',(0.,0.,-1.));
#15140=DIRECTION('center_axis',(0.,0.,-1.));
#15141=DIRECTION('ref_axis',(-0.707106781186548,-0.707106781186548,0.));
#15142=DIRECTION('',(0.,0.,1.));
#15143=DIRECTION('center_axis',(0.,0.,1.));
#15144=DIRECTION('ref_axis',(-0.707106781186548,0.707106781186548,0.));
#15145=DIRECTION('',(0.,0.,1.));
#15146=DIRECTION('',(0.,0.,-1.));
#15147=DIRECTION('center_axis',(0.,-1.,0.));
#15148=DIRECTION('ref_axis',(1.,0.,0.));
#15149=DIRECTION('',(0.,0.,-1.));
#15150=DIRECTION('center_axis',(0.,0.,-1.));
#15151=DIRECTION('ref_axis',(0.707106781186548,0.707106781186548,0.));
#15152=DIRECTION('',(0.,0.,1.));
#15153=DIRECTION('center_axis',(0.,0.,1.));
#15154=DIRECTION('ref_axis',(0.707106781186548,-0.707106781186548,0.));
#15155=DIRECTION('',(0.,0.,1.));
#15156=DIRECTION('',(0.,0.,-1.));
#15157=DIRECTION('center_axis',(0.,1.,0.));
#15158=DIRECTION('ref_axis',(-1.,0.,0.));
#15159=DIRECTION('',(0.,0.,-1.));
#15160=DIRECTION('center_axis',(0.,0.,-1.));
#15161=DIRECTION('ref_axis',(-0.707106781186548,-0.707106781186548,0.));
#15162=DIRECTION('',(0.,0.,1.));
#15163=DIRECTION('center_axis',(0.,0.,1.));
#15164=DIRECTION('ref_axis',(-0.70710678118656,0.707106781186535,0.));
#15165=DIRECTION('',(0.,0.,1.));
#15166=DIRECTION('',(0.,0.,-1.));
#15167=DIRECTION('center_axis',(0.,-1.,0.));
#15168=DIRECTION('ref_axis',(1.,0.,0.));
#15169=DIRECTION('',(0.,0.,-1.));
#15170=DIRECTION('center_axis',(0.,0.,-1.));
#15171=DIRECTION('ref_axis',(0.707106781186548,0.707106781186548,0.));
#15172=DIRECTION('',(0.,0.,1.));
#15173=DIRECTION('center_axis',(0.,0.,1.));
#15174=DIRECTION('ref_axis',(0.707106781186548,-0.707106781186548,0.));
#15175=DIRECTION('',(0.,0.,1.));
#15176=DIRECTION('',(0.,0.,-1.));
#15177=DIRECTION('center_axis',(0.,1.,0.));
#15178=DIRECTION('ref_axis',(-1.,0.,0.));
#15179=DIRECTION('',(0.,0.,-1.));
#15180=DIRECTION('center_axis',(0.,0.,-1.));
#15181=DIRECTION('ref_axis',(-0.707106781186548,-0.707106781186548,0.));
#15182=DIRECTION('',(0.,0.,1.));
#15183=DIRECTION('center_axis',(0.,0.,1.));
#15184=DIRECTION('ref_axis',(-0.70710678118656,0.707106781186535,0.));
#15185=DIRECTION('',(0.,0.,1.));
#15186=DIRECTION('',(0.,0.,-1.));
#15187=DIRECTION('center_axis',(0.,-1.,0.));
#15188=DIRECTION('ref_axis',(1.,0.,0.));
#15189=DIRECTION('',(0.,0.,-1.));
#15190=DIRECTION('center_axis',(0.,0.,-1.));
#15191=DIRECTION('ref_axis',(0.707106781186548,0.707106781186548,0.));
#15192=DIRECTION('',(0.,0.,1.));
#15193=DIRECTION('center_axis',(0.,0.,1.));
#15194=DIRECTION('ref_axis',(0.707106781186541,-0.707106781186554,0.));
#15195=DIRECTION('',(0.,0.,1.));
#15196=DIRECTION('',(0.,0.,-1.));
#15197=DIRECTION('center_axis',(0.,1.,0.));
#15198=DIRECTION('ref_axis',(-1.,0.,0.));
#15199=DIRECTION('',(0.,0.,-1.));
#15200=DIRECTION('center_axis',(0.,0.,-1.));
#15201=DIRECTION('ref_axis',(-0.707106781186548,-0.707106781186548,0.));
#15202=DIRECTION('',(0.,0.,1.));
#15203=DIRECTION('center_axis',(0.,0.,1.));
#15204=DIRECTION('ref_axis',(-0.707106781186566,0.707106781186529,0.));
#15205=DIRECTION('',(0.,0.,1.));
#15206=DIRECTION('',(0.,0.,-1.));
#15207=DIRECTION('center_axis',(0.,-1.,0.));
#15208=DIRECTION('ref_axis',(1.,0.,0.));
#15209=DIRECTION('',(0.,0.,-1.));
#15210=DIRECTION('center_axis',(0.,0.,-1.));
#15211=DIRECTION('ref_axis',(0.707106781186548,0.707106781186548,0.));
#15212=DIRECTION('',(0.,0.,1.));
#15213=DIRECTION('center_axis',(0.,0.,1.));
#15214=DIRECTION('ref_axis',(0.707106781186544,-0.707106781186551,0.));
#15215=DIRECTION('',(0.,0.,1.));
#15216=DIRECTION('',(0.,0.,-1.));
#15217=DIRECTION('center_axis',(0.,1.,0.));
#15218=DIRECTION('ref_axis',(-1.,0.,0.));
#15219=DIRECTION('',(0.,0.,-1.));
#15220=DIRECTION('center_axis',(0.,0.,-1.));
#15221=DIRECTION('ref_axis',(-0.707106781186548,-0.707106781186548,0.));
#15222=DIRECTION('',(0.,0.,1.));
#15223=DIRECTION('center_axis',(0.,0.,1.));
#15224=DIRECTION('ref_axis',(-0.707106781186566,0.707106781186529,0.));
#15225=DIRECTION('',(0.,0.,1.));
#15226=DIRECTION('',(0.,0.,-1.));
#15227=DIRECTION('center_axis',(0.,-1.,0.));
#15228=DIRECTION('ref_axis',(1.,0.,0.));
#15229=DIRECTION('',(0.,0.,-1.));
#15230=DIRECTION('center_axis',(0.,0.,-1.));
#15231=DIRECTION('ref_axis',(0.707106781186548,0.707106781186548,0.));
#15232=DIRECTION('',(0.,0.,1.));
#15233=DIRECTION('center_axis',(0.,0.,-1.));
#15234=DIRECTION('ref_axis',(0.707106781186544,-0.707106781186551,0.));
#15235=DIRECTION('',(0.,0.,-1.));
#15236=DIRECTION('',(0.,0.,1.));
#15237=DIRECTION('center_axis',(-1.,0.,0.));
#15238=DIRECTION('ref_axis',(0.,-1.,0.));
#15239=DIRECTION('',(0.,0.,1.));
#15240=DIRECTION('center_axis',(0.,0.,1.));
#15241=DIRECTION('ref_axis',(-0.707106781186548,-0.707106781186548,0.));
#15242=DIRECTION('',(0.,0.,1.));
#15243=DIRECTION('',(0.,0.,-1.));
#15244=DIRECTION('center_axis',(1.,0.,0.));
#15245=DIRECTION('ref_axis',(0.,1.,0.));
#15246=DIRECTION('',(0.,0.,-1.));
#15247=DIRECTION('center_axis',(0.,0.,1.));
#15248=DIRECTION('ref_axis',(-0.707106781186566,0.707106781186529,0.));
#15249=DIRECTION('',(0.,0.,1.));
#15250=DIRECTION('center_axis',(0.,-1.,0.));
#15251=DIRECTION('ref_axis',(1.,0.,0.));
#15252=DIRECTION('',(0.,0.,-1.));
#15253=DIRECTION('center_axis',(0.,0.,1.));
#15254=DIRECTION('ref_axis',(0.707106781186548,0.707106781186548,0.));
#15255=DIRECTION('center_axis',(-1.,0.,0.));
#15256=DIRECTION('ref_axis',(0.,-1.,0.));
#15257=DIRECTION('center_axis',(1.,0.,0.));
#15258=DIRECTION('ref_axis',(0.,1.,0.));
#15259=DIRECTION('center_axis',(-1.,0.,0.));
#15260=DIRECTION('ref_axis',(0.,-1.,0.));
#15261=DIRECTION('center_axis',(1.,0.,0.));
#15262=DIRECTION('ref_axis',(0.,1.,0.));
#15263=DIRECTION('center_axis',(-1.,0.,0.));
#15264=DIRECTION('ref_axis',(0.,-1.,0.));
#15265=DIRECTION('center_axis',(1.,0.,0.));
#15266=DIRECTION('ref_axis',(0.,1.,0.));
#15267=DIRECTION('center_axis',(-1.,0.,0.));
#15268=DIRECTION('ref_axis',(0.,-1.,0.));
#15269=DIRECTION('center_axis',(1.,0.,0.));
#15270=DIRECTION('ref_axis',(0.,1.,0.));
#15271=DIRECTION('center_axis',(-1.,0.,0.));
#15272=DIRECTION('ref_axis',(0.,-1.,0.));
#15273=DIRECTION('center_axis',(1.,0.,0.));
#15274=DIRECTION('ref_axis',(0.,1.,0.));
#15275=DIRECTION('center_axis',(-1.,0.,0.));
#15276=DIRECTION('ref_axis',(0.,-1.,0.));
#15277=DIRECTION('center_axis',(1.,0.,0.));
#15278=DIRECTION('ref_axis',(0.,1.,0.));
#15279=DIRECTION('center_axis',(-1.,0.,0.));
#15280=DIRECTION('ref_axis',(0.,-1.,0.));
#15281=DIRECTION('center_axis',(1.,0.,0.));
#15282=DIRECTION('ref_axis',(0.,1.,0.));
#15283=DIRECTION('center_axis',(-1.,0.,0.));
#15284=DIRECTION('ref_axis',(0.,-1.,0.));
#15285=DIRECTION('center_axis',(1.,0.,0.));
#15286=DIRECTION('ref_axis',(0.,1.,0.));
#15287=DIRECTION('center_axis',(-1.,0.,0.));
#15288=DIRECTION('ref_axis',(0.,-1.,0.));
#15289=DIRECTION('center_axis',(1.,0.,0.));
#15290=DIRECTION('ref_axis',(0.,1.,0.));
#15291=DIRECTION('center_axis',(-1.,0.,0.));
#15292=DIRECTION('ref_axis',(0.,-1.,0.));
#15293=DIRECTION('center_axis',(1.,0.,0.));
#15294=DIRECTION('ref_axis',(0.,1.,0.));
#15295=DIRECTION('center_axis',(-1.,0.,0.));
#15296=DIRECTION('ref_axis',(0.,-1.,0.));
#15297=DIRECTION('center_axis',(1.,0.,0.));
#15298=DIRECTION('ref_axis',(0.,1.,0.));
#15299=DIRECTION('center_axis',(-1.,0.,0.));
#15300=DIRECTION('ref_axis',(0.,-1.,0.));
#15301=DIRECTION('center_axis',(1.,0.,0.));
#15302=DIRECTION('ref_axis',(0.,1.,0.));
#15303=DIRECTION('center_axis',(-1.,0.,0.));
#15304=DIRECTION('ref_axis',(0.,-1.,0.));
#15305=DIRECTION('center_axis',(1.,0.,0.));
#15306=DIRECTION('ref_axis',(0.,1.,0.));
#15307=DIRECTION('center_axis',(0.,0.,1.));
#15308=DIRECTION('ref_axis',(0.707106781186535,-0.70710678118656,0.));
#15309=DIRECTION('',(0.,0.,1.));
#15310=DIRECTION('',(0.,0.,-1.));
#15311=DIRECTION('center_axis',(0.,1.,0.));
#15312=DIRECTION('ref_axis',(-1.,0.,0.));
#15313=DIRECTION('',(0.,0.,-1.));
#15314=DIRECTION('center_axis',(0.,0.,-1.));
#15315=DIRECTION('ref_axis',(-0.707106781186548,-0.707106781186548,0.));
#15316=DIRECTION('',(0.,0.,1.));
#15317=DIRECTION('center_axis',(0.,0.,1.));
#15318=DIRECTION('ref_axis',(-0.707106781186535,0.70710678118656,0.));
#15319=DIRECTION('',(0.,0.,1.));
#15320=DIRECTION('',(0.,0.,-1.));
#15321=DIRECTION('center_axis',(0.,-1.,0.));
#15322=DIRECTION('ref_axis',(1.,0.,0.));
#15323=DIRECTION('',(0.,0.,-1.));
#15324=DIRECTION('center_axis',(0.,0.,-1.));
#15325=DIRECTION('ref_axis',(0.707106781186522,0.707106781186573,0.));
#15326=DIRECTION('',(0.,0.,1.));
#15327=DIRECTION('center_axis',(0.,0.,1.));
#15328=DIRECTION('ref_axis',(0.707106781186535,-0.70710678118656,0.));
#15329=DIRECTION('',(0.,0.,1.));
#15330=DIRECTION('',(0.,0.,-1.));
#15331=DIRECTION('center_axis',(0.,1.,0.));
#15332=DIRECTION('ref_axis',(-1.,0.,0.));
#15333=DIRECTION('',(0.,0.,-1.));
#15334=DIRECTION('center_axis',(0.,0.,-1.));
#15335=DIRECTION('ref_axis',(-0.707106781186522,-0.707106781186573,0.));
#15336=DIRECTION('',(0.,0.,1.));
#15337=DIRECTION('center_axis',(0.,0.,1.));
#15338=DIRECTION('ref_axis',(-0.707106781186535,0.70710678118656,0.));
#15339=DIRECTION('',(0.,0.,1.));
#15340=DIRECTION('',(0.,0.,-1.));
#15341=DIRECTION('center_axis',(0.,-1.,0.));
#15342=DIRECTION('ref_axis',(1.,0.,0.));
#15343=DIRECTION('',(0.,0.,-1.));
#15344=DIRECTION('center_axis',(0.,0.,-1.));
#15345=DIRECTION('ref_axis',(0.707106781186548,0.707106781186548,0.));
#15346=DIRECTION('',(0.,0.,1.));
#15347=DIRECTION('center_axis',(0.,0.,1.));
#15348=DIRECTION('ref_axis',(0.707106781186535,-0.70710678118656,0.));
#15349=DIRECTION('',(0.,0.,1.));
#15350=DIRECTION('',(0.,0.,-1.));
#15351=DIRECTION('center_axis',(0.,1.,0.));
#15352=DIRECTION('ref_axis',(-1.,0.,0.));
#15353=DIRECTION('',(0.,0.,-1.));
#15354=DIRECTION('center_axis',(0.,0.,-1.));
#15355=DIRECTION('ref_axis',(-0.707106781186522,-0.707106781186573,0.));
#15356=DIRECTION('',(0.,0.,1.));
#15357=DIRECTION('center_axis',(0.,0.,1.));
#15358=DIRECTION('ref_axis',(-0.707106781186535,0.70710678118656,0.));
#15359=DIRECTION('',(0.,0.,1.));
#15360=DIRECTION('',(0.,0.,-1.));
#15361=DIRECTION('center_axis',(0.,-1.,0.));
#15362=DIRECTION('ref_axis',(1.,0.,0.));
#15363=DIRECTION('',(0.,0.,-1.));
#15364=DIRECTION('center_axis',(0.,0.,-1.));
#15365=DIRECTION('ref_axis',(0.707106781186522,0.707106781186573,0.));
#15366=DIRECTION('',(0.,0.,1.));
#15367=DIRECTION('center_axis',(0.,0.,1.));
#15368=DIRECTION('ref_axis',(0.707106781186535,-0.70710678118656,0.));
#15369=DIRECTION('',(0.,0.,1.));
#15370=DIRECTION('',(0.,0.,-1.));
#15371=DIRECTION('center_axis',(0.,1.,0.));
#15372=DIRECTION('ref_axis',(-1.,0.,0.));
#15373=DIRECTION('',(0.,0.,-1.));
#15374=DIRECTION('center_axis',(0.,0.,-1.));
#15375=DIRECTION('ref_axis',(-0.707106781186548,-0.707106781186548,0.));
#15376=DIRECTION('',(0.,0.,1.));
#15377=DIRECTION('center_axis',(0.,0.,1.));
#15378=DIRECTION('ref_axis',(-0.707106781186535,0.70710678118656,0.));
#15379=DIRECTION('',(0.,0.,1.));
#15380=DIRECTION('',(0.,0.,-1.));
#15381=DIRECTION('center_axis',(0.,-1.,0.));
#15382=DIRECTION('ref_axis',(1.,0.,0.));
#15383=DIRECTION('',(0.,0.,-1.));
#15384=DIRECTION('center_axis',(0.,0.,-1.));
#15385=DIRECTION('ref_axis',(0.707106781186548,0.707106781186548,0.));
#15386=DIRECTION('',(0.,0.,1.));
#15387=DIRECTION('center_axis',(0.,0.,1.));
#15388=DIRECTION('ref_axis',(0.707106781186535,-0.70710678118656,0.));
#15389=DIRECTION('',(0.,0.,1.));
#15390=DIRECTION('',(0.,0.,-1.));
#15391=DIRECTION('center_axis',(0.,1.,0.));
#15392=DIRECTION('ref_axis',(-1.,0.,0.));
#15393=DIRECTION('',(0.,0.,-1.));
#15394=DIRECTION('center_axis',(0.,0.,-1.));
#15395=DIRECTION('ref_axis',(-0.707106781186548,-0.707106781186548,0.));
#15396=DIRECTION('',(0.,0.,1.));
#15397=DIRECTION('center_axis',(0.,0.,1.));
#15398=DIRECTION('ref_axis',(-0.707106781186535,0.70710678118656,0.));
#15399=DIRECTION('',(0.,0.,1.));
#15400=DIRECTION('',(0.,0.,-1.));
#15401=DIRECTION('center_axis',(0.,-1.,0.));
#15402=DIRECTION('ref_axis',(1.,0.,0.));
#15403=DIRECTION('',(0.,0.,-1.));
#15404=DIRECTION('center_axis',(0.,0.,-1.));
#15405=DIRECTION('ref_axis',(0.707106781186548,0.707106781186548,0.));
#15406=DIRECTION('',(0.,0.,1.));
#15407=DIRECTION('center_axis',(0.,0.,1.));
#15408=DIRECTION('ref_axis',(0.70710678118656,-0.707106781186535,0.));
#15409=DIRECTION('',(0.,0.,1.));
#15410=DIRECTION('',(0.,0.,-1.));
#15411=DIRECTION('center_axis',(0.,1.,0.));
#15412=DIRECTION('ref_axis',(-1.,0.,0.));
#15413=DIRECTION('',(0.,0.,-1.));
#15414=DIRECTION('center_axis',(0.,0.,-1.));
#15415=DIRECTION('ref_axis',(-0.707106781186548,-0.707106781186548,0.));
#15416=DIRECTION('',(0.,0.,1.));
#15417=DIRECTION('center_axis',(0.,0.,1.));
#15418=DIRECTION('ref_axis',(-0.707106781186535,0.70710678118656,0.));
#15419=DIRECTION('',(0.,0.,1.));
#15420=DIRECTION('',(0.,0.,-1.));
#15421=DIRECTION('center_axis',(0.,-1.,0.));
#15422=DIRECTION('ref_axis',(1.,0.,0.));
#15423=DIRECTION('',(0.,0.,-1.));
#15424=DIRECTION('center_axis',(0.,0.,-1.));
#15425=DIRECTION('ref_axis',(0.707106781186548,0.707106781186548,0.));
#15426=DIRECTION('',(0.,0.,1.));
#15427=DIRECTION('center_axis',(0.,0.,1.));
#15428=DIRECTION('ref_axis',(0.70710678118656,-0.707106781186535,0.));
#15429=DIRECTION('',(0.,0.,1.));
#15430=DIRECTION('',(0.,0.,-1.));
#15431=DIRECTION('center_axis',(0.,1.,0.));
#15432=DIRECTION('ref_axis',(-1.,0.,0.));
#15433=DIRECTION('',(0.,0.,-1.));
#15434=DIRECTION('center_axis',(0.,0.,-1.));
#15435=DIRECTION('ref_axis',(-0.707106781186548,-0.707106781186548,0.));
#15436=DIRECTION('',(0.,0.,1.));
#15437=DIRECTION('center_axis',(0.,0.,1.));
#15438=DIRECTION('ref_axis',(-0.707106781186535,0.70710678118656,0.));
#15439=DIRECTION('',(0.,0.,1.));
#15440=DIRECTION('',(0.,0.,-1.));
#15441=DIRECTION('center_axis',(0.,-1.,0.));
#15442=DIRECTION('ref_axis',(1.,0.,0.));
#15443=DIRECTION('',(0.,0.,-1.));
#15444=DIRECTION('center_axis',(0.,0.,-1.));
#15445=DIRECTION('ref_axis',(0.707106781186548,0.707106781186548,0.));
#15446=DIRECTION('',(0.,0.,1.));
#15447=DIRECTION('center_axis',(0.,0.,1.));
#15448=DIRECTION('ref_axis',(0.707106781186535,-0.70710678118656,0.));
#15449=DIRECTION('',(0.,0.,1.));
#15450=DIRECTION('',(0.,0.,-1.));
#15451=DIRECTION('center_axis',(0.,1.,0.));
#15452=DIRECTION('ref_axis',(-1.,0.,0.));
#15453=DIRECTION('',(0.,0.,-1.));
#15454=DIRECTION('center_axis',(0.,0.,-1.));
#15455=DIRECTION('ref_axis',(-0.707106781186548,-0.707106781186548,0.));
#15456=DIRECTION('',(0.,0.,1.));
#15457=DIRECTION('center_axis',(0.,0.,1.));
#15458=DIRECTION('ref_axis',(-0.707106781186535,0.70710678118656,0.));
#15459=DIRECTION('',(0.,0.,1.));
#15460=DIRECTION('',(0.,0.,-1.));
#15461=DIRECTION('center_axis',(0.,-1.,0.));
#15462=DIRECTION('ref_axis',(1.,0.,0.));
#15463=DIRECTION('',(0.,0.,-1.));
#15464=DIRECTION('center_axis',(0.,0.,-1.));
#15465=DIRECTION('ref_axis',(0.707106781186548,0.707106781186548,0.));
#15466=DIRECTION('',(0.,0.,1.));
#15467=DIRECTION('center_axis',(0.,0.,1.));
#15468=DIRECTION('ref_axis',(0.70710678118656,-0.707106781186535,0.));
#15469=DIRECTION('',(0.,0.,1.));
#15470=DIRECTION('',(0.,0.,-1.));
#15471=DIRECTION('center_axis',(0.,1.,0.));
#15472=DIRECTION('ref_axis',(-1.,0.,0.));
#15473=DIRECTION('',(0.,0.,-1.));
#15474=DIRECTION('center_axis',(0.,0.,-1.));
#15475=DIRECTION('ref_axis',(-0.707106781186548,-0.707106781186548,0.));
#15476=DIRECTION('',(0.,0.,1.));
#15477=DIRECTION('center_axis',(0.,0.,1.));
#15478=DIRECTION('ref_axis',(-0.707106781186535,0.70710678118656,0.));
#15479=DIRECTION('',(0.,0.,1.));
#15480=DIRECTION('',(0.,0.,-1.));
#15481=DIRECTION('center_axis',(0.,-1.,0.));
#15482=DIRECTION('ref_axis',(1.,0.,0.));
#15483=DIRECTION('',(0.,0.,-1.));
#15484=DIRECTION('center_axis',(0.,0.,-1.));
#15485=DIRECTION('ref_axis',(0.707106781186548,0.707106781186548,0.));
#15486=DIRECTION('',(0.,0.,1.));
#15487=DIRECTION('center_axis',(0.,0.,1.));
#15488=DIRECTION('ref_axis',(0.707106781186548,-0.707106781186548,0.));
#15489=DIRECTION('',(0.,0.,1.));
#15490=DIRECTION('',(0.,0.,-1.));
#15491=DIRECTION('center_axis',(0.,1.,0.));
#15492=DIRECTION('ref_axis',(-1.,0.,0.));
#15493=DIRECTION('',(0.,0.,-1.));
#15494=DIRECTION('center_axis',(0.,0.,-1.));
#15495=DIRECTION('ref_axis',(-0.707106781186548,-0.707106781186548,0.));
#15496=DIRECTION('',(0.,0.,1.));
#15497=DIRECTION('center_axis',(0.,0.,1.));
#15498=DIRECTION('ref_axis',(-0.707106781186548,0.707106781186548,0.));
#15499=DIRECTION('',(0.,0.,1.));
#15500=DIRECTION('',(0.,0.,-1.));
#15501=DIRECTION('center_axis',(0.,-1.,0.));
#15502=DIRECTION('ref_axis',(1.,0.,0.));
#15503=DIRECTION('',(0.,0.,-1.));
#15504=DIRECTION('center_axis',(0.,0.,-1.));
#15505=DIRECTION('ref_axis',(0.707106781186548,0.707106781186548,0.));
#15506=DIRECTION('',(0.,0.,1.));
#15507=DIRECTION('center_axis',(0.,0.,1.));
#15508=DIRECTION('ref_axis',(0.707106781186554,-0.707106781186541,0.));
#15509=DIRECTION('',(0.,0.,1.));
#15510=DIRECTION('',(0.,0.,-1.));
#15511=DIRECTION('center_axis',(0.,1.,0.));
#15512=DIRECTION('ref_axis',(-1.,0.,0.));
#15513=DIRECTION('',(0.,0.,-1.));
#15514=DIRECTION('center_axis',(0.,0.,-1.));
#15515=DIRECTION('ref_axis',(-0.707106781186548,-0.707106781186548,0.));
#15516=DIRECTION('',(0.,0.,1.));
#15517=DIRECTION('center_axis',(0.,0.,1.));
#15518=DIRECTION('ref_axis',(-0.707106781186548,0.707106781186548,0.));
#15519=DIRECTION('',(0.,0.,1.));
#15520=DIRECTION('',(0.,0.,-1.));
#15521=DIRECTION('center_axis',(0.,-1.,0.));
#15522=DIRECTION('ref_axis',(1.,0.,0.));
#15523=DIRECTION('',(0.,0.,-1.));
#15524=DIRECTION('center_axis',(0.,0.,-1.));
#15525=DIRECTION('ref_axis',(0.707106781186548,0.707106781186548,0.));
#15526=DIRECTION('',(0.,0.,1.));
#15527=DIRECTION('center_axis',(0.,0.,1.));
#15528=DIRECTION('ref_axis',(0.707106781186554,-0.707106781186541,0.));
#15529=DIRECTION('',(0.,0.,1.));
#15530=DIRECTION('',(0.,0.,-1.));
#15531=DIRECTION('center_axis',(0.,1.,0.));
#15532=DIRECTION('ref_axis',(-1.,0.,0.));
#15533=DIRECTION('',(0.,0.,-1.));
#15534=DIRECTION('center_axis',(0.,0.,-1.));
#15535=DIRECTION('ref_axis',(-0.707106781186548,-0.707106781186548,0.));
#15536=DIRECTION('',(0.,0.,1.));
#15537=DIRECTION('center_axis',(0.,0.,1.));
#15538=DIRECTION('ref_axis',(-0.707106781186554,0.707106781186541,0.));
#15539=DIRECTION('',(0.,0.,1.));
#15540=DIRECTION('',(0.,0.,-1.));
#15541=DIRECTION('center_axis',(0.,-1.,0.));
#15542=DIRECTION('ref_axis',(1.,0.,0.));
#15543=DIRECTION('',(0.,0.,-1.));
#15544=DIRECTION('center_axis',(0.,0.,-1.));
#15545=DIRECTION('ref_axis',(0.707106781186548,0.707106781186548,0.));
#15546=DIRECTION('',(0.,0.,1.));
#15547=DIRECTION('center_axis',(0.,0.,-1.));
#15548=DIRECTION('ref_axis',(-0.707106781186541,0.707106781186554,0.));
#15549=DIRECTION('',(0.,0.,-1.));
#15550=DIRECTION('',(0.,0.,1.));
#15551=DIRECTION('center_axis',(1.,0.,0.));
#15552=DIRECTION('ref_axis',(0.,1.,0.));
#15553=DIRECTION('',(0.,0.,1.));
#15554=DIRECTION('center_axis',(0.,0.,1.));
#15555=DIRECTION('ref_axis',(0.707106781186548,0.707106781186548,0.));
#15556=DIRECTION('',(0.,0.,1.));
#15557=DIRECTION('',(0.,0.,-1.));
#15558=DIRECTION('center_axis',(-1.,0.,0.));
#15559=DIRECTION('ref_axis',(0.,-1.,0.));
#15560=DIRECTION('',(0.,0.,-1.));
#15561=DIRECTION('center_axis',(0.,0.,1.));
#15562=DIRECTION('ref_axis',(0.707106781186554,-0.707106781186541,0.));
#15563=DIRECTION('',(0.,0.,1.));
#15564=DIRECTION('center_axis',(0.,1.,0.));
#15565=DIRECTION('ref_axis',(-1.,0.,0.));
#15566=DIRECTION('',(0.,0.,-1.));
#15567=DIRECTION('center_axis',(0.,0.,1.));
#15568=DIRECTION('ref_axis',(-0.707106781186548,-0.707106781186548,0.));
#15569=DIRECTION('center_axis',(1.,0.,0.));
#15570=DIRECTION('ref_axis',(0.,1.,0.));
#15571=DIRECTION('center_axis',(-1.,0.,0.));
#15572=DIRECTION('ref_axis',(0.,-1.,0.));
#15573=DIRECTION('center_axis',(-1.,0.,0.));
#15574=DIRECTION('ref_axis',(0.,-1.,0.));
#15575=DIRECTION('center_axis',(1.,0.,0.));
#15576=DIRECTION('ref_axis',(0.,1.,0.));
#15577=DIRECTION('center_axis',(-1.,0.,0.));
#15578=DIRECTION('ref_axis',(0.,-1.,0.));
#15579=DIRECTION('center_axis',(1.,0.,0.));
#15580=DIRECTION('ref_axis',(0.,1.,0.));
#15581=DIRECTION('center_axis',(-1.,0.,0.));
#15582=DIRECTION('ref_axis',(0.,-1.,0.));
#15583=DIRECTION('center_axis',(1.,0.,0.));
#15584=DIRECTION('ref_axis',(0.,1.,0.));
#15585=DIRECTION('center_axis',(-1.,0.,0.));
#15586=DIRECTION('ref_axis',(0.,-1.,0.));
#15587=DIRECTION('center_axis',(1.,0.,0.));
#15588=DIRECTION('ref_axis',(0.,1.,0.));
#15589=DIRECTION('center_axis',(-1.,0.,0.));
#15590=DIRECTION('ref_axis',(0.,-1.,0.));
#15591=DIRECTION('center_axis',(1.,0.,0.));
#15592=DIRECTION('ref_axis',(0.,1.,0.));
#15593=DIRECTION('center_axis',(-1.,0.,0.));
#15594=DIRECTION('ref_axis',(0.,-1.,0.));
#15595=DIRECTION('center_axis',(1.,0.,0.));
#15596=DIRECTION('ref_axis',(0.,1.,0.));
#15597=DIRECTION('center_axis',(-1.,0.,0.));
#15598=DIRECTION('ref_axis',(0.,-1.,0.));
#15599=DIRECTION('center_axis',(1.,0.,0.));
#15600=DIRECTION('ref_axis',(0.,1.,0.));
#15601=DIRECTION('center_axis',(-1.,0.,0.));
#15602=DIRECTION('ref_axis',(0.,-1.,0.));
#15603=DIRECTION('center_axis',(1.,0.,0.));
#15604=DIRECTION('ref_axis',(0.,1.,0.));
#15605=DIRECTION('center_axis',(-1.,0.,0.));
#15606=DIRECTION('ref_axis',(0.,-1.,0.));
#15607=DIRECTION('center_axis',(1.,0.,0.));
#15608=DIRECTION('ref_axis',(0.,1.,0.));
#15609=DIRECTION('center_axis',(-1.,0.,0.));
#15610=DIRECTION('ref_axis',(0.,-1.,0.));
#15611=DIRECTION('center_axis',(1.,0.,0.));
#15612=DIRECTION('ref_axis',(0.,1.,0.));
#15613=DIRECTION('center_axis',(-1.,0.,0.));
#15614=DIRECTION('ref_axis',(0.,-1.,0.));
#15615=DIRECTION('center_axis',(1.,0.,0.));
#15616=DIRECTION('ref_axis',(0.,1.,0.));
#15617=DIRECTION('center_axis',(0.,0.,1.));
#15618=DIRECTION('ref_axis',(0.707106781186535,-0.70710678118656,0.));
#15619=DIRECTION('',(0.,0.,1.));
#15620=DIRECTION('',(0.,0.,-1.));
#15621=DIRECTION('center_axis',(0.,1.,0.));
#15622=DIRECTION('ref_axis',(-1.,0.,0.));
#15623=DIRECTION('',(0.,0.,-1.));
#15624=DIRECTION('center_axis',(0.,0.,-1.));
#15625=DIRECTION('ref_axis',(-0.707106781186548,-0.707106781186548,0.));
#15626=DIRECTION('',(0.,0.,1.));
#15627=DIRECTION('center_axis',(0.,0.,1.));
#15628=DIRECTION('ref_axis',(-0.707106781186535,0.70710678118656,0.));
#15629=DIRECTION('',(0.,0.,1.));
#15630=DIRECTION('',(0.,0.,-1.));
#15631=DIRECTION('center_axis',(0.,-1.,0.));
#15632=DIRECTION('ref_axis',(1.,0.,0.));
#15633=DIRECTION('',(0.,0.,-1.));
#15634=DIRECTION('center_axis',(0.,0.,-1.));
#15635=DIRECTION('ref_axis',(0.707106781186522,0.707106781186573,0.));
#15636=DIRECTION('',(0.,0.,1.));
#15637=DIRECTION('center_axis',(0.,0.,1.));
#15638=DIRECTION('ref_axis',(0.707106781186535,-0.70710678118656,0.));
#15639=DIRECTION('',(0.,0.,1.));
#15640=DIRECTION('',(0.,0.,-1.));
#15641=DIRECTION('center_axis',(0.,1.,0.));
#15642=DIRECTION('ref_axis',(-1.,0.,0.));
#15643=DIRECTION('',(0.,0.,-1.));
#15644=DIRECTION('center_axis',(0.,0.,-1.));
#15645=DIRECTION('ref_axis',(-0.707106781186522,-0.707106781186573,0.));
#15646=DIRECTION('',(0.,0.,1.));
#15647=DIRECTION('center_axis',(0.,0.,1.));
#15648=DIRECTION('ref_axis',(-0.707106781186535,0.70710678118656,0.));
#15649=DIRECTION('',(0.,0.,1.));
#15650=DIRECTION('',(0.,0.,-1.));
#15651=DIRECTION('center_axis',(0.,-1.,0.));
#15652=DIRECTION('ref_axis',(1.,0.,0.));
#15653=DIRECTION('',(0.,0.,-1.));
#15654=DIRECTION('center_axis',(0.,0.,-1.));
#15655=DIRECTION('ref_axis',(0.707106781186548,0.707106781186548,0.));
#15656=DIRECTION('',(0.,0.,1.));
#15657=DIRECTION('center_axis',(0.,0.,1.));
#15658=DIRECTION('ref_axis',(0.707106781186535,-0.70710678118656,0.));
#15659=DIRECTION('',(0.,0.,1.));
#15660=DIRECTION('',(0.,0.,-1.));
#15661=DIRECTION('center_axis',(0.,1.,0.));
#15662=DIRECTION('ref_axis',(-1.,0.,0.));
#15663=DIRECTION('',(0.,0.,-1.));
#15664=DIRECTION('center_axis',(0.,0.,-1.));
#15665=DIRECTION('ref_axis',(-0.707106781186548,-0.707106781186548,0.));
#15666=DIRECTION('',(0.,0.,1.));
#15667=DIRECTION('center_axis',(0.,0.,1.));
#15668=DIRECTION('ref_axis',(-0.707106781186535,0.70710678118656,0.));
#15669=DIRECTION('',(0.,0.,1.));
#15670=DIRECTION('',(0.,0.,-1.));
#15671=DIRECTION('center_axis',(0.,-1.,0.));
#15672=DIRECTION('ref_axis',(1.,0.,0.));
#15673=DIRECTION('',(0.,0.,-1.));
#15674=DIRECTION('center_axis',(0.,0.,-1.));
#15675=DIRECTION('ref_axis',(0.707106781186522,0.707106781186573,0.));
#15676=DIRECTION('',(0.,0.,1.));
#15677=DIRECTION('center_axis',(0.,0.,1.));
#15678=DIRECTION('ref_axis',(0.707106781186535,-0.70710678118656,0.));
#15679=DIRECTION('',(0.,0.,1.));
#15680=DIRECTION('',(0.,0.,-1.));
#15681=DIRECTION('center_axis',(0.,1.,0.));
#15682=DIRECTION('ref_axis',(-1.,0.,0.));
#15683=DIRECTION('',(0.,0.,-1.));
#15684=DIRECTION('center_axis',(0.,0.,-1.));
#15685=DIRECTION('ref_axis',(-0.707106781186548,-0.707106781186548,0.));
#15686=DIRECTION('',(0.,0.,1.));
#15687=DIRECTION('center_axis',(0.,0.,1.));
#15688=DIRECTION('ref_axis',(-0.707106781186535,0.70710678118656,0.));
#15689=DIRECTION('',(0.,0.,1.));
#15690=DIRECTION('',(0.,0.,-1.));
#15691=DIRECTION('center_axis',(0.,-1.,0.));
#15692=DIRECTION('ref_axis',(1.,0.,0.));
#15693=DIRECTION('',(0.,0.,-1.));
#15694=DIRECTION('center_axis',(0.,0.,-1.));
#15695=DIRECTION('ref_axis',(0.707106781186522,0.707106781186573,0.));
#15696=DIRECTION('',(0.,0.,1.));
#15697=DIRECTION('center_axis',(0.,0.,1.));
#15698=DIRECTION('ref_axis',(0.70710678118656,-0.707106781186535,0.));
#15699=DIRECTION('',(0.,0.,1.));
#15700=DIRECTION('',(0.,0.,-1.));
#15701=DIRECTION('center_axis',(0.,1.,0.));
#15702=DIRECTION('ref_axis',(-1.,0.,0.));
#15703=DIRECTION('',(0.,0.,-1.));
#15704=DIRECTION('center_axis',(0.,0.,-1.));
#15705=DIRECTION('ref_axis',(-0.707106781186522,-0.707106781186573,0.));
#15706=DIRECTION('',(0.,0.,1.));
#15707=DIRECTION('center_axis',(0.,0.,1.));
#15708=DIRECTION('ref_axis',(-0.707106781186535,0.70710678118656,0.));
#15709=DIRECTION('',(0.,0.,1.));
#15710=DIRECTION('',(0.,0.,-1.));
#15711=DIRECTION('center_axis',(0.,-1.,0.));
#15712=DIRECTION('ref_axis',(1.,0.,0.));
#15713=DIRECTION('',(0.,0.,-1.));
#15714=DIRECTION('center_axis',(0.,0.,-1.));
#15715=DIRECTION('ref_axis',(0.707106781186548,0.707106781186548,0.));
#15716=DIRECTION('',(0.,0.,1.));
#15717=DIRECTION('center_axis',(0.,0.,1.));
#15718=DIRECTION('ref_axis',(0.70710678118656,-0.707106781186535,0.));
#15719=DIRECTION('',(0.,0.,1.));
#15720=DIRECTION('',(0.,0.,-1.));
#15721=DIRECTION('center_axis',(0.,1.,0.));
#15722=DIRECTION('ref_axis',(-1.,0.,0.));
#15723=DIRECTION('',(0.,0.,-1.));
#15724=DIRECTION('center_axis',(0.,0.,-1.));
#15725=DIRECTION('ref_axis',(-0.707106781186548,-0.707106781186548,0.));
#15726=DIRECTION('',(0.,0.,1.));
#15727=DIRECTION('center_axis',(0.,0.,1.));
#15728=DIRECTION('ref_axis',(-0.707106781186535,0.70710678118656,0.));
#15729=DIRECTION('',(0.,0.,1.));
#15730=DIRECTION('',(0.,0.,-1.));
#15731=DIRECTION('center_axis',(0.,-1.,0.));
#15732=DIRECTION('ref_axis',(1.,0.,0.));
#15733=DIRECTION('',(0.,0.,-1.));
#15734=DIRECTION('center_axis',(0.,0.,-1.));
#15735=DIRECTION('ref_axis',(0.707106781186548,0.707106781186548,0.));
#15736=DIRECTION('',(0.,0.,1.));
#15737=DIRECTION('center_axis',(0.,0.,1.));
#15738=DIRECTION('ref_axis',(0.70710678118656,-0.707106781186535,0.));
#15739=DIRECTION('',(0.,0.,1.));
#15740=DIRECTION('',(0.,0.,-1.));
#15741=DIRECTION('center_axis',(0.,1.,0.));
#15742=DIRECTION('ref_axis',(-1.,0.,0.));
#15743=DIRECTION('',(0.,0.,-1.));
#15744=DIRECTION('center_axis',(0.,0.,-1.));
#15745=DIRECTION('ref_axis',(-0.707106781186548,-0.707106781186548,0.));
#15746=DIRECTION('',(0.,0.,1.));
#15747=DIRECTION('center_axis',(0.,0.,1.));
#15748=DIRECTION('ref_axis',(-0.707106781186535,0.70710678118656,0.));
#15749=DIRECTION('',(0.,0.,1.));
#15750=DIRECTION('',(0.,0.,-1.));
#15751=DIRECTION('center_axis',(0.,-1.,0.));
#15752=DIRECTION('ref_axis',(1.,0.,0.));
#15753=DIRECTION('',(0.,0.,-1.));
#15754=DIRECTION('center_axis',(0.,0.,-1.));
#15755=DIRECTION('ref_axis',(0.70710678118656,0.707106781186535,0.));
#15756=DIRECTION('',(0.,0.,1.));
#15757=DIRECTION('center_axis',(0.,0.,1.));
#15758=DIRECTION('ref_axis',(0.707106781186535,-0.70710678118656,0.));
#15759=DIRECTION('',(0.,0.,1.));
#15760=DIRECTION('',(0.,0.,-1.));
#15761=DIRECTION('center_axis',(0.,1.,0.));
#15762=DIRECTION('ref_axis',(-1.,0.,0.));
#15763=DIRECTION('',(0.,0.,-1.));
#15764=DIRECTION('center_axis',(0.,0.,-1.));
#15765=DIRECTION('ref_axis',(-0.707106781186548,-0.707106781186548,0.));
#15766=DIRECTION('',(0.,0.,1.));
#15767=DIRECTION('center_axis',(0.,0.,1.));
#15768=DIRECTION('ref_axis',(-0.707106781186535,0.70710678118656,0.));
#15769=DIRECTION('',(0.,0.,1.));
#15770=DIRECTION('',(0.,0.,-1.));
#15771=DIRECTION('center_axis',(0.,-1.,0.));
#15772=DIRECTION('ref_axis',(1.,0.,0.));
#15773=DIRECTION('',(0.,0.,-1.));
#15774=DIRECTION('center_axis',(0.,0.,-1.));
#15775=DIRECTION('ref_axis',(0.707106781186548,0.707106781186548,0.));
#15776=DIRECTION('',(0.,0.,1.));
#15777=DIRECTION('center_axis',(0.,0.,1.));
#15778=DIRECTION('ref_axis',(0.707106781186548,-0.707106781186548,0.));
#15779=DIRECTION('',(0.,0.,1.));
#15780=DIRECTION('',(0.,0.,-1.));
#15781=DIRECTION('center_axis',(0.,1.,0.));
#15782=DIRECTION('ref_axis',(-1.,0.,0.));
#15783=DIRECTION('',(0.,0.,-1.));
#15784=DIRECTION('center_axis',(0.,0.,-1.));
#15785=DIRECTION('ref_axis',(-0.707106781186548,-0.707106781186548,0.));
#15786=DIRECTION('',(0.,0.,1.));
#15787=DIRECTION('center_axis',(0.,0.,1.));
#15788=DIRECTION('ref_axis',(-0.707106781186535,0.70710678118656,0.));
#15789=DIRECTION('',(0.,0.,1.));
#15790=DIRECTION('',(0.,0.,-1.));
#15791=DIRECTION('center_axis',(0.,-1.,0.));
#15792=DIRECTION('ref_axis',(1.,0.,0.));
#15793=DIRECTION('',(0.,0.,-1.));
#15794=DIRECTION('center_axis',(0.,0.,-1.));
#15795=DIRECTION('ref_axis',(0.707106781186548,0.707106781186548,0.));
#15796=DIRECTION('',(0.,0.,1.));
#15797=DIRECTION('center_axis',(0.,0.,1.));
#15798=DIRECTION('ref_axis',(0.707106781186548,-0.707106781186548,0.));
#15799=DIRECTION('',(0.,0.,1.));
#15800=DIRECTION('',(0.,0.,-1.));
#15801=DIRECTION('center_axis',(0.,1.,0.));
#15802=DIRECTION('ref_axis',(-1.,0.,0.));
#15803=DIRECTION('',(0.,0.,-1.));
#15804=DIRECTION('center_axis',(0.,0.,-1.));
#15805=DIRECTION('ref_axis',(-0.707106781186548,-0.707106781186548,0.));
#15806=DIRECTION('',(0.,0.,1.));
#15807=DIRECTION('center_axis',(0.,0.,1.));
#15808=DIRECTION('ref_axis',(-0.707106781186548,0.707106781186548,0.));
#15809=DIRECTION('',(0.,0.,1.));
#15810=DIRECTION('',(0.,0.,-1.));
#15811=DIRECTION('center_axis',(0.,-1.,0.));
#15812=DIRECTION('ref_axis',(1.,0.,0.));
#15813=DIRECTION('',(0.,0.,-1.));
#15814=DIRECTION('center_axis',(0.,0.,-1.));
#15815=DIRECTION('ref_axis',(0.707106781186548,0.707106781186548,0.));
#15816=DIRECTION('',(0.,0.,1.));
#15817=DIRECTION('center_axis',(0.,0.,1.));
#15818=DIRECTION('ref_axis',(0.707106781186554,-0.707106781186541,0.));
#15819=DIRECTION('',(0.,0.,1.));
#15820=DIRECTION('',(0.,0.,-1.));
#15821=DIRECTION('center_axis',(0.,1.,0.));
#15822=DIRECTION('ref_axis',(-1.,0.,0.));
#15823=DIRECTION('',(0.,0.,-1.));
#15824=DIRECTION('center_axis',(0.,0.,-1.));
#15825=DIRECTION('ref_axis',(-0.707106781186548,-0.707106781186548,0.));
#15826=DIRECTION('',(0.,0.,1.));
#15827=DIRECTION('center_axis',(0.,0.,1.));
#15828=DIRECTION('ref_axis',(-0.707106781186548,0.707106781186548,0.));
#15829=DIRECTION('',(0.,0.,1.));
#15830=DIRECTION('',(0.,0.,-1.));
#15831=DIRECTION('center_axis',(0.,-1.,0.));
#15832=DIRECTION('ref_axis',(1.,0.,0.));
#15833=DIRECTION('',(0.,0.,-1.));
#15834=DIRECTION('center_axis',(0.,0.,-1.));
#15835=DIRECTION('ref_axis',(0.707106781186548,0.707106781186548,0.));
#15836=DIRECTION('',(0.,0.,1.));
#15837=DIRECTION('center_axis',(0.,0.,-1.));
#15838=DIRECTION('ref_axis',(0.707106781186541,-0.707106781186554,0.));
#15839=DIRECTION('',(0.,0.,-1.));
#15840=DIRECTION('',(0.,0.,1.));
#15841=DIRECTION('center_axis',(-1.,0.,0.));
#15842=DIRECTION('ref_axis',(0.,-1.,0.));
#15843=DIRECTION('',(0.,0.,1.));
#15844=DIRECTION('center_axis',(0.,0.,1.));
#15845=DIRECTION('ref_axis',(-0.707106781186548,-0.707106781186548,0.));
#15846=DIRECTION('',(0.,0.,1.));
#15847=DIRECTION('',(0.,0.,-1.));
#15848=DIRECTION('center_axis',(1.,0.,0.));
#15849=DIRECTION('ref_axis',(0.,1.,0.));
#15850=DIRECTION('',(0.,0.,-1.));
#15851=DIRECTION('center_axis',(0.,0.,1.));
#15852=DIRECTION('ref_axis',(-0.707106781186554,0.707106781186541,0.));
#15853=DIRECTION('',(0.,0.,1.));
#15854=DIRECTION('center_axis',(0.,-1.,0.));
#15855=DIRECTION('ref_axis',(1.,0.,0.));
#15856=DIRECTION('',(0.,0.,-1.));
#15857=DIRECTION('center_axis',(0.,0.,1.));
#15858=DIRECTION('ref_axis',(0.707106781186548,0.707106781186548,0.));
#15859=DIRECTION('center_axis',(-1.,0.,0.));
#15860=DIRECTION('ref_axis',(0.,-1.,0.));
#15861=DIRECTION('center_axis',(1.,0.,0.));
#15862=DIRECTION('ref_axis',(0.,1.,0.));
#15863=DIRECTION('center_axis',(-1.,0.,0.));
#15864=DIRECTION('ref_axis',(0.,-1.,0.));
#15865=DIRECTION('center_axis',(1.,0.,0.));
#15866=DIRECTION('ref_axis',(0.,1.,0.));
#15867=DIRECTION('center_axis',(-1.,0.,0.));
#15868=DIRECTION('ref_axis',(0.,-1.,0.));
#15869=DIRECTION('center_axis',(1.,0.,0.));
#15870=DIRECTION('ref_axis',(0.,1.,0.));
#15871=DIRECTION('center_axis',(-1.,0.,0.));
#15872=DIRECTION('ref_axis',(0.,-1.,0.));
#15873=DIRECTION('center_axis',(1.,0.,0.));
#15874=DIRECTION('ref_axis',(0.,1.,0.));
#15875=DIRECTION('center_axis',(-1.,0.,0.));
#15876=DIRECTION('ref_axis',(0.,-1.,0.));
#15877=DIRECTION('center_axis',(1.,0.,0.));
#15878=DIRECTION('ref_axis',(0.,1.,0.));
#15879=DIRECTION('center_axis',(-1.,0.,0.));
#15880=DIRECTION('ref_axis',(0.,-1.,0.));
#15881=DIRECTION('center_axis',(1.,0.,0.));
#15882=DIRECTION('ref_axis',(0.,1.,0.));
#15883=DIRECTION('center_axis',(-1.,0.,0.));
#15884=DIRECTION('ref_axis',(0.,-1.,0.));
#15885=DIRECTION('center_axis',(1.,0.,0.));
#15886=DIRECTION('ref_axis',(0.,1.,0.));
#15887=DIRECTION('center_axis',(-1.,0.,0.));
#15888=DIRECTION('ref_axis',(0.,-1.,0.));
#15889=DIRECTION('center_axis',(1.,0.,0.));
#15890=DIRECTION('ref_axis',(0.,1.,0.));
#15891=DIRECTION('center_axis',(-1.,0.,0.));
#15892=DIRECTION('ref_axis',(0.,-1.,0.));
#15893=DIRECTION('center_axis',(1.,0.,0.));
#15894=DIRECTION('ref_axis',(0.,1.,0.));
#15895=DIRECTION('center_axis',(-1.,0.,0.));
#15896=DIRECTION('ref_axis',(0.,-1.,0.));
#15897=DIRECTION('center_axis',(1.,0.,0.));
#15898=DIRECTION('ref_axis',(0.,1.,0.));
#15899=DIRECTION('center_axis',(-1.,0.,0.));
#15900=DIRECTION('ref_axis',(0.,-1.,0.));
#15901=DIRECTION('center_axis',(1.,0.,0.));
#15902=DIRECTION('ref_axis',(0.,1.,0.));
#15903=DIRECTION('center_axis',(0.,0.,1.));
#15904=DIRECTION('ref_axis',(0.707106781186548,-0.707106781186548,0.));
#15905=DIRECTION('',(0.,0.,1.));
#15906=DIRECTION('',(0.,0.,-1.));
#15907=DIRECTION('center_axis',(0.,1.,0.));
#15908=DIRECTION('ref_axis',(-1.,0.,0.));
#15909=DIRECTION('',(0.,0.,-1.));
#15910=DIRECTION('center_axis',(0.,0.,-1.));
#15911=DIRECTION('ref_axis',(-0.707106781186535,-0.70710678118656,0.));
#15912=DIRECTION('',(0.,0.,1.));
#15913=DIRECTION('center_axis',(0.,0.,1.));
#15914=DIRECTION('ref_axis',(-0.707106781186548,0.707106781186548,0.));
#15915=DIRECTION('',(0.,0.,1.));
#15916=DIRECTION('',(0.,0.,-1.));
#15917=DIRECTION('center_axis',(0.,-1.,0.));
#15918=DIRECTION('ref_axis',(1.,0.,0.));
#15919=DIRECTION('',(0.,0.,-1.));
#15920=DIRECTION('center_axis',(0.,0.,-1.));
#15921=DIRECTION('ref_axis',(0.707106781186535,0.70710678118656,0.));
#15922=DIRECTION('',(0.,0.,1.));
#15923=DIRECTION('center_axis',(0.,0.,1.));
#15924=DIRECTION('ref_axis',(0.707106781186551,-0.707106781186544,0.));
#15925=DIRECTION('',(0.,0.,1.));
#15926=DIRECTION('',(0.,0.,-1.));
#15927=DIRECTION('center_axis',(0.,1.,0.));
#15928=DIRECTION('ref_axis',(-1.,0.,0.));
#15929=DIRECTION('',(0.,0.,-1.));
#15930=DIRECTION('center_axis',(0.,0.,-1.));
#15931=DIRECTION('ref_axis',(-0.70710678118656,-0.707106781186535,0.));
#15932=DIRECTION('',(0.,0.,1.));
#15933=DIRECTION('center_axis',(0.,0.,1.));
#15934=DIRECTION('ref_axis',(-0.707106781186548,0.707106781186548,0.));
#15935=DIRECTION('',(0.,0.,1.));
#15936=DIRECTION('',(0.,0.,-1.));
#15937=DIRECTION('center_axis',(0.,-1.,0.));
#15938=DIRECTION('ref_axis',(1.,0.,0.));
#15939=DIRECTION('',(0.,0.,-1.));
#15940=DIRECTION('center_axis',(0.,0.,-1.));
#15941=DIRECTION('ref_axis',(0.707106781186538,0.707106781186557,0.));
#15942=DIRECTION('',(0.,0.,1.));
#15943=DIRECTION('center_axis',(0.,0.,1.));
#15944=DIRECTION('ref_axis',(0.707106781186548,-0.707106781186548,0.));
#15945=DIRECTION('',(0.,0.,1.));
#15946=DIRECTION('',(0.,0.,-1.));
#15947=DIRECTION('center_axis',(0.,1.,0.));
#15948=DIRECTION('ref_axis',(-1.,0.,0.));
#15949=DIRECTION('',(0.,0.,-1.));
#15950=DIRECTION('center_axis',(0.,0.,-1.));
#15951=DIRECTION('ref_axis',(-0.70710678118656,-0.707106781186535,0.));
#15952=DIRECTION('',(0.,0.,1.));
#15953=DIRECTION('center_axis',(0.,0.,1.));
#15954=DIRECTION('ref_axis',(-0.707106781186548,0.707106781186548,0.));
#15955=DIRECTION('',(0.,0.,1.));
#15956=DIRECTION('',(0.,0.,-1.));
#15957=DIRECTION('center_axis',(0.,-1.,0.));
#15958=DIRECTION('ref_axis',(1.,0.,0.));
#15959=DIRECTION('',(0.,0.,-1.));
#15960=DIRECTION('center_axis',(0.,0.,-1.));
#15961=DIRECTION('ref_axis',(0.70710678118656,0.707106781186535,0.));
#15962=DIRECTION('',(0.,0.,1.));
#15963=DIRECTION('center_axis',(0.,0.,1.));
#15964=DIRECTION('ref_axis',(0.707106781186548,-0.707106781186548,0.));
#15965=DIRECTION('',(0.,0.,1.));
#15966=DIRECTION('',(0.,0.,-1.));
#15967=DIRECTION('center_axis',(0.,1.,0.));
#15968=DIRECTION('ref_axis',(-1.,0.,0.));
#15969=DIRECTION('',(0.,0.,-1.));
#15970=DIRECTION('center_axis',(0.,0.,-1.));
#15971=DIRECTION('ref_axis',(-0.707106781186535,-0.70710678118656,0.));
#15972=DIRECTION('',(0.,0.,1.));
#15973=DIRECTION('center_axis',(0.,0.,1.));
#15974=DIRECTION('ref_axis',(-0.707106781186548,0.707106781186548,0.));
#15975=DIRECTION('',(0.,0.,1.));
#15976=DIRECTION('',(0.,0.,-1.));
#15977=DIRECTION('center_axis',(0.,-1.,0.));
#15978=DIRECTION('ref_axis',(1.,0.,0.));
#15979=DIRECTION('',(0.,0.,-1.));
#15980=DIRECTION('center_axis',(0.,0.,-1.));
#15981=DIRECTION('ref_axis',(0.70710678118656,0.707106781186535,0.));
#15982=DIRECTION('',(0.,0.,1.));
#15983=DIRECTION('center_axis',(0.,0.,1.));
#15984=DIRECTION('ref_axis',(-0.707106781186535,0.70710678118656,0.));
#15985=DIRECTION('',(0.,0.,1.));
#15986=DIRECTION('',(0.,0.,-1.));
#15987=DIRECTION('center_axis',(0.,-1.,0.));
#15988=DIRECTION('ref_axis',(1.,0.,0.));
#15989=DIRECTION('',(0.,0.,-1.));
#15990=DIRECTION('center_axis',(0.,0.,-1.));
#15991=DIRECTION('ref_axis',(0.707106781186535,0.70710678118656,0.));
#15992=DIRECTION('',(0.,0.,1.));
#15993=DIRECTION('center_axis',(0.,0.,1.));
#15994=DIRECTION('ref_axis',(0.707106781186535,-0.70710678118656,0.));
#15995=DIRECTION('',(0.,0.,1.));
#15996=DIRECTION('',(0.,0.,-1.));
#15997=DIRECTION('center_axis',(0.,1.,0.));
#15998=DIRECTION('ref_axis',(-1.,0.,0.));
#15999=DIRECTION('',(0.,0.,-1.));
#16000=DIRECTION('center_axis',(0.,0.,-1.));
#16001=DIRECTION('ref_axis',(-0.707106781186535,-0.70710678118656,0.));
#16002=DIRECTION('',(0.,0.,1.));
#16003=DIRECTION('center_axis',(0.,0.,1.));
#16004=DIRECTION('ref_axis',(0.707106781186535,-0.70710678118656,0.));
#16005=DIRECTION('',(0.,0.,1.));
#16006=DIRECTION('',(0.,0.,-1.));
#16007=DIRECTION('center_axis',(0.,1.,0.));
#16008=DIRECTION('ref_axis',(-1.,0.,0.));
#16009=DIRECTION('',(0.,0.,-1.));
#16010=DIRECTION('center_axis',(0.,0.,-1.));
#16011=DIRECTION('ref_axis',(-0.707106781186573,-0.707106781186522,0.));
#16012=DIRECTION('',(0.,0.,1.));
#16013=DIRECTION('center_axis',(0.,0.,1.));
#16014=DIRECTION('ref_axis',(-0.707106781186585,0.70710678118651,0.));
#16015=DIRECTION('',(0.,0.,1.));
#16016=DIRECTION('',(0.,0.,-1.));
#16017=DIRECTION('center_axis',(0.,-1.,0.));
#16018=DIRECTION('ref_axis',(1.,0.,0.));
#16019=DIRECTION('',(0.,0.,-1.));
#16020=DIRECTION('center_axis',(0.,0.,-1.));
#16021=DIRECTION('ref_axis',(0.707106781186573,0.707106781186522,0.));
#16022=DIRECTION('',(0.,0.,1.));
#16023=DIRECTION('center_axis',(0.,0.,1.));
#16024=DIRECTION('ref_axis',(0.707106781186535,-0.70710678118656,0.));
#16025=DIRECTION('',(0.,0.,1.));
#16026=DIRECTION('',(0.,0.,-1.));
#16027=DIRECTION('center_axis',(0.,1.,0.));
#16028=DIRECTION('ref_axis',(-1.,0.,0.));
#16029=DIRECTION('',(0.,0.,-1.));
#16030=DIRECTION('center_axis',(0.,0.,-1.));
#16031=DIRECTION('ref_axis',(-0.707106781186548,-0.707106781186548,0.));
#16032=DIRECTION('',(0.,0.,1.));
#16033=DIRECTION('center_axis',(0.,0.,1.));
#16034=DIRECTION('ref_axis',(-0.707106781186535,0.70710678118656,0.));
#16035=DIRECTION('',(0.,0.,1.));
#16036=DIRECTION('',(0.,0.,-1.));
#16037=DIRECTION('center_axis',(0.,-1.,0.));
#16038=DIRECTION('ref_axis',(1.,0.,0.));
#16039=DIRECTION('',(0.,0.,-1.));
#16040=DIRECTION('center_axis',(0.,0.,-1.));
#16041=DIRECTION('ref_axis',(0.707106781186522,0.707106781186573,0.));
#16042=DIRECTION('',(0.,0.,1.));
#16043=DIRECTION('center_axis',(0.,0.,-1.));
#16044=DIRECTION('ref_axis',(-0.707106781186585,0.70710678118651,0.));
#16045=DIRECTION('',(0.,0.,-1.));
#16046=DIRECTION('',(0.,0.,1.));
#16047=DIRECTION('center_axis',(1.,0.,0.));
#16048=DIRECTION('ref_axis',(0.,1.,0.));
#16049=DIRECTION('',(0.,0.,1.));
#16050=DIRECTION('center_axis',(0.,0.,1.));
#16051=DIRECTION('ref_axis',(0.707106781186522,0.707106781186573,0.));
#16052=DIRECTION('',(0.,0.,1.));
#16053=DIRECTION('',(0.,0.,-1.));
#16054=DIRECTION('center_axis',(-1.,0.,0.));
#16055=DIRECTION('ref_axis',(0.,-1.,0.));
#16056=DIRECTION('',(0.,0.,-1.));
#16057=DIRECTION('center_axis',(0.,0.,1.));
#16058=DIRECTION('ref_axis',(0.707106781186535,-0.70710678118656,0.));
#16059=DIRECTION('',(0.,0.,1.));
#16060=DIRECTION('center_axis',(0.,1.,0.));
#16061=DIRECTION('ref_axis',(-1.,0.,0.));
#16062=DIRECTION('',(0.,0.,-1.));
#16063=DIRECTION('center_axis',(0.,0.,1.));
#16064=DIRECTION('ref_axis',(-0.707106781186573,-0.707106781186522,0.));
#16065=DIRECTION('center_axis',(-1.,0.,0.));
#16066=DIRECTION('ref_axis',(0.,-1.,0.));
#16067=DIRECTION('center_axis',(1.,0.,0.));
#16068=DIRECTION('ref_axis',(0.,1.,0.));
#16069=DIRECTION('center_axis',(-1.,0.,0.));
#16070=DIRECTION('ref_axis',(0.,-1.,0.));
#16071=DIRECTION('center_axis',(1.,0.,0.));
#16072=DIRECTION('ref_axis',(0.,1.,0.));
#16073=DIRECTION('center_axis',(-1.,0.,0.));
#16074=DIRECTION('ref_axis',(0.,-1.,0.));
#16075=DIRECTION('center_axis',(1.,0.,0.));
#16076=DIRECTION('ref_axis',(0.,1.,0.));
#16077=DIRECTION('center_axis',(-1.,0.,0.));
#16078=DIRECTION('ref_axis',(0.,-1.,0.));
#16079=DIRECTION('center_axis',(1.,0.,0.));
#16080=DIRECTION('ref_axis',(0.,1.,0.));
#16081=DIRECTION('center_axis',(1.,0.,0.));
#16082=DIRECTION('ref_axis',(0.,1.,0.));
#16083=DIRECTION('center_axis',(1.,0.,0.));
#16084=DIRECTION('ref_axis',(0.,1.,0.));
#16085=DIRECTION('center_axis',(1.,0.,0.));
#16086=DIRECTION('ref_axis',(0.,1.,0.));
#16087=DIRECTION('center_axis',(-1.,0.,0.));
#16088=DIRECTION('ref_axis',(0.,-1.,0.));
#16089=DIRECTION('center_axis',(-1.,0.,0.));
#16090=DIRECTION('ref_axis',(0.,-1.,0.));
#16091=DIRECTION('center_axis',(-1.,0.,0.));
#16092=DIRECTION('ref_axis',(0.,-1.,0.));
#16093=DIRECTION('center_axis',(1.,0.,0.));
#16094=DIRECTION('ref_axis',(0.,1.,0.));
#16095=DIRECTION('',(0.,0.,1.));
#16096=DIRECTION('',(0.,0.,1.));
#16097=DIRECTION('center_axis',(0.,0.,1.));
#16098=DIRECTION('ref_axis',(-1.,0.,0.));
#16099=DIRECTION('',(0.,0.,1.));
#16100=DIRECTION('center_axis',(0.,1.,0.));
#16101=DIRECTION('ref_axis',(-1.,0.,0.));
#16102=DIRECTION('',(0.,0.,1.));
#16103=DIRECTION('center_axis',(0.,0.,1.));
#16104=DIRECTION('ref_axis',(0.,-1.,0.));
#16105=DIRECTION('',(0.,0.,1.));
#16106=DIRECTION('center_axis',(-1.,0.,0.));
#16107=DIRECTION('ref_axis',(0.,-1.,0.));
#16108=DIRECTION('',(0.,0.,1.));
#16109=DIRECTION('center_axis',(0.,0.,1.));
#16110=DIRECTION('ref_axis',(1.,0.,0.));
#16111=DIRECTION('',(0.,0.,1.));
#16112=DIRECTION('center_axis',(0.,-1.,0.));
#16113=DIRECTION('ref_axis',(1.,0.,0.));
#16114=DIRECTION('',(0.,0.,1.));
#16115=DIRECTION('center_axis',(0.,0.,1.));
#16116=DIRECTION('ref_axis',(0.,1.,0.));
#16117=DIRECTION('center_axis',(0.,-1.,0.));
#16118=DIRECTION('ref_axis',(1.,0.,0.));
#16119=DIRECTION('center_axis',(0.,1.,0.));
#16120=DIRECTION('ref_axis',(-1.,0.,0.));
#16121=DIRECTION('center_axis',(0.,1.,0.));
#16122=DIRECTION('ref_axis',(-1.,0.,0.));
#16123=DIRECTION('center_axis',(1.,0.,0.));
#16124=DIRECTION('ref_axis',(0.,1.,0.));
#16125=DIRECTION('',(0.,0.,1.));
#16126=DIRECTION('',(0.,0.,1.));
#16127=DIRECTION('center_axis',(0.,0.,1.));
#16128=DIRECTION('ref_axis',(-1.,0.,0.));
#16129=DIRECTION('',(0.,0.,1.));
#16130=DIRECTION('center_axis',(0.,1.,0.));
#16131=DIRECTION('ref_axis',(-1.,0.,0.));
#16132=DIRECTION('',(0.,0.,1.));
#16133=DIRECTION('center_axis',(0.,0.,1.));
#16134=DIRECTION('ref_axis',(0.,-1.,0.));
#16135=DIRECTION('',(0.,0.,1.));
#16136=DIRECTION('center_axis',(-1.,0.,0.));
#16137=DIRECTION('ref_axis',(0.,-1.,0.));
#16138=DIRECTION('',(0.,0.,1.));
#16139=DIRECTION('center_axis',(0.,0.,1.));
#16140=DIRECTION('ref_axis',(1.,0.,0.));
#16141=DIRECTION('',(0.,0.,1.));
#16142=DIRECTION('center_axis',(0.,-1.,0.));
#16143=DIRECTION('ref_axis',(1.,0.,0.));
#16144=DIRECTION('',(0.,0.,1.));
#16145=DIRECTION('center_axis',(0.,0.,1.));
#16146=DIRECTION('ref_axis',(0.,1.,0.));
#16147=DIRECTION('center_axis',(0.,-1.,0.));
#16148=DIRECTION('ref_axis',(1.,0.,0.));
#16149=DIRECTION('center_axis',(1.,0.,0.));
#16150=DIRECTION('ref_axis',(0.,1.,0.));
#16151=DIRECTION('',(0.,0.,1.));
#16152=DIRECTION('',(0.,0.,1.));
#16153=DIRECTION('center_axis',(0.,0.,1.));
#16154=DIRECTION('ref_axis',(-1.,0.,0.));
#16155=DIRECTION('',(0.,0.,1.));
#16156=DIRECTION('center_axis',(0.,1.,0.));
#16157=DIRECTION('ref_axis',(-1.,0.,0.));
#16158=DIRECTION('',(0.,0.,1.));
#16159=DIRECTION('center_axis',(0.,0.,1.));
#16160=DIRECTION('ref_axis',(0.,-1.,0.));
#16161=DIRECTION('',(0.,0.,1.));
#16162=DIRECTION('center_axis',(-1.,0.,0.));
#16163=DIRECTION('ref_axis',(0.,-1.,0.));
#16164=DIRECTION('',(0.,0.,1.));
#16165=DIRECTION('center_axis',(0.,0.,1.));
#16166=DIRECTION('ref_axis',(1.,0.,0.));
#16167=DIRECTION('',(0.,0.,1.));
#16168=DIRECTION('center_axis',(0.,-1.,0.));
#16169=DIRECTION('ref_axis',(1.,0.,0.));
#16170=DIRECTION('',(0.,0.,1.));
#16171=DIRECTION('center_axis',(0.,0.,1.));
#16172=DIRECTION('ref_axis',(0.,1.,0.));
#16173=DIRECTION('center_axis',(1.,0.,0.));
#16174=DIRECTION('ref_axis',(0.,1.,0.));
#16175=DIRECTION('',(0.,0.,1.));
#16176=DIRECTION('',(0.,0.,1.));
#16177=DIRECTION('center_axis',(0.,0.,1.));
#16178=DIRECTION('ref_axis',(-1.,0.,0.));
#16179=DIRECTION('',(0.,0.,1.));
#16180=DIRECTION('center_axis',(0.,1.,0.));
#16181=DIRECTION('ref_axis',(-1.,0.,0.));
#16182=DIRECTION('',(0.,0.,1.));
#16183=DIRECTION('center_axis',(0.,0.,1.));
#16184=DIRECTION('ref_axis',(0.,-1.,0.));
#16185=DIRECTION('',(0.,0.,1.));
#16186=DIRECTION('center_axis',(-1.,0.,0.));
#16187=DIRECTION('ref_axis',(0.,-1.,0.));
#16188=DIRECTION('',(0.,0.,1.));
#16189=DIRECTION('center_axis',(0.,0.,1.));
#16190=DIRECTION('ref_axis',(1.,0.,0.));
#16191=DIRECTION('',(0.,0.,1.));
#16192=DIRECTION('center_axis',(0.,-1.,0.));
#16193=DIRECTION('ref_axis',(1.,0.,0.));
#16194=DIRECTION('',(0.,0.,1.));
#16195=DIRECTION('center_axis',(0.,0.,1.));
#16196=DIRECTION('ref_axis',(0.,1.,0.));
#16197=DIRECTION('center_axis',(1.,0.,0.));
#16198=DIRECTION('ref_axis',(0.,1.,0.));
#16199=DIRECTION('',(0.,0.,1.));
#16200=DIRECTION('',(0.,0.,1.));
#16201=DIRECTION('center_axis',(0.,0.,1.));
#16202=DIRECTION('ref_axis',(-1.,0.,0.));
#16203=DIRECTION('',(0.,0.,1.));
#16204=DIRECTION('center_axis',(0.,1.,0.));
#16205=DIRECTION('ref_axis',(-1.,0.,0.));
#16206=DIRECTION('',(0.,0.,1.));
#16207=DIRECTION('center_axis',(0.,0.,1.));
#16208=DIRECTION('ref_axis',(0.,-1.,0.));
#16209=DIRECTION('',(0.,0.,1.));
#16210=DIRECTION('center_axis',(-1.,0.,0.));
#16211=DIRECTION('ref_axis',(0.,-1.,0.));
#16212=DIRECTION('',(0.,0.,1.));
#16213=DIRECTION('center_axis',(0.,0.,1.));
#16214=DIRECTION('ref_axis',(1.,0.,0.));
#16215=DIRECTION('',(0.,0.,1.));
#16216=DIRECTION('center_axis',(0.,-1.,0.));
#16217=DIRECTION('ref_axis',(1.,0.,0.));
#16218=DIRECTION('',(0.,0.,1.));
#16219=DIRECTION('center_axis',(0.,0.,1.));
#16220=DIRECTION('ref_axis',(0.,1.,0.));
#16221=DIRECTION('center_axis',(1.,0.,0.));
#16222=DIRECTION('ref_axis',(0.,1.,0.));
#16223=DIRECTION('',(0.,0.,1.));
#16224=DIRECTION('',(0.,0.,1.));
#16225=DIRECTION('center_axis',(0.,0.,1.));
#16226=DIRECTION('ref_axis',(-1.,0.,0.));
#16227=DIRECTION('',(0.,0.,1.));
#16228=DIRECTION('center_axis',(0.,1.,0.));
#16229=DIRECTION('ref_axis',(-1.,0.,0.));
#16230=DIRECTION('',(0.,0.,1.));
#16231=DIRECTION('center_axis',(0.,0.,1.));
#16232=DIRECTION('ref_axis',(0.,-1.,0.));
#16233=DIRECTION('',(0.,0.,1.));
#16234=DIRECTION('center_axis',(-1.,0.,0.));
#16235=DIRECTION('ref_axis',(0.,-1.,0.));
#16236=DIRECTION('',(0.,0.,1.));
#16237=DIRECTION('center_axis',(0.,0.,1.));
#16238=DIRECTION('ref_axis',(1.,0.,0.));
#16239=DIRECTION('',(0.,0.,1.));
#16240=DIRECTION('center_axis',(0.,-1.,0.));
#16241=DIRECTION('ref_axis',(1.,0.,0.));
#16242=DIRECTION('',(0.,0.,1.));
#16243=DIRECTION('center_axis',(0.,0.,1.));
#16244=DIRECTION('ref_axis',(0.,1.,0.));
#16245=DIRECTION('center_axis',(1.,0.,0.));
#16246=DIRECTION('ref_axis',(0.,1.,0.));
#16247=DIRECTION('',(0.,0.,1.));
#16248=DIRECTION('',(0.,0.,1.));
#16249=DIRECTION('center_axis',(0.,0.,1.));
#16250=DIRECTION('ref_axis',(-1.,0.,0.));
#16251=DIRECTION('',(0.,0.,1.));
#16252=DIRECTION('center_axis',(0.,1.,0.));
#16253=DIRECTION('ref_axis',(-1.,0.,0.));
#16254=DIRECTION('',(0.,0.,1.));
#16255=DIRECTION('center_axis',(0.,0.,1.));
#16256=DIRECTION('ref_axis',(7.10542735760103E-14,-1.,0.));
#16257=DIRECTION('',(0.,0.,1.));
#16258=DIRECTION('center_axis',(-1.,0.,0.));
#16259=DIRECTION('ref_axis',(0.,-1.,0.));
#16260=DIRECTION('',(0.,0.,1.));
#16261=DIRECTION('center_axis',(0.,0.,1.));
#16262=DIRECTION('ref_axis',(1.,0.,0.));
#16263=DIRECTION('',(0.,0.,1.));
#16264=DIRECTION('center_axis',(0.,-1.,0.));
#16265=DIRECTION('ref_axis',(1.,0.,0.));
#16266=DIRECTION('',(0.,0.,1.));
#16267=DIRECTION('center_axis',(0.,0.,1.));
#16268=DIRECTION('ref_axis',(0.,1.,0.));
#16269=DIRECTION('center_axis',(1.,0.,0.));
#16270=DIRECTION('ref_axis',(0.,1.,0.));
#16271=DIRECTION('',(0.,0.,1.));
#16272=DIRECTION('',(0.,0.,1.));
#16273=DIRECTION('center_axis',(0.,0.,1.));
#16274=DIRECTION('ref_axis',(-1.,0.,0.));
#16275=DIRECTION('',(0.,0.,1.));
#16276=DIRECTION('center_axis',(0.,1.,0.));
#16277=DIRECTION('ref_axis',(-1.,0.,0.));
#16278=DIRECTION('',(0.,0.,1.));
#16279=DIRECTION('center_axis',(0.,0.,1.));
#16280=DIRECTION('ref_axis',(0.,-1.,0.));
#16281=DIRECTION('',(0.,0.,1.));
#16282=DIRECTION('center_axis',(-1.,0.,0.));
#16283=DIRECTION('ref_axis',(0.,-1.,0.));
#16284=DIRECTION('',(0.,0.,1.));
#16285=DIRECTION('center_axis',(0.,0.,1.));
#16286=DIRECTION('ref_axis',(1.,0.,0.));
#16287=DIRECTION('',(0.,0.,1.));
#16288=DIRECTION('center_axis',(0.,-1.,0.));
#16289=DIRECTION('ref_axis',(1.,0.,0.));
#16290=DIRECTION('',(0.,0.,1.));
#16291=DIRECTION('center_axis',(0.,0.,1.));
#16292=DIRECTION('ref_axis',(0.,1.,0.));
#16293=DIRECTION('center_axis',(1.,0.,0.));
#16294=DIRECTION('ref_axis',(0.,1.,0.));
#16295=DIRECTION('',(0.,0.,1.));
#16296=DIRECTION('',(0.,0.,1.));
#16297=DIRECTION('center_axis',(0.,0.,1.));
#16298=DIRECTION('ref_axis',(-1.,0.,0.));
#16299=DIRECTION('',(0.,0.,1.));
#16300=DIRECTION('center_axis',(0.,1.,0.));
#16301=DIRECTION('ref_axis',(-1.,0.,0.));
#16302=DIRECTION('',(0.,0.,1.));
#16303=DIRECTION('center_axis',(0.,0.,1.));
#16304=DIRECTION('ref_axis',(0.,-1.,0.));
#16305=DIRECTION('',(0.,0.,1.));
#16306=DIRECTION('center_axis',(-1.,0.,0.));
#16307=DIRECTION('ref_axis',(0.,-1.,0.));
#16308=DIRECTION('',(0.,0.,1.));
#16309=DIRECTION('center_axis',(0.,0.,1.));
#16310=DIRECTION('ref_axis',(1.,0.,0.));
#16311=DIRECTION('',(0.,0.,1.));
#16312=DIRECTION('center_axis',(0.,-1.,0.));
#16313=DIRECTION('ref_axis',(1.,0.,0.));
#16314=DIRECTION('',(0.,0.,1.));
#16315=DIRECTION('center_axis',(0.,0.,1.));
#16316=DIRECTION('ref_axis',(0.,1.,0.));
#16317=DIRECTION('center_axis',(1.,0.,0.));
#16318=DIRECTION('ref_axis',(0.,1.,0.));
#16319=DIRECTION('',(0.,0.,1.));
#16320=DIRECTION('',(0.,0.,1.));
#16321=DIRECTION('center_axis',(0.,0.,1.));
#16322=DIRECTION('ref_axis',(-1.,0.,0.));
#16323=DIRECTION('',(0.,0.,1.));
#16324=DIRECTION('center_axis',(0.,1.,0.));
#16325=DIRECTION('ref_axis',(-1.,0.,0.));
#16326=DIRECTION('',(0.,0.,1.));
#16327=DIRECTION('center_axis',(0.,0.,1.));
#16328=DIRECTION('ref_axis',(0.,-1.,0.));
#16329=DIRECTION('',(0.,0.,1.));
#16330=DIRECTION('center_axis',(-1.,0.,0.));
#16331=DIRECTION('ref_axis',(0.,-1.,0.));
#16332=DIRECTION('',(0.,0.,1.));
#16333=DIRECTION('center_axis',(0.,0.,1.));
#16334=DIRECTION('ref_axis',(1.,0.,0.));
#16335=DIRECTION('',(0.,0.,1.));
#16336=DIRECTION('center_axis',(0.,-1.,0.));
#16337=DIRECTION('ref_axis',(1.,0.,0.));
#16338=DIRECTION('',(0.,0.,1.));
#16339=DIRECTION('center_axis',(0.,0.,1.));
#16340=DIRECTION('ref_axis',(0.,1.,0.));
#16341=CARTESIAN_POINT('',(0.,0.,0.));
#16342=CARTESIAN_POINT('Origin',(33.9682295805179,83.6182146298625,-1.75000000048143));
#16343=CARTESIAN_POINT('',(33.9682295805179,16.1182146298625,-2.50000000048143));
#16344=CARTESIAN_POINT('',(33.9682295805179,16.1182146298625,-1.00000000048142));
#16345=CARTESIAN_POINT('',(33.9682295805179,16.1182146298625,-1.75000000048143));
#16346=CARTESIAN_POINT('',(33.9682295805179,151.118214629863,-2.50000000048143));
#16347=CARTESIAN_POINT('',(33.9682295805179,78.789671322776,-2.50000000048143));
#16348=CARTESIAN_POINT('',(33.9682295805179,151.118214629863,-1.00000000048142));
#16349=CARTESIAN_POINT('',(33.9682295805179,151.118214629863,-1.75000000048143));
#16350=CARTESIAN_POINT('',(33.9682295805179,78.789671322776,-1.00000000048142));
#16351=CARTESIAN_POINT('Origin',(-117.222938726569,151.118214629863,-1.75000000048143));
#16352=CARTESIAN_POINT('',(-266.031770419482,151.118214629863,-2.50000000048143));
#16353=CARTESIAN_POINT('',(-116.756022880112,151.118214629863,-2.50000000048143));
#16354=CARTESIAN_POINT('',(-266.031770419482,151.118214629863,-1.00000000048142));
#16355=CARTESIAN_POINT('',(-266.031770419482,151.118214629863,-1.75000000048143));
#16356=CARTESIAN_POINT('',(-116.756022880112,151.118214629863,-1.00000000048142));
#16357=CARTESIAN_POINT('Origin',(-266.031770419482,71.7271713227761,-1.75000000048143));
#16358=CARTESIAN_POINT('',(-266.031770419482,16.1182146298625,-2.50000000048143));
#16359=CARTESIAN_POINT('',(-266.031770419482,72.8441496692328,-2.50000000048143));
#16360=CARTESIAN_POINT('',(-266.031770419482,16.1182146298625,-1.00000000048142));
#16361=CARTESIAN_POINT('',(-266.031770419482,16.1182146298625,-1.75000000048143));
#16362=CARTESIAN_POINT('',(-266.031770419482,72.8441496692328,-1.00000000048142));
#16363=CARTESIAN_POINT('Origin',(-116.289107033655,16.1182146298625,-1.75000000048143));
#16364=CARTESIAN_POINT('',(-116.289107033655,16.1182146298625,-2.50000000048143));
#16365=CARTESIAN_POINT('',(-116.289107033655,16.1182146298625,-1.00000000048142));
#16366=CARTESIAN_POINT('Origin',(14.1358929663449,104.711128015689,-2.50000000048143));
#16367=CARTESIAN_POINT('',(14.6358929663449,104.711128015689,-2.50000000048143));
#16368=CARTESIAN_POINT('',(14.1358929663449,104.211128015689,-2.50000000048143));
#16369=CARTESIAN_POINT('Origin',(14.1358929663449,104.711128015689,-2.50000000048143));
#16370=CARTESIAN_POINT('',(14.1358929663449,104.211128015689,-1.00000000048142));
#16371=CARTESIAN_POINT('',(14.1358929663449,104.211128015689,-2.50000000048143));
#16372=CARTESIAN_POINT('',(14.6358929663449,104.711128015689,-1.00000000048142));
#16373=CARTESIAN_POINT('Origin',(14.1358929663449,104.711128015689,-1.00000000048142));
#16374=CARTESIAN_POINT('',(14.6358929663449,104.711128015689,-2.50000000048143));
#16375=CARTESIAN_POINT('Origin',(-243.139107033655,104.211128015689,-2.50000000048143));
#16376=CARTESIAN_POINT('',(0.935892966344909,104.211128015689,-2.50000000048143));
#16377=CARTESIAN_POINT('',(-179.714107033655,104.211128015689,-2.50000000048143));
#16378=CARTESIAN_POINT('',(0.935892966344909,104.211128015689,-1.00000000048142));
#16379=CARTESIAN_POINT('',(0.935892966344909,104.211128015689,-2.50000000048143));
#16380=CARTESIAN_POINT('',(-179.714107033655,104.211128015689,-1.00000000048142));
#16381=CARTESIAN_POINT('Origin',(0.935892966344909,104.711128015689,-2.50000000048143));
#16382=CARTESIAN_POINT('',(0.43589296634492,104.711128015689,-1.00000000048142));
#16383=CARTESIAN_POINT('Origin',(0.935892966344909,104.711128015689,-1.00000000048142));
#16384=CARTESIAN_POINT('',(0.43589296634492,104.711128015689,-2.50000000048143));
#16385=CARTESIAN_POINT('Origin',(0.935892966344909,104.711128015689,-2.50000000048143));
#16386=CARTESIAN_POINT('',(0.43589296634492,104.711128015689,-2.50000000048143));
#16387=CARTESIAN_POINT('Origin',(0.935892966344909,117.911128015689,-2.50000000048143));
#16388=CARTESIAN_POINT('',(0.43589296634492,117.911128015689,-2.50000000048143));
#16389=CARTESIAN_POINT('',(0.935892966344909,118.411128015689,-2.50000000048143));
#16390=CARTESIAN_POINT('Origin',(0.935892966344909,117.911128015689,-2.50000000048143));
#16391=CARTESIAN_POINT('',(0.935892966344909,118.411128015689,-1.00000000048142));
#16392=CARTESIAN_POINT('',(0.935892966344909,118.411128015689,-2.50000000048143));
#16393=CARTESIAN_POINT('',(0.43589296634492,117.911128015689,-1.00000000048142));
#16394=CARTESIAN_POINT('Origin',(0.935892966344909,117.911128015689,-1.00000000048142));
#16395=CARTESIAN_POINT('',(0.43589296634492,117.911128015689,-2.50000000048143));
#16396=CARTESIAN_POINT('Origin',(-256.139107033655,118.411128015689,-2.50000000048143));
#16397=CARTESIAN_POINT('',(14.1358929663449,118.411128015689,-2.50000000048143));
#16398=CARTESIAN_POINT('',(-186.214107033655,118.411128015689,-2.50000000048143));
#16399=CARTESIAN_POINT('',(14.1358929663449,118.411128015689,-1.00000000048142));
#16400=CARTESIAN_POINT('',(14.1358929663449,118.411128015689,-2.50000000048143));
#16401=CARTESIAN_POINT('',(-186.214107033655,118.411128015689,-1.00000000048142));
#16402=CARTESIAN_POINT('Origin',(14.1358929663449,117.911128015689,-2.50000000048143));
#16403=CARTESIAN_POINT('',(14.6358929663449,117.911128015689,-1.00000000048142));
#16404=CARTESIAN_POINT('Origin',(14.1358929663449,117.911128015689,-1.00000000048142));
#16405=CARTESIAN_POINT('',(14.6358929663449,117.911128015689,-2.50000000048143));
#16406=CARTESIAN_POINT('Origin',(14.1358929663449,117.911128015689,-2.50000000048143));
#16407=CARTESIAN_POINT('',(14.6358929663449,117.911128015689,-2.50000000048143));
#16408=CARTESIAN_POINT('Origin',(-14.439107033655,104.711128015689,-2.50000000048143));
#16409=CARTESIAN_POINT('',(-13.939107033655,104.711128015689,-2.50000000048143));
#16410=CARTESIAN_POINT('',(-14.439107033655,104.211128015689,-2.50000000048143));
#16411=CARTESIAN_POINT('Origin',(-14.439107033655,104.711128015689,-2.50000000048143));
#16412=CARTESIAN_POINT('',(-14.439107033655,104.211128015689,-1.00000000048142));
#16413=CARTESIAN_POINT('',(-14.439107033655,104.211128015689,-2.50000000048143));
#16414=CARTESIAN_POINT('',(-13.939107033655,104.711128015689,-1.00000000048142));
#16415=CARTESIAN_POINT('Origin',(-14.439107033655,104.711128015689,-1.00000000048142));
#16416=CARTESIAN_POINT('',(-13.939107033655,104.711128015689,-2.50000000048143));
#16417=CARTESIAN_POINT('Origin',(-243.139107033655,104.211128015689,-2.50000000048143));
#16418=CARTESIAN_POINT('',(-27.639107033655,104.211128015689,-2.50000000048143));
#16419=CARTESIAN_POINT('',(-179.714107033655,104.211128015689,-2.50000000048143));
#16420=CARTESIAN_POINT('',(-27.639107033655,104.211128015689,-1.00000000048142));
#16421=CARTESIAN_POINT('',(-27.639107033655,104.211128015689,-2.50000000048143));
#16422=CARTESIAN_POINT('',(-179.714107033655,104.211128015689,-1.00000000048142));
#16423=CARTESIAN_POINT('Origin',(-27.639107033655,104.711128015689,-2.50000000048143));
#16424=CARTESIAN_POINT('',(-28.1391070336551,104.711128015689,-1.00000000048142));
#16425=CARTESIAN_POINT('Origin',(-27.639107033655,104.711128015689,-1.00000000048142));
#16426=CARTESIAN_POINT('',(-28.1391070336551,104.711128015689,-2.50000000048143));
#16427=CARTESIAN_POINT('Origin',(-27.639107033655,104.711128015689,-2.50000000048143));
#16428=CARTESIAN_POINT('',(-28.1391070336551,104.711128015689,-2.50000000048143));
#16429=CARTESIAN_POINT('Origin',(-27.6391070336551,117.911128015689,-2.50000000048143));
#16430=CARTESIAN_POINT('',(-28.1391070336551,117.911128015689,-2.50000000048143));
#16431=CARTESIAN_POINT('',(-27.6391070336551,118.411128015689,-2.50000000048143));
#16432=CARTESIAN_POINT('Origin',(-27.6391070336551,117.911128015689,-2.50000000048143));
#16433=CARTESIAN_POINT('',(-27.6391070336551,118.411128015689,-1.00000000048142));
#16434=CARTESIAN_POINT('',(-27.6391070336551,118.411128015689,-2.50000000048143));
#16435=CARTESIAN_POINT('',(-28.1391070336551,117.911128015689,-1.00000000048142));
#16436=CARTESIAN_POINT('Origin',(-27.6391070336551,117.911128015689,-1.00000000048142));
#16437=CARTESIAN_POINT('',(-28.1391070336551,117.911128015689,-2.50000000048143));
#16438=CARTESIAN_POINT('Origin',(-256.139107033655,118.411128015689,-2.50000000048143));
#16439=CARTESIAN_POINT('',(-14.439107033655,118.411128015689,-2.50000000048143));
#16440=CARTESIAN_POINT('',(-186.214107033655,118.411128015689,-2.50000000048143));
#16441=CARTESIAN_POINT('',(-14.439107033655,118.411128015689,-1.00000000048142));
#16442=CARTESIAN_POINT('',(-14.439107033655,118.411128015689,-2.50000000048143));
#16443=CARTESIAN_POINT('',(-186.214107033655,118.411128015689,-1.00000000048142));
#16444=CARTESIAN_POINT('Origin',(-14.439107033655,117.911128015689,-2.50000000048143));
#16445=CARTESIAN_POINT('',(-13.939107033655,117.911128015689,-1.00000000048142));
#16446=CARTESIAN_POINT('Origin',(-14.439107033655,117.911128015689,-1.00000000048142));
#16447=CARTESIAN_POINT('',(-13.939107033655,117.911128015689,-2.50000000048143));
#16448=CARTESIAN_POINT('Origin',(-14.439107033655,117.911128015689,-2.50000000048143));
#16449=CARTESIAN_POINT('',(-13.939107033655,117.911128015689,-2.50000000048143));
#16450=CARTESIAN_POINT('Origin',(-33.489107033655,104.711128015689,-2.50000000048143));
#16451=CARTESIAN_POINT('',(-32.9891070336551,104.711128015689,-2.50000000048143));
#16452=CARTESIAN_POINT('',(-33.489107033655,104.211128015689,-2.50000000048143));
#16453=CARTESIAN_POINT('Origin',(-33.489107033655,104.711128015689,-2.50000000048143));
#16454=CARTESIAN_POINT('',(-33.489107033655,104.211128015689,-1.00000000048142));
#16455=CARTESIAN_POINT('',(-33.489107033655,104.211128015689,-2.50000000048143));
#16456=CARTESIAN_POINT('',(-32.9891070336551,104.711128015689,-1.00000000048142));
#16457=CARTESIAN_POINT('Origin',(-33.489107033655,104.711128015689,-1.00000000048142));
#16458=CARTESIAN_POINT('',(-32.9891070336551,104.711128015689,-2.50000000048143));
#16459=CARTESIAN_POINT('Origin',(-243.139107033655,104.211128015689,-2.50000000048143));
#16460=CARTESIAN_POINT('',(-46.689107033655,104.211128015689,-2.50000000048143));
#16461=CARTESIAN_POINT('',(-179.714107033655,104.211128015689,-2.50000000048143));
#16462=CARTESIAN_POINT('',(-46.689107033655,104.211128015689,-1.00000000048142));
#16463=CARTESIAN_POINT('',(-46.689107033655,104.211128015689,-2.50000000048143));
#16464=CARTESIAN_POINT('',(-179.714107033655,104.211128015689,-1.00000000048142));
#16465=CARTESIAN_POINT('Origin',(-46.689107033655,104.711128015689,-2.50000000048143));
#16466=CARTESIAN_POINT('',(-47.1891070336551,104.711128015689,-1.00000000048142));
#16467=CARTESIAN_POINT('Origin',(-46.689107033655,104.711128015689,-1.00000000048142));
#16468=CARTESIAN_POINT('',(-47.1891070336551,104.711128015689,-2.50000000048143));
#16469=CARTESIAN_POINT('Origin',(-46.689107033655,104.711128015689,-2.50000000048143));
#16470=CARTESIAN_POINT('',(-47.1891070336551,104.711128015689,-2.50000000048143));
#16471=CARTESIAN_POINT('Origin',(-46.6891070336551,117.911128015689,-2.50000000048143));
#16472=CARTESIAN_POINT('',(-47.1891070336551,117.911128015689,-2.50000000048143));
#16473=CARTESIAN_POINT('',(-46.6891070336551,118.411128015689,-2.50000000048143));
#16474=CARTESIAN_POINT('Origin',(-46.6891070336551,117.911128015689,-2.50000000048143));
#16475=CARTESIAN_POINT('',(-46.6891070336551,118.411128015689,-1.00000000048142));
#16476=CARTESIAN_POINT('',(-46.6891070336551,118.411128015689,-2.50000000048143));
#16477=CARTESIAN_POINT('',(-47.1891070336551,117.911128015689,-1.00000000048142));
#16478=CARTESIAN_POINT('Origin',(-46.6891070336551,117.911128015689,-1.00000000048142));
#16479=CARTESIAN_POINT('',(-47.1891070336551,117.911128015689,-2.50000000048143));
#16480=CARTESIAN_POINT('Origin',(-256.139107033655,118.411128015689,-2.50000000048143));
#16481=CARTESIAN_POINT('',(-33.4891070336551,118.411128015689,-2.50000000048143));
#16482=CARTESIAN_POINT('',(-186.214107033655,118.411128015689,-2.50000000048143));
#16483=CARTESIAN_POINT('',(-33.4891070336551,118.411128015689,-1.00000000048142));
#16484=CARTESIAN_POINT('',(-33.4891070336551,118.411128015689,-2.50000000048143));
#16485=CARTESIAN_POINT('',(-186.214107033655,118.411128015689,-1.00000000048142));
#16486=CARTESIAN_POINT('Origin',(-33.4891070336551,117.911128015689,-2.50000000048143));
#16487=CARTESIAN_POINT('',(-32.9891070336551,117.911128015689,-1.00000000048142));
#16488=CARTESIAN_POINT('Origin',(-33.4891070336551,117.911128015689,-1.00000000048142));
#16489=CARTESIAN_POINT('',(-32.9891070336551,117.911128015689,-2.50000000048143));
#16490=CARTESIAN_POINT('Origin',(-33.4891070336551,117.911128015689,-2.50000000048143));
#16491=CARTESIAN_POINT('',(-32.9891070336551,117.911128015689,-2.50000000048143));
#16492=CARTESIAN_POINT('Origin',(-52.5391070336551,104.711128015689,-2.50000000048143));
#16493=CARTESIAN_POINT('',(-52.0391070336551,104.711128015689,-2.50000000048143));
#16494=CARTESIAN_POINT('',(-52.5391070336551,104.211128015689,-2.50000000048143));
#16495=CARTESIAN_POINT('Origin',(-52.5391070336551,104.711128015689,-2.50000000048143));
#16496=CARTESIAN_POINT('',(-52.5391070336551,104.211128015689,-1.00000000048142));
#16497=CARTESIAN_POINT('',(-52.5391070336551,104.211128015689,-2.50000000048143));
#16498=CARTESIAN_POINT('',(-52.0391070336551,104.711128015689,-1.00000000048142));
#16499=CARTESIAN_POINT('Origin',(-52.5391070336551,104.711128015689,-1.00000000048142));
#16500=CARTESIAN_POINT('',(-52.0391070336551,104.711128015689,-2.50000000048143));
#16501=CARTESIAN_POINT('Origin',(-243.139107033655,104.211128015689,-2.50000000048143));
#16502=CARTESIAN_POINT('',(-65.7391070336551,104.211128015689,-2.50000000048143));
#16503=CARTESIAN_POINT('',(-179.714107033655,104.211128015689,-2.50000000048143));
#16504=CARTESIAN_POINT('',(-65.7391070336551,104.211128015689,-1.00000000048142));
#16505=CARTESIAN_POINT('',(-65.7391070336551,104.211128015689,-2.50000000048143));
#16506=CARTESIAN_POINT('',(-179.714107033655,104.211128015689,-1.00000000048142));
#16507=CARTESIAN_POINT('Origin',(-65.7391070336551,104.711128015689,-2.50000000048143));
#16508=CARTESIAN_POINT('',(-66.239107033655,104.711128015689,-1.00000000048142));
#16509=CARTESIAN_POINT('Origin',(-65.7391070336551,104.711128015689,-1.00000000048142));
#16510=CARTESIAN_POINT('',(-66.239107033655,104.711128015689,-2.50000000048143));
#16511=CARTESIAN_POINT('Origin',(-65.7391070336551,104.711128015689,-2.50000000048143));
#16512=CARTESIAN_POINT('',(-66.239107033655,104.711128015689,-2.50000000048143));
#16513=CARTESIAN_POINT('Origin',(-65.739107033655,117.911128015689,-2.50000000048143));
#16514=CARTESIAN_POINT('',(-66.239107033655,117.911128015689,-2.50000000048143));
#16515=CARTESIAN_POINT('',(-65.739107033655,118.411128015689,-2.50000000048143));
#16516=CARTESIAN_POINT('Origin',(-65.739107033655,117.911128015689,-2.50000000048143));
#16517=CARTESIAN_POINT('',(-65.739107033655,118.411128015689,-1.00000000048142));
#16518=CARTESIAN_POINT('',(-65.739107033655,118.411128015689,-2.50000000048143));
#16519=CARTESIAN_POINT('',(-66.239107033655,117.911128015689,-1.00000000048142));
#16520=CARTESIAN_POINT('Origin',(-65.739107033655,117.911128015689,-1.00000000048142));
#16521=CARTESIAN_POINT('',(-66.239107033655,117.911128015689,-2.50000000048143));
#16522=CARTESIAN_POINT('Origin',(-256.139107033655,118.411128015689,-2.50000000048143));
#16523=CARTESIAN_POINT('',(-52.539107033655,118.411128015689,-2.50000000048143));
#16524=CARTESIAN_POINT('',(-186.214107033655,118.411128015689,-2.50000000048143));
#16525=CARTESIAN_POINT('',(-52.539107033655,118.411128015689,-1.00000000048142));
#16526=CARTESIAN_POINT('',(-52.539107033655,118.411128015689,-2.50000000048143));
#16527=CARTESIAN_POINT('',(-186.214107033655,118.411128015689,-1.00000000048142));
#16528=CARTESIAN_POINT('Origin',(-52.539107033655,117.91112801569,-2.50000000048143));
#16529=CARTESIAN_POINT('',(-52.0391070336551,117.91112801569,-1.00000000048142));
#16530=CARTESIAN_POINT('Origin',(-52.539107033655,117.91112801569,-1.00000000048142));
#16531=CARTESIAN_POINT('',(-52.0391070336551,117.91112801569,-2.50000000048143));
#16532=CARTESIAN_POINT('Origin',(-52.539107033655,117.91112801569,-2.50000000048143));
#16533=CARTESIAN_POINT('',(-52.0391070336551,117.91112801569,-2.50000000048143));
#16534=CARTESIAN_POINT('Origin',(-71.5891070336551,104.711128015689,-2.50000000048143));
#16535=CARTESIAN_POINT('',(-71.0891070336551,104.711128015689,-2.50000000048143));
#16536=CARTESIAN_POINT('',(-71.5891070336551,104.211128015689,-2.50000000048143));
#16537=CARTESIAN_POINT('Origin',(-71.5891070336551,104.711128015689,-2.50000000048143));
#16538=CARTESIAN_POINT('',(-71.5891070336551,104.211128015689,-1.00000000048142));
#16539=CARTESIAN_POINT('',(-71.5891070336551,104.211128015689,-2.50000000048143));
#16540=CARTESIAN_POINT('',(-71.0891070336551,104.711128015689,-1.00000000048142));
#16541=CARTESIAN_POINT('Origin',(-71.5891070336551,104.711128015689,-1.00000000048142));
#16542=CARTESIAN_POINT('',(-71.0891070336551,104.711128015689,-2.50000000048143));
#16543=CARTESIAN_POINT('Origin',(-243.139107033655,104.211128015689,-2.50000000048143));
#16544=CARTESIAN_POINT('',(-84.7891070336551,104.211128015689,-2.50000000048143));
#16545=CARTESIAN_POINT('',(-179.714107033655,104.211128015689,-2.50000000048143));
#16546=CARTESIAN_POINT('',(-84.7891070336551,104.211128015689,-1.00000000048142));
#16547=CARTESIAN_POINT('',(-84.7891070336551,104.211128015689,-2.50000000048143));
#16548=CARTESIAN_POINT('',(-179.714107033655,104.211128015689,-1.00000000048142));
#16549=CARTESIAN_POINT('Origin',(-84.7891070336551,104.711128015689,-2.50000000048143));
#16550=CARTESIAN_POINT('',(-85.289107033655,104.711128015689,-1.00000000048142));
#16551=CARTESIAN_POINT('Origin',(-84.7891070336551,104.711128015689,-1.00000000048142));
#16552=CARTESIAN_POINT('',(-85.289107033655,104.711128015689,-2.50000000048143));
#16553=CARTESIAN_POINT('Origin',(-84.7891070336551,104.711128015689,-2.50000000048143));
#16554=CARTESIAN_POINT('',(-85.2891070336551,104.711128015689,-2.50000000048143));
#16555=CARTESIAN_POINT('Origin',(-84.789107033655,117.911128015689,-2.50000000048143));
#16556=CARTESIAN_POINT('',(-85.289107033655,117.911128015689,-2.50000000048143));
#16557=CARTESIAN_POINT('',(-84.789107033655,118.411128015689,-2.50000000048143));
#16558=CARTESIAN_POINT('Origin',(-84.789107033655,117.911128015689,-2.50000000048143));
#16559=CARTESIAN_POINT('',(-84.789107033655,118.411128015689,-1.00000000048142));
#16560=CARTESIAN_POINT('',(-84.789107033655,118.411128015689,-2.50000000048143));
#16561=CARTESIAN_POINT('',(-85.289107033655,117.911128015689,-1.00000000048142));
#16562=CARTESIAN_POINT('Origin',(-84.789107033655,117.911128015689,-1.00000000048142));
#16563=CARTESIAN_POINT('',(-85.2891070336551,117.911128015689,-2.50000000048143));
#16564=CARTESIAN_POINT('Origin',(-256.139107033655,118.411128015689,-2.50000000048143));
#16565=CARTESIAN_POINT('',(-71.5891070336551,118.411128015689,-2.50000000048143));
#16566=CARTESIAN_POINT('',(-186.214107033655,118.411128015689,-2.50000000048143));
#16567=CARTESIAN_POINT('',(-71.5891070336551,118.411128015689,-1.00000000048142));
#16568=CARTESIAN_POINT('',(-71.5891070336551,118.411128015689,-2.50000000048143));
#16569=CARTESIAN_POINT('',(-186.214107033655,118.411128015689,-1.00000000048142));
#16570=CARTESIAN_POINT('Origin',(-71.5891070336551,117.911128015689,-2.50000000048143));
#16571=CARTESIAN_POINT('',(-71.0891070336551,117.911128015689,-1.00000000048142));
#16572=CARTESIAN_POINT('Origin',(-71.5891070336551,117.911128015689,-1.00000000048142));
#16573=CARTESIAN_POINT('',(-71.0891070336551,117.911128015689,-2.50000000048143));
#16574=CARTESIAN_POINT('Origin',(-71.5891070336551,117.911128015689,-2.50000000048143));
#16575=CARTESIAN_POINT('',(-71.0891070336551,117.911128015689,-2.50000000048143));
#16576=CARTESIAN_POINT('Origin',(-90.6391070336551,104.711128015689,-2.50000000048143));
#16577=CARTESIAN_POINT('',(-90.139107033655,104.711128015689,-2.50000000048143));
#16578=CARTESIAN_POINT('',(-90.6391070336551,104.211128015689,-2.50000000048143));
#16579=CARTESIAN_POINT('Origin',(-90.6391070336551,104.711128015689,-2.50000000048143));
#16580=CARTESIAN_POINT('',(-90.6391070336551,104.211128015689,-1.00000000048142));
#16581=CARTESIAN_POINT('',(-90.6391070336551,104.211128015689,-2.50000000048143));
#16582=CARTESIAN_POINT('',(-90.139107033655,104.711128015689,-1.00000000048142));
#16583=CARTESIAN_POINT('Origin',(-90.6391070336551,104.711128015689,-1.00000000048142));
#16584=CARTESIAN_POINT('',(-90.1391070336551,104.711128015689,-2.50000000048143));
#16585=CARTESIAN_POINT('Origin',(-243.139107033655,104.211128015689,-2.50000000048143));
#16586=CARTESIAN_POINT('',(-103.839107033655,104.211128015689,-2.50000000048143));
#16587=CARTESIAN_POINT('',(-179.714107033655,104.211128015689,-2.50000000048143));
#16588=CARTESIAN_POINT('',(-103.839107033655,104.211128015689,-1.00000000048142));
#16589=CARTESIAN_POINT('',(-103.839107033655,104.211128015689,-2.50000000048143));
#16590=CARTESIAN_POINT('',(-179.714107033655,104.211128015689,-1.00000000048142));
#16591=CARTESIAN_POINT('Origin',(-103.839107033655,104.711128015689,-2.50000000048143));
#16592=CARTESIAN_POINT('',(-104.339107033655,104.711128015689,-1.00000000048142));
#16593=CARTESIAN_POINT('Origin',(-103.839107033655,104.711128015689,-1.00000000048142));
#16594=CARTESIAN_POINT('',(-104.339107033655,104.711128015689,-2.50000000048143));
#16595=CARTESIAN_POINT('Origin',(-103.839107033655,104.711128015689,-2.50000000048143));
#16596=CARTESIAN_POINT('',(-104.339107033655,104.711128015689,-2.50000000048143));
#16597=CARTESIAN_POINT('Origin',(-103.839107033655,117.911128015689,-2.50000000048143));
#16598=CARTESIAN_POINT('',(-104.339107033655,117.911128015689,-2.50000000048143));
#16599=CARTESIAN_POINT('',(-103.839107033655,118.411128015689,-2.50000000048143));
#16600=CARTESIAN_POINT('Origin',(-103.839107033655,117.911128015689,-2.50000000048143));
#16601=CARTESIAN_POINT('',(-103.839107033655,118.411128015689,-1.00000000048142));
#16602=CARTESIAN_POINT('',(-103.839107033655,118.411128015689,-2.50000000048143));
#16603=CARTESIAN_POINT('',(-104.339107033655,117.911128015689,-1.00000000048142));
#16604=CARTESIAN_POINT('Origin',(-103.839107033655,117.911128015689,-1.00000000048142));
#16605=CARTESIAN_POINT('',(-104.339107033655,117.911128015689,-2.50000000048143));
#16606=CARTESIAN_POINT('Origin',(-256.139107033655,118.411128015689,-2.50000000048143));
#16607=CARTESIAN_POINT('',(-90.6391070336551,118.411128015689,-2.50000000048143));
#16608=CARTESIAN_POINT('',(-186.214107033655,118.411128015689,-2.50000000048143));
#16609=CARTESIAN_POINT('',(-90.6391070336551,118.411128015689,-1.00000000048142));
#16610=CARTESIAN_POINT('',(-90.6391070336551,118.411128015689,-2.50000000048143));
#16611=CARTESIAN_POINT('',(-186.214107033655,118.411128015689,-1.00000000048142));
#16612=CARTESIAN_POINT('Origin',(-90.6391070336551,117.911128015689,-2.50000000048143));
#16613=CARTESIAN_POINT('',(-90.139107033655,117.911128015689,-1.00000000048142));
#16614=CARTESIAN_POINT('Origin',(-90.6391070336551,117.911128015689,-1.00000000048142));
#16615=CARTESIAN_POINT('',(-90.139107033655,117.911128015689,-2.50000000048143));
#16616=CARTESIAN_POINT('Origin',(-90.6391070336551,117.911128015689,-2.50000000048143));
#16617=CARTESIAN_POINT('',(-90.1391070336551,117.911128015689,-2.50000000048143));
#16618=CARTESIAN_POINT('Origin',(-109.689107033655,104.711128015689,-2.50000000048143));
#16619=CARTESIAN_POINT('',(-109.189107033655,104.711128015689,-2.50000000048143));
#16620=CARTESIAN_POINT('',(-109.689107033655,104.211128015689,-2.50000000048143));
#16621=CARTESIAN_POINT('Origin',(-109.689107033655,104.711128015689,-2.50000000048143));
#16622=CARTESIAN_POINT('',(-109.689107033655,104.211128015689,-1.00000000048142));
#16623=CARTESIAN_POINT('',(-109.689107033655,104.211128015689,-2.50000000048143));
#16624=CARTESIAN_POINT('',(-109.189107033655,104.711128015689,-1.00000000048142));
#16625=CARTESIAN_POINT('Origin',(-109.689107033655,104.711128015689,-1.00000000048142));
#16626=CARTESIAN_POINT('',(-109.189107033655,104.711128015689,-2.50000000048143));
#16627=CARTESIAN_POINT('Origin',(-243.139107033655,104.211128015689,-2.50000000048143));
#16628=CARTESIAN_POINT('',(-122.889107033655,104.211128015689,-2.50000000048143));
#16629=CARTESIAN_POINT('',(-179.714107033655,104.211128015689,-2.50000000048143));
#16630=CARTESIAN_POINT('',(-122.889107033655,104.211128015689,-1.00000000048142));
#16631=CARTESIAN_POINT('',(-122.889107033655,104.211128015689,-2.50000000048143));
#16632=CARTESIAN_POINT('',(-179.714107033655,104.211128015689,-1.00000000048142));
#16633=CARTESIAN_POINT('Origin',(-122.889107033655,104.711128015689,-2.50000000048143));
#16634=CARTESIAN_POINT('',(-123.389107033655,104.711128015689,-1.00000000048142));
#16635=CARTESIAN_POINT('Origin',(-122.889107033655,104.711128015689,-1.00000000048142));
#16636=CARTESIAN_POINT('',(-123.389107033655,104.711128015689,-2.50000000048143));
#16637=CARTESIAN_POINT('Origin',(-122.889107033655,104.711128015689,-2.50000000048143));
#16638=CARTESIAN_POINT('',(-123.389107033655,104.711128015689,-2.50000000048143));
#16639=CARTESIAN_POINT('Origin',(-122.889107033655,117.911128015689,-2.50000000048143));
#16640=CARTESIAN_POINT('',(-123.389107033655,117.911128015689,-2.50000000048143));
#16641=CARTESIAN_POINT('',(-122.889107033655,118.411128015689,-2.50000000048143));
#16642=CARTESIAN_POINT('Origin',(-122.889107033655,117.911128015689,-2.50000000048143));
#16643=CARTESIAN_POINT('',(-122.889107033655,118.411128015689,-1.00000000048142));
#16644=CARTESIAN_POINT('',(-122.889107033655,118.411128015689,-2.50000000048143));
#16645=CARTESIAN_POINT('',(-123.389107033655,117.911128015689,-1.00000000048142));
#16646=CARTESIAN_POINT('Origin',(-122.889107033655,117.911128015689,-1.00000000048142));
#16647=CARTESIAN_POINT('',(-123.389107033655,117.911128015689,-2.50000000048143));
#16648=CARTESIAN_POINT('Origin',(-256.139107033655,118.411128015689,-2.50000000048143));
#16649=CARTESIAN_POINT('',(-109.689107033655,118.411128015689,-2.50000000048143));
#16650=CARTESIAN_POINT('',(-186.214107033655,118.411128015689,-2.50000000048143));
#16651=CARTESIAN_POINT('',(-109.689107033655,118.411128015689,-1.00000000048142));
#16652=CARTESIAN_POINT('',(-109.689107033655,118.411128015689,-2.50000000048143));
#16653=CARTESIAN_POINT('',(-186.214107033655,118.411128015689,-1.00000000048142));
#16654=CARTESIAN_POINT('Origin',(-109.689107033655,117.911128015689,-2.50000000048143));
#16655=CARTESIAN_POINT('',(-109.189107033655,117.911128015689,-1.00000000048142));
#16656=CARTESIAN_POINT('Origin',(-109.689107033655,117.911128015689,-1.00000000048142));
#16657=CARTESIAN_POINT('',(-109.189107033655,117.911128015689,-2.50000000048143));
#16658=CARTESIAN_POINT('Origin',(-109.689107033655,117.911128015689,-2.50000000048143));
#16659=CARTESIAN_POINT('',(-109.189107033655,117.911128015689,-2.50000000048143));
#16660=CARTESIAN_POINT('Origin',(-128.739107033655,104.711128015689,-2.50000000048143));
#16661=CARTESIAN_POINT('',(-128.239107033655,104.711128015689,-2.50000000048143));
#16662=CARTESIAN_POINT('',(-128.739107033655,104.211128015689,-2.50000000048143));
#16663=CARTESIAN_POINT('Origin',(-128.739107033655,104.711128015689,-2.50000000048143));
#16664=CARTESIAN_POINT('',(-128.739107033655,104.211128015689,-1.00000000048142));
#16665=CARTESIAN_POINT('',(-128.739107033655,104.211128015689,-2.50000000048143));
#16666=CARTESIAN_POINT('',(-128.239107033655,104.711128015689,-1.00000000048142));
#16667=CARTESIAN_POINT('Origin',(-128.739107033655,104.711128015689,-1.00000000048142));
#16668=CARTESIAN_POINT('',(-128.239107033655,104.711128015689,-2.50000000048143));
#16669=CARTESIAN_POINT('Origin',(-243.139107033655,104.211128015689,-2.50000000048143));
#16670=CARTESIAN_POINT('',(-141.939107033655,104.211128015689,-2.50000000048143));
#16671=CARTESIAN_POINT('',(-179.714107033655,104.211128015689,-2.50000000048143));
#16672=CARTESIAN_POINT('',(-141.939107033655,104.211128015689,-1.00000000048142));
#16673=CARTESIAN_POINT('',(-141.939107033655,104.211128015689,-2.50000000048143));
#16674=CARTESIAN_POINT('',(-179.714107033655,104.211128015689,-1.00000000048142));
#16675=CARTESIAN_POINT('Origin',(-141.939107033655,104.711128015689,-2.50000000048143));
#16676=CARTESIAN_POINT('',(-142.439107033655,104.711128015689,-1.00000000048142));
#16677=CARTESIAN_POINT('Origin',(-141.939107033655,104.711128015689,-1.00000000048142));
#16678=CARTESIAN_POINT('',(-142.439107033655,104.711128015689,-2.50000000048143));
#16679=CARTESIAN_POINT('Origin',(-141.939107033655,104.711128015689,-2.50000000048143));
#16680=CARTESIAN_POINT('',(-142.439107033655,104.711128015689,-2.50000000048143));
#16681=CARTESIAN_POINT('Origin',(-141.939107033655,117.911128015689,-2.50000000048143));
#16682=CARTESIAN_POINT('',(-142.439107033655,117.911128015689,-2.50000000048143));
#16683=CARTESIAN_POINT('',(-141.939107033655,118.411128015689,-2.50000000048143));
#16684=CARTESIAN_POINT('Origin',(-141.939107033655,117.911128015689,-2.50000000048143));
#16685=CARTESIAN_POINT('',(-141.939107033655,118.411128015689,-1.00000000048142));
#16686=CARTESIAN_POINT('',(-141.939107033655,118.411128015689,-2.50000000048143));
#16687=CARTESIAN_POINT('',(-142.439107033655,117.911128015689,-1.00000000048142));
#16688=CARTESIAN_POINT('Origin',(-141.939107033655,117.911128015689,-1.00000000048142));
#16689=CARTESIAN_POINT('',(-142.439107033655,117.911128015689,-2.50000000048143));
#16690=CARTESIAN_POINT('Origin',(-256.139107033655,118.411128015689,-2.50000000048143));
#16691=CARTESIAN_POINT('',(-128.739107033655,118.411128015689,-2.50000000048143));
#16692=CARTESIAN_POINT('',(-186.214107033655,118.411128015689,-2.50000000048143));
#16693=CARTESIAN_POINT('',(-128.739107033655,118.411128015689,-1.00000000048142));
#16694=CARTESIAN_POINT('',(-128.739107033655,118.411128015689,-2.50000000048143));
#16695=CARTESIAN_POINT('',(-186.214107033655,118.411128015689,-1.00000000048142));
#16696=CARTESIAN_POINT('Origin',(-128.739107033655,117.911128015689,-2.50000000048143));
#16697=CARTESIAN_POINT('',(-128.239107033655,117.911128015689,-1.00000000048142));
#16698=CARTESIAN_POINT('Origin',(-128.739107033655,117.911128015689,-1.00000000048142));
#16699=CARTESIAN_POINT('',(-128.239107033655,117.911128015689,-2.50000000048143));
#16700=CARTESIAN_POINT('Origin',(-128.739107033655,117.911128015689,-2.50000000048143));
#16701=CARTESIAN_POINT('',(-128.239107033655,117.911128015689,-2.50000000048143));
#16702=CARTESIAN_POINT('Origin',(-147.789107033655,104.711128015689,-2.50000000048143));
#16703=CARTESIAN_POINT('',(-147.289107033655,104.711128015689,-2.50000000048143));
#16704=CARTESIAN_POINT('',(-147.789107033655,104.211128015689,-2.50000000048143));
#16705=CARTESIAN_POINT('Origin',(-147.789107033655,104.711128015689,-2.50000000048143));
#16706=CARTESIAN_POINT('',(-147.789107033655,104.211128015689,-1.00000000048142));
#16707=CARTESIAN_POINT('',(-147.789107033655,104.211128015689,-2.50000000048143));
#16708=CARTESIAN_POINT('',(-147.289107033655,104.711128015689,-1.00000000048142));
#16709=CARTESIAN_POINT('Origin',(-147.789107033655,104.711128015689,-1.00000000048142));
#16710=CARTESIAN_POINT('',(-147.289107033655,104.711128015689,-2.50000000048143));
#16711=CARTESIAN_POINT('Origin',(-243.139107033655,104.211128015689,-2.50000000048143));
#16712=CARTESIAN_POINT('',(-160.989107033655,104.211128015689,-2.50000000048143));
#16713=CARTESIAN_POINT('',(-179.714107033655,104.211128015689,-2.50000000048143));
#16714=CARTESIAN_POINT('',(-160.989107033655,104.211128015689,-1.00000000048142));
#16715=CARTESIAN_POINT('',(-160.989107033655,104.211128015689,-2.50000000048143));
#16716=CARTESIAN_POINT('',(-179.714107033655,104.211128015689,-1.00000000048142));
#16717=CARTESIAN_POINT('Origin',(-160.989107033655,104.711128015689,-2.50000000048143));
#16718=CARTESIAN_POINT('',(-161.489107033655,104.711128015689,-1.00000000048142));
#16719=CARTESIAN_POINT('Origin',(-160.989107033655,104.711128015689,-1.00000000048142));
#16720=CARTESIAN_POINT('',(-161.489107033655,104.711128015689,-2.50000000048143));
#16721=CARTESIAN_POINT('Origin',(-160.989107033655,104.711128015689,-2.50000000048143));
#16722=CARTESIAN_POINT('',(-161.489107033655,104.711128015689,-2.50000000048143));
#16723=CARTESIAN_POINT('Origin',(-160.989107033655,117.911128015689,-2.50000000048143));
#16724=CARTESIAN_POINT('',(-161.489107033655,117.911128015689,-2.50000000048143));
#16725=CARTESIAN_POINT('',(-160.989107033655,118.411128015689,-2.50000000048143));
#16726=CARTESIAN_POINT('Origin',(-160.989107033655,117.911128015689,-2.50000000048143));
#16727=CARTESIAN_POINT('',(-160.989107033655,118.411128015689,-1.00000000048142));
#16728=CARTESIAN_POINT('',(-160.989107033655,118.411128015689,-2.50000000048143));
#16729=CARTESIAN_POINT('',(-161.489107033655,117.911128015689,-1.00000000048142));
#16730=CARTESIAN_POINT('Origin',(-160.989107033655,117.911128015689,-1.00000000048142));
#16731=CARTESIAN_POINT('',(-161.489107033655,117.911128015689,-2.50000000048143));
#16732=CARTESIAN_POINT('Origin',(-256.139107033655,118.411128015689,-2.50000000048143));
#16733=CARTESIAN_POINT('',(-147.789107033655,118.411128015689,-2.50000000048143));
#16734=CARTESIAN_POINT('',(-186.214107033655,118.411128015689,-2.50000000048143));
#16735=CARTESIAN_POINT('',(-147.789107033655,118.411128015689,-1.00000000048142));
#16736=CARTESIAN_POINT('',(-147.789107033655,118.411128015689,-2.50000000048143));
#16737=CARTESIAN_POINT('',(-186.214107033655,118.411128015689,-1.00000000048142));
#16738=CARTESIAN_POINT('Origin',(-147.789107033655,117.911128015689,-2.50000000048143));
#16739=CARTESIAN_POINT('',(-147.289107033655,117.911128015689,-1.00000000048142));
#16740=CARTESIAN_POINT('Origin',(-147.789107033655,117.911128015689,-1.00000000048142));
#16741=CARTESIAN_POINT('',(-147.289107033655,117.911128015689,-2.50000000048143));
#16742=CARTESIAN_POINT('Origin',(-147.789107033655,117.911128015689,-2.50000000048143));
#16743=CARTESIAN_POINT('',(-147.289107033655,117.911128015689,-2.50000000048143));
#16744=CARTESIAN_POINT('Origin',(-166.839107033655,104.711128015689,-2.50000000048143));
#16745=CARTESIAN_POINT('',(-166.339107033655,104.711128015689,-2.50000000048143));
#16746=CARTESIAN_POINT('',(-166.839107033655,104.211128015689,-2.50000000048143));
#16747=CARTESIAN_POINT('Origin',(-166.839107033655,104.711128015689,-2.50000000048143));
#16748=CARTESIAN_POINT('',(-166.839107033655,104.211128015689,-1.00000000048142));
#16749=CARTESIAN_POINT('',(-166.839107033655,104.211128015689,-2.50000000048143));
#16750=CARTESIAN_POINT('',(-166.339107033655,104.711128015689,-1.00000000048142));
#16751=CARTESIAN_POINT('Origin',(-166.839107033655,104.711128015689,-1.00000000048142));
#16752=CARTESIAN_POINT('',(-166.339107033655,104.711128015689,-2.50000000048143));
#16753=CARTESIAN_POINT('Origin',(-243.139107033655,104.211128015689,-2.50000000048143));
#16754=CARTESIAN_POINT('',(-180.039107033655,104.211128015689,-2.50000000048143));
#16755=CARTESIAN_POINT('',(-179.714107033655,104.211128015689,-2.50000000048143));
#16756=CARTESIAN_POINT('',(-180.039107033655,104.211128015689,-1.00000000048142));
#16757=CARTESIAN_POINT('',(-180.039107033655,104.211128015689,-2.50000000048143));
#16758=CARTESIAN_POINT('',(-179.714107033655,104.211128015689,-1.00000000048142));
#16759=CARTESIAN_POINT('Origin',(-180.039107033655,104.711128015689,-2.50000000048143));
#16760=CARTESIAN_POINT('',(-180.539107033655,104.711128015689,-1.00000000048142));
#16761=CARTESIAN_POINT('Origin',(-180.039107033655,104.711128015689,-1.00000000048142));
#16762=CARTESIAN_POINT('',(-180.539107033655,104.711128015689,-2.50000000048143));
#16763=CARTESIAN_POINT('Origin',(-180.039107033655,104.711128015689,-2.50000000048143));
#16764=CARTESIAN_POINT('',(-180.539107033655,104.711128015689,-2.50000000048143));
#16765=CARTESIAN_POINT('Origin',(-180.039107033655,117.911128015689,-2.50000000048143));
#16766=CARTESIAN_POINT('',(-180.539107033655,117.911128015689,-2.50000000048143));
#16767=CARTESIAN_POINT('',(-180.039107033655,118.411128015689,-2.50000000048143));
#16768=CARTESIAN_POINT('Origin',(-180.039107033655,117.911128015689,-2.50000000048143));
#16769=CARTESIAN_POINT('',(-180.039107033655,118.411128015689,-1.00000000048142));
#16770=CARTESIAN_POINT('',(-180.039107033655,118.411128015689,-2.50000000048143));
#16771=CARTESIAN_POINT('',(-180.539107033655,117.911128015689,-1.00000000048142));
#16772=CARTESIAN_POINT('Origin',(-180.039107033655,117.911128015689,-1.00000000048142));
#16773=CARTESIAN_POINT('',(-180.539107033655,117.911128015689,-2.50000000048143));
#16774=CARTESIAN_POINT('Origin',(-256.139107033655,118.411128015689,-2.50000000048143));
#16775=CARTESIAN_POINT('',(-166.839107033655,118.411128015689,-2.50000000048143));
#16776=CARTESIAN_POINT('',(-186.214107033655,118.411128015689,-2.50000000048143));
#16777=CARTESIAN_POINT('',(-166.839107033655,118.411128015689,-1.00000000048142));
#16778=CARTESIAN_POINT('',(-166.839107033655,118.411128015689,-2.50000000048143));
#16779=CARTESIAN_POINT('',(-186.214107033655,118.411128015689,-1.00000000048142));
#16780=CARTESIAN_POINT('Origin',(-166.839107033655,117.911128015689,-2.50000000048143));
#16781=CARTESIAN_POINT('',(-166.339107033655,117.911128015689,-1.00000000048142));
#16782=CARTESIAN_POINT('Origin',(-166.839107033655,117.911128015689,-1.00000000048142));
#16783=CARTESIAN_POINT('',(-166.339107033655,117.911128015689,-2.50000000048143));
#16784=CARTESIAN_POINT('Origin',(-166.839107033655,117.911128015689,-2.50000000048143));
#16785=CARTESIAN_POINT('',(-166.339107033655,117.911128015689,-2.50000000048143));
#16786=CARTESIAN_POINT('Origin',(-185.889107033655,104.711128015689,-2.50000000048143));
#16787=CARTESIAN_POINT('',(-185.389107033655,104.711128015689,-2.50000000048143));
#16788=CARTESIAN_POINT('',(-185.889107033655,104.211128015689,-2.50000000048143));
#16789=CARTESIAN_POINT('Origin',(-185.889107033655,104.711128015689,-2.50000000048143));
#16790=CARTESIAN_POINT('',(-185.889107033655,104.211128015689,-1.00000000048142));
#16791=CARTESIAN_POINT('',(-185.889107033655,104.211128015689,-2.50000000048143));
#16792=CARTESIAN_POINT('',(-185.389107033655,104.711128015689,-1.00000000048142));
#16793=CARTESIAN_POINT('Origin',(-185.889107033655,104.711128015689,-1.00000000048142));
#16794=CARTESIAN_POINT('',(-185.389107033655,104.711128015689,-2.50000000048143));
#16795=CARTESIAN_POINT('Origin',(-243.139107033655,104.211128015689,-2.50000000048143));
#16796=CARTESIAN_POINT('',(-199.089107033655,104.211128015689,-2.50000000048143));
#16797=CARTESIAN_POINT('',(-179.714107033655,104.211128015689,-2.50000000048143));
#16798=CARTESIAN_POINT('',(-199.089107033655,104.211128015689,-1.00000000048142));
#16799=CARTESIAN_POINT('',(-199.089107033655,104.211128015689,-2.50000000048143));
#16800=CARTESIAN_POINT('',(-179.714107033655,104.211128015689,-1.00000000048142));
#16801=CARTESIAN_POINT('Origin',(-199.089107033655,104.711128015689,-2.50000000048143));
#16802=CARTESIAN_POINT('',(-199.589107033655,104.711128015689,-1.00000000048142));
#16803=CARTESIAN_POINT('Origin',(-199.089107033655,104.711128015689,-1.00000000048142));
#16804=CARTESIAN_POINT('',(-199.589107033655,104.711128015689,-2.50000000048143));
#16805=CARTESIAN_POINT('Origin',(-199.089107033655,104.711128015689,-2.50000000048143));
#16806=CARTESIAN_POINT('',(-199.589107033655,104.711128015689,-2.50000000048143));
#16807=CARTESIAN_POINT('Origin',(-199.089107033655,117.911128015689,-2.50000000048143));
#16808=CARTESIAN_POINT('',(-199.589107033655,117.911128015689,-2.50000000048143));
#16809=CARTESIAN_POINT('',(-199.089107033655,118.411128015689,-2.50000000048143));
#16810=CARTESIAN_POINT('Origin',(-199.089107033655,117.911128015689,-2.50000000048143));
#16811=CARTESIAN_POINT('',(-199.089107033655,118.411128015689,-1.00000000048142));
#16812=CARTESIAN_POINT('',(-199.089107033655,118.411128015689,-2.50000000048143));
#16813=CARTESIAN_POINT('',(-199.589107033655,117.911128015689,-1.00000000048142));
#16814=CARTESIAN_POINT('Origin',(-199.089107033655,117.911128015689,-1.00000000048142));
#16815=CARTESIAN_POINT('',(-199.589107033655,117.911128015689,-2.50000000048143));
#16816=CARTESIAN_POINT('Origin',(-256.139107033655,118.411128015689,-2.50000000048143));
#16817=CARTESIAN_POINT('',(-185.889107033655,118.411128015689,-2.50000000048143));
#16818=CARTESIAN_POINT('',(-186.214107033655,118.411128015689,-2.50000000048143));
#16819=CARTESIAN_POINT('',(-185.889107033655,118.411128015689,-1.00000000048142));
#16820=CARTESIAN_POINT('',(-185.889107033655,118.411128015689,-2.50000000048143));
#16821=CARTESIAN_POINT('',(-186.214107033655,118.411128015689,-1.00000000048142));
#16822=CARTESIAN_POINT('Origin',(-185.889107033655,117.911128015689,-2.50000000048143));
#16823=CARTESIAN_POINT('',(-185.389107033655,117.911128015689,-1.00000000048142));
#16824=CARTESIAN_POINT('Origin',(-185.889107033655,117.911128015689,-1.00000000048142));
#16825=CARTESIAN_POINT('',(-185.389107033655,117.911128015689,-2.50000000048143));
#16826=CARTESIAN_POINT('Origin',(-185.889107033655,117.911128015689,-2.50000000048143));
#16827=CARTESIAN_POINT('',(-185.389107033655,117.911128015689,-2.50000000048143));
#16828=CARTESIAN_POINT('Origin',(-204.939107033655,104.711128015689,-2.50000000048143));
#16829=CARTESIAN_POINT('',(-204.439107033655,104.711128015689,-2.50000000048143));
#16830=CARTESIAN_POINT('',(-204.939107033655,104.211128015689,-2.50000000048143));
#16831=CARTESIAN_POINT('Origin',(-204.939107033655,104.711128015689,-2.50000000048143));
#16832=CARTESIAN_POINT('',(-204.939107033655,104.211128015689,-1.00000000048142));
#16833=CARTESIAN_POINT('',(-204.939107033655,104.211128015689,-2.50000000048143));
#16834=CARTESIAN_POINT('',(-204.439107033655,104.711128015689,-1.00000000048142));
#16835=CARTESIAN_POINT('Origin',(-204.939107033655,104.711128015689,-1.00000000048142));
#16836=CARTESIAN_POINT('',(-204.439107033655,104.711128015689,-2.50000000048143));
#16837=CARTESIAN_POINT('Origin',(-243.139107033655,104.211128015689,-2.50000000048143));
#16838=CARTESIAN_POINT('',(-218.139107033655,104.211128015689,-2.50000000048143));
#16839=CARTESIAN_POINT('',(-179.714107033655,104.211128015689,-2.50000000048143));
#16840=CARTESIAN_POINT('',(-218.139107033655,104.211128015689,-1.00000000048142));
#16841=CARTESIAN_POINT('',(-218.139107033655,104.211128015689,-2.50000000048143));
#16842=CARTESIAN_POINT('',(-179.714107033655,104.211128015689,-1.00000000048142));
#16843=CARTESIAN_POINT('Origin',(-218.139107033655,104.711128015689,-2.50000000048143));
#16844=CARTESIAN_POINT('',(-218.639107033655,104.711128015689,-1.00000000048142));
#16845=CARTESIAN_POINT('Origin',(-218.139107033655,104.711128015689,-1.00000000048142));
#16846=CARTESIAN_POINT('',(-218.639107033655,104.711128015689,-2.50000000048143));
#16847=CARTESIAN_POINT('Origin',(-218.139107033655,104.711128015689,-2.50000000048143));
#16848=CARTESIAN_POINT('',(-218.639107033655,104.711128015689,-2.50000000048143));
#16849=CARTESIAN_POINT('Origin',(-218.139107033655,117.911128015689,-2.50000000048143));
#16850=CARTESIAN_POINT('',(-218.639107033655,117.911128015689,-2.50000000048143));
#16851=CARTESIAN_POINT('',(-218.139107033655,118.411128015689,-2.50000000048143));
#16852=CARTESIAN_POINT('Origin',(-218.139107033655,117.911128015689,-2.50000000048143));
#16853=CARTESIAN_POINT('',(-218.139107033655,118.411128015689,-1.00000000048142));
#16854=CARTESIAN_POINT('',(-218.139107033655,118.411128015689,-2.50000000048143));
#16855=CARTESIAN_POINT('',(-218.639107033655,117.911128015689,-1.00000000048142));
#16856=CARTESIAN_POINT('Origin',(-218.139107033655,117.911128015689,-1.00000000048142));
#16857=CARTESIAN_POINT('',(-218.639107033655,117.911128015689,-2.50000000048143));
#16858=CARTESIAN_POINT('Origin',(-256.139107033655,118.411128015689,-2.50000000048143));
#16859=CARTESIAN_POINT('',(-204.939107033655,118.411128015689,-2.50000000048143));
#16860=CARTESIAN_POINT('',(-186.214107033655,118.411128015689,-2.50000000048143));
#16861=CARTESIAN_POINT('',(-204.939107033655,118.411128015689,-1.00000000048142));
#16862=CARTESIAN_POINT('',(-204.939107033655,118.411128015689,-2.50000000048143));
#16863=CARTESIAN_POINT('',(-186.214107033655,118.411128015689,-1.00000000048142));
#16864=CARTESIAN_POINT('Origin',(-204.939107033655,117.91112801569,-2.50000000048143));
#16865=CARTESIAN_POINT('',(-204.439107033655,117.91112801569,-1.00000000048142));
#16866=CARTESIAN_POINT('Origin',(-204.939107033655,117.91112801569,-1.00000000048142));
#16867=CARTESIAN_POINT('',(-204.439107033655,117.91112801569,-2.50000000048143));
#16868=CARTESIAN_POINT('Origin',(-204.939107033655,117.91112801569,-2.50000000048143));
#16869=CARTESIAN_POINT('',(-204.439107033655,117.91112801569,-2.50000000048143));
#16870=CARTESIAN_POINT('Origin',(-223.989107033655,104.711128015689,-2.50000000048143));
#16871=CARTESIAN_POINT('',(-223.489107033655,104.711128015689,-2.50000000048143));
#16872=CARTESIAN_POINT('',(-223.989107033655,104.211128015689,-2.50000000048143));
#16873=CARTESIAN_POINT('Origin',(-223.989107033655,104.711128015689,-2.50000000048143));
#16874=CARTESIAN_POINT('',(-223.989107033655,104.211128015689,-1.00000000048142));
#16875=CARTESIAN_POINT('',(-223.989107033655,104.211128015689,-2.50000000048143));
#16876=CARTESIAN_POINT('',(-223.489107033655,104.711128015689,-1.00000000048142));
#16877=CARTESIAN_POINT('Origin',(-223.989107033655,104.711128015689,-1.00000000048142));
#16878=CARTESIAN_POINT('',(-223.489107033655,104.711128015689,-2.50000000048143));
#16879=CARTESIAN_POINT('Origin',(-243.139107033655,104.211128015689,-2.50000000048143));
#16880=CARTESIAN_POINT('',(-237.189107033655,104.211128015689,-2.50000000048143));
#16881=CARTESIAN_POINT('',(-179.714107033655,104.211128015689,-2.50000000048143));
#16882=CARTESIAN_POINT('',(-237.189107033655,104.211128015689,-1.00000000048142));
#16883=CARTESIAN_POINT('',(-237.189107033655,104.211128015689,-2.50000000048143));
#16884=CARTESIAN_POINT('',(-179.714107033655,104.211128015689,-1.00000000048142));
#16885=CARTESIAN_POINT('Origin',(-237.189107033655,104.711128015689,-2.50000000048143));
#16886=CARTESIAN_POINT('',(-237.689107033655,104.711128015689,-1.00000000048142));
#16887=CARTESIAN_POINT('Origin',(-237.189107033655,104.711128015689,-1.00000000048142));
#16888=CARTESIAN_POINT('',(-237.689107033655,104.711128015689,-2.50000000048143));
#16889=CARTESIAN_POINT('Origin',(-237.189107033655,104.711128015689,-2.50000000048143));
#16890=CARTESIAN_POINT('',(-237.689107033655,104.711128015689,-2.50000000048143));
#16891=CARTESIAN_POINT('Origin',(-237.189107033655,117.911128015689,-2.50000000048143));
#16892=CARTESIAN_POINT('',(-237.689107033655,117.911128015689,-2.50000000048143));
#16893=CARTESIAN_POINT('',(-237.189107033655,118.411128015689,-2.50000000048143));
#16894=CARTESIAN_POINT('Origin',(-237.189107033655,117.911128015689,-2.50000000048143));
#16895=CARTESIAN_POINT('',(-237.189107033655,118.411128015689,-1.00000000048142));
#16896=CARTESIAN_POINT('',(-237.189107033655,118.411128015689,-2.50000000048143));
#16897=CARTESIAN_POINT('',(-237.689107033655,117.911128015689,-1.00000000048142));
#16898=CARTESIAN_POINT('Origin',(-237.189107033655,117.911128015689,-1.00000000048142));
#16899=CARTESIAN_POINT('',(-237.689107033655,117.911128015689,-2.50000000048143));
#16900=CARTESIAN_POINT('Origin',(-256.139107033655,118.411128015689,-2.50000000048143));
#16901=CARTESIAN_POINT('',(-223.989107033655,118.411128015689,-2.50000000048143));
#16902=CARTESIAN_POINT('',(-186.214107033655,118.411128015689,-2.50000000048143));
#16903=CARTESIAN_POINT('',(-223.989107033655,118.411128015689,-1.00000000048142));
#16904=CARTESIAN_POINT('',(-223.989107033655,118.411128015689,-2.50000000048143));
#16905=CARTESIAN_POINT('',(-186.214107033655,118.411128015689,-1.00000000048142));
#16906=CARTESIAN_POINT('Origin',(-223.989107033655,117.911128015689,-2.50000000048143));
#16907=CARTESIAN_POINT('',(-223.489107033655,117.911128015689,-1.00000000048142));
#16908=CARTESIAN_POINT('Origin',(-223.989107033655,117.911128015689,-1.00000000048142));
#16909=CARTESIAN_POINT('',(-223.489107033655,117.911128015689,-2.50000000048143));
#16910=CARTESIAN_POINT('Origin',(-223.989107033655,117.911128015689,-2.50000000048143));
#16911=CARTESIAN_POINT('',(-223.489107033655,117.911128015689,-2.50000000048143));
#16912=CARTESIAN_POINT('Origin',(-243.039107033655,104.711128015689,-2.50000000048143));
#16913=CARTESIAN_POINT('',(-242.539107033655,104.711128015689,-2.50000000048143));
#16914=CARTESIAN_POINT('',(-243.039107033655,104.211128015689,-2.50000000048143));
#16915=CARTESIAN_POINT('Origin',(-243.039107033655,104.711128015689,-2.50000000048143));
#16916=CARTESIAN_POINT('',(-243.039107033655,104.211128015689,-1.00000000048142));
#16917=CARTESIAN_POINT('',(-243.039107033655,104.211128015689,-2.50000000048143));
#16918=CARTESIAN_POINT('',(-242.539107033655,104.711128015689,-1.00000000048142));
#16919=CARTESIAN_POINT('Origin',(-243.039107033655,104.711128015689,-1.00000000048142));
#16920=CARTESIAN_POINT('',(-242.539107033655,104.711128015689,-2.50000000048143));
#16921=CARTESIAN_POINT('Origin',(-243.139107033655,104.211128015689,-2.50000000048143));
#16922=CARTESIAN_POINT('',(-256.239107033655,104.211128015689,-2.50000000048143));
#16923=CARTESIAN_POINT('',(-179.714107033655,104.211128015689,-2.50000000048143));
#16924=CARTESIAN_POINT('',(-256.239107033655,104.211128015689,-1.00000000048142));
#16925=CARTESIAN_POINT('',(-256.239107033655,104.211128015689,-2.50000000048143));
#16926=CARTESIAN_POINT('',(-179.714107033655,104.211128015689,-1.00000000048142));
#16927=CARTESIAN_POINT('Origin',(-256.239107033655,104.711128015689,-2.50000000048143));
#16928=CARTESIAN_POINT('',(-256.739107033655,104.711128015689,-2.50000000048143));
#16929=CARTESIAN_POINT('Origin',(-256.239107033655,104.711128015689,-2.50000000048143));
#16930=CARTESIAN_POINT('',(-256.739107033655,104.711128015689,-1.00000000048142));
#16931=CARTESIAN_POINT('',(-256.739107033655,104.711128015689,-2.50000000048143));
#16932=CARTESIAN_POINT('Origin',(-256.239107033655,104.711128015689,-1.00000000048142));
#16933=CARTESIAN_POINT('Origin',(-256.739107033655,104.811128015689,-2.50000000048143));
#16934=CARTESIAN_POINT('',(-256.739107033655,117.911128015689,-2.50000000048143));
#16935=CARTESIAN_POINT('',(-256.739107033655,89.3861280156895,-2.50000000048143));
#16936=CARTESIAN_POINT('',(-256.739107033655,117.911128015689,-1.00000000048142));
#16937=CARTESIAN_POINT('',(-256.739107033655,117.911128015689,-2.50000000048143));
#16938=CARTESIAN_POINT('',(-256.739107033655,89.3861280156895,-1.00000000048142));
#16939=CARTESIAN_POINT('Origin',(-256.239107033655,117.911128015689,-2.50000000048143));
#16940=CARTESIAN_POINT('',(-256.239107033655,118.411128015689,-2.50000000048143));
#16941=CARTESIAN_POINT('Origin',(-256.239107033655,117.911128015689,-2.50000000048143));
#16942=CARTESIAN_POINT('',(-256.239107033655,118.411128015689,-1.00000000048142));
#16943=CARTESIAN_POINT('',(-256.239107033655,118.411128015689,-2.50000000048143));
#16944=CARTESIAN_POINT('Origin',(-256.239107033655,117.911128015689,-1.00000000048142));
#16945=CARTESIAN_POINT('Origin',(-256.139107033655,118.411128015689,-2.50000000048143));
#16946=CARTESIAN_POINT('',(-243.039107033655,118.411128015689,-2.50000000048143));
#16947=CARTESIAN_POINT('',(-186.214107033655,118.411128015689,-2.50000000048143));
#16948=CARTESIAN_POINT('',(-243.039107033655,118.411128015689,-1.00000000048142));
#16949=CARTESIAN_POINT('',(-243.039107033655,118.411128015689,-2.50000000048143));
#16950=CARTESIAN_POINT('',(-186.214107033655,118.411128015689,-1.00000000048142));
#16951=CARTESIAN_POINT('Origin',(-243.039107033655,117.911128015689,-2.50000000048143));
#16952=CARTESIAN_POINT('',(-242.539107033655,117.911128015689,-1.00000000048142));
#16953=CARTESIAN_POINT('Origin',(-243.039107033655,117.911128015689,-1.00000000048142));
#16954=CARTESIAN_POINT('',(-242.539107033655,117.911128015689,-2.50000000048143));
#16955=CARTESIAN_POINT('Origin',(-243.039107033655,117.911128015689,-2.50000000048143));
#16956=CARTESIAN_POINT('',(-242.539107033655,117.911128015689,-2.50000000048143));
#16957=CARTESIAN_POINT('Origin',(0.43589296634492,104.811128015689,-2.50000000048143));
#16958=CARTESIAN_POINT('',(0.43589296634492,89.3861280156895,-2.50000000048143));
#16959=CARTESIAN_POINT('',(0.43589296634492,89.3861280156895,-1.00000000048142));
#16960=CARTESIAN_POINT('Origin',(-13.939107033655,117.811128015689,-2.50000000048143));
#16961=CARTESIAN_POINT('',(-13.939107033655,95.8861280156895,-1.00000000048142));
#16962=CARTESIAN_POINT('',(-13.939107033655,95.8861280156895,-2.50000000048143));
#16963=CARTESIAN_POINT('Origin',(-116.289107033655,73.9611280156895,-1.00000000048142));
#16964=CARTESIAN_POINT('',(-28.1391070336551,89.3861280156895,-1.00000000048142));
#16965=CARTESIAN_POINT('',(-32.9891070336551,95.8861280156895,-1.00000000048142));
#16966=CARTESIAN_POINT('',(-47.1891070336551,89.3861280156895,-1.00000000048142));
#16967=CARTESIAN_POINT('',(-52.0391070336551,95.8861280156895,-1.00000000048142));
#16968=CARTESIAN_POINT('',(-66.239107033655,89.3861280156895,-1.00000000048142));
#16969=CARTESIAN_POINT('',(-71.0891070336551,95.8861280156895,-1.00000000048142));
#16970=CARTESIAN_POINT('',(-85.289107033655,89.3861280156895,-1.00000000048142));
#16971=CARTESIAN_POINT('',(-90.139107033655,95.8861280156895,-1.00000000048142));
#16972=CARTESIAN_POINT('',(-104.339107033655,89.3861280156895,-1.00000000048142));
#16973=CARTESIAN_POINT('',(-109.189107033655,95.8861280156895,-1.00000000048142));
#16974=CARTESIAN_POINT('',(-123.389107033655,89.3861280156895,-1.00000000048142));
#16975=CARTESIAN_POINT('',(-128.239107033655,95.8861280156895,-1.00000000048142));
#16976=CARTESIAN_POINT('',(-142.439107033655,89.3861280156895,-1.00000000048142));
#16977=CARTESIAN_POINT('',(-147.289107033655,95.8861280156895,-1.00000000048142));
#16978=CARTESIAN_POINT('',(-161.489107033655,89.3861280156895,-1.00000000048142));
#16979=CARTESIAN_POINT('',(-166.339107033655,95.8861280156895,-1.00000000048142));
#16980=CARTESIAN_POINT('',(-180.539107033655,89.3861280156895,-1.00000000048142));
#16981=CARTESIAN_POINT('',(-185.389107033655,95.8861280156895,-1.00000000048142));
#16982=CARTESIAN_POINT('',(-199.589107033655,89.3861280156895,-1.00000000048142));
#16983=CARTESIAN_POINT('',(-204.439107033655,95.8861280156895,-1.00000000048142));
#16984=CARTESIAN_POINT('',(-218.639107033655,89.3861280156895,-1.00000000048142));
#16985=CARTESIAN_POINT('',(-223.489107033655,95.8861280156895,-1.00000000048142));
#16986=CARTESIAN_POINT('',(-237.689107033655,89.3861280156895,-1.00000000048142));
#16987=CARTESIAN_POINT('',(-242.539107033655,95.8861280156895,-1.00000000048142));
#16988=CARTESIAN_POINT('',(14.6358929663449,95.8861280156895,-1.00000000048142));
#16989=CARTESIAN_POINT('',(-249.595357033655,66.6111280156895,-1.00000000048142));
#16990=CARTESIAN_POINT('',(-249.595357033655,79.8111280156895,-1.00000000048142));
#16991=CARTESIAN_POINT('',(-249.595357033655,70.3361280156895,-1.00000000048142));
#16992=CARTESIAN_POINT('',(-249.095357033655,80.3111280156895,-1.00000000048142));
#16993=CARTESIAN_POINT('Origin',(-249.095357033655,79.8111280156895,-1.00000000048142));
#16994=CARTESIAN_POINT('',(-235.895357033655,80.3111280156895,-1.00000000048142));
#16995=CARTESIAN_POINT('',(-58.817232033655,80.3111280156895,-1.00000000048142));
#16996=CARTESIAN_POINT('',(-235.395357033655,79.8111280156895,-1.00000000048142));
#16997=CARTESIAN_POINT('Origin',(-235.895357033655,79.8111280156895,-1.00000000048142));
#16998=CARTESIAN_POINT('',(-235.395357033655,66.6111280156895,-1.00000000048142));
#16999=CARTESIAN_POINT('',(-235.395357033655,76.8361280156895,-1.00000000048142));
#17000=CARTESIAN_POINT('',(-235.895357033655,66.1111280156895,-1.00000000048142));
#17001=CARTESIAN_POINT('Origin',(-235.895357033655,66.6111280156895,-1.00000000048142));
#17002=CARTESIAN_POINT('',(-249.095357033655,66.1111280156895,-1.00000000048142));
#17003=CARTESIAN_POINT('',(-52.317232033655,66.1111280156895,-1.00000000048142));
#17004=CARTESIAN_POINT('Origin',(-249.095357033655,66.6111280156895,-1.00000000048142));
#17005=CARTESIAN_POINT('',(-223.401607033655,66.6111280156895,-1.00000000048142));
#17006=CARTESIAN_POINT('',(-223.401607033655,79.8111280156895,-1.00000000048142));
#17007=CARTESIAN_POINT('',(-223.401607033655,70.3361280156895,-1.00000000048142));
#17008=CARTESIAN_POINT('',(-222.901607033655,80.3111280156895,-1.00000000048142));
#17009=CARTESIAN_POINT('Origin',(-222.901607033655,79.8111280156895,-1.00000000048142));
#17010=CARTESIAN_POINT('',(-209.701607033655,80.3111280156895,-1.00000000048142));
#17011=CARTESIAN_POINT('',(-58.817232033655,80.3111280156895,-1.00000000048142));
#17012=CARTESIAN_POINT('',(-209.201607033655,79.8111280156895,-1.00000000048142));
#17013=CARTESIAN_POINT('Origin',(-209.701607033655,79.8111280156895,-1.00000000048142));
#17014=CARTESIAN_POINT('',(-209.201607033655,66.6111280156895,-1.00000000048142));
#17015=CARTESIAN_POINT('',(-209.201607033655,76.8361280156895,-1.00000000048142));
#17016=CARTESIAN_POINT('',(-209.701607033655,66.1111280156895,-1.00000000048142));
#17017=CARTESIAN_POINT('Origin',(-209.701607033655,66.6111280156895,-1.00000000048142));
#17018=CARTESIAN_POINT('',(-222.901607033655,66.1111280156895,-1.00000000048142));
#17019=CARTESIAN_POINT('',(-52.317232033655,66.1111280156895,-1.00000000048142));
#17020=CARTESIAN_POINT('Origin',(-222.901607033655,66.6111280156895,-1.00000000048142));
#17021=CARTESIAN_POINT('',(-204.351607033655,66.6111280156895,-1.00000000048142));
#17022=CARTESIAN_POINT('',(-204.351607033655,79.8111280156895,-1.00000000048142));
#17023=CARTESIAN_POINT('',(-204.351607033655,70.3361280156895,-1.00000000048142));
#17024=CARTESIAN_POINT('',(-203.851607033655,80.3111280156895,-1.00000000048142));
#17025=CARTESIAN_POINT('Origin',(-203.851607033655,79.8111280156895,-1.00000000048142));
#17026=CARTESIAN_POINT('',(-190.651607033655,80.3111280156895,-1.00000000048142));
#17027=CARTESIAN_POINT('',(-58.817232033655,80.3111280156895,-1.00000000048142));
#17028=CARTESIAN_POINT('',(-190.151607033655,79.8111280156895,-1.00000000048142));
#17029=CARTESIAN_POINT('Origin',(-190.651607033655,79.8111280156895,-1.00000000048142));
#17030=CARTESIAN_POINT('',(-190.151607033655,66.6111280156895,-1.00000000048142));
#17031=CARTESIAN_POINT('',(-190.151607033655,76.8361280156895,-1.00000000048142));
#17032=CARTESIAN_POINT('',(-190.651607033655,66.1111280156895,-1.00000000048142));
#17033=CARTESIAN_POINT('Origin',(-190.651607033655,66.6111280156895,-1.00000000048142));
#17034=CARTESIAN_POINT('',(-203.851607033655,66.1111280156895,-1.00000000048142));
#17035=CARTESIAN_POINT('',(-52.317232033655,66.1111280156895,-1.00000000048142));
#17036=CARTESIAN_POINT('Origin',(-203.851607033655,66.6111280156895,-1.00000000048142));
#17037=CARTESIAN_POINT('',(-185.301607033655,66.6111280156895,-1.00000000048142));
#17038=CARTESIAN_POINT('',(-185.301607033655,79.8111280156895,-1.00000000048142));
#17039=CARTESIAN_POINT('',(-185.301607033655,70.3361280156895,-1.00000000048142));
#17040=CARTESIAN_POINT('',(-184.801607033655,80.3111280156895,-1.00000000048142));
#17041=CARTESIAN_POINT('Origin',(-184.801607033655,79.8111280156895,-1.00000000048142));
#17042=CARTESIAN_POINT('',(-171.601607033655,80.3111280156895,-1.00000000048142));
#17043=CARTESIAN_POINT('',(-58.817232033655,80.3111280156895,-1.00000000048142));
#17044=CARTESIAN_POINT('',(-171.101607033655,79.8111280156895,-1.00000000048142));
#17045=CARTESIAN_POINT('Origin',(-171.601607033655,79.8111280156895,-1.00000000048142));
#17046=CARTESIAN_POINT('',(-171.101607033655,66.6111280156895,-1.00000000048142));
#17047=CARTESIAN_POINT('',(-171.101607033655,76.8361280156895,-1.00000000048142));
#17048=CARTESIAN_POINT('',(-171.601607033655,66.1111280156895,-1.00000000048142));
#17049=CARTESIAN_POINT('Origin',(-171.601607033655,66.6111280156895,-1.00000000048142));
#17050=CARTESIAN_POINT('',(-184.801607033655,66.1111280156895,-1.00000000048142));
#17051=CARTESIAN_POINT('',(-52.317232033655,66.1111280156895,-1.00000000048142));
#17052=CARTESIAN_POINT('Origin',(-184.801607033655,66.6111280156895,-1.00000000048142));
#17053=CARTESIAN_POINT('',(-166.251607033655,66.6111280156895,-1.00000000048142));
#17054=CARTESIAN_POINT('',(-166.251607033655,79.8111280156895,-1.00000000048142));
#17055=CARTESIAN_POINT('',(-166.251607033655,70.3361280156895,-1.00000000048142));
#17056=CARTESIAN_POINT('',(-165.751607033655,80.3111280156895,-1.00000000048142));
#17057=CARTESIAN_POINT('Origin',(-165.751607033655,79.8111280156895,-1.00000000048142));
#17058=CARTESIAN_POINT('',(-152.551607033655,80.3111280156895,-1.00000000048142));
#17059=CARTESIAN_POINT('',(-58.817232033655,80.3111280156895,-1.00000000048142));
#17060=CARTESIAN_POINT('',(-152.051607033655,79.8111280156895,-1.00000000048142));
#17061=CARTESIAN_POINT('Origin',(-152.551607033655,79.8111280156895,-1.00000000048142));
#17062=CARTESIAN_POINT('',(-152.051607033655,66.6111280156895,-1.00000000048142));
#17063=CARTESIAN_POINT('',(-152.051607033655,76.8361280156895,-1.00000000048142));
#17064=CARTESIAN_POINT('',(-152.551607033655,66.1111280156895,-1.00000000048142));
#17065=CARTESIAN_POINT('Origin',(-152.551607033655,66.6111280156895,-1.00000000048142));
#17066=CARTESIAN_POINT('',(-165.751607033655,66.1111280156895,-1.00000000048142));
#17067=CARTESIAN_POINT('',(-52.317232033655,66.1111280156895,-1.00000000048142));
#17068=CARTESIAN_POINT('Origin',(-165.751607033655,66.6111280156895,-1.00000000048142));
#17069=CARTESIAN_POINT('',(-147.201607033655,66.6111280156895,-1.00000000048142));
#17070=CARTESIAN_POINT('',(-147.201607033655,79.8111280156895,-1.00000000048142));
#17071=CARTESIAN_POINT('',(-147.201607033655,70.3361280156895,-1.00000000048142));
#17072=CARTESIAN_POINT('',(-146.701607033655,80.3111280156895,-1.00000000048142));
#17073=CARTESIAN_POINT('Origin',(-146.701607033655,79.8111280156895,-1.00000000048142));
#17074=CARTESIAN_POINT('',(-133.501607033655,80.3111280156895,-1.00000000048142));
#17075=CARTESIAN_POINT('',(-58.817232033655,80.3111280156895,-1.00000000048142));
#17076=CARTESIAN_POINT('',(-133.001607033655,79.8111280156895,-1.00000000048142));
#17077=CARTESIAN_POINT('Origin',(-133.501607033655,79.8111280156895,-1.00000000048142));
#17078=CARTESIAN_POINT('',(-133.001607033655,66.6111280156895,-1.00000000048142));
#17079=CARTESIAN_POINT('',(-133.001607033655,76.8361280156895,-1.00000000048142));
#17080=CARTESIAN_POINT('',(-133.501607033655,66.1111280156895,-1.00000000048142));
#17081=CARTESIAN_POINT('Origin',(-133.501607033655,66.6111280156895,-1.00000000048142));
#17082=CARTESIAN_POINT('',(-146.701607033655,66.1111280156895,-1.00000000048142));
#17083=CARTESIAN_POINT('',(-52.317232033655,66.1111280156895,-1.00000000048142));
#17084=CARTESIAN_POINT('Origin',(-146.701607033655,66.6111280156895,-1.00000000048142));
#17085=CARTESIAN_POINT('',(-128.151607033655,66.6111280156895,-1.00000000048142));
#17086=CARTESIAN_POINT('',(-128.151607033655,79.8111280156895,-1.00000000048142));
#17087=CARTESIAN_POINT('',(-128.151607033655,70.3361280156895,-1.00000000048142));
#17088=CARTESIAN_POINT('',(-127.651607033655,80.3111280156895,-1.00000000048142));
#17089=CARTESIAN_POINT('Origin',(-127.651607033655,79.8111280156895,-1.00000000048142));
#17090=CARTESIAN_POINT('',(-114.451607033655,80.3111280156895,-1.00000000048142));
#17091=CARTESIAN_POINT('',(-58.817232033655,80.3111280156895,-1.00000000048142));
#17092=CARTESIAN_POINT('',(-113.951607033655,79.8111280156895,-1.00000000048142));
#17093=CARTESIAN_POINT('Origin',(-114.451607033655,79.8111280156895,-1.00000000048142));
#17094=CARTESIAN_POINT('',(-113.951607033655,66.6111280156895,-1.00000000048142));
#17095=CARTESIAN_POINT('',(-113.951607033655,76.8361280156895,-1.00000000048142));
#17096=CARTESIAN_POINT('',(-114.451607033655,66.1111280156895,-1.00000000048142));
#17097=CARTESIAN_POINT('Origin',(-114.451607033655,66.6111280156895,-1.00000000048142));
#17098=CARTESIAN_POINT('',(-127.651607033655,66.1111280156895,-1.00000000048142));
#17099=CARTESIAN_POINT('',(-52.317232033655,66.1111280156895,-1.00000000048142));
#17100=CARTESIAN_POINT('Origin',(-127.651607033655,66.6111280156895,-1.00000000048142));
#17101=CARTESIAN_POINT('',(-109.101607033655,66.6111280156895,-1.00000000048142));
#17102=CARTESIAN_POINT('',(-109.101607033655,79.8111280156895,-1.00000000048142));
#17103=CARTESIAN_POINT('',(-109.101607033655,70.3361280156895,-1.00000000048142));
#17104=CARTESIAN_POINT('',(-108.601607033655,80.3111280156895,-1.00000000048142));
#17105=CARTESIAN_POINT('Origin',(-108.601607033655,79.8111280156895,-1.00000000048142));
#17106=CARTESIAN_POINT('',(-95.4016070336551,80.3111280156895,-1.00000000048142));
#17107=CARTESIAN_POINT('',(-58.817232033655,80.3111280156895,-1.00000000048142));
#17108=CARTESIAN_POINT('',(-94.901607033655,79.8111280156895,-1.00000000048142));
#17109=CARTESIAN_POINT('Origin',(-95.4016070336551,79.8111280156895,-1.00000000048142));
#17110=CARTESIAN_POINT('',(-94.901607033655,66.6111280156895,-1.00000000048142));
#17111=CARTESIAN_POINT('',(-94.901607033655,76.8361280156895,-1.00000000048142));
#17112=CARTESIAN_POINT('',(-95.401607033655,66.1111280156895,-1.00000000048142));
#17113=CARTESIAN_POINT('Origin',(-95.401607033655,66.6111280156895,-1.00000000048142));
#17114=CARTESIAN_POINT('',(-108.601607033655,66.1111280156895,-1.00000000048142));
#17115=CARTESIAN_POINT('',(-52.317232033655,66.1111280156895,-1.00000000048142));
#17116=CARTESIAN_POINT('Origin',(-108.601607033655,66.6111280156895,-1.00000000048142));
#17117=CARTESIAN_POINT('',(-90.051607033655,66.6111280156895,-1.00000000048142));
#17118=CARTESIAN_POINT('',(-90.051607033655,79.8111280156895,-1.00000000048142));
#17119=CARTESIAN_POINT('',(-90.051607033655,70.3361280156895,-1.00000000048142));
#17120=CARTESIAN_POINT('',(-89.5516070336551,80.3111280156895,-1.00000000048142));
#17121=CARTESIAN_POINT('Origin',(-89.5516070336551,79.8111280156895,-1.00000000048142));
#17122=CARTESIAN_POINT('',(-76.3516070336551,80.3111280156895,-1.00000000048142));
#17123=CARTESIAN_POINT('',(-58.817232033655,80.3111280156895,-1.00000000048142));
#17124=CARTESIAN_POINT('',(-75.851607033655,79.8111280156895,-1.00000000048142));
#17125=CARTESIAN_POINT('Origin',(-76.3516070336551,79.8111280156895,-1.00000000048142));
#17126=CARTESIAN_POINT('',(-75.851607033655,66.6111280156895,-1.00000000048142));
#17127=CARTESIAN_POINT('',(-75.851607033655,76.8361280156895,-1.00000000048142));
#17128=CARTESIAN_POINT('',(-76.3516070336551,66.1111280156895,-1.00000000048142));
#17129=CARTESIAN_POINT('Origin',(-76.3516070336551,66.6111280156895,-1.00000000048142));
#17130=CARTESIAN_POINT('',(-89.5516070336551,66.1111280156895,-1.00000000048142));
#17131=CARTESIAN_POINT('',(-52.317232033655,66.1111280156895,-1.00000000048142));
#17132=CARTESIAN_POINT('Origin',(-89.5516070336551,66.6111280156895,-1.00000000048142));
#17133=CARTESIAN_POINT('',(-71.0016070336551,66.6111280156895,-1.00000000048142));
#17134=CARTESIAN_POINT('',(-71.0016070336551,79.8111280156895,-1.00000000048142));
#17135=CARTESIAN_POINT('',(-71.0016070336551,70.3361280156895,-1.00000000048142));
#17136=CARTESIAN_POINT('',(-70.5016070336551,80.3111280156895,-1.00000000048142));
#17137=CARTESIAN_POINT('Origin',(-70.5016070336551,79.8111280156895,-1.00000000048142));
#17138=CARTESIAN_POINT('',(-57.3016070336551,80.3111280156895,-1.00000000048142));
#17139=CARTESIAN_POINT('',(-58.817232033655,80.3111280156895,-1.00000000048142));
#17140=CARTESIAN_POINT('',(-56.8016070336551,79.8111280156895,-1.00000000048142));
#17141=CARTESIAN_POINT('Origin',(-57.3016070336551,79.8111280156895,-1.00000000048142));
#17142=CARTESIAN_POINT('',(-56.8016070336551,66.6111280156895,-1.00000000048142));
#17143=CARTESIAN_POINT('',(-56.8016070336551,76.8361280156895,-1.00000000048142));
#17144=CARTESIAN_POINT('',(-57.3016070336551,66.1111280156895,-1.00000000048142));
#17145=CARTESIAN_POINT('Origin',(-57.3016070336551,66.6111280156895,-1.00000000048142));
#17146=CARTESIAN_POINT('',(-70.5016070336551,66.1111280156895,-1.00000000048142));
#17147=CARTESIAN_POINT('',(-52.317232033655,66.1111280156895,-1.00000000048142));
#17148=CARTESIAN_POINT('Origin',(-70.5016070336551,66.6111280156895,-1.00000000048142));
#17149=CARTESIAN_POINT('',(-51.951607033655,66.6111280156895,-1.00000000048142));
#17150=CARTESIAN_POINT('',(-51.951607033655,79.8111280156895,-1.00000000048142));
#17151=CARTESIAN_POINT('',(-51.951607033655,70.3361280156895,-1.00000000048142));
#17152=CARTESIAN_POINT('',(-51.451607033655,80.3111280156895,-1.00000000048142));
#17153=CARTESIAN_POINT('Origin',(-51.451607033655,79.8111280156895,-1.00000000048142));
#17154=CARTESIAN_POINT('',(-38.2516070336551,80.3111280156895,-1.00000000048142));
#17155=CARTESIAN_POINT('',(-58.817232033655,80.3111280156895,-1.00000000048142));
#17156=CARTESIAN_POINT('',(-37.7516070336551,79.8111280156895,-1.00000000048142));
#17157=CARTESIAN_POINT('Origin',(-38.2516070336551,79.8111280156895,-1.00000000048142));
#17158=CARTESIAN_POINT('',(-37.7516070336551,66.6111280156895,-1.00000000048142));
#17159=CARTESIAN_POINT('',(-37.7516070336551,76.8361280156895,-1.00000000048142));
#17160=CARTESIAN_POINT('',(-38.2516070336551,66.1111280156895,-1.00000000048142));
#17161=CARTESIAN_POINT('Origin',(-38.2516070336551,66.6111280156895,-1.00000000048142));
#17162=CARTESIAN_POINT('',(-51.4516070336551,66.1111280156895,-1.00000000048142));
#17163=CARTESIAN_POINT('',(-52.317232033655,66.1111280156895,-1.00000000048142));
#17164=CARTESIAN_POINT('Origin',(-51.4516070336551,66.6111280156895,-1.00000000048142));
#17165=CARTESIAN_POINT('',(-32.901607033655,66.6111280156895,-1.00000000048142));
#17166=CARTESIAN_POINT('',(-32.901607033655,79.8111280156895,-1.00000000048142));
#17167=CARTESIAN_POINT('',(-32.901607033655,70.3361280156895,-1.00000000048142));
#17168=CARTESIAN_POINT('',(-32.401607033655,80.3111280156895,-1.00000000048142));
#17169=CARTESIAN_POINT('Origin',(-32.401607033655,79.8111280156895,-1.00000000048142));
#17170=CARTESIAN_POINT('',(-19.2016070336551,80.3111280156895,-1.00000000048142));
#17171=CARTESIAN_POINT('',(-58.817232033655,80.3111280156895,-1.00000000048142));
#17172=CARTESIAN_POINT('',(-18.701607033655,79.8111280156895,-1.00000000048142));
#17173=CARTESIAN_POINT('Origin',(-19.2016070336551,79.8111280156895,-1.00000000048142));
#17174=CARTESIAN_POINT('',(-18.701607033655,66.6111280156895,-1.00000000048142));
#17175=CARTESIAN_POINT('',(-18.701607033655,76.8361280156895,-1.00000000048142));
#17176=CARTESIAN_POINT('',(-19.201607033655,66.1111280156895,-1.00000000048142));
#17177=CARTESIAN_POINT('Origin',(-19.201607033655,66.6111280156895,-1.00000000048142));
#17178=CARTESIAN_POINT('',(-32.4016070336551,66.1111280156895,-1.00000000048142));
#17179=CARTESIAN_POINT('',(-52.317232033655,66.1111280156895,-1.00000000048142));
#17180=CARTESIAN_POINT('Origin',(-32.4016070336551,66.6111280156895,-1.00000000048142));
#17181=CARTESIAN_POINT('',(-1.94535703365505,66.6111280156895,-1.00000000048142));
#17182=CARTESIAN_POINT('',(-1.94535703365505,79.8111280156895,-1.00000000048142));
#17183=CARTESIAN_POINT('',(-1.94535703365505,70.3361280156895,-1.00000000048142));
#17184=CARTESIAN_POINT('',(-1.44535703365505,80.3111280156895,-1.00000000048142));
#17185=CARTESIAN_POINT('Origin',(-1.44535703365505,79.8111280156895,-1.00000000048142));
#17186=CARTESIAN_POINT('',(11.754642966345,80.3111280156895,-1.00000000048142));
#17187=CARTESIAN_POINT('',(-58.817232033655,80.3111280156895,-1.00000000048142));
#17188=CARTESIAN_POINT('',(12.254642966345,79.8111280156895,-1.00000000048142));
#17189=CARTESIAN_POINT('Origin',(11.754642966345,79.8111280156895,-1.00000000048142));
#17190=CARTESIAN_POINT('',(12.254642966345,66.6111280156895,-1.00000000048142));
#17191=CARTESIAN_POINT('',(12.254642966345,76.8361280156895,-1.00000000048142));
#17192=CARTESIAN_POINT('',(11.754642966345,66.1111280156895,-1.00000000048142));
#17193=CARTESIAN_POINT('Origin',(11.754642966345,66.6111280156895,-1.00000000048142));
#17194=CARTESIAN_POINT('',(-1.44535703365504,66.1111280156895,-1.00000000048142));
#17195=CARTESIAN_POINT('',(-52.317232033655,66.1111280156895,-1.00000000048142));
#17196=CARTESIAN_POINT('Origin',(-1.44535703365504,66.6111280156895,-1.00000000048142));
#17197=CARTESIAN_POINT('',(-10.2833570336551,64.7111280156895,-1.00000000048142));
#17198=CARTESIAN_POINT('',(-10.2833570336551,78.7111280156895,-1.00000000048142));
#17199=CARTESIAN_POINT('',(-10.2833570336551,78.7111280156895,-1.00000000048142));
#17200=CARTESIAN_POINT('',(-9.78335703365506,79.2111280156895,-1.00000000048142));
#17201=CARTESIAN_POINT('Origin',(-9.78335703365506,78.7111280156895,-1.00000000048142));
#17202=CARTESIAN_POINT('',(-3.78335703365504,79.2111280156895,-1.00000000048142));
#17203=CARTESIAN_POINT('',(-9.78335703365506,79.2111280156895,-1.00000000048142));
#17204=CARTESIAN_POINT('',(-3.28335703365503,78.7111280156895,-1.00000000048142));
#17205=CARTESIAN_POINT('Origin',(-3.78335703365504,78.7111280156895,-1.00000000048142));
#17206=CARTESIAN_POINT('',(-3.28335703365504,64.7111280156895,-1.00000000048142));
#17207=CARTESIAN_POINT('',(-3.28335703365503,78.7111280156895,-1.00000000048142));
#17208=CARTESIAN_POINT('',(-3.78335703365504,64.2111280156895,-1.00000000048142));
#17209=CARTESIAN_POINT('Origin',(-3.78335703365504,64.7111280156895,-1.00000000048142));
#17210=CARTESIAN_POINT('',(-9.78335703365506,64.2111280156895,-1.00000000048142));
#17211=CARTESIAN_POINT('',(-9.78335703365506,64.2111280156895,-1.00000000048142));
#17212=CARTESIAN_POINT('Origin',(-9.78335703365506,64.7111280156895,-1.00000000048142));
#17213=CARTESIAN_POINT('',(-6.20785703365505,61.2611280156895,-1.00000000048142));
#17214=CARTESIAN_POINT('',(6.99214296634493,61.2611280156895,-1.00000000048142));
#17215=CARTESIAN_POINT('',(-61.1984820336551,61.2611280156895,-1.00000000048142));
#17216=CARTESIAN_POINT('',(7.49214296634493,60.7611280156895,-1.00000000048142));
#17217=CARTESIAN_POINT('Origin',(6.99214296634493,60.7611280156895,-1.00000000048142));
#17218=CARTESIAN_POINT('',(7.49214296634493,47.5611280156895,-1.00000000048142));
#17219=CARTESIAN_POINT('',(7.49214296634493,67.3111280156895,-1.00000000048142));
#17220=CARTESIAN_POINT('',(6.99214296634494,47.0611280156895,-1.00000000048142));
#17221=CARTESIAN_POINT('Origin',(6.99214296634494,47.5611280156895,-1.00000000048142));
#17222=CARTESIAN_POINT('',(-6.20785703365504,47.0611280156895,-1.00000000048142));
#17223=CARTESIAN_POINT('',(-54.6984820336551,47.0611280156895,-1.00000000048142));
#17224=CARTESIAN_POINT('',(-6.70785703365505,47.5611280156895,-1.00000000048142));
#17225=CARTESIAN_POINT('Origin',(-6.20785703365504,47.5611280156895,-1.00000000048142));
#17226=CARTESIAN_POINT('',(-6.70785703365505,60.7611280156895,-1.00000000048142));
#17227=CARTESIAN_POINT('',(-6.70785703365505,60.8111280156895,-1.00000000048142));
#17228=CARTESIAN_POINT('Origin',(-6.20785703365505,60.7611280156895,-1.00000000048142));
#17229=CARTESIAN_POINT('',(-28.2266070336551,60.7611280156895,-1.00000000048142));
#17230=CARTESIAN_POINT('',(-28.2266070336551,47.5611280156895,-1.00000000048142));
#17231=CARTESIAN_POINT('',(-28.2266070336551,67.3111280156895,-1.00000000048142));
#17232=CARTESIAN_POINT('',(-28.726607033655,47.0611280156895,-1.00000000048142));
#17233=CARTESIAN_POINT('Origin',(-28.726607033655,47.5611280156895,-1.00000000048142));
#17234=CARTESIAN_POINT('',(-41.9266070336551,47.0611280156895,-1.00000000048142));
#17235=CARTESIAN_POINT('',(-54.6984820336551,47.0611280156895,-1.00000000048142));
#17236=CARTESIAN_POINT('',(-42.426607033655,47.5611280156895,-1.00000000048142));
#17237=CARTESIAN_POINT('Origin',(-41.9266070336551,47.5611280156895,-1.00000000048142));
#17238=CARTESIAN_POINT('',(-42.426607033655,60.7611280156895,-1.00000000048142));
#17239=CARTESIAN_POINT('',(-42.426607033655,60.8111280156895,-1.00000000048142));
#17240=CARTESIAN_POINT('',(-41.926607033655,61.2611280156895,-1.00000000048142));
#17241=CARTESIAN_POINT('Origin',(-41.926607033655,60.7611280156895,-1.00000000048142));
#17242=CARTESIAN_POINT('',(-28.7266070336551,61.2611280156895,-1.00000000048142));
#17243=CARTESIAN_POINT('',(-61.1984820336551,61.2611280156895,-1.00000000048142));
#17244=CARTESIAN_POINT('Origin',(-28.7266070336551,60.7611280156895,-1.00000000048142));
#17245=CARTESIAN_POINT('',(-47.2766070336551,60.7611280156895,-1.00000000048142));
#17246=CARTESIAN_POINT('',(-47.2766070336551,47.5611280156895,-1.00000000048142));
#17247=CARTESIAN_POINT('',(-47.2766070336551,67.3111280156895,-1.00000000048142));
#17248=CARTESIAN_POINT('',(-47.7766070336551,47.0611280156895,-1.00000000048142));
#17249=CARTESIAN_POINT('Origin',(-47.7766070336551,47.5611280156895,-1.00000000048142));
#17250=CARTESIAN_POINT('',(-60.9766070336551,47.0611280156895,-1.00000000048142));
#17251=CARTESIAN_POINT('',(-54.6984820336551,47.0611280156895,-1.00000000048142));
#17252=CARTESIAN_POINT('',(-61.476607033655,47.5611280156895,-1.00000000048142));
#17253=CARTESIAN_POINT('Origin',(-60.9766070336551,47.5611280156895,-1.00000000048142));
#17254=CARTESIAN_POINT('',(-61.476607033655,60.7611280156895,-1.00000000048142));
#17255=CARTESIAN_POINT('',(-61.476607033655,60.8111280156895,-1.00000000048142));
#17256=CARTESIAN_POINT('',(-60.976607033655,61.2611280156895,-1.00000000048142));
#17257=CARTESIAN_POINT('Origin',(-60.976607033655,60.7611280156895,-1.00000000048142));
#17258=CARTESIAN_POINT('',(-47.7766070336551,61.2611280156895,-1.00000000048142));
#17259=CARTESIAN_POINT('',(-61.1984820336551,61.2611280156895,-1.00000000048142));
#17260=CARTESIAN_POINT('Origin',(-47.7766070336551,60.7611280156895,-1.00000000048142));
#17261=CARTESIAN_POINT('',(-66.326607033655,60.7611280156895,-1.00000000048142));
#17262=CARTESIAN_POINT('',(-66.326607033655,47.5611280156895,-1.00000000048142));
#17263=CARTESIAN_POINT('',(-66.326607033655,67.3111280156895,-1.00000000048142));
#17264=CARTESIAN_POINT('',(-66.826607033655,47.0611280156895,-1.00000000048142));
#17265=CARTESIAN_POINT('Origin',(-66.826607033655,47.5611280156895,-1.00000000048142));
#17266=CARTESIAN_POINT('',(-80.0266070336551,47.0611280156895,-1.00000000048142));
#17267=CARTESIAN_POINT('',(-54.6984820336551,47.0611280156895,-1.00000000048142));
#17268=CARTESIAN_POINT('',(-80.526607033655,47.5611280156895,-1.00000000048142));
#17269=CARTESIAN_POINT('Origin',(-80.0266070336551,47.5611280156895,-1.00000000048142));
#17270=CARTESIAN_POINT('',(-80.526607033655,60.7611280156895,-1.00000000048142));
#17271=CARTESIAN_POINT('',(-80.526607033655,60.8111280156895,-1.00000000048142));
#17272=CARTESIAN_POINT('',(-80.0266070336551,61.2611280156895,-1.00000000048142));
#17273=CARTESIAN_POINT('Origin',(-80.0266070336551,60.7611280156895,-1.00000000048142));
#17274=CARTESIAN_POINT('',(-66.8266070336551,61.2611280156895,-1.00000000048142));
#17275=CARTESIAN_POINT('',(-61.1984820336551,61.2611280156895,-1.00000000048142));
#17276=CARTESIAN_POINT('Origin',(-66.8266070336551,60.7611280156895,-1.00000000048142));
#17277=CARTESIAN_POINT('',(-85.376607033655,60.7611280156895,-1.00000000048142));
#17278=CARTESIAN_POINT('',(-85.376607033655,47.5611280156895,-1.00000000048142));
#17279=CARTESIAN_POINT('',(-85.376607033655,67.3111280156895,-1.00000000048142));
#17280=CARTESIAN_POINT('',(-85.876607033655,47.0611280156895,-1.00000000048142));
#17281=CARTESIAN_POINT('Origin',(-85.876607033655,47.5611280156895,-1.00000000048142));
#17282=CARTESIAN_POINT('',(-99.0766070336551,47.0611280156895,-1.00000000048142));
#17283=CARTESIAN_POINT('',(-54.6984820336551,47.0611280156895,-1.00000000048142));
#17284=CARTESIAN_POINT('',(-99.5766070336551,47.5611280156895,-1.00000000048142));
#17285=CARTESIAN_POINT('Origin',(-99.0766070336551,47.5611280156895,-1.00000000048142));
#17286=CARTESIAN_POINT('',(-99.5766070336551,60.7611280156895,-1.00000000048142));
#17287=CARTESIAN_POINT('',(-99.5766070336551,60.8111280156895,-1.00000000048142));
#17288=CARTESIAN_POINT('',(-99.0766070336551,61.2611280156895,-1.00000000048142));
#17289=CARTESIAN_POINT('Origin',(-99.0766070336551,60.7611280156895,-1.00000000048142));
#17290=CARTESIAN_POINT('',(-85.8766070336551,61.2611280156895,-1.00000000048142));
#17291=CARTESIAN_POINT('',(-61.1984820336551,61.2611280156895,-1.00000000048142));
#17292=CARTESIAN_POINT('Origin',(-85.8766070336551,60.7611280156895,-1.00000000048142));
#17293=CARTESIAN_POINT('',(-104.426607033655,60.7611280156895,-1.00000000048142));
#17294=CARTESIAN_POINT('',(-104.426607033655,47.5611280156895,-1.00000000048142));
#17295=CARTESIAN_POINT('',(-104.426607033655,67.3111280156895,-1.00000000048142));
#17296=CARTESIAN_POINT('',(-104.926607033655,47.0611280156895,-1.00000000048142));
#17297=CARTESIAN_POINT('Origin',(-104.926607033655,47.5611280156895,-1.00000000048142));
#17298=CARTESIAN_POINT('',(-118.126607033655,47.0611280156895,-1.00000000048142));
#17299=CARTESIAN_POINT('',(-54.6984820336551,47.0611280156895,-1.00000000048142));
#17300=CARTESIAN_POINT('',(-118.626607033655,47.5611280156895,-1.00000000048142));
#17301=CARTESIAN_POINT('Origin',(-118.126607033655,47.5611280156895,-1.00000000048142));
#17302=CARTESIAN_POINT('',(-118.626607033655,60.7611280156895,-1.00000000048142));
#17303=CARTESIAN_POINT('',(-118.626607033655,60.8111280156895,-1.00000000048142));
#17304=CARTESIAN_POINT('',(-118.126607033655,61.2611280156895,-1.00000000048142));
#17305=CARTESIAN_POINT('Origin',(-118.126607033655,60.7611280156895,-1.00000000048142));
#17306=CARTESIAN_POINT('',(-104.926607033655,61.2611280156895,-1.00000000048142));
#17307=CARTESIAN_POINT('',(-61.1984820336551,61.2611280156895,-1.00000000048142));
#17308=CARTESIAN_POINT('Origin',(-104.926607033655,60.7611280156895,-1.00000000048142));
#17309=CARTESIAN_POINT('',(-123.476607033655,60.7611280156895,-1.00000000048142));
#17310=CARTESIAN_POINT('',(-123.476607033655,47.5611280156895,-1.00000000048142));
#17311=CARTESIAN_POINT('',(-123.476607033655,67.3111280156895,-1.00000000048142));
#17312=CARTESIAN_POINT('',(-123.976607033655,47.0611280156895,-1.00000000048142));
#17313=CARTESIAN_POINT('Origin',(-123.976607033655,47.5611280156895,-1.00000000048142));
#17314=CARTESIAN_POINT('',(-137.176607033655,47.0611280156895,-1.00000000048142));
#17315=CARTESIAN_POINT('',(-54.6984820336551,47.0611280156895,-1.00000000048142));
#17316=CARTESIAN_POINT('',(-137.676607033655,47.5611280156895,-1.00000000048142));
#17317=CARTESIAN_POINT('Origin',(-137.176607033655,47.5611280156895,-1.00000000048142));
#17318=CARTESIAN_POINT('',(-137.676607033655,60.7611280156895,-1.00000000048142));
#17319=CARTESIAN_POINT('',(-137.676607033655,60.8111280156895,-1.00000000048142));
#17320=CARTESIAN_POINT('',(-137.176607033655,61.2611280156895,-1.00000000048142));
#17321=CARTESIAN_POINT('Origin',(-137.176607033655,60.7611280156895,-1.00000000048142));
#17322=CARTESIAN_POINT('',(-123.976607033655,61.2611280156895,-1.00000000048142));
#17323=CARTESIAN_POINT('',(-61.1984820336551,61.2611280156895,-1.00000000048142));
#17324=CARTESIAN_POINT('Origin',(-123.976607033655,60.7611280156895,-1.00000000048142));
#17325=CARTESIAN_POINT('',(-142.526607033655,60.7611280156895,-1.00000000048142));
#17326=CARTESIAN_POINT('',(-142.526607033655,47.5611280156895,-1.00000000048142));
#17327=CARTESIAN_POINT('',(-142.526607033655,67.3111280156895,-1.00000000048142));
#17328=CARTESIAN_POINT('',(-143.026607033655,47.0611280156895,-1.00000000048142));
#17329=CARTESIAN_POINT('Origin',(-143.026607033655,47.5611280156895,-1.00000000048142));
#17330=CARTESIAN_POINT('',(-156.226607033655,47.0611280156895,-1.00000000048142));
#17331=CARTESIAN_POINT('',(-54.6984820336551,47.0611280156895,-1.00000000048142));
#17332=CARTESIAN_POINT('',(-156.726607033655,47.5611280156895,-1.00000000048142));
#17333=CARTESIAN_POINT('Origin',(-156.226607033655,47.5611280156895,-1.00000000048142));
#17334=CARTESIAN_POINT('',(-156.726607033655,60.7611280156895,-1.00000000048142));
#17335=CARTESIAN_POINT('',(-156.726607033655,60.8111280156895,-1.00000000048142));
#17336=CARTESIAN_POINT('',(-156.226607033655,61.2611280156895,-1.00000000048142));
#17337=CARTESIAN_POINT('Origin',(-156.226607033655,60.7611280156895,-1.00000000048142));
#17338=CARTESIAN_POINT('',(-143.026607033655,61.2611280156895,-1.00000000048142));
#17339=CARTESIAN_POINT('',(-61.1984820336551,61.2611280156895,-1.00000000048142));
#17340=CARTESIAN_POINT('Origin',(-143.026607033655,60.7611280156895,-1.00000000048142));
#17341=CARTESIAN_POINT('',(-161.576607033655,60.7611280156895,-1.00000000048142));
#17342=CARTESIAN_POINT('',(-161.576607033655,47.5611280156895,-1.00000000048142));
#17343=CARTESIAN_POINT('',(-161.576607033655,67.3111280156895,-1.00000000048142));
#17344=CARTESIAN_POINT('',(-162.076607033655,47.0611280156895,-1.00000000048142));
#17345=CARTESIAN_POINT('Origin',(-162.076607033655,47.5611280156895,-1.00000000048142));
#17346=CARTESIAN_POINT('',(-175.276607033655,47.0611280156895,-1.00000000048142));
#17347=CARTESIAN_POINT('',(-54.6984820336551,47.0611280156895,-1.00000000048142));
#17348=CARTESIAN_POINT('',(-175.776607033655,47.5611280156895,-1.00000000048142));
#17349=CARTESIAN_POINT('Origin',(-175.276607033655,47.5611280156895,-1.00000000048142));
#17350=CARTESIAN_POINT('',(-175.776607033655,60.7611280156895,-1.00000000048142));
#17351=CARTESIAN_POINT('',(-175.776607033655,60.8111280156895,-1.00000000048142));
#17352=CARTESIAN_POINT('',(-175.276607033655,61.2611280156895,-1.00000000048142));
#17353=CARTESIAN_POINT('Origin',(-175.276607033655,60.7611280156895,-1.00000000048142));
#17354=CARTESIAN_POINT('',(-162.076607033655,61.2611280156895,-1.00000000048142));
#17355=CARTESIAN_POINT('',(-61.1984820336551,61.2611280156895,-1.00000000048142));
#17356=CARTESIAN_POINT('Origin',(-162.076607033655,60.7611280156895,-1.00000000048142));
#17357=CARTESIAN_POINT('',(-180.626607033655,60.7611280156895,-1.00000000048142));
#17358=CARTESIAN_POINT('',(-180.626607033655,47.5611280156895,-1.00000000048142));
#17359=CARTESIAN_POINT('',(-180.626607033655,67.3111280156895,-1.00000000048142));
#17360=CARTESIAN_POINT('',(-181.126607033655,47.0611280156895,-1.00000000048142));
#17361=CARTESIAN_POINT('Origin',(-181.126607033655,47.5611280156895,-1.00000000048142));
#17362=CARTESIAN_POINT('',(-194.326607033655,47.0611280156895,-1.00000000048142));
#17363=CARTESIAN_POINT('',(-54.6984820336551,47.0611280156895,-1.00000000048142));
#17364=CARTESIAN_POINT('',(-194.826607033655,47.5611280156895,-1.00000000048142));
#17365=CARTESIAN_POINT('Origin',(-194.326607033655,47.5611280156895,-1.00000000048142));
#17366=CARTESIAN_POINT('',(-194.826607033655,60.7611280156895,-1.00000000048142));
#17367=CARTESIAN_POINT('',(-194.826607033655,60.8111280156895,-1.00000000048142));
#17368=CARTESIAN_POINT('',(-194.326607033655,61.2611280156895,-1.00000000048142));
#17369=CARTESIAN_POINT('Origin',(-194.326607033655,60.7611280156895,-1.00000000048142));
#17370=CARTESIAN_POINT('',(-181.126607033655,61.2611280156895,-1.00000000048142));
#17371=CARTESIAN_POINT('',(-61.1984820336551,61.2611280156895,-1.00000000048142));
#17372=CARTESIAN_POINT('Origin',(-181.126607033655,60.7611280156895,-1.00000000048142));
#17373=CARTESIAN_POINT('',(-199.676607033655,60.7611280156895,-1.00000000048142));
#17374=CARTESIAN_POINT('',(-199.676607033655,47.5611280156895,-1.00000000048142));
#17375=CARTESIAN_POINT('',(-199.676607033655,67.3111280156895,-1.00000000048142));
#17376=CARTESIAN_POINT('',(-200.176607033655,47.0611280156895,-1.00000000048142));
#17377=CARTESIAN_POINT('Origin',(-200.176607033655,47.5611280156895,-1.00000000048142));
#17378=CARTESIAN_POINT('',(-213.376607033655,47.0611280156895,-1.00000000048142));
#17379=CARTESIAN_POINT('',(-54.6984820336551,47.0611280156895,-1.00000000048142));
#17380=CARTESIAN_POINT('',(-213.876607033655,47.5611280156895,-1.00000000048142));
#17381=CARTESIAN_POINT('Origin',(-213.376607033655,47.5611280156895,-1.00000000048142));
#17382=CARTESIAN_POINT('',(-213.876607033655,60.7611280156895,-1.00000000048142));
#17383=CARTESIAN_POINT('',(-213.876607033655,60.8111280156895,-1.00000000048142));
#17384=CARTESIAN_POINT('',(-213.376607033655,61.2611280156895,-1.00000000048142));
#17385=CARTESIAN_POINT('Origin',(-213.376607033655,60.7611280156895,-1.00000000048142));
#17386=CARTESIAN_POINT('',(-200.176607033655,61.2611280156895,-1.00000000048142));
#17387=CARTESIAN_POINT('',(-61.1984820336551,61.2611280156895,-1.00000000048142));
#17388=CARTESIAN_POINT('Origin',(-200.176607033655,60.7611280156895,-1.00000000048142));
#17389=CARTESIAN_POINT('',(-230.632857033655,60.7611280156895,-1.00000000048142));
#17390=CARTESIAN_POINT('',(-230.632857033655,47.5611280156895,-1.00000000048142));
#17391=CARTESIAN_POINT('',(-230.632857033655,67.3111280156895,-1.00000000048142));
#17392=CARTESIAN_POINT('',(-231.132857033655,47.0611280156895,-1.00000000048142));
#17393=CARTESIAN_POINT('Origin',(-231.132857033655,47.5611280156895,-1.00000000048142));
#17394=CARTESIAN_POINT('',(-244.332857033655,47.0611280156895,-1.00000000048142));
#17395=CARTESIAN_POINT('',(-54.6984820336551,47.0611280156895,-1.00000000048142));
#17396=CARTESIAN_POINT('',(-244.832857033655,47.5611280156895,-1.00000000048142));
#17397=CARTESIAN_POINT('Origin',(-244.332857033655,47.5611280156895,-1.00000000048142));
#17398=CARTESIAN_POINT('',(-244.832857033655,60.7611280156895,-1.00000000048142));
#17399=CARTESIAN_POINT('',(-244.832857033655,60.8111280156895,-1.00000000048142));
#17400=CARTESIAN_POINT('',(-244.332857033655,61.2611280156895,-1.00000000048142));
#17401=CARTESIAN_POINT('Origin',(-244.332857033655,60.7611280156895,-1.00000000048142));
#17402=CARTESIAN_POINT('',(-231.132857033655,61.2611280156895,-1.00000000048142));
#17403=CARTESIAN_POINT('',(-61.1984820336551,61.2611280156895,-1.00000000048142));
#17404=CARTESIAN_POINT('Origin',(-231.132857033655,60.7611280156895,-1.00000000048142));
#17405=CARTESIAN_POINT('',(-253.170857033655,45.6611280156895,-1.00000000048142));
#17406=CARTESIAN_POINT('',(-253.170857033655,59.6611280156895,-1.00000000048142));
#17407=CARTESIAN_POINT('',(-253.170857033655,59.6611280156895,-1.00000000048142));
#17408=CARTESIAN_POINT('',(-252.670857033655,60.1611280156895,-1.00000000048142));
#17409=CARTESIAN_POINT('Origin',(-252.670857033655,59.6611280156895,-1.00000000048142));
#17410=CARTESIAN_POINT('',(-246.670857033655,60.1611280156895,-1.00000000048142));
#17411=CARTESIAN_POINT('',(-252.670857033655,60.1611280156895,-1.00000000048142));
#17412=CARTESIAN_POINT('',(-246.170857033655,59.6611280156895,-1.00000000048142));
#17413=CARTESIAN_POINT('Origin',(-246.670857033655,59.6611280156895,-1.00000000048142));
#17414=CARTESIAN_POINT('',(-246.170857033655,45.6611280156895,-1.00000000048142));
#17415=CARTESIAN_POINT('',(-246.170857033655,59.6611280156895,-1.00000000048142));
#17416=CARTESIAN_POINT('',(-246.670857033655,45.1611280156895,-1.00000000048142));
#17417=CARTESIAN_POINT('Origin',(-246.670857033655,45.6611280156895,-1.00000000048142));
#17418=CARTESIAN_POINT('',(-252.670857033655,45.1611280156895,-1.00000000048142));
#17419=CARTESIAN_POINT('',(-252.670857033655,45.1611280156895,-1.00000000048142));
#17420=CARTESIAN_POINT('Origin',(-252.670857033655,45.6611280156895,-1.00000000048142));
#17421=CARTESIAN_POINT('',(-229.294857033655,45.6611280156895,-1.00000000048142));
#17422=CARTESIAN_POINT('',(-229.294857033655,59.6611280156895,-1.00000000048142));
#17423=CARTESIAN_POINT('',(-229.294857033655,59.6611280156895,-1.00000000048142));
#17424=CARTESIAN_POINT('',(-228.794857033655,60.1611280156895,-1.00000000048142));
#17425=CARTESIAN_POINT('Origin',(-228.794857033655,59.6611280156895,-1.00000000048142));
#17426=CARTESIAN_POINT('',(-222.794857033655,60.1611280156895,-1.00000000048142));
#17427=CARTESIAN_POINT('',(-228.794857033655,60.1611280156895,-1.00000000048142));
#17428=CARTESIAN_POINT('',(-222.294857033655,59.6611280156895,-1.00000000048142));
#17429=CARTESIAN_POINT('Origin',(-222.794857033655,59.6611280156895,-1.00000000048142));
#17430=CARTESIAN_POINT('',(-222.294857033655,45.6611280156895,-1.00000000048142));
#17431=CARTESIAN_POINT('',(-222.294857033655,59.6611280156895,-1.00000000048142));
#17432=CARTESIAN_POINT('',(-222.794857033655,45.1611280156895,-1.00000000048142));
#17433=CARTESIAN_POINT('Origin',(-222.794857033655,45.6611280156895,-1.00000000048142));
#17434=CARTESIAN_POINT('',(-228.794857033655,45.1611280156895,-1.00000000048142));
#17435=CARTESIAN_POINT('',(-228.794857033655,45.1611280156895,-1.00000000048142));
#17436=CARTESIAN_POINT('Origin',(-228.794857033655,45.6611280156895,-1.00000000048142));
#17437=CARTESIAN_POINT('',(-15.0458570336551,45.6611280156895,-1.00000000048142));
#17438=CARTESIAN_POINT('',(-15.0458570336551,59.6611280156895,-1.00000000048142));
#17439=CARTESIAN_POINT('',(-15.0458570336551,59.6611280156895,-1.00000000048142));
#17440=CARTESIAN_POINT('',(-14.5458570336551,60.1611280156895,-1.00000000048142));
#17441=CARTESIAN_POINT('Origin',(-14.5458570336551,59.6611280156895,-1.00000000048142));
#17442=CARTESIAN_POINT('',(-8.54585703365508,60.1611280156895,-1.00000000048142));
#17443=CARTESIAN_POINT('',(-14.5458570336551,60.1611280156895,-1.00000000048142));
#17444=CARTESIAN_POINT('',(-8.04585703365507,59.6611280156895,-1.00000000048142));
#17445=CARTESIAN_POINT('Origin',(-8.54585703365508,59.6611280156895,-1.00000000048142));
#17446=CARTESIAN_POINT('',(-8.04585703365508,45.6611280156895,-1.00000000048142));
#17447=CARTESIAN_POINT('',(-8.04585703365507,59.6611280156895,-1.00000000048142));
#17448=CARTESIAN_POINT('',(-8.54585703365508,45.1611280156895,-1.00000000048142));
#17449=CARTESIAN_POINT('Origin',(-8.54585703365508,45.6611280156895,-1.00000000048142));
#17450=CARTESIAN_POINT('',(-14.5458570336551,45.1611280156895,-1.00000000048142));
#17451=CARTESIAN_POINT('',(-14.5458570336551,45.1611280156895,-1.00000000048142));
#17452=CARTESIAN_POINT('Origin',(-14.5458570336551,45.6611280156895,-1.00000000048142));
#17453=CARTESIAN_POINT('',(21.7796429663449,41.7111280156895,-1.00000000048142));
#17454=CARTESIAN_POINT('',(21.7796429663449,28.5111280156895,-1.00000000048142));
#17455=CARTESIAN_POINT('',(21.7796429663449,57.7861280156895,-1.00000000048142));
#17456=CARTESIAN_POINT('',(21.279642966345,28.0111280156895,-1.00000000048142));
#17457=CARTESIAN_POINT('Origin',(21.279642966345,28.5111280156895,-1.00000000048142));
#17458=CARTESIAN_POINT('',(8.07964296634491,28.0111280156895,-1.00000000048142));
#17459=CARTESIAN_POINT('',(-166.617232033655,28.0111280156895,-1.00000000048142));
#17460=CARTESIAN_POINT('',(7.57964296634496,28.5111280156895,-1.00000000048142));
#17461=CARTESIAN_POINT('Origin',(8.07964296634491,28.5111280156895,-1.00000000048142));
#17462=CARTESIAN_POINT('',(7.57964296634496,41.7111280156895,-1.00000000048142));
#17463=CARTESIAN_POINT('',(7.57964296634496,51.2861280156895,-1.00000000048142));
#17464=CARTESIAN_POINT('',(8.07964296634495,42.2111280156895,-1.00000000048142));
#17465=CARTESIAN_POINT('Origin',(8.07964296634495,41.7111280156895,-1.00000000048142));
#17466=CARTESIAN_POINT('',(21.279642966345,42.2111280156895,-1.00000000048142));
#17467=CARTESIAN_POINT('',(-173.117232033655,42.2111280156895,-1.00000000048142));
#17468=CARTESIAN_POINT('Origin',(21.279642966345,41.7111280156895,-1.00000000048142));
#17469=CARTESIAN_POINT('',(-2.03285703365507,41.7111280156895,-1.00000000048142));
#17470=CARTESIAN_POINT('',(-2.03285703365507,28.5111280156895,-1.00000000048142));
#17471=CARTESIAN_POINT('',(-2.03285703365507,57.7861280156895,-1.00000000048142));
#17472=CARTESIAN_POINT('',(-2.53285703365506,28.0111280156895,-1.00000000048142));
#17473=CARTESIAN_POINT('Origin',(-2.53285703365506,28.5111280156895,-1.00000000048142));
#17474=CARTESIAN_POINT('',(-15.732857033655,28.0111280156895,-1.00000000048142));
#17475=CARTESIAN_POINT('',(-166.617232033655,28.0111280156895,-1.00000000048142));
#17476=CARTESIAN_POINT('',(-16.2328570336551,28.5111280156895,-1.00000000048142));
#17477=CARTESIAN_POINT('Origin',(-15.732857033655,28.5111280156895,-1.00000000048142));
#17478=CARTESIAN_POINT('',(-16.2328570336551,41.7111280156895,-1.00000000048142));
#17479=CARTESIAN_POINT('',(-16.2328570336551,51.2861280156895,-1.00000000048142));
#17480=CARTESIAN_POINT('',(-15.7328570336551,42.2111280156895,-1.00000000048142));
#17481=CARTESIAN_POINT('Origin',(-15.7328570336551,41.7111280156895,-1.00000000048142));
#17482=CARTESIAN_POINT('',(-2.53285703365503,42.2111280156895,-1.00000000048142));
#17483=CARTESIAN_POINT('',(-173.117232033655,42.2111280156895,-1.00000000048142));
#17484=CARTESIAN_POINT('Origin',(-2.53285703365503,41.7111280156895,-1.00000000048142));
#17485=CARTESIAN_POINT('',(-25.8453570336551,41.7111280156895,-1.00000000048142));
#17486=CARTESIAN_POINT('',(-25.8453570336551,28.5111280156895,-1.00000000048142));
#17487=CARTESIAN_POINT('',(-25.8453570336551,57.7861280156895,-1.00000000048142));
#17488=CARTESIAN_POINT('',(-26.345357033655,28.0111280156895,-1.00000000048142));
#17489=CARTESIAN_POINT('Origin',(-26.345357033655,28.5111280156895,-1.00000000048142));
#17490=CARTESIAN_POINT('',(-39.545357033655,28.0111280156895,-1.00000000048142));
#17491=CARTESIAN_POINT('',(-166.617232033655,28.0111280156895,-1.00000000048142));
#17492=CARTESIAN_POINT('',(-40.0453570336551,28.5111280156895,-1.00000000048142));
#17493=CARTESIAN_POINT('Origin',(-39.545357033655,28.5111280156895,-1.00000000048142));
#17494=CARTESIAN_POINT('',(-40.0453570336551,41.7111280156895,-1.00000000048142));
#17495=CARTESIAN_POINT('',(-40.0453570336551,51.2861280156895,-1.00000000048142));
#17496=CARTESIAN_POINT('',(-39.5453570336551,42.2111280156895,-1.00000000048142));
#17497=CARTESIAN_POINT('Origin',(-39.5453570336551,41.7111280156895,-1.00000000048142));
#17498=CARTESIAN_POINT('',(-26.3453570336551,42.2111280156895,-1.00000000048142));
#17499=CARTESIAN_POINT('',(-173.117232033655,42.2111280156895,-1.00000000048142));
#17500=CARTESIAN_POINT('Origin',(-26.3453570336551,41.7111280156895,-1.00000000048142));
#17501=CARTESIAN_POINT('',(-49.6578570336551,41.7111280156895,-1.00000000048142));
#17502=CARTESIAN_POINT('',(-49.6578570336551,28.5111280156895,-1.00000000048142));
#17503=CARTESIAN_POINT('',(-49.6578570336551,57.7861280156895,-1.00000000048142));
#17504=CARTESIAN_POINT('',(-50.1578570336551,28.0111280156895,-1.00000000048142));
#17505=CARTESIAN_POINT('Origin',(-50.1578570336551,28.5111280156895,-1.00000000048142));
#17506=CARTESIAN_POINT('',(-63.3578570336551,28.0111280156895,-1.00000000048142));
#17507=CARTESIAN_POINT('',(-166.617232033655,28.0111280156895,-1.00000000048142));
#17508=CARTESIAN_POINT('',(-63.8578570336551,28.5111280156895,-1.00000000048142));
#17509=CARTESIAN_POINT('Origin',(-63.3578570336551,28.5111280156895,-1.00000000048142));
#17510=CARTESIAN_POINT('',(-63.8578570336551,41.7111280156895,-1.00000000048142));
#17511=CARTESIAN_POINT('',(-63.8578570336551,51.2861280156895,-1.00000000048142));
#17512=CARTESIAN_POINT('',(-63.3578570336551,42.2111280156895,-1.00000000048142));
#17513=CARTESIAN_POINT('Origin',(-63.3578570336551,41.7111280156895,-1.00000000048142));
#17514=CARTESIAN_POINT('',(-50.1578570336551,42.2111280156895,-1.00000000048142));
#17515=CARTESIAN_POINT('',(-173.117232033655,42.2111280156895,-1.00000000048142));
#17516=CARTESIAN_POINT('Origin',(-50.1578570336551,41.7111280156895,-1.00000000048142));
#17517=CARTESIAN_POINT('',(-121.095357033655,41.7111280156895,-1.00000000048142));
#17518=CARTESIAN_POINT('',(-121.095357033655,28.5111280156895,-1.00000000048142));
#17519=CARTESIAN_POINT('',(-121.095357033655,57.7861280156895,-1.00000000048142));
#17520=CARTESIAN_POINT('',(-121.595357033655,28.0111280156895,-1.00000000048142));
#17521=CARTESIAN_POINT('Origin',(-121.595357033655,28.5111280156895,-1.00000000048142));
#17522=CARTESIAN_POINT('',(-134.795357033655,28.0111280156895,-1.00000000048142));
#17523=CARTESIAN_POINT('',(-166.617232033655,28.0111280156895,-1.00000000048142));
#17524=CARTESIAN_POINT('',(-135.295357033655,28.5111280156895,-1.00000000048142));
#17525=CARTESIAN_POINT('Origin',(-134.795357033655,28.5111280156895,-1.00000000048142));
#17526=CARTESIAN_POINT('',(-135.295357033655,41.7111280156895,-1.00000000048142));
#17527=CARTESIAN_POINT('',(-135.295357033655,51.2861280156895,-1.00000000048142));
#17528=CARTESIAN_POINT('',(-134.795357033655,42.2111280156895,-1.00000000048142));
#17529=CARTESIAN_POINT('Origin',(-134.795357033655,41.7111280156895,-1.00000000048142));
#17530=CARTESIAN_POINT('',(-121.595357033655,42.2111280156895,-1.00000000048142));
#17531=CARTESIAN_POINT('',(-173.117232033655,42.2111280156895,-1.00000000048142));
#17532=CARTESIAN_POINT('Origin',(-121.595357033655,41.7111280156895,-1.00000000048142));
#17533=CARTESIAN_POINT('',(-192.532857033655,41.7111280156895,-1.00000000048142));
#17534=CARTESIAN_POINT('',(-192.532857033655,28.5111280156895,-1.00000000048142));
#17535=CARTESIAN_POINT('',(-192.532857033655,57.7861280156895,-1.00000000048142));
#17536=CARTESIAN_POINT('',(-193.032857033655,28.0111280156895,-1.00000000048142));
#17537=CARTESIAN_POINT('Origin',(-193.032857033655,28.5111280156895,-1.00000000048142));
#17538=CARTESIAN_POINT('',(-206.232857033655,28.0111280156895,-1.00000000048142));
#17539=CARTESIAN_POINT('',(-166.617232033655,28.0111280156895,-1.00000000048142));
#17540=CARTESIAN_POINT('',(-206.732857033655,28.5111280156895,-1.00000000048142));
#17541=CARTESIAN_POINT('Origin',(-206.232857033655,28.5111280156895,-1.00000000048142));
#17542=CARTESIAN_POINT('',(-206.732857033655,41.7111280156895,-1.00000000048142));
#17543=CARTESIAN_POINT('',(-206.732857033655,51.2861280156895,-1.00000000048142));
#17544=CARTESIAN_POINT('',(-206.232857033655,42.2111280156895,-1.00000000048142));
#17545=CARTESIAN_POINT('Origin',(-206.232857033655,41.7111280156895,-1.00000000048142));
#17546=CARTESIAN_POINT('',(-193.032857033655,42.2111280156895,-1.00000000048142));
#17547=CARTESIAN_POINT('',(-173.117232033655,42.2111280156895,-1.00000000048142));
#17548=CARTESIAN_POINT('Origin',(-193.032857033655,41.7111280156895,-1.00000000048142));
#17549=CARTESIAN_POINT('',(-216.345357033655,41.7111280156895,-1.00000000048142));
#17550=CARTESIAN_POINT('',(-216.345357033655,28.5111280156895,-1.00000000048142));
#17551=CARTESIAN_POINT('',(-216.345357033655,57.7861280156895,-1.00000000048142));
#17552=CARTESIAN_POINT('',(-216.845357033655,28.0111280156895,-1.00000000048142));
#17553=CARTESIAN_POINT('Origin',(-216.845357033655,28.5111280156895,-1.00000000048142));
#17554=CARTESIAN_POINT('',(-230.045357033655,28.0111280156895,-1.00000000048142));
#17555=CARTESIAN_POINT('',(-166.617232033655,28.0111280156895,-1.00000000048142));
#17556=CARTESIAN_POINT('',(-230.545357033655,28.5111280156895,-1.00000000048142));
#17557=CARTESIAN_POINT('Origin',(-230.045357033655,28.5111280156895,-1.00000000048142));
#17558=CARTESIAN_POINT('',(-230.545357033655,41.7111280156895,-1.00000000048142));
#17559=CARTESIAN_POINT('',(-230.545357033655,51.2861280156895,-1.00000000048142));
#17560=CARTESIAN_POINT('',(-230.045357033655,42.2111280156895,-1.00000000048142));
#17561=CARTESIAN_POINT('Origin',(-230.045357033655,41.7111280156895,-1.00000000048142));
#17562=CARTESIAN_POINT('',(-216.845357033655,42.2111280156895,-1.00000000048142));
#17563=CARTESIAN_POINT('',(-173.117232033655,42.2111280156895,-1.00000000048142));
#17564=CARTESIAN_POINT('Origin',(-216.845357033655,41.7111280156895,-1.00000000048142));
#17565=CARTESIAN_POINT('',(-81.6953570336551,26.6111280156895,-1.00000000048142));
#17566=CARTESIAN_POINT('',(-81.6953570336551,40.6111280156895,-1.00000000048142));
#17567=CARTESIAN_POINT('',(-81.6953570336551,40.6111280156895,-1.00000000048142));
#17568=CARTESIAN_POINT('',(-81.1953570336551,41.1111280156895,-1.00000000048142));
#17569=CARTESIAN_POINT('Origin',(-81.1953570336551,40.6111280156895,-1.00000000048142));
#17570=CARTESIAN_POINT('',(-75.1953570336551,41.1111280156895,-1.00000000048142));
#17571=CARTESIAN_POINT('',(-81.1953570336551,41.1111280156895,-1.00000000048142));
#17572=CARTESIAN_POINT('',(-74.6953570336551,40.6111280156895,-1.00000000048142));
#17573=CARTESIAN_POINT('Origin',(-75.1953570336551,40.6111280156895,-1.00000000048142));
#17574=CARTESIAN_POINT('',(-74.6953570336551,26.6111280156895,-1.00000000048142));
#17575=CARTESIAN_POINT('',(-74.6953570336551,40.6111280156895,-1.00000000048142));
#17576=CARTESIAN_POINT('',(-75.1953570336551,26.1111280156895,-1.00000000048142));
#17577=CARTESIAN_POINT('Origin',(-75.1953570336551,26.6111280156895,-1.00000000048142));
#17578=CARTESIAN_POINT('',(-81.1953570336551,26.1111280156895,-1.00000000048142));
#17579=CARTESIAN_POINT('',(-81.1953570336551,26.1111280156895,-1.00000000048142));
#17580=CARTESIAN_POINT('Origin',(-81.1953570336551,26.6111280156895,-1.00000000048142));
#17581=CARTESIAN_POINT('',(-181.695357033655,26.6111280156895,-1.00000000048142));
#17582=CARTESIAN_POINT('',(-181.695357033655,40.6111280156895,-1.00000000048142));
#17583=CARTESIAN_POINT('',(-181.695357033655,40.6111280156895,-1.00000000048142));
#17584=CARTESIAN_POINT('',(-181.195357033655,41.1111280156895,-1.00000000048142));
#17585=CARTESIAN_POINT('Origin',(-181.195357033655,40.6111280156895,-1.00000000048142));
#17586=CARTESIAN_POINT('',(-175.195357033655,41.1111280156895,-1.00000000048142));
#17587=CARTESIAN_POINT('',(-181.195357033655,41.1111280156895,-1.00000000048142));
#17588=CARTESIAN_POINT('',(-174.695357033655,40.6111280156895,-1.00000000048142));
#17589=CARTESIAN_POINT('Origin',(-175.195357033655,40.6111280156895,-1.00000000048142));
#17590=CARTESIAN_POINT('',(-174.695357033655,26.6111280156895,-1.00000000048142));
#17591=CARTESIAN_POINT('',(-174.695357033655,40.6111280156895,-1.00000000048142));
#17592=CARTESIAN_POINT('',(-175.195357033655,26.1111280156895,-1.00000000048142));
#17593=CARTESIAN_POINT('Origin',(-175.195357033655,26.6111280156895,-1.00000000048142));
#17594=CARTESIAN_POINT('',(-181.195357033655,26.1111280156895,-1.00000000048142));
#17595=CARTESIAN_POINT('',(-181.195357033655,26.1111280156895,-1.00000000048142));
#17596=CARTESIAN_POINT('Origin',(-181.195357033655,26.6111280156895,-1.00000000048142));
#17597=CARTESIAN_POINT('',(-240.157857033655,41.7111280156895,-1.00000000048142));
#17598=CARTESIAN_POINT('',(-240.157857033655,28.5111280156895,-1.00000000048142));
#17599=CARTESIAN_POINT('',(-240.157857033655,57.7861280156895,-1.00000000048142));
#17600=CARTESIAN_POINT('',(-240.657857033655,28.0111280156895,-1.00000000048142));
#17601=CARTESIAN_POINT('Origin',(-240.657857033655,28.5111280156895,-1.00000000048142));
#17602=CARTESIAN_POINT('',(-253.857857033655,28.0111280156895,-1.00000000048142));
#17603=CARTESIAN_POINT('',(-166.617232033655,28.0111280156895,-1.00000000048142));
#17604=CARTESIAN_POINT('',(-254.357857033655,28.5111280156895,-1.00000000048142));
#17605=CARTESIAN_POINT('Origin',(-253.857857033655,28.5111280156895,-1.00000000048142));
#17606=CARTESIAN_POINT('',(-254.357857033655,41.7111280156895,-1.00000000048142));
#17607=CARTESIAN_POINT('',(-254.357857033655,51.2861280156895,-1.00000000048142));
#17608=CARTESIAN_POINT('',(-253.857857033655,42.2111280156895,-1.00000000048142));
#17609=CARTESIAN_POINT('Origin',(-253.857857033655,41.7111280156895,-1.00000000048142));
#17610=CARTESIAN_POINT('',(-240.657857033655,42.2111280156895,-1.00000000048142));
#17611=CARTESIAN_POINT('',(-173.117232033655,42.2111280156895,-1.00000000048142));
#17612=CARTESIAN_POINT('Origin',(-240.657857033655,41.7111280156895,-1.00000000048142));
#17613=CARTESIAN_POINT('',(13.592642966345,78.7111280156895,-1.00000000048142));
#17614=CARTESIAN_POINT('',(14.092642966345,79.2111280156895,-1.00000000048142));
#17615=CARTESIAN_POINT('Origin',(14.092642966345,78.7111280156895,-1.00000000048142));
#17616=CARTESIAN_POINT('',(20.0926429663449,79.2111280156895,-1.00000000048142));
#17617=CARTESIAN_POINT('',(14.092642966345,79.2111280156895,-1.00000000048142));
#17618=CARTESIAN_POINT('',(20.592642966345,78.7111280156895,-1.00000000048142));
#17619=CARTESIAN_POINT('Origin',(20.0926429663449,78.7111280156895,-1.00000000048142));
#17620=CARTESIAN_POINT('',(20.5926429663449,64.7111280156895,-1.00000000048142));
#17621=CARTESIAN_POINT('',(20.592642966345,78.7111280156895,-1.00000000048142));
#17622=CARTESIAN_POINT('',(20.0926429663449,64.2111280156895,-1.00000000048142));
#17623=CARTESIAN_POINT('Origin',(20.0926429663449,64.7111280156895,-1.00000000048142));
#17624=CARTESIAN_POINT('',(14.092642966345,64.2111280156895,-1.00000000048142));
#17625=CARTESIAN_POINT('',(14.092642966345,64.2111280156895,-1.00000000048142));
#17626=CARTESIAN_POINT('',(13.592642966345,64.7111280156895,-1.00000000048142));
#17627=CARTESIAN_POINT('Origin',(14.092642966345,64.7111280156895,-1.00000000048142));
#17628=CARTESIAN_POINT('',(13.592642966345,78.7111280156895,-1.00000000048142));
#17629=CARTESIAN_POINT('',(8.83014296634498,59.6611280156895,-1.00000000048142));
#17630=CARTESIAN_POINT('',(9.33014296634497,60.1611280156895,-1.00000000048142));
#17631=CARTESIAN_POINT('Origin',(9.33014296634497,59.6611280156895,-1.00000000048142));
#17632=CARTESIAN_POINT('',(15.330142966345,60.1611280156895,-1.00000000048142));
#17633=CARTESIAN_POINT('',(9.33014296634497,60.1611280156895,-1.00000000048142));
#17634=CARTESIAN_POINT('',(15.830142966345,59.6611280156895,-1.00000000048142));
#17635=CARTESIAN_POINT('Origin',(15.330142966345,59.6611280156895,-1.00000000048142));
#17636=CARTESIAN_POINT('',(15.830142966345,45.6611280156895,-1.00000000048142));
#17637=CARTESIAN_POINT('',(15.830142966345,59.6611280156895,-1.00000000048142));
#17638=CARTESIAN_POINT('',(15.330142966345,45.1611280156895,-1.00000000048142));
#17639=CARTESIAN_POINT('Origin',(15.330142966345,45.6611280156895,-1.00000000048142));
#17640=CARTESIAN_POINT('',(9.33014296634497,45.1611280156895,-1.00000000048142));
#17641=CARTESIAN_POINT('',(9.33014296634497,45.1611280156895,-1.00000000048142));
#17642=CARTESIAN_POINT('',(8.83014296634496,45.6611280156895,-1.00000000048142));
#17643=CARTESIAN_POINT('Origin',(9.33014296634497,45.6611280156895,-1.00000000048142));
#17644=CARTESIAN_POINT('',(8.83014296634496,59.6611280156895,-1.00000000048142));
#17645=CARTESIAN_POINT('',(-237.776607033655,98.8611280156895,-1.00000000048142));
#17646=CARTESIAN_POINT('',(-237.776607033655,85.6611280156895,-1.00000000048142));
#17647=CARTESIAN_POINT('',(-237.776607033655,86.3611280156895,-1.00000000048142));
#17648=CARTESIAN_POINT('',(-238.276607033655,85.1611280156895,-1.00000000048142));
#17649=CARTESIAN_POINT('Origin',(-238.276607033655,85.6611280156895,-1.00000000048142));
#17650=CARTESIAN_POINT('',(-251.476607033655,85.1611280156895,-1.00000000048142));
#17651=CARTESIAN_POINT('',(-48.7453570336551,85.1611280156895,-1.00000000048142));
#17652=CARTESIAN_POINT('',(-251.976607033655,85.6611280156895,-1.00000000048142));
#17653=CARTESIAN_POINT('Origin',(-251.476607033655,85.6611280156895,-1.00000000048142));
#17654=CARTESIAN_POINT('',(-251.976607033655,98.8611280156895,-1.00000000048142));
#17655=CARTESIAN_POINT('',(-251.976607033655,79.8611280156895,-1.00000000048142));
#17656=CARTESIAN_POINT('',(-251.476607033655,99.3611280156895,-1.00000000048142));
#17657=CARTESIAN_POINT('Origin',(-251.476607033655,98.8611280156895,-1.00000000048142));
#17658=CARTESIAN_POINT('',(-238.276607033655,99.3611280156895,-1.00000000048142));
#17659=CARTESIAN_POINT('',(-55.2453570336551,99.3611280156895,-1.00000000048142));
#17660=CARTESIAN_POINT('Origin',(-238.276607033655,98.8611280156895,-1.00000000048142));
#17661=CARTESIAN_POINT('',(-213.964107033655,98.8611280156895,-1.00000000048142));
#17662=CARTESIAN_POINT('',(-213.964107033655,85.6611280156895,-1.00000000048142));
#17663=CARTESIAN_POINT('',(-213.964107033655,86.3611280156895,-1.00000000048142));
#17664=CARTESIAN_POINT('',(-214.464107033655,85.1611280156895,-1.00000000048142));
#17665=CARTESIAN_POINT('Origin',(-214.464107033655,85.6611280156895,-1.00000000048142));
#17666=CARTESIAN_POINT('',(-227.664107033655,85.1611280156895,-1.00000000048142));
#17667=CARTESIAN_POINT('',(-48.7453570336551,85.1611280156895,-1.00000000048142));
#17668=CARTESIAN_POINT('',(-228.164107033655,85.6611280156895,-1.00000000048142));
#17669=CARTESIAN_POINT('Origin',(-227.664107033655,85.6611280156895,-1.00000000048142));
#17670=CARTESIAN_POINT('',(-228.164107033655,98.8611280156895,-1.00000000048142));
#17671=CARTESIAN_POINT('',(-228.164107033655,79.8611280156895,-1.00000000048142));
#17672=CARTESIAN_POINT('',(-227.664107033655,99.3611280156895,-1.00000000048142));
#17673=CARTESIAN_POINT('Origin',(-227.664107033655,98.8611280156895,-1.00000000048142));
#17674=CARTESIAN_POINT('',(-214.464107033655,99.3611280156895,-1.00000000048142));
#17675=CARTESIAN_POINT('',(-55.2453570336551,99.3611280156895,-1.00000000048142));
#17676=CARTESIAN_POINT('Origin',(-214.464107033655,98.8611280156895,-1.00000000048142));
#17677=CARTESIAN_POINT('',(-194.914107033655,98.8611280156895,-1.00000000048142));
#17678=CARTESIAN_POINT('',(-194.914107033655,85.6611280156895,-1.00000000048142));
#17679=CARTESIAN_POINT('',(-194.914107033655,86.3611280156895,-1.00000000048142));
#17680=CARTESIAN_POINT('',(-195.414107033655,85.1611280156895,-1.00000000048142));
#17681=CARTESIAN_POINT('Origin',(-195.414107033655,85.6611280156895,-1.00000000048142));
#17682=CARTESIAN_POINT('',(-208.614107033655,85.1611280156895,-1.00000000048142));
#17683=CARTESIAN_POINT('',(-48.7453570336551,85.1611280156895,-1.00000000048142));
#17684=CARTESIAN_POINT('',(-209.114107033655,85.6611280156895,-1.00000000048142));
#17685=CARTESIAN_POINT('Origin',(-208.614107033655,85.6611280156895,-1.00000000048142));
#17686=CARTESIAN_POINT('',(-209.114107033655,98.8611280156895,-1.00000000048142));
#17687=CARTESIAN_POINT('',(-209.114107033655,79.8611280156895,-1.00000000048142));
#17688=CARTESIAN_POINT('',(-208.614107033655,99.3611280156895,-1.00000000048142));
#17689=CARTESIAN_POINT('Origin',(-208.614107033655,98.8611280156895,-1.00000000048142));
#17690=CARTESIAN_POINT('',(-195.414107033655,99.3611280156895,-1.00000000048142));
#17691=CARTESIAN_POINT('',(-55.2453570336551,99.3611280156895,-1.00000000048142));
#17692=CARTESIAN_POINT('Origin',(-195.414107033655,98.8611280156895,-1.00000000048142));
#17693=CARTESIAN_POINT('',(-175.864107033655,98.8611280156895,-1.00000000048142));
#17694=CARTESIAN_POINT('',(-175.864107033655,85.6611280156895,-1.00000000048142));
#17695=CARTESIAN_POINT('',(-175.864107033655,86.3611280156895,-1.00000000048142));
#17696=CARTESIAN_POINT('',(-176.364107033655,85.1611280156895,-1.00000000048142));
#17697=CARTESIAN_POINT('Origin',(-176.364107033655,85.6611280156895,-1.00000000048142));
#17698=CARTESIAN_POINT('',(-189.564107033655,85.1611280156895,-1.00000000048142));
#17699=CARTESIAN_POINT('',(-48.7453570336551,85.1611280156895,-1.00000000048142));
#17700=CARTESIAN_POINT('',(-190.064107033655,85.6611280156895,-1.00000000048142));
#17701=CARTESIAN_POINT('Origin',(-189.564107033655,85.6611280156895,-1.00000000048142));
#17702=CARTESIAN_POINT('',(-190.064107033655,98.8611280156895,-1.00000000048142));
#17703=CARTESIAN_POINT('',(-190.064107033655,79.8611280156895,-1.00000000048142));
#17704=CARTESIAN_POINT('',(-189.564107033655,99.3611280156895,-1.00000000048142));
#17705=CARTESIAN_POINT('Origin',(-189.564107033655,98.8611280156895,-1.00000000048142));
#17706=CARTESIAN_POINT('',(-176.364107033655,99.3611280156895,-1.00000000048142));
#17707=CARTESIAN_POINT('',(-55.2453570336551,99.3611280156895,-1.00000000048142));
#17708=CARTESIAN_POINT('Origin',(-176.364107033655,98.8611280156895,-1.00000000048142));
#17709=CARTESIAN_POINT('',(-156.814107033655,98.8611280156895,-1.00000000048142));
#17710=CARTESIAN_POINT('',(-156.814107033655,85.6611280156895,-1.00000000048142));
#17711=CARTESIAN_POINT('',(-156.814107033655,86.3611280156895,-1.00000000048142));
#17712=CARTESIAN_POINT('',(-157.314107033655,85.1611280156895,-1.00000000048142));
#17713=CARTESIAN_POINT('Origin',(-157.314107033655,85.6611280156895,-1.00000000048142));
#17714=CARTESIAN_POINT('',(-170.514107033655,85.1611280156895,-1.00000000048142));
#17715=CARTESIAN_POINT('',(-48.7453570336551,85.1611280156895,-1.00000000048142));
#17716=CARTESIAN_POINT('',(-171.014107033655,85.6611280156895,-1.00000000048142));
#17717=CARTESIAN_POINT('Origin',(-170.514107033655,85.6611280156895,-1.00000000048142));
#17718=CARTESIAN_POINT('',(-171.014107033655,98.8611280156895,-1.00000000048142));
#17719=CARTESIAN_POINT('',(-171.014107033655,79.8611280156895,-1.00000000048142));
#17720=CARTESIAN_POINT('',(-170.514107033655,99.3611280156895,-1.00000000048142));
#17721=CARTESIAN_POINT('Origin',(-170.514107033655,98.8611280156895,-1.00000000048142));
#17722=CARTESIAN_POINT('',(-157.314107033655,99.3611280156895,-1.00000000048142));
#17723=CARTESIAN_POINT('',(-55.2453570336551,99.3611280156895,-1.00000000048142));
#17724=CARTESIAN_POINT('Origin',(-157.314107033655,98.8611280156895,-1.00000000048142));
#17725=CARTESIAN_POINT('',(-137.764107033655,98.8611280156895,-1.00000000048142));
#17726=CARTESIAN_POINT('',(-137.764107033655,85.6611280156895,-1.00000000048142));
#17727=CARTESIAN_POINT('',(-137.764107033655,86.3611280156895,-1.00000000048142));
#17728=CARTESIAN_POINT('',(-138.264107033655,85.1611280156895,-1.00000000048142));
#17729=CARTESIAN_POINT('Origin',(-138.264107033655,85.6611280156895,-1.00000000048142));
#17730=CARTESIAN_POINT('',(-151.464107033655,85.1611280156895,-1.00000000048142));
#17731=CARTESIAN_POINT('',(-48.7453570336551,85.1611280156895,-1.00000000048142));
#17732=CARTESIAN_POINT('',(-151.964107033655,85.6611280156895,-1.00000000048142));
#17733=CARTESIAN_POINT('Origin',(-151.464107033655,85.6611280156895,-1.00000000048142));
#17734=CARTESIAN_POINT('',(-151.964107033655,98.8611280156895,-1.00000000048142));
#17735=CARTESIAN_POINT('',(-151.964107033655,79.8611280156895,-1.00000000048142));
#17736=CARTESIAN_POINT('',(-151.464107033655,99.3611280156895,-1.00000000048142));
#17737=CARTESIAN_POINT('Origin',(-151.464107033655,98.8611280156895,-1.00000000048142));
#17738=CARTESIAN_POINT('',(-138.264107033655,99.3611280156895,-1.00000000048142));
#17739=CARTESIAN_POINT('',(-55.2453570336551,99.3611280156895,-1.00000000048142));
#17740=CARTESIAN_POINT('Origin',(-138.264107033655,98.8611280156895,-1.00000000048142));
#17741=CARTESIAN_POINT('',(-118.714107033655,98.8611280156895,-1.00000000048142));
#17742=CARTESIAN_POINT('',(-118.714107033655,85.6611280156895,-1.00000000048142));
#17743=CARTESIAN_POINT('',(-118.714107033655,86.3611280156895,-1.00000000048142));
#17744=CARTESIAN_POINT('',(-119.214107033655,85.1611280156895,-1.00000000048142));
#17745=CARTESIAN_POINT('Origin',(-119.214107033655,85.6611280156895,-1.00000000048142));
#17746=CARTESIAN_POINT('',(-132.414107033655,85.1611280156895,-1.00000000048142));
#17747=CARTESIAN_POINT('',(-48.7453570336551,85.1611280156895,-1.00000000048142));
#17748=CARTESIAN_POINT('',(-132.914107033655,85.6611280156895,-1.00000000048142));
#17749=CARTESIAN_POINT('Origin',(-132.414107033655,85.6611280156895,-1.00000000048142));
#17750=CARTESIAN_POINT('',(-132.914107033655,98.8611280156895,-1.00000000048142));
#17751=CARTESIAN_POINT('',(-132.914107033655,79.8611280156895,-1.00000000048142));
#17752=CARTESIAN_POINT('',(-132.414107033655,99.3611280156895,-1.00000000048142));
#17753=CARTESIAN_POINT('Origin',(-132.414107033655,98.8611280156895,-1.00000000048142));
#17754=CARTESIAN_POINT('',(-119.214107033655,99.3611280156895,-1.00000000048142));
#17755=CARTESIAN_POINT('',(-55.2453570336551,99.3611280156895,-1.00000000048142));
#17756=CARTESIAN_POINT('Origin',(-119.214107033655,98.8611280156895,-1.00000000048142));
#17757=CARTESIAN_POINT('',(-99.664107033655,98.8611280156895,-1.00000000048142));
#17758=CARTESIAN_POINT('',(-99.664107033655,85.6611280156895,-1.00000000048142));
#17759=CARTESIAN_POINT('',(-99.664107033655,86.3611280156895,-1.00000000048142));
#17760=CARTESIAN_POINT('',(-100.164107033655,85.1611280156895,-1.00000000048142));
#17761=CARTESIAN_POINT('Origin',(-100.164107033655,85.6611280156895,-1.00000000048142));
#17762=CARTESIAN_POINT('',(-113.364107033655,85.1611280156895,-1.00000000048142));
#17763=CARTESIAN_POINT('',(-48.7453570336551,85.1611280156895,-1.00000000048142));
#17764=CARTESIAN_POINT('',(-113.864107033655,85.6611280156895,-1.00000000048142));
#17765=CARTESIAN_POINT('Origin',(-113.364107033655,85.6611280156895,-1.00000000048142));
#17766=CARTESIAN_POINT('',(-113.864107033655,98.8611280156895,-1.00000000048142));
#17767=CARTESIAN_POINT('',(-113.864107033655,79.8611280156895,-1.00000000048142));
#17768=CARTESIAN_POINT('',(-113.364107033655,99.3611280156895,-1.00000000048142));
#17769=CARTESIAN_POINT('Origin',(-113.364107033655,98.8611280156895,-1.00000000048142));
#17770=CARTESIAN_POINT('',(-100.164107033655,99.3611280156895,-1.00000000048142));
#17771=CARTESIAN_POINT('',(-55.2453570336551,99.3611280156895,-1.00000000048142));
#17772=CARTESIAN_POINT('Origin',(-100.164107033655,98.8611280156895,-1.00000000048142));
#17773=CARTESIAN_POINT('',(-80.6141070336551,98.8611280156895,-1.00000000048142));
#17774=CARTESIAN_POINT('',(-80.6141070336551,85.6611280156895,-1.00000000048142));
#17775=CARTESIAN_POINT('',(-80.6141070336551,86.3611280156895,-1.00000000048142));
#17776=CARTESIAN_POINT('',(-81.1141070336551,85.1611280156895,-1.00000000048142));
#17777=CARTESIAN_POINT('Origin',(-81.1141070336551,85.6611280156895,-1.00000000048142));
#17778=CARTESIAN_POINT('',(-94.3141070336551,85.1611280156895,-1.00000000048142));
#17779=CARTESIAN_POINT('',(-48.7453570336551,85.1611280156895,-1.00000000048142));
#17780=CARTESIAN_POINT('',(-94.814107033655,85.6611280156895,-1.00000000048142));
#17781=CARTESIAN_POINT('Origin',(-94.3141070336551,85.6611280156895,-1.00000000048142));
#17782=CARTESIAN_POINT('',(-94.814107033655,98.8611280156895,-1.00000000048142));
#17783=CARTESIAN_POINT('',(-94.814107033655,79.8611280156895,-1.00000000048142));
#17784=CARTESIAN_POINT('',(-94.3141070336551,99.3611280156895,-1.00000000048142));
#17785=CARTESIAN_POINT('Origin',(-94.3141070336551,98.8611280156895,-1.00000000048142));
#17786=CARTESIAN_POINT('',(-81.1141070336551,99.3611280156895,-1.00000000048142));
#17787=CARTESIAN_POINT('',(-55.2453570336551,99.3611280156895,-1.00000000048142));
#17788=CARTESIAN_POINT('Origin',(-81.1141070336551,98.8611280156895,-1.00000000048142));
#17789=CARTESIAN_POINT('',(-61.5641070336551,98.8611280156895,-1.00000000048142));
#17790=CARTESIAN_POINT('',(-61.5641070336551,85.6611280156895,-1.00000000048142));
#17791=CARTESIAN_POINT('',(-61.5641070336551,86.3611280156895,-1.00000000048142));
#17792=CARTESIAN_POINT('',(-62.0641070336551,85.1611280156895,-1.00000000048142));
#17793=CARTESIAN_POINT('Origin',(-62.0641070336551,85.6611280156895,-1.00000000048142));
#17794=CARTESIAN_POINT('',(-75.2641070336551,85.1611280156895,-1.00000000048142));
#17795=CARTESIAN_POINT('',(-48.7453570336551,85.1611280156895,-1.00000000048142));
#17796=CARTESIAN_POINT('',(-75.7641070336551,85.6611280156895,-1.00000000048142));
#17797=CARTESIAN_POINT('Origin',(-75.2641070336551,85.6611280156895,-1.00000000048142));
#17798=CARTESIAN_POINT('',(-75.7641070336551,98.8611280156895,-1.00000000048142));
#17799=CARTESIAN_POINT('',(-75.7641070336551,79.8611280156895,-1.00000000048142));
#17800=CARTESIAN_POINT('',(-75.2641070336551,99.3611280156895,-1.00000000048142));
#17801=CARTESIAN_POINT('Origin',(-75.2641070336551,98.8611280156895,-1.00000000048142));
#17802=CARTESIAN_POINT('',(-62.064107033655,99.3611280156895,-1.00000000048142));
#17803=CARTESIAN_POINT('',(-55.2453570336551,99.3611280156895,-1.00000000048142));
#17804=CARTESIAN_POINT('Origin',(-62.064107033655,98.8611280156895,-1.00000000048142));
#17805=CARTESIAN_POINT('',(-42.5141070336551,98.8611280156895,-1.00000000048142));
#17806=CARTESIAN_POINT('',(-42.5141070336551,85.6611280156895,-1.00000000048142));
#17807=CARTESIAN_POINT('',(-42.5141070336551,86.3611280156895,-1.00000000048142));
#17808=CARTESIAN_POINT('',(-43.0141070336551,85.1611280156895,-1.00000000048142));
#17809=CARTESIAN_POINT('Origin',(-43.0141070336551,85.6611280156895,-1.00000000048142));
#17810=CARTESIAN_POINT('',(-56.214107033655,85.1611280156895,-1.00000000048142));
#17811=CARTESIAN_POINT('',(-48.7453570336551,85.1611280156895,-1.00000000048142));
#17812=CARTESIAN_POINT('',(-56.714107033655,85.6611280156895,-1.00000000048142));
#17813=CARTESIAN_POINT('Origin',(-56.214107033655,85.6611280156895,-1.00000000048142));
#17814=CARTESIAN_POINT('',(-56.714107033655,98.8611280156895,-1.00000000048142));
#17815=CARTESIAN_POINT('',(-56.714107033655,79.8611280156895,-1.00000000048142));
#17816=CARTESIAN_POINT('',(-56.214107033655,99.3611280156895,-1.00000000048142));
#17817=CARTESIAN_POINT('Origin',(-56.214107033655,98.8611280156895,-1.00000000048142));
#17818=CARTESIAN_POINT('',(-43.014107033655,99.3611280156895,-1.00000000048142));
#17819=CARTESIAN_POINT('',(-55.2453570336551,99.3611280156895,-1.00000000048142));
#17820=CARTESIAN_POINT('Origin',(-43.014107033655,98.8611280156895,-1.00000000048142));
#17821=CARTESIAN_POINT('',(-23.4641070336551,98.8611280156895,-1.00000000048142));
#17822=CARTESIAN_POINT('',(-23.4641070336551,85.6611280156895,-1.00000000048142));
#17823=CARTESIAN_POINT('',(-23.4641070336551,86.3611280156895,-1.00000000048142));
#17824=CARTESIAN_POINT('',(-23.9641070336551,85.1611280156895,-1.00000000048142));
#17825=CARTESIAN_POINT('Origin',(-23.9641070336551,85.6611280156895,-1.00000000048142));
#17826=CARTESIAN_POINT('',(-37.1641070336551,85.1611280156895,-1.00000000048142));
#17827=CARTESIAN_POINT('',(-48.7453570336551,85.1611280156895,-1.00000000048142));
#17828=CARTESIAN_POINT('',(-37.6641070336551,85.6611280156895,-1.00000000048142));
#17829=CARTESIAN_POINT('Origin',(-37.1641070336551,85.6611280156895,-1.00000000048142));
#17830=CARTESIAN_POINT('',(-37.6641070336551,98.8611280156895,-1.00000000048142));
#17831=CARTESIAN_POINT('',(-37.6641070336551,79.8611280156895,-1.00000000048142));
#17832=CARTESIAN_POINT('',(-37.1641070336551,99.3611280156895,-1.00000000048142));
#17833=CARTESIAN_POINT('Origin',(-37.1641070336551,98.8611280156895,-1.00000000048142));
#17834=CARTESIAN_POINT('',(-23.9641070336551,99.3611280156895,-1.00000000048142));
#17835=CARTESIAN_POINT('',(-55.2453570336551,99.3611280156895,-1.00000000048142));
#17836=CARTESIAN_POINT('Origin',(-23.9641070336551,98.8611280156895,-1.00000000048142));
#17837=CARTESIAN_POINT('',(-4.41410703365504,98.8611280156895,-1.00000000048142));
#17838=CARTESIAN_POINT('',(-4.41410703365504,85.6611280156895,-1.00000000048142));
#17839=CARTESIAN_POINT('',(-4.41410703365504,86.3611280156895,-1.00000000048142));
#17840=CARTESIAN_POINT('',(-4.91410703365504,85.1611280156895,-1.00000000048142));
#17841=CARTESIAN_POINT('Origin',(-4.91410703365504,85.6611280156895,-1.00000000048142));
#17842=CARTESIAN_POINT('',(-18.114107033655,85.1611280156895,-1.00000000048142));
#17843=CARTESIAN_POINT('',(-48.7453570336551,85.1611280156895,-1.00000000048142));
#17844=CARTESIAN_POINT('',(-18.6141070336551,85.6611280156895,-1.00000000048142));
#17845=CARTESIAN_POINT('Origin',(-18.114107033655,85.6611280156895,-1.00000000048142));
#17846=CARTESIAN_POINT('',(-18.6141070336551,98.8611280156895,-1.00000000048142));
#17847=CARTESIAN_POINT('',(-18.6141070336551,79.8611280156895,-1.00000000048142));
#17848=CARTESIAN_POINT('',(-18.1141070336551,99.3611280156895,-1.00000000048142));
#17849=CARTESIAN_POINT('Origin',(-18.1141070336551,98.8611280156895,-1.00000000048142));
#17850=CARTESIAN_POINT('',(-4.91410703365505,99.3611280156895,-1.00000000048142));
#17851=CARTESIAN_POINT('',(-55.2453570336551,99.3611280156895,-1.00000000048142));
#17852=CARTESIAN_POINT('Origin',(-4.91410703365504,98.8611280156895,-1.00000000048142));
#17853=CARTESIAN_POINT('',(5.69839296634492,99.3611280156895,-1.00000000048142));
#17854=CARTESIAN_POINT('',(18.8983929663449,99.3611280156895,-1.00000000048142));
#17855=CARTESIAN_POINT('',(-55.2453570336551,99.3611280156895,-1.00000000048142));
#17856=CARTESIAN_POINT('',(19.3983929663449,98.8611280156895,-1.00000000048142));
#17857=CARTESIAN_POINT('Origin',(18.8983929663449,98.8611280156895,-1.00000000048142));
#17858=CARTESIAN_POINT('',(19.3983929663449,85.6611280156895,-1.00000000048142));
#17859=CARTESIAN_POINT('',(19.3983929663449,86.3611280156895,-1.00000000048142));
#17860=CARTESIAN_POINT('',(18.8983929663449,85.1611280156895,-1.00000000048142));
#17861=CARTESIAN_POINT('Origin',(18.8983929663449,85.6611280156895,-1.00000000048142));
#17862=CARTESIAN_POINT('',(5.69839296634493,85.1611280156895,-1.00000000048142));
#17863=CARTESIAN_POINT('',(-48.7453570336551,85.1611280156895,-1.00000000048142));
#17864=CARTESIAN_POINT('',(5.19839296634492,85.6611280156895,-1.00000000048142));
#17865=CARTESIAN_POINT('Origin',(5.69839296634493,85.6611280156895,-1.00000000048142));
#17866=CARTESIAN_POINT('',(5.19839296634492,98.8611280156895,-1.00000000048142));
#17867=CARTESIAN_POINT('',(5.19839296634492,79.8611280156895,-1.00000000048142));
#17868=CARTESIAN_POINT('Origin',(5.69839296634492,98.8611280156895,-1.00000000048142));
#17869=CARTESIAN_POINT('',(15.9738929663449,102.811128015689,-1.00000000048142));
#17870=CARTESIAN_POINT('',(15.9738929663449,116.811128015689,-1.00000000048142));
#17871=CARTESIAN_POINT('',(15.9738929663449,116.811128015689,-1.00000000048142));
#17872=CARTESIAN_POINT('',(16.4738929663449,117.311128015689,-1.00000000048142));
#17873=CARTESIAN_POINT('Origin',(16.4738929663449,116.811128015689,-1.00000000048142));
#17874=CARTESIAN_POINT('',(22.4738929663449,117.311128015689,-1.00000000048142));
#17875=CARTESIAN_POINT('',(16.4738929663449,117.311128015689,-1.00000000048142));
#17876=CARTESIAN_POINT('',(22.9738929663449,116.811128015689,-1.00000000048142));
#17877=CARTESIAN_POINT('Origin',(22.4738929663449,116.811128015689,-1.00000000048142));
#17878=CARTESIAN_POINT('',(22.9738929663449,102.811128015689,-1.00000000048142));
#17879=CARTESIAN_POINT('',(22.9738929663449,116.811128015689,-1.00000000048142));
#17880=CARTESIAN_POINT('',(22.4738929663449,102.311128015689,-1.00000000048142));
#17881=CARTESIAN_POINT('Origin',(22.4738929663449,102.811128015689,-1.00000000048142));
#17882=CARTESIAN_POINT('',(16.4738929663449,102.311128015689,-1.00000000048142));
#17883=CARTESIAN_POINT('',(16.4738929663449,102.311128015689,-1.00000000048142));
#17884=CARTESIAN_POINT('Origin',(16.4738929663449,102.811128015689,-1.00000000048142));
#17885=CARTESIAN_POINT('',(-7.90210703365506,102.811128015689,-1.00000000048142));
#17886=CARTESIAN_POINT('',(-7.90210703365505,116.811128015689,-1.00000000048142));
#17887=CARTESIAN_POINT('',(-7.90210703365506,116.811128015689,-1.00000000048142));
#17888=CARTESIAN_POINT('',(-7.40210703365505,117.311128015689,-1.00000000048142));
#17889=CARTESIAN_POINT('Origin',(-7.40210703365505,116.811128015689,-1.00000000048142));
#17890=CARTESIAN_POINT('',(-1.40210703365504,117.311128015689,-1.00000000048142));
#17891=CARTESIAN_POINT('',(-7.40210703365505,117.311128015689,-1.00000000048142));
#17892=CARTESIAN_POINT('',(-0.902107033655069,116.811128015689,-1.00000000048142));
#17893=CARTESIAN_POINT('Origin',(-1.40210703365504,116.811128015689,-1.00000000048142));
#17894=CARTESIAN_POINT('',(-0.902107033655033,102.811128015689,-1.00000000048142));
#17895=CARTESIAN_POINT('',(-0.902107033655069,116.811128015689,-1.00000000048142));
#17896=CARTESIAN_POINT('',(-1.40210703365504,102.311128015689,-1.00000000048142));
#17897=CARTESIAN_POINT('Origin',(-1.40210703365504,102.811128015689,-1.00000000048142));
#17898=CARTESIAN_POINT('',(-7.40210703365505,102.311128015689,-1.00000000048142));
#17899=CARTESIAN_POINT('',(-7.40210703365505,102.311128015689,-1.00000000048142));
#17900=CARTESIAN_POINT('Origin',(-7.40210703365505,102.811128015689,-1.00000000048142));
#17901=CARTESIAN_POINT('Origin',(-28.1391070336551,104.811128015689,-2.50000000048143));
#17902=CARTESIAN_POINT('',(-28.1391070336551,89.3861280156895,-2.50000000048143));
#17903=CARTESIAN_POINT('Origin',(-47.1891070336551,104.811128015689,-2.50000000048143));
#17904=CARTESIAN_POINT('',(-47.1891070336551,89.3861280156895,-2.50000000048143));
#17905=CARTESIAN_POINT('Origin',(-66.239107033655,104.811128015689,-2.50000000048143));
#17906=CARTESIAN_POINT('',(-66.239107033655,89.3861280156895,-2.50000000048143));
#17907=CARTESIAN_POINT('Origin',(-85.2891070336551,104.811128015689,-2.50000000048143));
#17908=CARTESIAN_POINT('',(-85.289107033655,89.3861280156895,-2.50000000048143));
#17909=CARTESIAN_POINT('Origin',(-104.339107033655,104.811128015689,-2.50000000048143));
#17910=CARTESIAN_POINT('',(-104.339107033655,89.3861280156895,-2.50000000048143));
#17911=CARTESIAN_POINT('Origin',(-123.389107033655,104.811128015689,-2.50000000048143));
#17912=CARTESIAN_POINT('',(-123.389107033655,89.3861280156895,-2.50000000048143));
#17913=CARTESIAN_POINT('Origin',(-142.439107033655,104.811128015689,-2.50000000048143));
#17914=CARTESIAN_POINT('',(-142.439107033655,89.3861280156895,-2.50000000048143));
#17915=CARTESIAN_POINT('Origin',(-161.489107033655,104.811128015689,-2.50000000048143));
#17916=CARTESIAN_POINT('',(-161.489107033655,89.3861280156895,-2.50000000048143));
#17917=CARTESIAN_POINT('Origin',(-180.539107033655,104.811128015689,-2.50000000048143));
#17918=CARTESIAN_POINT('',(-180.539107033655,89.3861280156895,-2.50000000048143));
#17919=CARTESIAN_POINT('Origin',(-199.589107033655,104.811128015689,-2.50000000048143));
#17920=CARTESIAN_POINT('',(-199.589107033655,89.3861280156895,-2.50000000048143));
#17921=CARTESIAN_POINT('Origin',(-218.639107033655,104.811128015689,-2.50000000048143));
#17922=CARTESIAN_POINT('',(-218.639107033655,89.3861280156895,-2.50000000048143));
#17923=CARTESIAN_POINT('Origin',(-237.689107033655,104.811128015689,-2.50000000048143));
#17924=CARTESIAN_POINT('',(-237.689107033655,89.3861280156895,-2.50000000048143));
#17925=CARTESIAN_POINT('Origin',(14.6358929663449,117.811128015689,-2.50000000048143));
#17926=CARTESIAN_POINT('',(14.6358929663449,95.8861280156895,-2.50000000048143));
#17927=CARTESIAN_POINT('Origin',(-32.9891070336551,117.811128015689,-2.50000000048143));
#17928=CARTESIAN_POINT('',(-32.9891070336551,95.8861280156895,-2.50000000048143));
#17929=CARTESIAN_POINT('Origin',(-52.0391070336551,117.811128015689,-2.50000000048143));
#17930=CARTESIAN_POINT('',(-52.0391070336551,95.8861280156895,-2.50000000048143));
#17931=CARTESIAN_POINT('Origin',(-71.0891070336551,117.811128015689,-2.50000000048143));
#17932=CARTESIAN_POINT('',(-71.0891070336551,95.8861280156895,-2.50000000048143));
#17933=CARTESIAN_POINT('Origin',(-90.1391070336551,117.811128015689,-2.50000000048143));
#17934=CARTESIAN_POINT('',(-90.139107033655,95.8861280156895,-2.50000000048143));
#17935=CARTESIAN_POINT('Origin',(-109.189107033655,117.811128015689,-2.50000000048143));
#17936=CARTESIAN_POINT('',(-109.189107033655,95.8861280156895,-2.50000000048143));
#17937=CARTESIAN_POINT('Origin',(-128.239107033655,117.811128015689,-2.50000000048143));
#17938=CARTESIAN_POINT('',(-128.239107033655,95.8861280156895,-2.50000000048143));
#17939=CARTESIAN_POINT('Origin',(-147.289107033655,117.811128015689,-2.50000000048143));
#17940=CARTESIAN_POINT('',(-147.289107033655,95.8861280156895,-2.50000000048143));
#17941=CARTESIAN_POINT('Origin',(-166.339107033655,117.811128015689,-2.50000000048143));
#17942=CARTESIAN_POINT('',(-166.339107033655,95.8861280156895,-2.50000000048143));
#17943=CARTESIAN_POINT('Origin',(-185.389107033655,117.811128015689,-2.50000000048143));
#17944=CARTESIAN_POINT('',(-185.389107033655,95.8861280156895,-2.50000000048143));
#17945=CARTESIAN_POINT('Origin',(-204.439107033655,117.811128015689,-2.50000000048143));
#17946=CARTESIAN_POINT('',(-204.439107033655,95.8861280156895,-2.50000000048143));
#17947=CARTESIAN_POINT('Origin',(-223.489107033655,117.811128015689,-2.50000000048143));
#17948=CARTESIAN_POINT('',(-223.489107033655,95.8861280156895,-2.50000000048143));
#17949=CARTESIAN_POINT('Origin',(-242.539107033655,117.811128015689,-2.50000000048143));
#17950=CARTESIAN_POINT('',(-242.539107033655,95.8861280156895,-2.50000000048143));
#17951=CARTESIAN_POINT('Origin',(-116.289107033655,73.9611280156895,-2.50000000048143));
#17952=CARTESIAN_POINT('',(22.9738929663449,116.811128015689,-2.50000000048143));
#17953=CARTESIAN_POINT('',(22.9738929663449,102.811128015689,-2.50000000048143));
#17954=CARTESIAN_POINT('',(22.9738929663449,116.811128015689,-2.50000000048143));
#17955=CARTESIAN_POINT('',(22.4738929663449,117.311128015689,-2.50000000048143));
#17956=CARTESIAN_POINT('Origin',(22.4738929663449,116.811128015689,-2.50000000048143));
#17957=CARTESIAN_POINT('',(16.4738929663449,117.311128015689,-2.50000000048143));
#17958=CARTESIAN_POINT('',(16.4738929663449,117.311128015689,-2.50000000048143));
#17959=CARTESIAN_POINT('',(15.9738929663449,116.811128015689,-2.50000000048143));
#17960=CARTESIAN_POINT('Origin',(16.4738929663449,116.811128015689,-2.50000000048143));
#17961=CARTESIAN_POINT('',(15.9738929663449,102.811128015689,-2.50000000048143));
#17962=CARTESIAN_POINT('',(15.9738929663449,116.811128015689,-2.50000000048143));
#17963=CARTESIAN_POINT('',(16.4738929663449,102.311128015689,-2.50000000048143));
#17964=CARTESIAN_POINT('Origin',(16.4738929663449,102.811128015689,-2.50000000048143));
#17965=CARTESIAN_POINT('',(22.4738929663449,102.311128015689,-2.50000000048143));
#17966=CARTESIAN_POINT('',(16.4738929663449,102.311128015689,-2.50000000048143));
#17967=CARTESIAN_POINT('Origin',(22.4738929663449,102.811128015689,-2.50000000048143));
#17968=CARTESIAN_POINT('',(-0.902107033655069,116.811128015689,-2.50000000048143));
#17969=CARTESIAN_POINT('',(-0.90210703365504,102.811128015689,-2.50000000048143));
#17970=CARTESIAN_POINT('',(-0.902107033655069,116.811128015689,-2.50000000048143));
#17971=CARTESIAN_POINT('',(-1.40210703365504,117.311128015689,-2.50000000048143));
#17972=CARTESIAN_POINT('Origin',(-1.40210703365504,116.811128015689,-2.50000000048143));
#17973=CARTESIAN_POINT('',(-7.40210703365505,117.311128015689,-2.50000000048143));
#17974=CARTESIAN_POINT('',(-7.40210703365505,117.311128015689,-2.50000000048143));
#17975=CARTESIAN_POINT('',(-7.90210703365505,116.811128015689,-2.50000000048143));
#17976=CARTESIAN_POINT('Origin',(-7.40210703365505,116.811128015689,-2.50000000048143));
#17977=CARTESIAN_POINT('',(-7.90210703365506,102.811128015689,-2.50000000048143));
#17978=CARTESIAN_POINT('',(-7.90210703365506,116.811128015689,-2.50000000048143));
#17979=CARTESIAN_POINT('',(-7.40210703365505,102.311128015689,-2.50000000048143));
#17980=CARTESIAN_POINT('Origin',(-7.40210703365505,102.811128015689,-2.50000000048143));
#17981=CARTESIAN_POINT('',(-1.40210703365504,102.311128015689,-2.50000000048143));
#17982=CARTESIAN_POINT('',(-7.40210703365505,102.311128015689,-2.50000000048143));
#17983=CARTESIAN_POINT('Origin',(-1.40210703365504,102.811128015689,-2.50000000048143));
#17984=CARTESIAN_POINT('',(-237.776607033655,98.8611280156895,-2.50000000048143));
#17985=CARTESIAN_POINT('',(-237.776607033655,85.6611280156895,-2.50000000048143));
#17986=CARTESIAN_POINT('',(-237.776607033655,86.3611280156895,-2.50000000048143));
#17987=CARTESIAN_POINT('',(-238.276607033655,99.3611280156895,-2.50000000048143));
#17988=CARTESIAN_POINT('Origin',(-238.276607033655,98.8611280156895,-2.50000000048143));
#17989=CARTESIAN_POINT('',(-251.476607033655,99.3611280156895,-2.50000000048143));
#17990=CARTESIAN_POINT('',(-55.2453570336551,99.3611280156895,-2.50000000048143));
#17991=CARTESIAN_POINT('',(-251.976607033655,98.8611280156895,-2.50000000048143));
#17992=CARTESIAN_POINT('Origin',(-251.476607033655,98.8611280156895,-2.50000000048143));
#17993=CARTESIAN_POINT('',(-251.976607033655,85.6611280156895,-2.50000000048143));
#17994=CARTESIAN_POINT('',(-251.976607033655,79.8611280156895,-2.50000000048143));
#17995=CARTESIAN_POINT('',(-251.476607033655,85.1611280156895,-2.50000000048143));
#17996=CARTESIAN_POINT('Origin',(-251.476607033655,85.6611280156895,-2.50000000048143));
#17997=CARTESIAN_POINT('',(-238.276607033655,85.1611280156895,-2.50000000048143));
#17998=CARTESIAN_POINT('',(-48.7453570336551,85.1611280156895,-2.50000000048143));
#17999=CARTESIAN_POINT('Origin',(-238.276607033655,85.6611280156895,-2.50000000048143));
#18000=CARTESIAN_POINT('',(-213.964107033655,98.8611280156895,-2.50000000048143));
#18001=CARTESIAN_POINT('',(-213.964107033655,85.6611280156895,-2.50000000048143));
#18002=CARTESIAN_POINT('',(-213.964107033655,86.3611280156895,-2.50000000048143));
#18003=CARTESIAN_POINT('',(-214.464107033655,99.3611280156895,-2.50000000048143));
#18004=CARTESIAN_POINT('Origin',(-214.464107033655,98.8611280156895,-2.50000000048143));
#18005=CARTESIAN_POINT('',(-227.664107033655,99.3611280156895,-2.50000000048143));
#18006=CARTESIAN_POINT('',(-55.2453570336551,99.3611280156895,-2.50000000048143));
#18007=CARTESIAN_POINT('',(-228.164107033655,98.8611280156895,-2.50000000048143));
#18008=CARTESIAN_POINT('Origin',(-227.664107033655,98.8611280156895,-2.50000000048143));
#18009=CARTESIAN_POINT('',(-228.164107033655,85.6611280156895,-2.50000000048143));
#18010=CARTESIAN_POINT('',(-228.164107033655,79.8611280156895,-2.50000000048143));
#18011=CARTESIAN_POINT('',(-227.664107033655,85.1611280156895,-2.50000000048143));
#18012=CARTESIAN_POINT('Origin',(-227.664107033655,85.6611280156895,-2.50000000048143));
#18013=CARTESIAN_POINT('',(-214.464107033655,85.1611280156895,-2.50000000048143));
#18014=CARTESIAN_POINT('',(-48.7453570336551,85.1611280156895,-2.50000000048143));
#18015=CARTESIAN_POINT('Origin',(-214.464107033655,85.6611280156895,-2.50000000048143));
#18016=CARTESIAN_POINT('',(-194.914107033655,98.8611280156895,-2.50000000048143));
#18017=CARTESIAN_POINT('',(-194.914107033655,85.6611280156895,-2.50000000048143));
#18018=CARTESIAN_POINT('',(-194.914107033655,86.3611280156895,-2.50000000048143));
#18019=CARTESIAN_POINT('',(-195.414107033655,99.3611280156895,-2.50000000048143));
#18020=CARTESIAN_POINT('Origin',(-195.414107033655,98.8611280156895,-2.50000000048143));
#18021=CARTESIAN_POINT('',(-208.614107033655,99.3611280156895,-2.50000000048143));
#18022=CARTESIAN_POINT('',(-55.2453570336551,99.3611280156895,-2.50000000048143));
#18023=CARTESIAN_POINT('',(-209.114107033655,98.8611280156895,-2.50000000048143));
#18024=CARTESIAN_POINT('Origin',(-208.614107033655,98.8611280156895,-2.50000000048143));
#18025=CARTESIAN_POINT('',(-209.114107033655,85.6611280156895,-2.50000000048143));
#18026=CARTESIAN_POINT('',(-209.114107033655,79.8611280156895,-2.50000000048143));
#18027=CARTESIAN_POINT('',(-208.614107033655,85.1611280156895,-2.50000000048143));
#18028=CARTESIAN_POINT('Origin',(-208.614107033655,85.6611280156895,-2.50000000048143));
#18029=CARTESIAN_POINT('',(-195.414107033655,85.1611280156895,-2.50000000048143));
#18030=CARTESIAN_POINT('',(-48.7453570336551,85.1611280156895,-2.50000000048143));
#18031=CARTESIAN_POINT('Origin',(-195.414107033655,85.6611280156895,-2.50000000048143));
#18032=CARTESIAN_POINT('',(-175.864107033655,98.8611280156895,-2.50000000048143));
#18033=CARTESIAN_POINT('',(-175.864107033655,85.6611280156895,-2.50000000048143));
#18034=CARTESIAN_POINT('',(-175.864107033655,86.3611280156895,-2.50000000048143));
#18035=CARTESIAN_POINT('',(-176.364107033655,99.3611280156895,-2.50000000048143));
#18036=CARTESIAN_POINT('Origin',(-176.364107033655,98.8611280156895,-2.50000000048143));
#18037=CARTESIAN_POINT('',(-189.564107033655,99.3611280156895,-2.50000000048143));
#18038=CARTESIAN_POINT('',(-55.2453570336551,99.3611280156895,-2.50000000048143));
#18039=CARTESIAN_POINT('',(-190.064107033655,98.8611280156895,-2.50000000048143));
#18040=CARTESIAN_POINT('Origin',(-189.564107033655,98.8611280156895,-2.50000000048143));
#18041=CARTESIAN_POINT('',(-190.064107033655,85.6611280156895,-2.50000000048143));
#18042=CARTESIAN_POINT('',(-190.064107033655,79.8611280156895,-2.50000000048143));
#18043=CARTESIAN_POINT('',(-189.564107033655,85.1611280156895,-2.50000000048143));
#18044=CARTESIAN_POINT('Origin',(-189.564107033655,85.6611280156895,-2.50000000048143));
#18045=CARTESIAN_POINT('',(-176.364107033655,85.1611280156895,-2.50000000048143));
#18046=CARTESIAN_POINT('',(-48.7453570336551,85.1611280156895,-2.50000000048143));
#18047=CARTESIAN_POINT('Origin',(-176.364107033655,85.6611280156895,-2.50000000048143));
#18048=CARTESIAN_POINT('',(-156.814107033655,98.8611280156895,-2.50000000048143));
#18049=CARTESIAN_POINT('',(-156.814107033655,85.6611280156895,-2.50000000048143));
#18050=CARTESIAN_POINT('',(-156.814107033655,86.3611280156895,-2.50000000048143));
#18051=CARTESIAN_POINT('',(-157.314107033655,99.3611280156895,-2.50000000048143));
#18052=CARTESIAN_POINT('Origin',(-157.314107033655,98.8611280156895,-2.50000000048143));
#18053=CARTESIAN_POINT('',(-170.514107033655,99.3611280156895,-2.50000000048143));
#18054=CARTESIAN_POINT('',(-55.2453570336551,99.3611280156895,-2.50000000048143));
#18055=CARTESIAN_POINT('',(-171.014107033655,98.8611280156895,-2.50000000048143));
#18056=CARTESIAN_POINT('Origin',(-170.514107033655,98.8611280156895,-2.50000000048143));
#18057=CARTESIAN_POINT('',(-171.014107033655,85.6611280156895,-2.50000000048143));
#18058=CARTESIAN_POINT('',(-171.014107033655,79.8611280156895,-2.50000000048143));
#18059=CARTESIAN_POINT('',(-170.514107033655,85.1611280156895,-2.50000000048143));
#18060=CARTESIAN_POINT('Origin',(-170.514107033655,85.6611280156895,-2.50000000048143));
#18061=CARTESIAN_POINT('',(-157.314107033655,85.1611280156895,-2.50000000048143));
#18062=CARTESIAN_POINT('',(-48.7453570336551,85.1611280156895,-2.50000000048143));
#18063=CARTESIAN_POINT('Origin',(-157.314107033655,85.6611280156895,-2.50000000048143));
#18064=CARTESIAN_POINT('',(-137.764107033655,98.8611280156895,-2.50000000048143));
#18065=CARTESIAN_POINT('',(-137.764107033655,85.6611280156895,-2.50000000048143));
#18066=CARTESIAN_POINT('',(-137.764107033655,86.3611280156895,-2.50000000048143));
#18067=CARTESIAN_POINT('',(-138.264107033655,99.3611280156895,-2.50000000048143));
#18068=CARTESIAN_POINT('Origin',(-138.264107033655,98.8611280156895,-2.50000000048143));
#18069=CARTESIAN_POINT('',(-151.464107033655,99.3611280156895,-2.50000000048143));
#18070=CARTESIAN_POINT('',(-55.2453570336551,99.3611280156895,-2.50000000048143));
#18071=CARTESIAN_POINT('',(-151.964107033655,98.8611280156895,-2.50000000048143));
#18072=CARTESIAN_POINT('Origin',(-151.464107033655,98.8611280156895,-2.50000000048143));
#18073=CARTESIAN_POINT('',(-151.964107033655,85.6611280156895,-2.50000000048143));
#18074=CARTESIAN_POINT('',(-151.964107033655,79.8611280156895,-2.50000000048143));
#18075=CARTESIAN_POINT('',(-151.464107033655,85.1611280156895,-2.50000000048143));
#18076=CARTESIAN_POINT('Origin',(-151.464107033655,85.6611280156895,-2.50000000048143));
#18077=CARTESIAN_POINT('',(-138.264107033655,85.1611280156895,-2.50000000048143));
#18078=CARTESIAN_POINT('',(-48.7453570336551,85.1611280156895,-2.50000000048143));
#18079=CARTESIAN_POINT('Origin',(-138.264107033655,85.6611280156895,-2.50000000048143));
#18080=CARTESIAN_POINT('',(-118.714107033655,98.8611280156895,-2.50000000048143));
#18081=CARTESIAN_POINT('',(-118.714107033655,85.6611280156895,-2.50000000048143));
#18082=CARTESIAN_POINT('',(-118.714107033655,86.3611280156895,-2.50000000048143));
#18083=CARTESIAN_POINT('',(-119.214107033655,99.3611280156895,-2.50000000048143));
#18084=CARTESIAN_POINT('Origin',(-119.214107033655,98.8611280156895,-2.50000000048143));
#18085=CARTESIAN_POINT('',(-132.414107033655,99.3611280156895,-2.50000000048143));
#18086=CARTESIAN_POINT('',(-55.2453570336551,99.3611280156895,-2.50000000048143));
#18087=CARTESIAN_POINT('',(-132.914107033655,98.8611280156895,-2.50000000048143));
#18088=CARTESIAN_POINT('Origin',(-132.414107033655,98.8611280156895,-2.50000000048143));
#18089=CARTESIAN_POINT('',(-132.914107033655,85.6611280156895,-2.50000000048143));
#18090=CARTESIAN_POINT('',(-132.914107033655,79.8611280156895,-2.50000000048143));
#18091=CARTESIAN_POINT('',(-132.414107033655,85.1611280156895,-2.50000000048143));
#18092=CARTESIAN_POINT('Origin',(-132.414107033655,85.6611280156895,-2.50000000048143));
#18093=CARTESIAN_POINT('',(-119.214107033655,85.1611280156895,-2.50000000048143));
#18094=CARTESIAN_POINT('',(-48.7453570336551,85.1611280156895,-2.50000000048143));
#18095=CARTESIAN_POINT('Origin',(-119.214107033655,85.6611280156895,-2.50000000048143));
#18096=CARTESIAN_POINT('',(-99.664107033655,98.8611280156895,-2.50000000048143));
#18097=CARTESIAN_POINT('',(-99.664107033655,85.6611280156895,-2.50000000048143));
#18098=CARTESIAN_POINT('',(-99.664107033655,86.3611280156895,-2.50000000048143));
#18099=CARTESIAN_POINT('',(-100.164107033655,99.3611280156895,-2.50000000048143));
#18100=CARTESIAN_POINT('Origin',(-100.164107033655,98.8611280156895,-2.50000000048143));
#18101=CARTESIAN_POINT('',(-113.364107033655,99.3611280156895,-2.50000000048143));
#18102=CARTESIAN_POINT('',(-55.2453570336551,99.3611280156895,-2.50000000048143));
#18103=CARTESIAN_POINT('',(-113.864107033655,98.8611280156895,-2.50000000048143));
#18104=CARTESIAN_POINT('Origin',(-113.364107033655,98.8611280156895,-2.50000000048143));
#18105=CARTESIAN_POINT('',(-113.864107033655,85.6611280156895,-2.50000000048143));
#18106=CARTESIAN_POINT('',(-113.864107033655,79.8611280156895,-2.50000000048143));
#18107=CARTESIAN_POINT('',(-113.364107033655,85.1611280156895,-2.50000000048143));
#18108=CARTESIAN_POINT('Origin',(-113.364107033655,85.6611280156895,-2.50000000048143));
#18109=CARTESIAN_POINT('',(-100.164107033655,85.1611280156895,-2.50000000048143));
#18110=CARTESIAN_POINT('',(-48.7453570336551,85.1611280156895,-2.50000000048143));
#18111=CARTESIAN_POINT('Origin',(-100.164107033655,85.6611280156895,-2.50000000048143));
#18112=CARTESIAN_POINT('',(-80.6141070336551,98.8611280156895,-2.50000000048143));
#18113=CARTESIAN_POINT('',(-80.6141070336551,85.6611280156895,-2.50000000048143));
#18114=CARTESIAN_POINT('',(-80.6141070336551,86.3611280156895,-2.50000000048143));
#18115=CARTESIAN_POINT('',(-81.1141070336551,99.3611280156895,-2.50000000048143));
#18116=CARTESIAN_POINT('Origin',(-81.1141070336551,98.8611280156895,-2.50000000048143));
#18117=CARTESIAN_POINT('',(-94.3141070336551,99.3611280156895,-2.50000000048143));
#18118=CARTESIAN_POINT('',(-55.2453570336551,99.3611280156895,-2.50000000048143));
#18119=CARTESIAN_POINT('',(-94.814107033655,98.8611280156895,-2.50000000048143));
#18120=CARTESIAN_POINT('Origin',(-94.3141070336551,98.8611280156895,-2.50000000048143));
#18121=CARTESIAN_POINT('',(-94.814107033655,85.6611280156895,-2.50000000048143));
#18122=CARTESIAN_POINT('',(-94.814107033655,79.8611280156895,-2.50000000048143));
#18123=CARTESIAN_POINT('',(-94.3141070336551,85.1611280156895,-2.50000000048143));
#18124=CARTESIAN_POINT('Origin',(-94.3141070336551,85.6611280156895,-2.50000000048143));
#18125=CARTESIAN_POINT('',(-81.1141070336551,85.1611280156895,-2.50000000048143));
#18126=CARTESIAN_POINT('',(-48.7453570336551,85.1611280156895,-2.50000000048143));
#18127=CARTESIAN_POINT('Origin',(-81.1141070336551,85.6611280156895,-2.50000000048143));
#18128=CARTESIAN_POINT('',(-61.5641070336551,98.8611280156895,-2.50000000048143));
#18129=CARTESIAN_POINT('',(-61.5641070336551,85.6611280156895,-2.50000000048143));
#18130=CARTESIAN_POINT('',(-61.5641070336551,86.3611280156895,-2.50000000048143));
#18131=CARTESIAN_POINT('',(-62.064107033655,99.3611280156895,-2.50000000048143));
#18132=CARTESIAN_POINT('Origin',(-62.064107033655,98.8611280156895,-2.50000000048143));
#18133=CARTESIAN_POINT('',(-75.2641070336551,99.3611280156895,-2.50000000048143));
#18134=CARTESIAN_POINT('',(-55.2453570336551,99.3611280156895,-2.50000000048143));
#18135=CARTESIAN_POINT('',(-75.7641070336551,98.8611280156895,-2.50000000048143));
#18136=CARTESIAN_POINT('Origin',(-75.2641070336551,98.8611280156895,-2.50000000048143));
#18137=CARTESIAN_POINT('',(-75.7641070336551,85.6611280156895,-2.50000000048143));
#18138=CARTESIAN_POINT('',(-75.7641070336551,79.8611280156895,-2.50000000048143));
#18139=CARTESIAN_POINT('',(-75.2641070336551,85.1611280156895,-2.50000000048143));
#18140=CARTESIAN_POINT('Origin',(-75.2641070336551,85.6611280156895,-2.50000000048143));
#18141=CARTESIAN_POINT('',(-62.0641070336551,85.1611280156895,-2.50000000048143));
#18142=CARTESIAN_POINT('',(-48.7453570336551,85.1611280156895,-2.50000000048143));
#18143=CARTESIAN_POINT('Origin',(-62.0641070336551,85.6611280156895,-2.50000000048143));
#18144=CARTESIAN_POINT('',(-42.5141070336551,98.8611280156895,-2.50000000048143));
#18145=CARTESIAN_POINT('',(-42.5141070336551,85.6611280156895,-2.50000000048143));
#18146=CARTESIAN_POINT('',(-42.5141070336551,86.3611280156895,-2.50000000048143));
#18147=CARTESIAN_POINT('',(-43.014107033655,99.3611280156895,-2.50000000048143));
#18148=CARTESIAN_POINT('Origin',(-43.014107033655,98.8611280156895,-2.50000000048143));
#18149=CARTESIAN_POINT('',(-56.214107033655,99.3611280156895,-2.50000000048143));
#18150=CARTESIAN_POINT('',(-55.2453570336551,99.3611280156895,-2.50000000048143));
#18151=CARTESIAN_POINT('',(-56.714107033655,98.8611280156895,-2.50000000048143));
#18152=CARTESIAN_POINT('Origin',(-56.214107033655,98.8611280156895,-2.50000000048143));
#18153=CARTESIAN_POINT('',(-56.714107033655,85.6611280156895,-2.50000000048143));
#18154=CARTESIAN_POINT('',(-56.714107033655,79.8611280156895,-2.50000000048143));
#18155=CARTESIAN_POINT('',(-56.214107033655,85.1611280156895,-2.50000000048143));
#18156=CARTESIAN_POINT('Origin',(-56.214107033655,85.6611280156895,-2.50000000048143));
#18157=CARTESIAN_POINT('',(-43.0141070336551,85.1611280156895,-2.50000000048143));
#18158=CARTESIAN_POINT('',(-48.7453570336551,85.1611280156895,-2.50000000048143));
#18159=CARTESIAN_POINT('Origin',(-43.0141070336551,85.6611280156895,-2.50000000048143));
#18160=CARTESIAN_POINT('',(-23.4641070336551,98.8611280156895,-2.50000000048143));
#18161=CARTESIAN_POINT('',(-23.4641070336551,85.6611280156895,-2.50000000048143));
#18162=CARTESIAN_POINT('',(-23.4641070336551,86.3611280156895,-2.50000000048143));
#18163=CARTESIAN_POINT('',(-23.9641070336551,99.3611280156895,-2.50000000048143));
#18164=CARTESIAN_POINT('Origin',(-23.9641070336551,98.8611280156895,-2.50000000048143));
#18165=CARTESIAN_POINT('',(-37.1641070336551,99.3611280156895,-2.50000000048143));
#18166=CARTESIAN_POINT('',(-55.2453570336551,99.3611280156895,-2.50000000048143));
#18167=CARTESIAN_POINT('',(-37.6641070336551,98.8611280156895,-2.50000000048143));
#18168=CARTESIAN_POINT('Origin',(-37.1641070336551,98.8611280156895,-2.50000000048143));
#18169=CARTESIAN_POINT('',(-37.6641070336551,85.6611280156895,-2.50000000048143));
#18170=CARTESIAN_POINT('',(-37.6641070336551,79.8611280156895,-2.50000000048143));
#18171=CARTESIAN_POINT('',(-37.1641070336551,85.1611280156895,-2.50000000048143));
#18172=CARTESIAN_POINT('Origin',(-37.1641070336551,85.6611280156895,-2.50000000048143));
#18173=CARTESIAN_POINT('',(-23.9641070336551,85.1611280156895,-2.50000000048143));
#18174=CARTESIAN_POINT('',(-48.7453570336551,85.1611280156895,-2.50000000048143));
#18175=CARTESIAN_POINT('Origin',(-23.9641070336551,85.6611280156895,-2.50000000048143));
#18176=CARTESIAN_POINT('',(-4.41410703365504,98.8611280156895,-2.50000000048143));
#18177=CARTESIAN_POINT('',(-4.41410703365504,85.6611280156895,-2.50000000048143));
#18178=CARTESIAN_POINT('',(-4.41410703365504,86.3611280156895,-2.50000000048143));
#18179=CARTESIAN_POINT('',(-4.91410703365505,99.3611280156895,-2.50000000048143));
#18180=CARTESIAN_POINT('Origin',(-4.91410703365504,98.8611280156895,-2.50000000048143));
#18181=CARTESIAN_POINT('',(-18.1141070336551,99.3611280156895,-2.50000000048143));
#18182=CARTESIAN_POINT('',(-55.2453570336551,99.3611280156895,-2.50000000048143));
#18183=CARTESIAN_POINT('',(-18.6141070336551,98.8611280156895,-2.50000000048143));
#18184=CARTESIAN_POINT('Origin',(-18.1141070336551,98.8611280156895,-2.50000000048143));
#18185=CARTESIAN_POINT('',(-18.6141070336551,85.6611280156895,-2.50000000048143));
#18186=CARTESIAN_POINT('',(-18.6141070336551,79.8611280156895,-2.50000000048143));
#18187=CARTESIAN_POINT('',(-18.114107033655,85.1611280156895,-2.50000000048143));
#18188=CARTESIAN_POINT('Origin',(-18.114107033655,85.6611280156895,-2.50000000048143));
#18189=CARTESIAN_POINT('',(-4.91410703365504,85.1611280156895,-2.50000000048143));
#18190=CARTESIAN_POINT('',(-48.7453570336551,85.1611280156895,-2.50000000048143));
#18191=CARTESIAN_POINT('Origin',(-4.91410703365504,85.6611280156895,-2.50000000048143));
#18192=CARTESIAN_POINT('',(19.3983929663449,85.6611280156895,-2.50000000048143));
#18193=CARTESIAN_POINT('',(18.8983929663449,85.1611280156895,-2.50000000048143));
#18194=CARTESIAN_POINT('Origin',(18.8983929663449,85.6611280156895,-2.50000000048143));
#18195=CARTESIAN_POINT('',(19.3983929663449,98.8611280156895,-2.50000000048143));
#18196=CARTESIAN_POINT('',(19.3983929663449,86.3611280156895,-2.50000000048143));
#18197=CARTESIAN_POINT('',(18.8983929663449,99.3611280156895,-2.50000000048143));
#18198=CARTESIAN_POINT('Origin',(18.8983929663449,98.8611280156895,-2.50000000048143));
#18199=CARTESIAN_POINT('',(5.69839296634492,99.3611280156895,-2.50000000048143));
#18200=CARTESIAN_POINT('',(-55.2453570336551,99.3611280156895,-2.50000000048143));
#18201=CARTESIAN_POINT('',(5.19839296634492,98.8611280156895,-2.50000000048143));
#18202=CARTESIAN_POINT('Origin',(5.69839296634492,98.8611280156895,-2.50000000048143));
#18203=CARTESIAN_POINT('',(5.19839296634492,85.6611280156895,-2.50000000048143));
#18204=CARTESIAN_POINT('',(5.19839296634492,79.8611280156895,-2.50000000048143));
#18205=CARTESIAN_POINT('',(5.69839296634493,85.1611280156895,-2.50000000048143));
#18206=CARTESIAN_POINT('Origin',(5.69839296634493,85.6611280156895,-2.50000000048143));
#18207=CARTESIAN_POINT('',(-48.7453570336551,85.1611280156895,-2.50000000048143));
#18208=CARTESIAN_POINT('',(12.254642966345,66.6111280156895,-2.50000000048143));
#18209=CARTESIAN_POINT('',(11.754642966345,66.1111280156895,-2.50000000048143));
#18210=CARTESIAN_POINT('Origin',(11.754642966345,66.6111280156895,-2.50000000048143));
#18211=CARTESIAN_POINT('',(12.254642966345,79.8111280156895,-2.50000000048143));
#18212=CARTESIAN_POINT('',(12.254642966345,76.8361280156895,-2.50000000048143));
#18213=CARTESIAN_POINT('',(11.754642966345,80.3111280156895,-2.50000000048143));
#18214=CARTESIAN_POINT('Origin',(11.754642966345,79.8111280156895,-2.50000000048143));
#18215=CARTESIAN_POINT('',(-1.44535703365505,80.3111280156895,-2.50000000048143));
#18216=CARTESIAN_POINT('',(-58.817232033655,80.3111280156895,-2.50000000048143));
#18217=CARTESIAN_POINT('',(-1.94535703365505,79.8111280156895,-2.50000000048143));
#18218=CARTESIAN_POINT('Origin',(-1.44535703365505,79.8111280156895,-2.50000000048143));
#18219=CARTESIAN_POINT('',(-1.94535703365505,66.6111280156895,-2.50000000048143));
#18220=CARTESIAN_POINT('',(-1.94535703365505,70.3361280156895,-2.50000000048143));
#18221=CARTESIAN_POINT('',(-1.44535703365504,66.1111280156895,-2.50000000048143));
#18222=CARTESIAN_POINT('Origin',(-1.44535703365504,66.6111280156895,-2.50000000048143));
#18223=CARTESIAN_POINT('',(-52.317232033655,66.1111280156895,-2.50000000048143));
#18224=CARTESIAN_POINT('',(-18.701607033655,79.8111280156895,-2.50000000048143));
#18225=CARTESIAN_POINT('',(-18.701607033655,66.6111280156895,-2.50000000048143));
#18226=CARTESIAN_POINT('',(-18.701607033655,76.8361280156895,-2.50000000048143));
#18227=CARTESIAN_POINT('',(-19.2016070336551,80.3111280156895,-2.50000000048143));
#18228=CARTESIAN_POINT('Origin',(-19.2016070336551,79.8111280156895,-2.50000000048143));
#18229=CARTESIAN_POINT('',(-32.401607033655,80.3111280156895,-2.50000000048143));
#18230=CARTESIAN_POINT('',(-58.817232033655,80.3111280156895,-2.50000000048143));
#18231=CARTESIAN_POINT('',(-32.901607033655,79.8111280156895,-2.50000000048143));
#18232=CARTESIAN_POINT('Origin',(-32.401607033655,79.8111280156895,-2.50000000048143));
#18233=CARTESIAN_POINT('',(-32.901607033655,66.6111280156895,-2.50000000048143));
#18234=CARTESIAN_POINT('',(-32.901607033655,70.3361280156895,-2.50000000048143));
#18235=CARTESIAN_POINT('',(-32.4016070336551,66.1111280156895,-2.50000000048143));
#18236=CARTESIAN_POINT('Origin',(-32.4016070336551,66.6111280156895,-2.50000000048143));
#18237=CARTESIAN_POINT('',(-19.201607033655,66.1111280156895,-2.50000000048143));
#18238=CARTESIAN_POINT('',(-52.317232033655,66.1111280156895,-2.50000000048143));
#18239=CARTESIAN_POINT('Origin',(-19.201607033655,66.6111280156895,-2.50000000048143));
#18240=CARTESIAN_POINT('',(-3.28335703365503,78.7111280156895,-2.50000000048143));
#18241=CARTESIAN_POINT('',(-3.28335703365504,64.7111280156895,-2.50000000048143));
#18242=CARTESIAN_POINT('',(-3.28335703365503,78.7111280156895,-2.50000000048143));
#18243=CARTESIAN_POINT('',(-3.78335703365504,79.2111280156895,-2.50000000048143));
#18244=CARTESIAN_POINT('Origin',(-3.78335703365504,78.7111280156895,-2.50000000048143));
#18245=CARTESIAN_POINT('',(-9.78335703365506,79.2111280156895,-2.50000000048143));
#18246=CARTESIAN_POINT('',(-9.78335703365506,79.2111280156895,-2.50000000048143));
#18247=CARTESIAN_POINT('',(-10.2833570336551,78.7111280156895,-2.50000000048143));
#18248=CARTESIAN_POINT('Origin',(-9.78335703365506,78.7111280156895,-2.50000000048143));
#18249=CARTESIAN_POINT('',(-10.2833570336551,64.7111280156895,-2.50000000048143));
#18250=CARTESIAN_POINT('',(-10.2833570336551,78.7111280156895,-2.50000000048143));
#18251=CARTESIAN_POINT('',(-9.78335703365506,64.2111280156895,-2.50000000048143));
#18252=CARTESIAN_POINT('Origin',(-9.78335703365506,64.7111280156895,-2.50000000048143));
#18253=CARTESIAN_POINT('',(-3.78335703365504,64.2111280156895,-2.50000000048143));
#18254=CARTESIAN_POINT('',(-9.78335703365506,64.2111280156895,-2.50000000048143));
#18255=CARTESIAN_POINT('Origin',(-3.78335703365504,64.7111280156895,-2.50000000048143));
#18256=CARTESIAN_POINT('',(-37.7516070336551,79.8111280156895,-2.50000000048143));
#18257=CARTESIAN_POINT('',(-37.7516070336551,66.6111280156895,-2.50000000048143));
#18258=CARTESIAN_POINT('',(-37.7516070336551,76.8361280156895,-2.50000000048143));
#18259=CARTESIAN_POINT('',(-38.2516070336551,80.3111280156895,-2.50000000048143));
#18260=CARTESIAN_POINT('Origin',(-38.2516070336551,79.8111280156895,-2.50000000048143));
#18261=CARTESIAN_POINT('',(-51.451607033655,80.3111280156895,-2.50000000048143));
#18262=CARTESIAN_POINT('',(-58.817232033655,80.3111280156895,-2.50000000048143));
#18263=CARTESIAN_POINT('',(-51.951607033655,79.8111280156895,-2.50000000048143));
#18264=CARTESIAN_POINT('Origin',(-51.451607033655,79.8111280156895,-2.50000000048143));
#18265=CARTESIAN_POINT('',(-51.951607033655,66.6111280156895,-2.50000000048143));
#18266=CARTESIAN_POINT('',(-51.951607033655,70.3361280156895,-2.50000000048143));
#18267=CARTESIAN_POINT('',(-51.4516070336551,66.1111280156895,-2.50000000048143));
#18268=CARTESIAN_POINT('Origin',(-51.4516070336551,66.6111280156895,-2.50000000048143));
#18269=CARTESIAN_POINT('',(-38.2516070336551,66.1111280156895,-2.50000000048143));
#18270=CARTESIAN_POINT('',(-52.317232033655,66.1111280156895,-2.50000000048143));
#18271=CARTESIAN_POINT('Origin',(-38.2516070336551,66.6111280156895,-2.50000000048143));
#18272=CARTESIAN_POINT('',(-56.8016070336551,79.8111280156895,-2.50000000048143));
#18273=CARTESIAN_POINT('',(-56.8016070336551,66.6111280156895,-2.50000000048143));
#18274=CARTESIAN_POINT('',(-56.8016070336551,76.8361280156895,-2.50000000048143));
#18275=CARTESIAN_POINT('',(-57.3016070336551,80.3111280156895,-2.50000000048143));
#18276=CARTESIAN_POINT('Origin',(-57.3016070336551,79.8111280156895,-2.50000000048143));
#18277=CARTESIAN_POINT('',(-70.5016070336551,80.3111280156895,-2.50000000048143));
#18278=CARTESIAN_POINT('',(-58.817232033655,80.3111280156895,-2.50000000048143));
#18279=CARTESIAN_POINT('',(-71.0016070336551,79.8111280156895,-2.50000000048143));
#18280=CARTESIAN_POINT('Origin',(-70.5016070336551,79.8111280156895,-2.50000000048143));
#18281=CARTESIAN_POINT('',(-71.0016070336551,66.6111280156895,-2.50000000048143));
#18282=CARTESIAN_POINT('',(-71.0016070336551,70.3361280156895,-2.50000000048143));
#18283=CARTESIAN_POINT('',(-70.5016070336551,66.1111280156895,-2.50000000048143));
#18284=CARTESIAN_POINT('Origin',(-70.5016070336551,66.6111280156895,-2.50000000048143));
#18285=CARTESIAN_POINT('',(-57.3016070336551,66.1111280156895,-2.50000000048143));
#18286=CARTESIAN_POINT('',(-52.317232033655,66.1111280156895,-2.50000000048143));
#18287=CARTESIAN_POINT('Origin',(-57.3016070336551,66.6111280156895,-2.50000000048143));
#18288=CARTESIAN_POINT('',(-75.851607033655,79.8111280156895,-2.50000000048143));
#18289=CARTESIAN_POINT('',(-75.851607033655,66.6111280156895,-2.50000000048143));
#18290=CARTESIAN_POINT('',(-75.851607033655,76.8361280156895,-2.50000000048143));
#18291=CARTESIAN_POINT('',(-76.3516070336551,80.3111280156895,-2.50000000048143));
#18292=CARTESIAN_POINT('Origin',(-76.3516070336551,79.8111280156895,-2.50000000048143));
#18293=CARTESIAN_POINT('',(-89.5516070336551,80.3111280156895,-2.50000000048143));
#18294=CARTESIAN_POINT('',(-58.817232033655,80.3111280156895,-2.50000000048143));
#18295=CARTESIAN_POINT('',(-90.051607033655,79.8111280156895,-2.50000000048143));
#18296=CARTESIAN_POINT('Origin',(-89.5516070336551,79.8111280156895,-2.50000000048143));
#18297=CARTESIAN_POINT('',(-90.051607033655,66.6111280156895,-2.50000000048143));
#18298=CARTESIAN_POINT('',(-90.051607033655,70.3361280156895,-2.50000000048143));
#18299=CARTESIAN_POINT('',(-89.5516070336551,66.1111280156895,-2.50000000048143));
#18300=CARTESIAN_POINT('Origin',(-89.5516070336551,66.6111280156895,-2.50000000048143));
#18301=CARTESIAN_POINT('',(-76.3516070336551,66.1111280156895,-2.50000000048143));
#18302=CARTESIAN_POINT('',(-52.317232033655,66.1111280156895,-2.50000000048143));
#18303=CARTESIAN_POINT('Origin',(-76.3516070336551,66.6111280156895,-2.50000000048143));
#18304=CARTESIAN_POINT('',(-94.901607033655,79.8111280156895,-2.50000000048143));
#18305=CARTESIAN_POINT('',(-94.901607033655,66.6111280156895,-2.50000000048143));
#18306=CARTESIAN_POINT('',(-94.901607033655,76.8361280156895,-2.50000000048143));
#18307=CARTESIAN_POINT('',(-95.4016070336551,80.3111280156895,-2.50000000048143));
#18308=CARTESIAN_POINT('Origin',(-95.4016070336551,79.8111280156895,-2.50000000048143));
#18309=CARTESIAN_POINT('',(-108.601607033655,80.3111280156895,-2.50000000048143));
#18310=CARTESIAN_POINT('',(-58.817232033655,80.3111280156895,-2.50000000048143));
#18311=CARTESIAN_POINT('',(-109.101607033655,79.8111280156895,-2.50000000048143));
#18312=CARTESIAN_POINT('Origin',(-108.601607033655,79.8111280156895,-2.50000000048143));
#18313=CARTESIAN_POINT('',(-109.101607033655,66.6111280156895,-2.50000000048143));
#18314=CARTESIAN_POINT('',(-109.101607033655,70.3361280156895,-2.50000000048143));
#18315=CARTESIAN_POINT('',(-108.601607033655,66.1111280156895,-2.50000000048143));
#18316=CARTESIAN_POINT('Origin',(-108.601607033655,66.6111280156895,-2.50000000048143));
#18317=CARTESIAN_POINT('',(-95.401607033655,66.1111280156895,-2.50000000048143));
#18318=CARTESIAN_POINT('',(-52.317232033655,66.1111280156895,-2.50000000048143));
#18319=CARTESIAN_POINT('Origin',(-95.401607033655,66.6111280156895,-2.50000000048143));
#18320=CARTESIAN_POINT('',(-113.951607033655,79.8111280156895,-2.50000000048143));
#18321=CARTESIAN_POINT('',(-113.951607033655,66.6111280156895,-2.50000000048143));
#18322=CARTESIAN_POINT('',(-113.951607033655,76.8361280156895,-2.50000000048143));
#18323=CARTESIAN_POINT('',(-114.451607033655,80.3111280156895,-2.50000000048143));
#18324=CARTESIAN_POINT('Origin',(-114.451607033655,79.8111280156895,-2.50000000048143));
#18325=CARTESIAN_POINT('',(-127.651607033655,80.3111280156895,-2.50000000048143));
#18326=CARTESIAN_POINT('',(-58.817232033655,80.3111280156895,-2.50000000048143));
#18327=CARTESIAN_POINT('',(-128.151607033655,79.8111280156895,-2.50000000048143));
#18328=CARTESIAN_POINT('Origin',(-127.651607033655,79.8111280156895,-2.50000000048143));
#18329=CARTESIAN_POINT('',(-128.151607033655,66.6111280156895,-2.50000000048143));
#18330=CARTESIAN_POINT('',(-128.151607033655,70.3361280156895,-2.50000000048143));
#18331=CARTESIAN_POINT('',(-127.651607033655,66.1111280156895,-2.50000000048143));
#18332=CARTESIAN_POINT('Origin',(-127.651607033655,66.6111280156895,-2.50000000048143));
#18333=CARTESIAN_POINT('',(-114.451607033655,66.1111280156895,-2.50000000048143));
#18334=CARTESIAN_POINT('',(-52.317232033655,66.1111280156895,-2.50000000048143));
#18335=CARTESIAN_POINT('Origin',(-114.451607033655,66.6111280156895,-2.50000000048143));
#18336=CARTESIAN_POINT('',(-133.001607033655,79.8111280156895,-2.50000000048143));
#18337=CARTESIAN_POINT('',(-133.001607033655,66.6111280156895,-2.50000000048143));
#18338=CARTESIAN_POINT('',(-133.001607033655,76.8361280156895,-2.50000000048143));
#18339=CARTESIAN_POINT('',(-133.501607033655,80.3111280156895,-2.50000000048143));
#18340=CARTESIAN_POINT('Origin',(-133.501607033655,79.8111280156895,-2.50000000048143));
#18341=CARTESIAN_POINT('',(-146.701607033655,80.3111280156895,-2.50000000048143));
#18342=CARTESIAN_POINT('',(-58.817232033655,80.3111280156895,-2.50000000048143));
#18343=CARTESIAN_POINT('',(-147.201607033655,79.8111280156895,-2.50000000048143));
#18344=CARTESIAN_POINT('Origin',(-146.701607033655,79.8111280156895,-2.50000000048143));
#18345=CARTESIAN_POINT('',(-147.201607033655,66.6111280156895,-2.50000000048143));
#18346=CARTESIAN_POINT('',(-147.201607033655,70.3361280156895,-2.50000000048143));
#18347=CARTESIAN_POINT('',(-146.701607033655,66.1111280156895,-2.50000000048143));
#18348=CARTESIAN_POINT('Origin',(-146.701607033655,66.6111280156895,-2.50000000048143));
#18349=CARTESIAN_POINT('',(-133.501607033655,66.1111280156895,-2.50000000048143));
#18350=CARTESIAN_POINT('',(-52.317232033655,66.1111280156895,-2.50000000048143));
#18351=CARTESIAN_POINT('Origin',(-133.501607033655,66.6111280156895,-2.50000000048143));
#18352=CARTESIAN_POINT('',(-152.051607033655,79.8111280156895,-2.50000000048143));
#18353=CARTESIAN_POINT('',(-152.051607033655,66.6111280156895,-2.50000000048143));
#18354=CARTESIAN_POINT('',(-152.051607033655,76.8361280156895,-2.50000000048143));
#18355=CARTESIAN_POINT('',(-152.551607033655,80.3111280156895,-2.50000000048143));
#18356=CARTESIAN_POINT('Origin',(-152.551607033655,79.8111280156895,-2.50000000048143));
#18357=CARTESIAN_POINT('',(-165.751607033655,80.3111280156895,-2.50000000048143));
#18358=CARTESIAN_POINT('',(-58.817232033655,80.3111280156895,-2.50000000048143));
#18359=CARTESIAN_POINT('',(-166.251607033655,79.8111280156895,-2.50000000048143));
#18360=CARTESIAN_POINT('Origin',(-165.751607033655,79.8111280156895,-2.50000000048143));
#18361=CARTESIAN_POINT('',(-166.251607033655,66.6111280156895,-2.50000000048143));
#18362=CARTESIAN_POINT('',(-166.251607033655,70.3361280156895,-2.50000000048143));
#18363=CARTESIAN_POINT('',(-165.751607033655,66.1111280156895,-2.50000000048143));
#18364=CARTESIAN_POINT('Origin',(-165.751607033655,66.6111280156895,-2.50000000048143));
#18365=CARTESIAN_POINT('',(-152.551607033655,66.1111280156895,-2.50000000048143));
#18366=CARTESIAN_POINT('',(-52.317232033655,66.1111280156895,-2.50000000048143));
#18367=CARTESIAN_POINT('Origin',(-152.551607033655,66.6111280156895,-2.50000000048143));
#18368=CARTESIAN_POINT('',(-171.101607033655,79.8111280156895,-2.50000000048143));
#18369=CARTESIAN_POINT('',(-171.101607033655,66.6111280156895,-2.50000000048143));
#18370=CARTESIAN_POINT('',(-171.101607033655,76.8361280156895,-2.50000000048143));
#18371=CARTESIAN_POINT('',(-171.601607033655,80.3111280156895,-2.50000000048143));
#18372=CARTESIAN_POINT('Origin',(-171.601607033655,79.8111280156895,-2.50000000048143));
#18373=CARTESIAN_POINT('',(-184.801607033655,80.3111280156895,-2.50000000048143));
#18374=CARTESIAN_POINT('',(-58.817232033655,80.3111280156895,-2.50000000048143));
#18375=CARTESIAN_POINT('',(-185.301607033655,79.8111280156895,-2.50000000048143));
#18376=CARTESIAN_POINT('Origin',(-184.801607033655,79.8111280156895,-2.50000000048143));
#18377=CARTESIAN_POINT('',(-185.301607033655,66.6111280156895,-2.50000000048143));
#18378=CARTESIAN_POINT('',(-185.301607033655,70.3361280156895,-2.50000000048143));
#18379=CARTESIAN_POINT('',(-184.801607033655,66.1111280156895,-2.50000000048143));
#18380=CARTESIAN_POINT('Origin',(-184.801607033655,66.6111280156895,-2.50000000048143));
#18381=CARTESIAN_POINT('',(-171.601607033655,66.1111280156895,-2.50000000048143));
#18382=CARTESIAN_POINT('',(-52.317232033655,66.1111280156895,-2.50000000048143));
#18383=CARTESIAN_POINT('Origin',(-171.601607033655,66.6111280156895,-2.50000000048143));
#18384=CARTESIAN_POINT('',(-190.151607033655,79.8111280156895,-2.50000000048143));
#18385=CARTESIAN_POINT('',(-190.151607033655,66.6111280156895,-2.50000000048143));
#18386=CARTESIAN_POINT('',(-190.151607033655,76.8361280156895,-2.50000000048143));
#18387=CARTESIAN_POINT('',(-190.651607033655,80.3111280156895,-2.50000000048143));
#18388=CARTESIAN_POINT('Origin',(-190.651607033655,79.8111280156895,-2.50000000048143));
#18389=CARTESIAN_POINT('',(-203.851607033655,80.3111280156895,-2.50000000048143));
#18390=CARTESIAN_POINT('',(-58.817232033655,80.3111280156895,-2.50000000048143));
#18391=CARTESIAN_POINT('',(-204.351607033655,79.8111280156895,-2.50000000048143));
#18392=CARTESIAN_POINT('Origin',(-203.851607033655,79.8111280156895,-2.50000000048143));
#18393=CARTESIAN_POINT('',(-204.351607033655,66.6111280156895,-2.50000000048143));
#18394=CARTESIAN_POINT('',(-204.351607033655,70.3361280156895,-2.50000000048143));
#18395=CARTESIAN_POINT('',(-203.851607033655,66.1111280156895,-2.50000000048143));
#18396=CARTESIAN_POINT('Origin',(-203.851607033655,66.6111280156895,-2.50000000048143));
#18397=CARTESIAN_POINT('',(-190.651607033655,66.1111280156895,-2.50000000048143));
#18398=CARTESIAN_POINT('',(-52.317232033655,66.1111280156895,-2.50000000048143));
#18399=CARTESIAN_POINT('Origin',(-190.651607033655,66.6111280156895,-2.50000000048143));
#18400=CARTESIAN_POINT('',(-209.201607033655,79.8111280156895,-2.50000000048143));
#18401=CARTESIAN_POINT('',(-209.201607033655,66.6111280156895,-2.50000000048143));
#18402=CARTESIAN_POINT('',(-209.201607033655,76.8361280156895,-2.50000000048143));
#18403=CARTESIAN_POINT('',(-209.701607033655,80.3111280156895,-2.50000000048143));
#18404=CARTESIAN_POINT('Origin',(-209.701607033655,79.8111280156895,-2.50000000048143));
#18405=CARTESIAN_POINT('',(-222.901607033655,80.3111280156895,-2.50000000048143));
#18406=CARTESIAN_POINT('',(-58.817232033655,80.3111280156895,-2.50000000048143));
#18407=CARTESIAN_POINT('',(-223.401607033655,79.8111280156895,-2.50000000048143));
#18408=CARTESIAN_POINT('Origin',(-222.901607033655,79.8111280156895,-2.50000000048143));
#18409=CARTESIAN_POINT('',(-223.401607033655,66.6111280156895,-2.50000000048143));
#18410=CARTESIAN_POINT('',(-223.401607033655,70.3361280156895,-2.50000000048143));
#18411=CARTESIAN_POINT('',(-222.901607033655,66.1111280156895,-2.50000000048143));
#18412=CARTESIAN_POINT('Origin',(-222.901607033655,66.6111280156895,-2.50000000048143));
#18413=CARTESIAN_POINT('',(-209.701607033655,66.1111280156895,-2.50000000048143));
#18414=CARTESIAN_POINT('',(-52.317232033655,66.1111280156895,-2.50000000048143));
#18415=CARTESIAN_POINT('Origin',(-209.701607033655,66.6111280156895,-2.50000000048143));
#18416=CARTESIAN_POINT('',(-235.395357033655,79.8111280156895,-2.50000000048143));
#18417=CARTESIAN_POINT('',(-235.395357033655,66.6111280156895,-2.50000000048143));
#18418=CARTESIAN_POINT('',(-235.395357033655,76.8361280156895,-2.50000000048143));
#18419=CARTESIAN_POINT('',(-235.895357033655,80.3111280156895,-2.50000000048143));
#18420=CARTESIAN_POINT('Origin',(-235.895357033655,79.8111280156895,-2.50000000048143));
#18421=CARTESIAN_POINT('',(-249.095357033655,80.3111280156895,-2.50000000048143));
#18422=CARTESIAN_POINT('',(-58.817232033655,80.3111280156895,-2.50000000048143));
#18423=CARTESIAN_POINT('',(-249.595357033655,79.8111280156895,-2.50000000048143));
#18424=CARTESIAN_POINT('Origin',(-249.095357033655,79.8111280156895,-2.50000000048143));
#18425=CARTESIAN_POINT('',(-249.595357033655,66.6111280156895,-2.50000000048143));
#18426=CARTESIAN_POINT('',(-249.595357033655,70.3361280156895,-2.50000000048143));
#18427=CARTESIAN_POINT('',(-249.095357033655,66.1111280156895,-2.50000000048143));
#18428=CARTESIAN_POINT('Origin',(-249.095357033655,66.6111280156895,-2.50000000048143));
#18429=CARTESIAN_POINT('',(-235.895357033655,66.1111280156895,-2.50000000048143));
#18430=CARTESIAN_POINT('',(-52.317232033655,66.1111280156895,-2.50000000048143));
#18431=CARTESIAN_POINT('Origin',(-235.895357033655,66.6111280156895,-2.50000000048143));
#18432=CARTESIAN_POINT('',(-8.04585703365507,59.6611280156895,-2.50000000048143));
#18433=CARTESIAN_POINT('',(-8.04585703365508,45.6611280156895,-2.50000000048143));
#18434=CARTESIAN_POINT('',(-8.04585703365507,59.6611280156895,-2.50000000048143));
#18435=CARTESIAN_POINT('',(-8.54585703365508,60.1611280156895,-2.50000000048143));
#18436=CARTESIAN_POINT('Origin',(-8.54585703365508,59.6611280156895,-2.50000000048143));
#18437=CARTESIAN_POINT('',(-14.5458570336551,60.1611280156895,-2.50000000048143));
#18438=CARTESIAN_POINT('',(-14.5458570336551,60.1611280156895,-2.50000000048143));
#18439=CARTESIAN_POINT('',(-15.0458570336551,59.6611280156895,-2.50000000048143));
#18440=CARTESIAN_POINT('Origin',(-14.5458570336551,59.6611280156895,-2.50000000048143));
#18441=CARTESIAN_POINT('',(-15.0458570336551,45.6611280156895,-2.50000000048143));
#18442=CARTESIAN_POINT('',(-15.0458570336551,59.6611280156895,-2.50000000048143));
#18443=CARTESIAN_POINT('',(-14.5458570336551,45.1611280156895,-2.50000000048143));
#18444=CARTESIAN_POINT('Origin',(-14.5458570336551,45.6611280156895,-2.50000000048143));
#18445=CARTESIAN_POINT('',(-8.54585703365508,45.1611280156895,-2.50000000048143));
#18446=CARTESIAN_POINT('',(-14.5458570336551,45.1611280156895,-2.50000000048143));
#18447=CARTESIAN_POINT('Origin',(-8.54585703365508,45.6611280156895,-2.50000000048143));
#18448=CARTESIAN_POINT('',(8.83014296634497,59.6611280156895,-2.50000000048143));
#18449=CARTESIAN_POINT('',(9.33014296634497,60.1611280156895,-2.50000000048143));
#18450=CARTESIAN_POINT('Origin',(9.33014296634497,59.6611280156895,-2.50000000048143));
#18451=CARTESIAN_POINT('',(8.83014296634496,45.6611280156895,-2.50000000048143));
#18452=CARTESIAN_POINT('',(8.83014296634496,59.6611280156895,-2.50000000048143));
#18453=CARTESIAN_POINT('',(9.33014296634497,45.1611280156895,-2.50000000048143));
#18454=CARTESIAN_POINT('Origin',(9.33014296634497,45.6611280156895,-2.50000000048143));
#18455=CARTESIAN_POINT('',(15.330142966345,45.1611280156895,-2.50000000048143));
#18456=CARTESIAN_POINT('',(9.33014296634497,45.1611280156895,-2.50000000048143));
#18457=CARTESIAN_POINT('',(15.830142966345,45.6611280156895,-2.50000000048143));
#18458=CARTESIAN_POINT('Origin',(15.330142966345,45.6611280156895,-2.50000000048143));
#18459=CARTESIAN_POINT('',(15.830142966345,59.6611280156895,-2.50000000048143));
#18460=CARTESIAN_POINT('',(15.830142966345,59.6611280156895,-2.50000000048143));
#18461=CARTESIAN_POINT('',(15.330142966345,60.1611280156895,-2.50000000048143));
#18462=CARTESIAN_POINT('Origin',(15.330142966345,59.6611280156895,-2.50000000048143));
#18463=CARTESIAN_POINT('',(9.33014296634497,60.1611280156895,-2.50000000048143));
#18464=CARTESIAN_POINT('',(13.592642966345,78.7111280156895,-2.50000000048143));
#18465=CARTESIAN_POINT('',(14.092642966345,79.2111280156895,-2.50000000048143));
#18466=CARTESIAN_POINT('Origin',(14.092642966345,78.7111280156895,-2.50000000048143));
#18467=CARTESIAN_POINT('',(13.592642966345,64.7111280156895,-2.50000000048143));
#18468=CARTESIAN_POINT('',(13.592642966345,78.7111280156895,-2.50000000048143));
#18469=CARTESIAN_POINT('',(14.092642966345,64.2111280156895,-2.50000000048143));
#18470=CARTESIAN_POINT('Origin',(14.092642966345,64.7111280156895,-2.50000000048143));
#18471=CARTESIAN_POINT('',(20.0926429663449,64.2111280156895,-2.50000000048143));
#18472=CARTESIAN_POINT('',(14.092642966345,64.2111280156895,-2.50000000048143));
#18473=CARTESIAN_POINT('',(20.5926429663449,64.7111280156895,-2.50000000048143));
#18474=CARTESIAN_POINT('Origin',(20.0926429663449,64.7111280156895,-2.50000000048143));
#18475=CARTESIAN_POINT('',(20.592642966345,78.7111280156895,-2.50000000048143));
#18476=CARTESIAN_POINT('',(20.592642966345,78.7111280156895,-2.50000000048143));
#18477=CARTESIAN_POINT('',(20.0926429663449,79.2111280156895,-2.50000000048143));
#18478=CARTESIAN_POINT('Origin',(20.0926429663449,78.7111280156895,-2.50000000048143));
#18479=CARTESIAN_POINT('',(14.092642966345,79.2111280156895,-2.50000000048143));
#18480=CARTESIAN_POINT('',(21.7796429663449,41.7111280156895,-2.50000000048143));
#18481=CARTESIAN_POINT('',(21.7796429663449,28.5111280156895,-2.50000000048143));
#18482=CARTESIAN_POINT('',(21.7796429663449,57.7861280156895,-2.50000000048143));
#18483=CARTESIAN_POINT('',(21.279642966345,42.2111280156895,-2.50000000048143));
#18484=CARTESIAN_POINT('Origin',(21.279642966345,41.7111280156895,-2.50000000048143));
#18485=CARTESIAN_POINT('',(8.07964296634495,42.2111280156895,-2.50000000048143));
#18486=CARTESIAN_POINT('',(-173.117232033655,42.2111280156895,-2.50000000048143));
#18487=CARTESIAN_POINT('',(7.57964296634496,41.7111280156895,-2.50000000048143));
#18488=CARTESIAN_POINT('Origin',(8.07964296634495,41.7111280156895,-2.50000000048143));
#18489=CARTESIAN_POINT('',(7.57964296634496,28.5111280156895,-2.50000000048143));
#18490=CARTESIAN_POINT('',(7.57964296634496,51.2861280156895,-2.50000000048143));
#18491=CARTESIAN_POINT('',(8.07964296634491,28.0111280156895,-2.50000000048143));
#18492=CARTESIAN_POINT('Origin',(8.07964296634491,28.5111280156895,-2.50000000048143));
#18493=CARTESIAN_POINT('',(21.279642966345,28.0111280156895,-2.50000000048143));
#18494=CARTESIAN_POINT('',(-166.617232033655,28.0111280156895,-2.50000000048143));
#18495=CARTESIAN_POINT('Origin',(21.279642966345,28.5111280156895,-2.50000000048143));
#18496=CARTESIAN_POINT('',(-74.6953570336551,40.6111280156895,-2.50000000048143));
#18497=CARTESIAN_POINT('',(-74.6953570336551,26.6111280156895,-2.50000000048143));
#18498=CARTESIAN_POINT('',(-74.6953570336551,40.6111280156895,-2.50000000048143));
#18499=CARTESIAN_POINT('',(-75.1953570336551,41.1111280156895,-2.50000000048143));
#18500=CARTESIAN_POINT('Origin',(-75.1953570336551,40.6111280156895,-2.50000000048143));
#18501=CARTESIAN_POINT('',(-81.1953570336551,41.1111280156895,-2.50000000048143));
#18502=CARTESIAN_POINT('',(-81.1953570336551,41.1111280156895,-2.50000000048143));
#18503=CARTESIAN_POINT('',(-81.6953570336551,40.6111280156895,-2.50000000048143));
#18504=CARTESIAN_POINT('Origin',(-81.1953570336551,40.6111280156895,-2.50000000048143));
#18505=CARTESIAN_POINT('',(-81.6953570336551,26.6111280156895,-2.50000000048143));
#18506=CARTESIAN_POINT('',(-81.6953570336551,40.6111280156895,-2.50000000048143));
#18507=CARTESIAN_POINT('',(-81.1953570336551,26.1111280156895,-2.50000000048143));
#18508=CARTESIAN_POINT('Origin',(-81.1953570336551,26.6111280156895,-2.50000000048143));
#18509=CARTESIAN_POINT('',(-75.1953570336551,26.1111280156895,-2.50000000048143));
#18510=CARTESIAN_POINT('',(-81.1953570336551,26.1111280156895,-2.50000000048143));
#18511=CARTESIAN_POINT('Origin',(-75.1953570336551,26.6111280156895,-2.50000000048143));
#18512=CARTESIAN_POINT('',(-174.695357033655,40.6111280156895,-2.50000000048143));
#18513=CARTESIAN_POINT('',(-174.695357033655,26.6111280156895,-2.50000000048143));
#18514=CARTESIAN_POINT('',(-174.695357033655,40.6111280156895,-2.50000000048143));
#18515=CARTESIAN_POINT('',(-175.195357033655,41.1111280156895,-2.50000000048143));
#18516=CARTESIAN_POINT('Origin',(-175.195357033655,40.6111280156895,-2.50000000048143));
#18517=CARTESIAN_POINT('',(-181.195357033655,41.1111280156895,-2.50000000048143));
#18518=CARTESIAN_POINT('',(-181.195357033655,41.1111280156895,-2.50000000048143));
#18519=CARTESIAN_POINT('',(-181.695357033655,40.6111280156895,-2.50000000048143));
#18520=CARTESIAN_POINT('Origin',(-181.195357033655,40.6111280156895,-2.50000000048143));
#18521=CARTESIAN_POINT('',(-181.695357033655,26.6111280156895,-2.50000000048143));
#18522=CARTESIAN_POINT('',(-181.695357033655,40.6111280156895,-2.50000000048143));
#18523=CARTESIAN_POINT('',(-181.195357033655,26.1111280156895,-2.50000000048143));
#18524=CARTESIAN_POINT('Origin',(-181.195357033655,26.6111280156895,-2.50000000048143));
#18525=CARTESIAN_POINT('',(-175.195357033655,26.1111280156895,-2.50000000048143));
#18526=CARTESIAN_POINT('',(-181.195357033655,26.1111280156895,-2.50000000048143));
#18527=CARTESIAN_POINT('Origin',(-175.195357033655,26.6111280156895,-2.50000000048143));
#18528=CARTESIAN_POINT('',(-2.03285703365507,41.7111280156895,-2.50000000048143));
#18529=CARTESIAN_POINT('',(-2.03285703365507,28.5111280156895,-2.50000000048143));
#18530=CARTESIAN_POINT('',(-2.03285703365507,57.7861280156895,-2.50000000048143));
#18531=CARTESIAN_POINT('',(-2.53285703365503,42.2111280156895,-2.50000000048143));
#18532=CARTESIAN_POINT('Origin',(-2.53285703365503,41.7111280156895,-2.50000000048143));
#18533=CARTESIAN_POINT('',(-15.7328570336551,42.2111280156895,-2.50000000048143));
#18534=CARTESIAN_POINT('',(-173.117232033655,42.2111280156895,-2.50000000048143));
#18535=CARTESIAN_POINT('',(-16.2328570336551,41.7111280156895,-2.50000000048143));
#18536=CARTESIAN_POINT('Origin',(-15.7328570336551,41.7111280156895,-2.50000000048143));
#18537=CARTESIAN_POINT('',(-16.2328570336551,28.5111280156895,-2.50000000048143));
#18538=CARTESIAN_POINT('',(-16.2328570336551,51.2861280156895,-2.50000000048143));
#18539=CARTESIAN_POINT('',(-15.732857033655,28.0111280156895,-2.50000000048143));
#18540=CARTESIAN_POINT('Origin',(-15.732857033655,28.5111280156895,-2.50000000048143));
#18541=CARTESIAN_POINT('',(-2.53285703365506,28.0111280156895,-2.50000000048143));
#18542=CARTESIAN_POINT('',(-166.617232033655,28.0111280156895,-2.50000000048143));
#18543=CARTESIAN_POINT('Origin',(-2.53285703365506,28.5111280156895,-2.50000000048143));
#18544=CARTESIAN_POINT('',(-25.8453570336551,41.7111280156895,-2.50000000048143));
#18545=CARTESIAN_POINT('',(-25.8453570336551,28.5111280156895,-2.50000000048143));
#18546=CARTESIAN_POINT('',(-25.8453570336551,57.7861280156895,-2.50000000048143));
#18547=CARTESIAN_POINT('',(-26.3453570336551,42.2111280156895,-2.50000000048143));
#18548=CARTESIAN_POINT('Origin',(-26.3453570336551,41.7111280156895,-2.50000000048143));
#18549=CARTESIAN_POINT('',(-39.5453570336551,42.2111280156895,-2.50000000048143));
#18550=CARTESIAN_POINT('',(-173.117232033655,42.2111280156895,-2.50000000048143));
#18551=CARTESIAN_POINT('',(-40.0453570336551,41.7111280156895,-2.50000000048143));
#18552=CARTESIAN_POINT('Origin',(-39.5453570336551,41.7111280156895,-2.50000000048143));
#18553=CARTESIAN_POINT('',(-40.0453570336551,28.5111280156895,-2.50000000048143));
#18554=CARTESIAN_POINT('',(-40.0453570336551,51.2861280156895,-2.50000000048143));
#18555=CARTESIAN_POINT('',(-39.545357033655,28.0111280156895,-2.50000000048143));
#18556=CARTESIAN_POINT('Origin',(-39.545357033655,28.5111280156895,-2.50000000048143));
#18557=CARTESIAN_POINT('',(-26.345357033655,28.0111280156895,-2.50000000048143));
#18558=CARTESIAN_POINT('',(-166.617232033655,28.0111280156895,-2.50000000048143));
#18559=CARTESIAN_POINT('Origin',(-26.345357033655,28.5111280156895,-2.50000000048143));
#18560=CARTESIAN_POINT('',(-49.6578570336551,41.7111280156895,-2.50000000048143));
#18561=CARTESIAN_POINT('',(-49.6578570336551,28.5111280156895,-2.50000000048143));
#18562=CARTESIAN_POINT('',(-49.6578570336551,57.7861280156895,-2.50000000048143));
#18563=CARTESIAN_POINT('',(-50.1578570336551,42.2111280156895,-2.50000000048143));
#18564=CARTESIAN_POINT('Origin',(-50.1578570336551,41.7111280156895,-2.50000000048143));
#18565=CARTESIAN_POINT('',(-63.3578570336551,42.2111280156895,-2.50000000048143));
#18566=CARTESIAN_POINT('',(-173.117232033655,42.2111280156895,-2.50000000048143));
#18567=CARTESIAN_POINT('',(-63.8578570336551,41.7111280156895,-2.50000000048143));
#18568=CARTESIAN_POINT('Origin',(-63.3578570336551,41.7111280156895,-2.50000000048143));
#18569=CARTESIAN_POINT('',(-63.8578570336551,28.5111280156895,-2.50000000048143));
#18570=CARTESIAN_POINT('',(-63.8578570336551,51.2861280156895,-2.50000000048143));
#18571=CARTESIAN_POINT('',(-63.3578570336551,28.0111280156895,-2.50000000048143));
#18572=CARTESIAN_POINT('Origin',(-63.3578570336551,28.5111280156895,-2.50000000048143));
#18573=CARTESIAN_POINT('',(-50.1578570336551,28.0111280156895,-2.50000000048143));
#18574=CARTESIAN_POINT('',(-166.617232033655,28.0111280156895,-2.50000000048143));
#18575=CARTESIAN_POINT('Origin',(-50.1578570336551,28.5111280156895,-2.50000000048143));
#18576=CARTESIAN_POINT('',(-135.295357033655,28.5111280156895,-2.50000000048143));
#18577=CARTESIAN_POINT('',(-135.295357033655,41.7111280156895,-2.50000000048143));
#18578=CARTESIAN_POINT('',(-135.295357033655,51.2861280156895,-2.50000000048143));
#18579=CARTESIAN_POINT('',(-134.795357033655,28.0111280156895,-2.50000000048143));
#18580=CARTESIAN_POINT('Origin',(-134.795357033655,28.5111280156895,-2.50000000048143));
#18581=CARTESIAN_POINT('',(-121.595357033655,28.0111280156895,-2.50000000048143));
#18582=CARTESIAN_POINT('',(-166.617232033655,28.0111280156895,-2.50000000048143));
#18583=CARTESIAN_POINT('',(-121.095357033655,28.5111280156895,-2.50000000048143));
#18584=CARTESIAN_POINT('Origin',(-121.595357033655,28.5111280156895,-2.50000000048143));
#18585=CARTESIAN_POINT('',(-121.095357033655,41.7111280156895,-2.50000000048143));
#18586=CARTESIAN_POINT('',(-121.095357033655,57.7861280156895,-2.50000000048143));
#18587=CARTESIAN_POINT('',(-121.595357033655,42.2111280156895,-2.50000000048143));
#18588=CARTESIAN_POINT('Origin',(-121.595357033655,41.7111280156895,-2.50000000048143));
#18589=CARTESIAN_POINT('',(-134.795357033655,42.2111280156895,-2.50000000048143));
#18590=CARTESIAN_POINT('',(-173.117232033655,42.2111280156895,-2.50000000048143));
#18591=CARTESIAN_POINT('Origin',(-134.795357033655,41.7111280156895,-2.50000000048143));
#18592=CARTESIAN_POINT('',(-192.532857033655,41.7111280156895,-2.50000000048143));
#18593=CARTESIAN_POINT('',(-192.532857033655,28.5111280156895,-2.50000000048143));
#18594=CARTESIAN_POINT('',(-192.532857033655,57.7861280156895,-2.50000000048143));
#18595=CARTESIAN_POINT('',(-193.032857033655,42.2111280156895,-2.50000000048143));
#18596=CARTESIAN_POINT('Origin',(-193.032857033655,41.7111280156895,-2.50000000048143));
#18597=CARTESIAN_POINT('',(-206.232857033655,42.2111280156895,-2.50000000048143));
#18598=CARTESIAN_POINT('',(-173.117232033655,42.2111280156895,-2.50000000048143));
#18599=CARTESIAN_POINT('',(-206.732857033655,41.7111280156895,-2.50000000048143));
#18600=CARTESIAN_POINT('Origin',(-206.232857033655,41.7111280156895,-2.50000000048143));
#18601=CARTESIAN_POINT('',(-206.732857033655,28.5111280156895,-2.50000000048143));
#18602=CARTESIAN_POINT('',(-206.732857033655,51.2861280156895,-2.50000000048143));
#18603=CARTESIAN_POINT('',(-206.232857033655,28.0111280156895,-2.50000000048143));
#18604=CARTESIAN_POINT('Origin',(-206.232857033655,28.5111280156895,-2.50000000048143));
#18605=CARTESIAN_POINT('',(-193.032857033655,28.0111280156895,-2.50000000048143));
#18606=CARTESIAN_POINT('',(-166.617232033655,28.0111280156895,-2.50000000048143));
#18607=CARTESIAN_POINT('Origin',(-193.032857033655,28.5111280156895,-2.50000000048143));
#18608=CARTESIAN_POINT('',(-216.345357033655,28.5111280156895,-2.50000000048143));
#18609=CARTESIAN_POINT('',(-216.845357033655,28.0111280156895,-2.50000000048143));
#18610=CARTESIAN_POINT('Origin',(-216.845357033655,28.5111280156895,-2.50000000048143));
#18611=CARTESIAN_POINT('',(-216.345357033655,41.7111280156895,-2.50000000048143));
#18612=CARTESIAN_POINT('',(-216.345357033655,57.7861280156895,-2.50000000048143));
#18613=CARTESIAN_POINT('',(-216.845357033655,42.2111280156895,-2.50000000048143));
#18614=CARTESIAN_POINT('Origin',(-216.845357033655,41.7111280156895,-2.50000000048143));
#18615=CARTESIAN_POINT('',(-230.045357033655,42.2111280156895,-2.50000000048143));
#18616=CARTESIAN_POINT('',(-173.117232033655,42.2111280156895,-2.50000000048143));
#18617=CARTESIAN_POINT('',(-230.545357033655,41.7111280156895,-2.50000000048143));
#18618=CARTESIAN_POINT('Origin',(-230.045357033655,41.7111280156895,-2.50000000048143));
#18619=CARTESIAN_POINT('',(-230.545357033655,28.5111280156895,-2.50000000048143));
#18620=CARTESIAN_POINT('',(-230.545357033655,51.2861280156895,-2.50000000048143));
#18621=CARTESIAN_POINT('',(-230.045357033655,28.0111280156895,-2.50000000048143));
#18622=CARTESIAN_POINT('Origin',(-230.045357033655,28.5111280156895,-2.50000000048143));
#18623=CARTESIAN_POINT('',(-166.617232033655,28.0111280156895,-2.50000000048143));
#18624=CARTESIAN_POINT('',(-240.157857033655,41.7111280156895,-2.50000000048143));
#18625=CARTESIAN_POINT('',(-240.157857033655,28.5111280156895,-2.50000000048143));
#18626=CARTESIAN_POINT('',(-240.157857033655,57.7861280156895,-2.50000000048143));
#18627=CARTESIAN_POINT('',(-240.657857033655,42.2111280156895,-2.50000000048143));
#18628=CARTESIAN_POINT('Origin',(-240.657857033655,41.7111280156895,-2.50000000048143));
#18629=CARTESIAN_POINT('',(-253.857857033655,42.2111280156895,-2.50000000048143));
#18630=CARTESIAN_POINT('',(-173.117232033655,42.2111280156895,-2.50000000048143));
#18631=CARTESIAN_POINT('',(-254.357857033655,41.7111280156895,-2.50000000048143));
#18632=CARTESIAN_POINT('Origin',(-253.857857033655,41.7111280156895,-2.50000000048143));
#18633=CARTESIAN_POINT('',(-254.357857033655,28.5111280156895,-2.50000000048143));
#18634=CARTESIAN_POINT('',(-254.357857033655,51.2861280156895,-2.50000000048143));
#18635=CARTESIAN_POINT('',(-253.857857033655,28.0111280156895,-2.50000000048143));
#18636=CARTESIAN_POINT('Origin',(-253.857857033655,28.5111280156895,-2.50000000048143));
#18637=CARTESIAN_POINT('',(-240.657857033655,28.0111280156895,-2.50000000048143));
#18638=CARTESIAN_POINT('',(-166.617232033655,28.0111280156895,-2.50000000048143));
#18639=CARTESIAN_POINT('Origin',(-240.657857033655,28.5111280156895,-2.50000000048143));
#18640=CARTESIAN_POINT('',(-246.170857033655,59.6611280156895,-2.50000000048143));
#18641=CARTESIAN_POINT('',(-246.170857033655,45.6611280156895,-2.50000000048143));
#18642=CARTESIAN_POINT('',(-246.170857033655,59.6611280156895,-2.50000000048143));
#18643=CARTESIAN_POINT('',(-246.670857033655,60.1611280156895,-2.50000000048143));
#18644=CARTESIAN_POINT('Origin',(-246.670857033655,59.6611280156895,-2.50000000048143));
#18645=CARTESIAN_POINT('',(-252.670857033655,60.1611280156895,-2.50000000048143));
#18646=CARTESIAN_POINT('',(-252.670857033655,60.1611280156895,-2.50000000048143));
#18647=CARTESIAN_POINT('',(-253.170857033655,59.6611280156895,-2.50000000048143));
#18648=CARTESIAN_POINT('Origin',(-252.670857033655,59.6611280156895,-2.50000000048143));
#18649=CARTESIAN_POINT('',(-253.170857033655,45.6611280156895,-2.50000000048143));
#18650=CARTESIAN_POINT('',(-253.170857033655,59.6611280156895,-2.50000000048143));
#18651=CARTESIAN_POINT('',(-252.670857033655,45.1611280156895,-2.50000000048143));
#18652=CARTESIAN_POINT('Origin',(-252.670857033655,45.6611280156895,-2.50000000048143));
#18653=CARTESIAN_POINT('',(-246.670857033655,45.1611280156895,-2.50000000048143));
#18654=CARTESIAN_POINT('',(-252.670857033655,45.1611280156895,-2.50000000048143));
#18655=CARTESIAN_POINT('Origin',(-246.670857033655,45.6611280156895,-2.50000000048143));
#18656=CARTESIAN_POINT('',(-222.294857033655,59.6611280156895,-2.50000000048143));
#18657=CARTESIAN_POINT('',(-222.294857033655,45.6611280156895,-2.50000000048143));
#18658=CARTESIAN_POINT('',(-222.294857033655,59.6611280156895,-2.50000000048143));
#18659=CARTESIAN_POINT('',(-222.794857033655,60.1611280156895,-2.50000000048143));
#18660=CARTESIAN_POINT('Origin',(-222.794857033655,59.6611280156895,-2.50000000048143));
#18661=CARTESIAN_POINT('',(-228.794857033655,60.1611280156895,-2.50000000048143));
#18662=CARTESIAN_POINT('',(-228.794857033655,60.1611280156895,-2.50000000048143));
#18663=CARTESIAN_POINT('',(-229.294857033655,59.6611280156895,-2.50000000048143));
#18664=CARTESIAN_POINT('Origin',(-228.794857033655,59.6611280156895,-2.50000000048143));
#18665=CARTESIAN_POINT('',(-229.294857033655,45.6611280156895,-2.50000000048143));
#18666=CARTESIAN_POINT('',(-229.294857033655,59.6611280156895,-2.50000000048143));
#18667=CARTESIAN_POINT('',(-228.794857033655,45.1611280156895,-2.50000000048143));
#18668=CARTESIAN_POINT('Origin',(-228.794857033655,45.6611280156895,-2.50000000048143));
#18669=CARTESIAN_POINT('',(-222.794857033655,45.1611280156895,-2.50000000048143));
#18670=CARTESIAN_POINT('',(-228.794857033655,45.1611280156895,-2.50000000048143));
#18671=CARTESIAN_POINT('Origin',(-222.794857033655,45.6611280156895,-2.50000000048143));
#18672=CARTESIAN_POINT('',(7.49214296634493,47.5611280156895,-2.50000000048143));
#18673=CARTESIAN_POINT('',(6.99214296634494,47.0611280156895,-2.50000000048143));
#18674=CARTESIAN_POINT('Origin',(6.99214296634494,47.5611280156895,-2.50000000048143));
#18675=CARTESIAN_POINT('',(7.49214296634493,60.7611280156895,-2.50000000048143));
#18676=CARTESIAN_POINT('',(7.49214296634493,67.3111280156895,-2.50000000048143));
#18677=CARTESIAN_POINT('',(6.99214296634493,61.2611280156895,-2.50000000048143));
#18678=CARTESIAN_POINT('Origin',(6.99214296634493,60.7611280156895,-2.50000000048143));
#18679=CARTESIAN_POINT('',(-6.20785703365505,61.2611280156895,-2.50000000048143));
#18680=CARTESIAN_POINT('',(-61.1984820336551,61.2611280156895,-2.50000000048143));
#18681=CARTESIAN_POINT('',(-6.70785703365505,60.7611280156895,-2.50000000048143));
#18682=CARTESIAN_POINT('Origin',(-6.20785703365505,60.7611280156895,-2.50000000048143));
#18683=CARTESIAN_POINT('',(-6.70785703365505,47.5611280156895,-2.50000000048143));
#18684=CARTESIAN_POINT('',(-6.70785703365505,60.8111280156895,-2.50000000048143));
#18685=CARTESIAN_POINT('',(-6.20785703365504,47.0611280156895,-2.50000000048143));
#18686=CARTESIAN_POINT('Origin',(-6.20785703365504,47.5611280156895,-2.50000000048143));
#18687=CARTESIAN_POINT('',(-54.6984820336551,47.0611280156895,-2.50000000048143));
#18688=CARTESIAN_POINT('',(-28.2266070336551,60.7611280156895,-2.50000000048143));
#18689=CARTESIAN_POINT('',(-28.2266070336551,47.5611280156895,-2.50000000048143));
#18690=CARTESIAN_POINT('',(-28.2266070336551,67.3111280156895,-2.50000000048143));
#18691=CARTESIAN_POINT('',(-28.7266070336551,61.2611280156895,-2.50000000048143));
#18692=CARTESIAN_POINT('Origin',(-28.7266070336551,60.7611280156895,-2.50000000048143));
#18693=CARTESIAN_POINT('',(-41.926607033655,61.2611280156895,-2.50000000048143));
#18694=CARTESIAN_POINT('',(-61.1984820336551,61.2611280156895,-2.50000000048143));
#18695=CARTESIAN_POINT('',(-42.426607033655,60.7611280156895,-2.50000000048143));
#18696=CARTESIAN_POINT('Origin',(-41.926607033655,60.7611280156895,-2.50000000048143));
#18697=CARTESIAN_POINT('',(-42.426607033655,47.5611280156895,-2.50000000048143));
#18698=CARTESIAN_POINT('',(-42.426607033655,60.8111280156895,-2.50000000048143));
#18699=CARTESIAN_POINT('',(-41.9266070336551,47.0611280156895,-2.50000000048143));
#18700=CARTESIAN_POINT('Origin',(-41.9266070336551,47.5611280156895,-2.50000000048143));
#18701=CARTESIAN_POINT('',(-28.726607033655,47.0611280156895,-2.50000000048143));
#18702=CARTESIAN_POINT('',(-54.6984820336551,47.0611280156895,-2.50000000048143));
#18703=CARTESIAN_POINT('Origin',(-28.726607033655,47.5611280156895,-2.50000000048143));
#18704=CARTESIAN_POINT('',(-47.2766070336551,60.7611280156895,-2.50000000048143));
#18705=CARTESIAN_POINT('',(-47.2766070336551,47.5611280156895,-2.50000000048143));
#18706=CARTESIAN_POINT('',(-47.2766070336551,67.3111280156895,-2.50000000048143));
#18707=CARTESIAN_POINT('',(-47.7766070336551,61.2611280156895,-2.50000000048143));
#18708=CARTESIAN_POINT('Origin',(-47.7766070336551,60.7611280156895,-2.50000000048143));
#18709=CARTESIAN_POINT('',(-60.976607033655,61.2611280156895,-2.50000000048143));
#18710=CARTESIAN_POINT('',(-61.1984820336551,61.2611280156895,-2.50000000048143));
#18711=CARTESIAN_POINT('',(-61.476607033655,60.7611280156895,-2.50000000048143));
#18712=CARTESIAN_POINT('Origin',(-60.976607033655,60.7611280156895,-2.50000000048143));
#18713=CARTESIAN_POINT('',(-61.476607033655,47.5611280156895,-2.50000000048143));
#18714=CARTESIAN_POINT('',(-61.476607033655,60.8111280156895,-2.50000000048143));
#18715=CARTESIAN_POINT('',(-60.9766070336551,47.0611280156895,-2.50000000048143));
#18716=CARTESIAN_POINT('Origin',(-60.9766070336551,47.5611280156895,-2.50000000048143));
#18717=CARTESIAN_POINT('',(-47.7766070336551,47.0611280156895,-2.50000000048143));
#18718=CARTESIAN_POINT('',(-54.6984820336551,47.0611280156895,-2.50000000048143));
#18719=CARTESIAN_POINT('Origin',(-47.7766070336551,47.5611280156895,-2.50000000048143));
#18720=CARTESIAN_POINT('',(-66.326607033655,60.7611280156895,-2.50000000048143));
#18721=CARTESIAN_POINT('',(-66.326607033655,47.5611280156895,-2.50000000048143));
#18722=CARTESIAN_POINT('',(-66.326607033655,67.3111280156895,-2.50000000048143));
#18723=CARTESIAN_POINT('',(-66.8266070336551,61.2611280156895,-2.50000000048143));
#18724=CARTESIAN_POINT('Origin',(-66.8266070336551,60.7611280156895,-2.50000000048143));
#18725=CARTESIAN_POINT('',(-80.0266070336551,61.2611280156895,-2.50000000048143));
#18726=CARTESIAN_POINT('',(-61.1984820336551,61.2611280156895,-2.50000000048143));
#18727=CARTESIAN_POINT('',(-80.526607033655,60.7611280156895,-2.50000000048143));
#18728=CARTESIAN_POINT('Origin',(-80.0266070336551,60.7611280156895,-2.50000000048143));
#18729=CARTESIAN_POINT('',(-80.526607033655,47.5611280156895,-2.50000000048143));
#18730=CARTESIAN_POINT('',(-80.526607033655,60.8111280156895,-2.50000000048143));
#18731=CARTESIAN_POINT('',(-80.0266070336551,47.0611280156895,-2.50000000048143));
#18732=CARTESIAN_POINT('Origin',(-80.0266070336551,47.5611280156895,-2.50000000048143));
#18733=CARTESIAN_POINT('',(-66.826607033655,47.0611280156895,-2.50000000048143));
#18734=CARTESIAN_POINT('',(-54.6984820336551,47.0611280156895,-2.50000000048143));
#18735=CARTESIAN_POINT('Origin',(-66.826607033655,47.5611280156895,-2.50000000048143));
#18736=CARTESIAN_POINT('',(-85.376607033655,60.7611280156895,-2.50000000048143));
#18737=CARTESIAN_POINT('',(-85.376607033655,47.5611280156895,-2.50000000048143));
#18738=CARTESIAN_POINT('',(-85.376607033655,67.3111280156895,-2.50000000048143));
#18739=CARTESIAN_POINT('',(-85.8766070336551,61.2611280156895,-2.50000000048143));
#18740=CARTESIAN_POINT('Origin',(-85.8766070336551,60.7611280156895,-2.50000000048143));
#18741=CARTESIAN_POINT('',(-99.0766070336551,61.2611280156895,-2.50000000048143));
#18742=CARTESIAN_POINT('',(-61.1984820336551,61.2611280156895,-2.50000000048143));
#18743=CARTESIAN_POINT('',(-99.5766070336551,60.7611280156895,-2.50000000048143));
#18744=CARTESIAN_POINT('Origin',(-99.0766070336551,60.7611280156895,-2.50000000048143));
#18745=CARTESIAN_POINT('',(-99.5766070336551,47.5611280156895,-2.50000000048143));
#18746=CARTESIAN_POINT('',(-99.5766070336551,60.8111280156895,-2.50000000048143));
#18747=CARTESIAN_POINT('',(-99.0766070336551,47.0611280156895,-2.50000000048143));
#18748=CARTESIAN_POINT('Origin',(-99.0766070336551,47.5611280156895,-2.50000000048143));
#18749=CARTESIAN_POINT('',(-85.876607033655,47.0611280156895,-2.50000000048143));
#18750=CARTESIAN_POINT('',(-54.6984820336551,47.0611280156895,-2.50000000048143));
#18751=CARTESIAN_POINT('Origin',(-85.876607033655,47.5611280156895,-2.50000000048143));
#18752=CARTESIAN_POINT('',(-104.426607033655,60.7611280156895,-2.50000000048143));
#18753=CARTESIAN_POINT('',(-104.426607033655,47.5611280156895,-2.50000000048143));
#18754=CARTESIAN_POINT('',(-104.426607033655,67.3111280156895,-2.50000000048143));
#18755=CARTESIAN_POINT('',(-104.926607033655,61.2611280156895,-2.50000000048143));
#18756=CARTESIAN_POINT('Origin',(-104.926607033655,60.7611280156895,-2.50000000048143));
#18757=CARTESIAN_POINT('',(-118.126607033655,61.2611280156895,-2.50000000048143));
#18758=CARTESIAN_POINT('',(-61.1984820336551,61.2611280156895,-2.50000000048143));
#18759=CARTESIAN_POINT('',(-118.626607033655,60.7611280156895,-2.50000000048143));
#18760=CARTESIAN_POINT('Origin',(-118.126607033655,60.7611280156895,-2.50000000048143));
#18761=CARTESIAN_POINT('',(-118.626607033655,47.5611280156895,-2.50000000048143));
#18762=CARTESIAN_POINT('',(-118.626607033655,60.8111280156895,-2.50000000048143));
#18763=CARTESIAN_POINT('',(-118.126607033655,47.0611280156895,-2.50000000048143));
#18764=CARTESIAN_POINT('Origin',(-118.126607033655,47.5611280156895,-2.50000000048143));
#18765=CARTESIAN_POINT('',(-104.926607033655,47.0611280156895,-2.50000000048143));
#18766=CARTESIAN_POINT('',(-54.6984820336551,47.0611280156895,-2.50000000048143));
#18767=CARTESIAN_POINT('Origin',(-104.926607033655,47.5611280156895,-2.50000000048143));
#18768=CARTESIAN_POINT('',(-123.476607033655,60.7611280156895,-2.50000000048143));
#18769=CARTESIAN_POINT('',(-123.476607033655,47.5611280156895,-2.50000000048143));
#18770=CARTESIAN_POINT('',(-123.476607033655,67.3111280156895,-2.50000000048143));
#18771=CARTESIAN_POINT('',(-123.976607033655,61.2611280156895,-2.50000000048143));
#18772=CARTESIAN_POINT('Origin',(-123.976607033655,60.7611280156895,-2.50000000048143));
#18773=CARTESIAN_POINT('',(-137.176607033655,61.2611280156895,-2.50000000048143));
#18774=CARTESIAN_POINT('',(-61.1984820336551,61.2611280156895,-2.50000000048143));
#18775=CARTESIAN_POINT('',(-137.676607033655,60.7611280156895,-2.50000000048143));
#18776=CARTESIAN_POINT('Origin',(-137.176607033655,60.7611280156895,-2.50000000048143));
#18777=CARTESIAN_POINT('',(-137.676607033655,47.5611280156895,-2.50000000048143));
#18778=CARTESIAN_POINT('',(-137.676607033655,60.8111280156895,-2.50000000048143));
#18779=CARTESIAN_POINT('',(-137.176607033655,47.0611280156895,-2.50000000048143));
#18780=CARTESIAN_POINT('Origin',(-137.176607033655,47.5611280156895,-2.50000000048143));
#18781=CARTESIAN_POINT('',(-123.976607033655,47.0611280156895,-2.50000000048143));
#18782=CARTESIAN_POINT('',(-54.6984820336551,47.0611280156895,-2.50000000048143));
#18783=CARTESIAN_POINT('Origin',(-123.976607033655,47.5611280156895,-2.50000000048143));
#18784=CARTESIAN_POINT('',(-142.526607033655,60.7611280156895,-2.50000000048143));
#18785=CARTESIAN_POINT('',(-142.526607033655,47.5611280156895,-2.50000000048143));
#18786=CARTESIAN_POINT('',(-142.526607033655,67.3111280156895,-2.50000000048143));
#18787=CARTESIAN_POINT('',(-143.026607033655,61.2611280156895,-2.50000000048143));
#18788=CARTESIAN_POINT('Origin',(-143.026607033655,60.7611280156895,-2.50000000048143));
#18789=CARTESIAN_POINT('',(-156.226607033655,61.2611280156895,-2.50000000048143));
#18790=CARTESIAN_POINT('',(-61.1984820336551,61.2611280156895,-2.50000000048143));
#18791=CARTESIAN_POINT('',(-156.726607033655,60.7611280156895,-2.50000000048143));
#18792=CARTESIAN_POINT('Origin',(-156.226607033655,60.7611280156895,-2.50000000048143));
#18793=CARTESIAN_POINT('',(-156.726607033655,47.5611280156895,-2.50000000048143));
#18794=CARTESIAN_POINT('',(-156.726607033655,60.8111280156895,-2.50000000048143));
#18795=CARTESIAN_POINT('',(-156.226607033655,47.0611280156895,-2.50000000048143));
#18796=CARTESIAN_POINT('Origin',(-156.226607033655,47.5611280156895,-2.50000000048143));
#18797=CARTESIAN_POINT('',(-143.026607033655,47.0611280156895,-2.50000000048143));
#18798=CARTESIAN_POINT('',(-54.6984820336551,47.0611280156895,-2.50000000048143));
#18799=CARTESIAN_POINT('Origin',(-143.026607033655,47.5611280156895,-2.50000000048143));
#18800=CARTESIAN_POINT('',(-161.576607033655,60.7611280156895,-2.50000000048143));
#18801=CARTESIAN_POINT('',(-161.576607033655,47.5611280156895,-2.50000000048143));
#18802=CARTESIAN_POINT('',(-161.576607033655,67.3111280156895,-2.50000000048143));
#18803=CARTESIAN_POINT('',(-162.076607033655,61.2611280156895,-2.50000000048143));
#18804=CARTESIAN_POINT('Origin',(-162.076607033655,60.7611280156895,-2.50000000048143));
#18805=CARTESIAN_POINT('',(-175.276607033655,61.2611280156895,-2.50000000048143));
#18806=CARTESIAN_POINT('',(-61.1984820336551,61.2611280156895,-2.50000000048143));
#18807=CARTESIAN_POINT('',(-175.776607033655,60.7611280156895,-2.50000000048143));
#18808=CARTESIAN_POINT('Origin',(-175.276607033655,60.7611280156895,-2.50000000048143));
#18809=CARTESIAN_POINT('',(-175.776607033655,47.5611280156895,-2.50000000048143));
#18810=CARTESIAN_POINT('',(-175.776607033655,60.8111280156895,-2.50000000048143));
#18811=CARTESIAN_POINT('',(-175.276607033655,47.0611280156895,-2.50000000048143));
#18812=CARTESIAN_POINT('Origin',(-175.276607033655,47.5611280156895,-2.50000000048143));
#18813=CARTESIAN_POINT('',(-162.076607033655,47.0611280156895,-2.50000000048143));
#18814=CARTESIAN_POINT('',(-54.6984820336551,47.0611280156895,-2.50000000048143));
#18815=CARTESIAN_POINT('Origin',(-162.076607033655,47.5611280156895,-2.50000000048143));
#18816=CARTESIAN_POINT('',(-180.626607033655,60.7611280156895,-2.50000000048143));
#18817=CARTESIAN_POINT('',(-180.626607033655,47.5611280156895,-2.50000000048143));
#18818=CARTESIAN_POINT('',(-180.626607033655,67.3111280156895,-2.50000000048143));
#18819=CARTESIAN_POINT('',(-181.126607033655,61.2611280156895,-2.50000000048143));
#18820=CARTESIAN_POINT('Origin',(-181.126607033655,60.7611280156895,-2.50000000048143));
#18821=CARTESIAN_POINT('',(-194.326607033655,61.2611280156895,-2.50000000048143));
#18822=CARTESIAN_POINT('',(-61.1984820336551,61.2611280156895,-2.50000000048143));
#18823=CARTESIAN_POINT('',(-194.826607033655,60.7611280156895,-2.50000000048143));
#18824=CARTESIAN_POINT('Origin',(-194.326607033655,60.7611280156895,-2.50000000048143));
#18825=CARTESIAN_POINT('',(-194.826607033655,47.5611280156895,-2.50000000048143));
#18826=CARTESIAN_POINT('',(-194.826607033655,60.8111280156895,-2.50000000048143));
#18827=CARTESIAN_POINT('',(-194.326607033655,47.0611280156895,-2.50000000048143));
#18828=CARTESIAN_POINT('Origin',(-194.326607033655,47.5611280156895,-2.50000000048143));
#18829=CARTESIAN_POINT('',(-181.126607033655,47.0611280156895,-2.50000000048143));
#18830=CARTESIAN_POINT('',(-54.6984820336551,47.0611280156895,-2.50000000048143));
#18831=CARTESIAN_POINT('Origin',(-181.126607033655,47.5611280156895,-2.50000000048143));
#18832=CARTESIAN_POINT('',(-199.676607033655,60.7611280156895,-2.50000000048143));
#18833=CARTESIAN_POINT('',(-199.676607033655,47.5611280156895,-2.50000000048143));
#18834=CARTESIAN_POINT('',(-199.676607033655,67.3111280156895,-2.50000000048143));
#18835=CARTESIAN_POINT('',(-200.176607033655,61.2611280156895,-2.50000000048143));
#18836=CARTESIAN_POINT('Origin',(-200.176607033655,60.7611280156895,-2.50000000048143));
#18837=CARTESIAN_POINT('',(-213.376607033655,61.2611280156895,-2.50000000048143));
#18838=CARTESIAN_POINT('',(-61.1984820336551,61.2611280156895,-2.50000000048143));
#18839=CARTESIAN_POINT('',(-213.876607033655,60.7611280156895,-2.50000000048143));
#18840=CARTESIAN_POINT('Origin',(-213.376607033655,60.7611280156895,-2.50000000048143));
#18841=CARTESIAN_POINT('',(-213.876607033655,47.5611280156895,-2.50000000048143));
#18842=CARTESIAN_POINT('',(-213.876607033655,60.8111280156895,-2.50000000048143));
#18843=CARTESIAN_POINT('',(-213.376607033655,47.0611280156895,-2.50000000048143));
#18844=CARTESIAN_POINT('Origin',(-213.376607033655,47.5611280156895,-2.50000000048143));
#18845=CARTESIAN_POINT('',(-200.176607033655,47.0611280156895,-2.50000000048143));
#18846=CARTESIAN_POINT('',(-54.6984820336551,47.0611280156895,-2.50000000048143));
#18847=CARTESIAN_POINT('Origin',(-200.176607033655,47.5611280156895,-2.50000000048143));
#18848=CARTESIAN_POINT('',(-230.632857033655,60.7611280156895,-2.50000000048143));
#18849=CARTESIAN_POINT('',(-230.632857033655,47.5611280156895,-2.50000000048143));
#18850=CARTESIAN_POINT('',(-230.632857033655,67.3111280156895,-2.50000000048143));
#18851=CARTESIAN_POINT('',(-231.132857033655,61.2611280156895,-2.50000000048143));
#18852=CARTESIAN_POINT('Origin',(-231.132857033655,60.7611280156895,-2.50000000048143));
#18853=CARTESIAN_POINT('',(-244.332857033655,61.2611280156895,-2.50000000048143));
#18854=CARTESIAN_POINT('',(-61.1984820336551,61.2611280156895,-2.50000000048143));
#18855=CARTESIAN_POINT('',(-244.832857033655,60.7611280156895,-2.50000000048143));
#18856=CARTESIAN_POINT('Origin',(-244.332857033655,60.7611280156895,-2.50000000048143));
#18857=CARTESIAN_POINT('',(-244.832857033655,47.5611280156895,-2.50000000048143));
#18858=CARTESIAN_POINT('',(-244.832857033655,60.8111280156895,-2.50000000048143));
#18859=CARTESIAN_POINT('',(-244.332857033655,47.0611280156895,-2.50000000048143));
#18860=CARTESIAN_POINT('Origin',(-244.332857033655,47.5611280156895,-2.50000000048143));
#18861=CARTESIAN_POINT('',(-231.132857033655,47.0611280156895,-2.50000000048143));
#18862=CARTESIAN_POINT('',(-54.6984820336551,47.0611280156895,-2.50000000048143));
#18863=CARTESIAN_POINT('Origin',(-231.132857033655,47.5611280156895,-2.50000000048143));
#18864=CARTESIAN_POINT('Origin',(-238.276607033655,85.6611280156895,-2.50000000048143));
#18865=CARTESIAN_POINT('',(-238.276607033655,85.1611280156895,-2.50000000048143));
#18866=CARTESIAN_POINT('',(-237.776607033655,85.6611280156895,-2.50000000048143));
#18867=CARTESIAN_POINT('Origin',(18.7983929663449,85.1611280156895,-2.50000000048143));
#18868=CARTESIAN_POINT('',(-251.476607033655,85.1611280156895,-2.50000000048143));
#18869=CARTESIAN_POINT('Origin',(-251.476607033655,85.6611280156895,-2.50000000048143));
#18870=CARTESIAN_POINT('',(-251.976607033655,85.6611280156895,-2.50000000048143));
#18871=CARTESIAN_POINT('Origin',(-251.476607033655,98.8611280156895,-2.50000000048143));
#18872=CARTESIAN_POINT('',(-251.476607033655,99.3611280156895,-2.50000000048143));
#18873=CARTESIAN_POINT('',(-251.976607033655,98.8611280156895,-2.50000000048143));
#18874=CARTESIAN_POINT('Origin',(5.79839296634493,99.3611280156895,-2.50000000048143));
#18875=CARTESIAN_POINT('',(-238.276607033655,99.3611280156895,-2.50000000048143));
#18876=CARTESIAN_POINT('Origin',(-238.276607033655,98.8611280156895,-2.50000000048143));
#18877=CARTESIAN_POINT('',(-237.776607033655,98.8611280156895,-2.50000000048143));
#18878=CARTESIAN_POINT('Origin',(-214.464107033655,85.6611280156895,-2.50000000048143));
#18879=CARTESIAN_POINT('',(-214.464107033655,85.1611280156895,-2.50000000048143));
#18880=CARTESIAN_POINT('',(-213.964107033655,85.6611280156895,-2.50000000048143));
#18881=CARTESIAN_POINT('Origin',(18.7983929663449,85.1611280156895,-2.50000000048143));
#18882=CARTESIAN_POINT('',(-227.664107033655,85.1611280156895,-2.50000000048143));
#18883=CARTESIAN_POINT('Origin',(-227.664107033655,85.6611280156895,-2.50000000048143));
#18884=CARTESIAN_POINT('',(-228.164107033655,85.6611280156895,-2.50000000048143));
#18885=CARTESIAN_POINT('Origin',(-227.664107033655,98.8611280156895,-2.50000000048143));
#18886=CARTESIAN_POINT('',(-227.664107033655,99.3611280156895,-2.50000000048143));
#18887=CARTESIAN_POINT('',(-228.164107033655,98.8611280156895,-2.50000000048143));
#18888=CARTESIAN_POINT('Origin',(5.79839296634493,99.3611280156895,-2.50000000048143));
#18889=CARTESIAN_POINT('',(-214.464107033655,99.3611280156895,-2.50000000048143));
#18890=CARTESIAN_POINT('Origin',(-214.464107033655,98.8611280156895,-2.50000000048143));
#18891=CARTESIAN_POINT('',(-213.964107033655,98.8611280156895,-2.50000000048143));
#18892=CARTESIAN_POINT('Origin',(-195.414107033655,85.6611280156895,-2.50000000048143));
#18893=CARTESIAN_POINT('',(-195.414107033655,85.1611280156895,-2.50000000048143));
#18894=CARTESIAN_POINT('',(-194.914107033655,85.6611280156895,-2.50000000048143));
#18895=CARTESIAN_POINT('Origin',(18.7983929663449,85.1611280156895,-2.50000000048143));
#18896=CARTESIAN_POINT('',(-208.614107033655,85.1611280156895,-2.50000000048143));
#18897=CARTESIAN_POINT('Origin',(-208.614107033655,85.6611280156895,-2.50000000048143));
#18898=CARTESIAN_POINT('',(-209.114107033655,85.6611280156895,-2.50000000048143));
#18899=CARTESIAN_POINT('Origin',(-208.614107033655,98.8611280156895,-2.50000000048143));
#18900=CARTESIAN_POINT('',(-208.614107033655,99.3611280156895,-2.50000000048143));
#18901=CARTESIAN_POINT('',(-209.114107033655,98.8611280156895,-2.50000000048143));
#18902=CARTESIAN_POINT('Origin',(5.79839296634493,99.3611280156895,-2.50000000048143));
#18903=CARTESIAN_POINT('',(-195.414107033655,99.3611280156895,-2.50000000048143));
#18904=CARTESIAN_POINT('Origin',(-195.414107033655,98.8611280156895,-2.50000000048143));
#18905=CARTESIAN_POINT('',(-194.914107033655,98.8611280156895,-2.50000000048143));
#18906=CARTESIAN_POINT('Origin',(-176.364107033655,85.6611280156895,-2.50000000048143));
#18907=CARTESIAN_POINT('',(-176.364107033655,85.1611280156895,-2.50000000048143));
#18908=CARTESIAN_POINT('',(-175.864107033655,85.6611280156895,-2.50000000048143));
#18909=CARTESIAN_POINT('Origin',(18.7983929663449,85.1611280156895,-2.50000000048143));
#18910=CARTESIAN_POINT('',(-189.564107033655,85.1611280156895,-2.50000000048143));
#18911=CARTESIAN_POINT('Origin',(-189.564107033655,85.6611280156895,-2.50000000048143));
#18912=CARTESIAN_POINT('',(-190.064107033655,85.6611280156895,-2.50000000048143));
#18913=CARTESIAN_POINT('Origin',(-189.564107033655,98.8611280156895,-2.50000000048143));
#18914=CARTESIAN_POINT('',(-189.564107033655,99.3611280156895,-2.50000000048143));
#18915=CARTESIAN_POINT('',(-190.064107033655,98.8611280156895,-2.50000000048143));
#18916=CARTESIAN_POINT('Origin',(5.79839296634493,99.3611280156895,-2.50000000048143));
#18917=CARTESIAN_POINT('',(-176.364107033655,99.3611280156895,-2.50000000048143));
#18918=CARTESIAN_POINT('Origin',(-176.364107033655,98.8611280156895,-2.50000000048143));
#18919=CARTESIAN_POINT('',(-175.864107033655,98.8611280156895,-2.50000000048143));
#18920=CARTESIAN_POINT('Origin',(-157.314107033655,85.6611280156895,-2.50000000048143));
#18921=CARTESIAN_POINT('',(-157.314107033655,85.1611280156895,-2.50000000048143));
#18922=CARTESIAN_POINT('',(-156.814107033655,85.6611280156895,-2.50000000048143));
#18923=CARTESIAN_POINT('Origin',(18.7983929663449,85.1611280156895,-2.50000000048143));
#18924=CARTESIAN_POINT('',(-170.514107033655,85.1611280156895,-2.50000000048143));
#18925=CARTESIAN_POINT('Origin',(-170.514107033655,85.6611280156895,-2.50000000048143));
#18926=CARTESIAN_POINT('',(-171.014107033655,85.6611280156895,-2.50000000048143));
#18927=CARTESIAN_POINT('Origin',(-170.514107033655,98.8611280156895,-2.50000000048143));
#18928=CARTESIAN_POINT('',(-170.514107033655,99.3611280156895,-2.50000000048143));
#18929=CARTESIAN_POINT('',(-171.014107033655,98.8611280156895,-2.50000000048143));
#18930=CARTESIAN_POINT('Origin',(5.79839296634493,99.3611280156895,-2.50000000048143));
#18931=CARTESIAN_POINT('',(-157.314107033655,99.3611280156895,-2.50000000048143));
#18932=CARTESIAN_POINT('Origin',(-157.314107033655,98.8611280156895,-2.50000000048143));
#18933=CARTESIAN_POINT('',(-156.814107033655,98.8611280156895,-2.50000000048143));
#18934=CARTESIAN_POINT('Origin',(-138.264107033655,85.6611280156895,-2.50000000048143));
#18935=CARTESIAN_POINT('',(-138.264107033655,85.1611280156895,-2.50000000048143));
#18936=CARTESIAN_POINT('',(-137.764107033655,85.6611280156895,-2.50000000048143));
#18937=CARTESIAN_POINT('Origin',(18.7983929663449,85.1611280156895,-2.50000000048143));
#18938=CARTESIAN_POINT('',(-151.464107033655,85.1611280156895,-2.50000000048143));
#18939=CARTESIAN_POINT('Origin',(-151.464107033655,85.6611280156895,-2.50000000048143));
#18940=CARTESIAN_POINT('',(-151.964107033655,85.6611280156895,-2.50000000048143));
#18941=CARTESIAN_POINT('Origin',(-151.464107033655,98.8611280156895,-2.50000000048143));
#18942=CARTESIAN_POINT('',(-151.464107033655,99.3611280156895,-2.50000000048143));
#18943=CARTESIAN_POINT('',(-151.964107033655,98.8611280156895,-2.50000000048143));
#18944=CARTESIAN_POINT('Origin',(5.79839296634493,99.3611280156895,-2.50000000048143));
#18945=CARTESIAN_POINT('',(-138.264107033655,99.3611280156895,-2.50000000048143));
#18946=CARTESIAN_POINT('Origin',(-138.264107033655,98.8611280156895,-2.50000000048143));
#18947=CARTESIAN_POINT('',(-137.764107033655,98.8611280156895,-2.50000000048143));
#18948=CARTESIAN_POINT('Origin',(-119.214107033655,85.6611280156895,-2.50000000048143));
#18949=CARTESIAN_POINT('',(-119.214107033655,85.1611280156895,-2.50000000048143));
#18950=CARTESIAN_POINT('',(-118.714107033655,85.6611280156895,-2.50000000048143));
#18951=CARTESIAN_POINT('Origin',(18.7983929663449,85.1611280156895,-2.50000000048143));
#18952=CARTESIAN_POINT('',(-132.414107033655,85.1611280156895,-2.50000000048143));
#18953=CARTESIAN_POINT('Origin',(-132.414107033655,85.6611280156895,-2.50000000048143));
#18954=CARTESIAN_POINT('',(-132.914107033655,85.6611280156895,-2.50000000048143));
#18955=CARTESIAN_POINT('Origin',(-132.414107033655,98.8611280156895,-2.50000000048143));
#18956=CARTESIAN_POINT('',(-132.414107033655,99.3611280156895,-2.50000000048143));
#18957=CARTESIAN_POINT('',(-132.914107033655,98.8611280156895,-2.50000000048143));
#18958=CARTESIAN_POINT('Origin',(5.79839296634493,99.3611280156895,-2.50000000048143));
#18959=CARTESIAN_POINT('',(-119.214107033655,99.3611280156895,-2.50000000048143));
#18960=CARTESIAN_POINT('Origin',(-119.214107033655,98.8611280156895,-2.50000000048143));
#18961=CARTESIAN_POINT('',(-118.714107033655,98.8611280156895,-2.50000000048143));
#18962=CARTESIAN_POINT('Origin',(-100.164107033655,85.6611280156895,-2.50000000048143));
#18963=CARTESIAN_POINT('',(-100.164107033655,85.1611280156895,-2.50000000048143));
#18964=CARTESIAN_POINT('',(-99.6641070336551,85.6611280156895,-2.50000000048143));
#18965=CARTESIAN_POINT('Origin',(18.7983929663449,85.1611280156895,-2.50000000048143));
#18966=CARTESIAN_POINT('',(-113.364107033655,85.1611280156895,-2.50000000048143));
#18967=CARTESIAN_POINT('Origin',(-113.364107033655,85.6611280156895,-2.50000000048143));
#18968=CARTESIAN_POINT('',(-113.864107033655,85.6611280156895,-2.50000000048143));
#18969=CARTESIAN_POINT('Origin',(-113.364107033655,98.8611280156895,-2.50000000048143));
#18970=CARTESIAN_POINT('',(-113.364107033655,99.3611280156895,-2.50000000048143));
#18971=CARTESIAN_POINT('',(-113.864107033655,98.8611280156895,-2.50000000048143));
#18972=CARTESIAN_POINT('Origin',(5.79839296634493,99.3611280156895,-2.50000000048143));
#18973=CARTESIAN_POINT('',(-100.164107033655,99.3611280156895,-2.50000000048143));
#18974=CARTESIAN_POINT('Origin',(-100.164107033655,98.8611280156895,-2.50000000048143));
#18975=CARTESIAN_POINT('',(-99.6641070336551,98.8611280156895,-2.50000000048143));
#18976=CARTESIAN_POINT('Origin',(-81.1141070336551,85.6611280156895,-2.50000000048143));
#18977=CARTESIAN_POINT('',(-81.1141070336551,85.1611280156895,-2.50000000048143));
#18978=CARTESIAN_POINT('',(-80.6141070336551,85.6611280156895,-2.50000000048143));
#18979=CARTESIAN_POINT('Origin',(18.7983929663449,85.1611280156895,-2.50000000048143));
#18980=CARTESIAN_POINT('',(-94.3141070336551,85.1611280156895,-2.50000000048143));
#18981=CARTESIAN_POINT('Origin',(-94.3141070336551,85.6611280156895,-2.50000000048143));
#18982=CARTESIAN_POINT('',(-94.8141070336551,85.6611280156895,-2.50000000048143));
#18983=CARTESIAN_POINT('Origin',(-94.3141070336551,98.8611280156895,-2.50000000048143));
#18984=CARTESIAN_POINT('',(-94.3141070336551,99.3611280156895,-2.50000000048143));
#18985=CARTESIAN_POINT('',(-94.8141070336551,98.8611280156895,-2.50000000048143));
#18986=CARTESIAN_POINT('Origin',(5.79839296634493,99.3611280156895,-2.50000000048143));
#18987=CARTESIAN_POINT('',(-81.1141070336551,99.3611280156895,-2.50000000048143));
#18988=CARTESIAN_POINT('Origin',(-81.1141070336551,98.8611280156895,-2.50000000048143));
#18989=CARTESIAN_POINT('',(-80.6141070336551,98.8611280156895,-2.50000000048143));
#18990=CARTESIAN_POINT('Origin',(-62.0641070336551,85.6611280156895,-2.50000000048143));
#18991=CARTESIAN_POINT('',(-62.0641070336551,85.1611280156895,-2.50000000048143));
#18992=CARTESIAN_POINT('',(-61.5641070336551,85.6611280156895,-2.50000000048143));
#18993=CARTESIAN_POINT('Origin',(18.7983929663449,85.1611280156895,-2.50000000048143));
#18994=CARTESIAN_POINT('',(-75.2641070336551,85.1611280156895,-2.50000000048143));
#18995=CARTESIAN_POINT('Origin',(-75.2641070336551,85.6611280156895,-2.50000000048143));
#18996=CARTESIAN_POINT('',(-75.7641070336551,85.6611280156895,-2.50000000048143));
#18997=CARTESIAN_POINT('Origin',(-75.2641070336551,98.8611280156895,-2.50000000048143));
#18998=CARTESIAN_POINT('',(-75.2641070336551,99.3611280156895,-2.50000000048143));
#18999=CARTESIAN_POINT('',(-75.7641070336551,98.8611280156895,-2.50000000048143));
#19000=CARTESIAN_POINT('Origin',(5.79839296634493,99.3611280156895,-2.50000000048143));
#19001=CARTESIAN_POINT('',(-62.064107033655,99.3611280156895,-2.50000000048143));
#19002=CARTESIAN_POINT('Origin',(-62.064107033655,98.8611280156895,-2.50000000048143));
#19003=CARTESIAN_POINT('',(-61.5641070336551,98.8611280156895,-2.50000000048143));
#19004=CARTESIAN_POINT('Origin',(-43.0141070336551,85.6611280156895,-2.50000000048143));
#19005=CARTESIAN_POINT('',(-43.0141070336551,85.1611280156895,-2.50000000048143));
#19006=CARTESIAN_POINT('',(-42.5141070336551,85.6611280156895,-2.50000000048143));
#19007=CARTESIAN_POINT('Origin',(18.7983929663449,85.1611280156895,-2.50000000048143));
#19008=CARTESIAN_POINT('',(-56.214107033655,85.1611280156895,-2.50000000048143));
#19009=CARTESIAN_POINT('Origin',(-56.214107033655,85.6611280156895,-2.50000000048143));
#19010=CARTESIAN_POINT('',(-56.714107033655,85.6611280156895,-2.50000000048143));
#19011=CARTESIAN_POINT('Origin',(-56.214107033655,98.8611280156895,-2.50000000048143));
#19012=CARTESIAN_POINT('',(-56.214107033655,99.3611280156895,-2.50000000048143));
#19013=CARTESIAN_POINT('',(-56.714107033655,98.8611280156895,-2.50000000048143));
#19014=CARTESIAN_POINT('Origin',(5.79839296634493,99.3611280156895,-2.50000000048143));
#19015=CARTESIAN_POINT('',(-43.014107033655,99.3611280156895,-2.50000000048143));
#19016=CARTESIAN_POINT('Origin',(-43.014107033655,98.8611280156895,-2.50000000048143));
#19017=CARTESIAN_POINT('',(-42.5141070336551,98.8611280156895,-2.50000000048143));
#19018=CARTESIAN_POINT('Origin',(-23.9641070336551,85.6611280156895,-2.50000000048143));
#19019=CARTESIAN_POINT('',(-23.9641070336551,85.1611280156895,-2.50000000048143));
#19020=CARTESIAN_POINT('',(-23.4641070336551,85.6611280156895,-2.50000000048143));
#19021=CARTESIAN_POINT('Origin',(18.7983929663449,85.1611280156895,-2.50000000048143));
#19022=CARTESIAN_POINT('',(-37.1641070336551,85.1611280156895,-2.50000000048143));
#19023=CARTESIAN_POINT('Origin',(-37.1641070336551,85.6611280156895,-2.50000000048143));
#19024=CARTESIAN_POINT('',(-37.6641070336551,85.6611280156895,-2.50000000048143));
#19025=CARTESIAN_POINT('Origin',(-37.1641070336551,98.8611280156895,-2.50000000048143));
#19026=CARTESIAN_POINT('',(-37.1641070336551,99.3611280156895,-2.50000000048143));
#19027=CARTESIAN_POINT('',(-37.6641070336551,98.8611280156895,-2.50000000048143));
#19028=CARTESIAN_POINT('Origin',(5.79839296634493,99.3611280156895,-2.50000000048143));
#19029=CARTESIAN_POINT('',(-23.9641070336551,99.3611280156895,-2.50000000048143));
#19030=CARTESIAN_POINT('Origin',(-23.9641070336551,98.8611280156895,-2.50000000048143));
#19031=CARTESIAN_POINT('',(-23.4641070336551,98.8611280156895,-2.50000000048143));
#19032=CARTESIAN_POINT('Origin',(-4.91410703365504,85.6611280156895,-2.50000000048143));
#19033=CARTESIAN_POINT('',(-4.91410703365504,85.1611280156895,-2.50000000048143));
#19034=CARTESIAN_POINT('',(-4.41410703365503,85.6611280156895,-2.50000000048143));
#19035=CARTESIAN_POINT('Origin',(18.7983929663449,85.1611280156895,-2.50000000048143));
#19036=CARTESIAN_POINT('',(-18.114107033655,85.1611280156895,-2.50000000048143));
#19037=CARTESIAN_POINT('Origin',(-18.114107033655,85.6611280156895,-2.50000000048143));
#19038=CARTESIAN_POINT('',(-18.6141070336551,85.6611280156895,-2.50000000048143));
#19039=CARTESIAN_POINT('Origin',(-18.1141070336551,98.8611280156895,-2.50000000048143));
#19040=CARTESIAN_POINT('',(-18.1141070336551,99.3611280156895,-2.50000000048143));
#19041=CARTESIAN_POINT('',(-18.6141070336551,98.8611280156895,-2.50000000048143));
#19042=CARTESIAN_POINT('Origin',(5.79839296634493,99.3611280156895,-2.50000000048143));
#19043=CARTESIAN_POINT('',(-4.91410703365504,99.3611280156895,-2.50000000048143));
#19044=CARTESIAN_POINT('Origin',(-4.91410703365504,98.8611280156895,-2.50000000048143));
#19045=CARTESIAN_POINT('',(-4.41410703365503,98.8611280156895,-2.50000000048143));
#19046=CARTESIAN_POINT('Origin',(18.8983929663449,85.6611280156895,-2.50000000048143));
#19047=CARTESIAN_POINT('',(19.3983929663449,85.6611280156895,-2.50000000048143));
#19048=CARTESIAN_POINT('',(18.8983929663449,85.1611280156895,-2.50000000048143));
#19049=CARTESIAN_POINT('Origin',(19.3983929663449,98.7611280156895,-2.50000000048143));
#19050=CARTESIAN_POINT('',(19.3983929663449,98.8611280156895,-2.50000000048143));
#19051=CARTESIAN_POINT('Origin',(5.69839296634493,85.6611280156895,-2.50000000048143));
#19052=CARTESIAN_POINT('',(5.19839296634492,85.6611280156895,-2.50000000048143));
#19053=CARTESIAN_POINT('',(5.69839296634493,85.1611280156895,-2.50000000048143));
#19054=CARTESIAN_POINT('Origin',(5.19839296634492,85.7611280156895,-2.50000000048143));
#19055=CARTESIAN_POINT('',(5.19839296634492,98.8611280156895,-2.50000000048143));
#19056=CARTESIAN_POINT('Origin',(5.69839296634492,98.8611280156895,-2.50000000048143));
#19057=CARTESIAN_POINT('',(5.69839296634492,99.3611280156895,-2.50000000048143));
#19058=CARTESIAN_POINT('Origin',(5.79839296634493,99.3611280156895,-2.50000000048143));
#19059=CARTESIAN_POINT('',(18.8983929663449,99.3611280156895,-2.50000000048143));
#19060=CARTESIAN_POINT('Origin',(18.8983929663449,98.8611280156895,-2.50000000048143));
#19061=CARTESIAN_POINT('Origin',(-237.776607033655,98.7611280156895,-2.50000000048143));
#19062=CARTESIAN_POINT('Origin',(-228.164107033655,85.7611280156895,-2.50000000048143));
#19063=CARTESIAN_POINT('Origin',(-213.964107033655,98.7611280156895,-2.50000000048143));
#19064=CARTESIAN_POINT('Origin',(-209.114107033655,85.7611280156895,-2.50000000048143));
#19065=CARTESIAN_POINT('Origin',(-194.914107033655,98.7611280156895,-2.50000000048143));
#19066=CARTESIAN_POINT('Origin',(-190.064107033655,85.7611280156895,-2.50000000048143));
#19067=CARTESIAN_POINT('Origin',(-175.864107033655,98.7611280156895,-2.50000000048143));
#19068=CARTESIAN_POINT('Origin',(-171.014107033655,85.7611280156895,-2.50000000048143));
#19069=CARTESIAN_POINT('Origin',(-156.814107033655,98.7611280156895,-2.50000000048143));
#19070=CARTESIAN_POINT('Origin',(-151.964107033655,85.7611280156895,-2.50000000048143));
#19071=CARTESIAN_POINT('Origin',(-137.764107033655,98.7611280156895,-2.50000000048143));
#19072=CARTESIAN_POINT('Origin',(-132.914107033655,85.7611280156895,-2.50000000048143));
#19073=CARTESIAN_POINT('Origin',(-118.714107033655,98.7611280156895,-2.50000000048143));
#19074=CARTESIAN_POINT('Origin',(-113.864107033655,85.7611280156895,-2.50000000048143));
#19075=CARTESIAN_POINT('Origin',(-99.6641070336551,98.7611280156895,-2.50000000048143));
#19076=CARTESIAN_POINT('Origin',(-94.8141070336551,85.7611280156895,-2.50000000048143));
#19077=CARTESIAN_POINT('Origin',(-80.6141070336551,98.7611280156895,-2.50000000048143));
#19078=CARTESIAN_POINT('Origin',(-75.7641070336551,85.7611280156895,-2.50000000048143));
#19079=CARTESIAN_POINT('Origin',(-61.5641070336551,98.7611280156895,-2.50000000048143));
#19080=CARTESIAN_POINT('Origin',(-56.714107033655,85.7611280156895,-2.50000000048143));
#19081=CARTESIAN_POINT('Origin',(-42.5141070336551,98.7611280156895,-2.50000000048143));
#19082=CARTESIAN_POINT('Origin',(-37.6641070336551,85.7611280156895,-2.50000000048143));
#19083=CARTESIAN_POINT('Origin',(-23.4641070336551,98.7611280156895,-2.50000000048143));
#19084=CARTESIAN_POINT('Origin',(-18.6141070336551,85.7611280156895,-2.50000000048143));
#19085=CARTESIAN_POINT('Origin',(-4.41410703365503,98.7611280156895,-2.50000000048143));
#19086=CARTESIAN_POINT('Origin',(-251.976607033655,85.7611280156895,-2.50000000048143));
#19087=CARTESIAN_POINT('Origin',(-235.895357033655,66.6111280156895,-2.50000000048143));
#19088=CARTESIAN_POINT('',(-235.895357033655,66.1111280156895,-2.50000000048143));
#19089=CARTESIAN_POINT('',(-235.395357033655,66.6111280156895,-2.50000000048143));
#19090=CARTESIAN_POINT('Origin',(11.654642966345,66.1111280156895,-2.50000000048143));
#19091=CARTESIAN_POINT('',(-249.095357033655,66.1111280156895,-2.50000000048143));
#19092=CARTESIAN_POINT('Origin',(-249.095357033655,66.6111280156895,-2.50000000048143));
#19093=CARTESIAN_POINT('',(-249.595357033655,66.6111280156895,-2.50000000048143));
#19094=CARTESIAN_POINT('Origin',(-249.095357033655,79.8111280156895,-2.50000000048143));
#19095=CARTESIAN_POINT('',(-249.095357033655,80.3111280156895,-2.50000000048143));
#19096=CARTESIAN_POINT('',(-249.595357033655,79.8111280156895,-2.50000000048143));
#19097=CARTESIAN_POINT('Origin',(-1.34535703365504,80.3111280156895,-2.50000000048143));
#19098=CARTESIAN_POINT('',(-235.895357033655,80.3111280156895,-2.50000000048143));
#19099=CARTESIAN_POINT('Origin',(-235.895357033655,79.8111280156895,-2.50000000048143));
#19100=CARTESIAN_POINT('',(-235.395357033655,79.8111280156895,-2.50000000048143));
#19101=CARTESIAN_POINT('Origin',(-209.701607033655,66.6111280156895,-2.50000000048143));
#19102=CARTESIAN_POINT('',(-209.701607033655,66.1111280156895,-2.50000000048143));
#19103=CARTESIAN_POINT('',(-209.201607033655,66.6111280156895,-2.50000000048143));
#19104=CARTESIAN_POINT('Origin',(11.654642966345,66.1111280156895,-2.50000000048143));
#19105=CARTESIAN_POINT('',(-222.901607033655,66.1111280156895,-2.50000000048143));
#19106=CARTESIAN_POINT('Origin',(-222.901607033655,66.6111280156895,-2.50000000048143));
#19107=CARTESIAN_POINT('',(-223.401607033655,66.6111280156895,-2.50000000048143));
#19108=CARTESIAN_POINT('Origin',(-222.901607033655,79.8111280156895,-2.50000000048143));
#19109=CARTESIAN_POINT('',(-222.901607033655,80.3111280156895,-2.50000000048143));
#19110=CARTESIAN_POINT('',(-223.401607033655,79.8111280156895,-2.50000000048143));
#19111=CARTESIAN_POINT('Origin',(-1.34535703365504,80.3111280156895,-2.50000000048143));
#19112=CARTESIAN_POINT('',(-209.701607033655,80.3111280156895,-2.50000000048143));
#19113=CARTESIAN_POINT('Origin',(-209.701607033655,79.8111280156895,-2.50000000048143));
#19114=CARTESIAN_POINT('',(-209.201607033655,79.8111280156895,-2.50000000048143));
#19115=CARTESIAN_POINT('Origin',(-190.651607033655,66.6111280156895,-2.50000000048143));
#19116=CARTESIAN_POINT('',(-190.651607033655,66.1111280156895,-2.50000000048143));
#19117=CARTESIAN_POINT('',(-190.151607033655,66.6111280156895,-2.50000000048143));
#19118=CARTESIAN_POINT('Origin',(11.654642966345,66.1111280156895,-2.50000000048143));
#19119=CARTESIAN_POINT('',(-203.851607033655,66.1111280156895,-2.50000000048143));
#19120=CARTESIAN_POINT('Origin',(-203.851607033655,66.6111280156895,-2.50000000048143));
#19121=CARTESIAN_POINT('',(-204.351607033655,66.6111280156895,-2.50000000048143));
#19122=CARTESIAN_POINT('Origin',(-203.851607033655,79.8111280156895,-2.50000000048143));
#19123=CARTESIAN_POINT('',(-203.851607033655,80.3111280156895,-2.50000000048143));
#19124=CARTESIAN_POINT('',(-204.351607033655,79.8111280156895,-2.50000000048143));
#19125=CARTESIAN_POINT('Origin',(-1.34535703365504,80.3111280156895,-2.50000000048143));
#19126=CARTESIAN_POINT('',(-190.651607033655,80.3111280156895,-2.50000000048143));
#19127=CARTESIAN_POINT('Origin',(-190.651607033655,79.8111280156895,-2.50000000048143));
#19128=CARTESIAN_POINT('',(-190.151607033655,79.8111280156895,-2.50000000048143));
#19129=CARTESIAN_POINT('Origin',(-171.601607033655,66.6111280156895,-2.50000000048143));
#19130=CARTESIAN_POINT('',(-171.601607033655,66.1111280156895,-2.50000000048143));
#19131=CARTESIAN_POINT('',(-171.101607033655,66.6111280156895,-2.50000000048143));
#19132=CARTESIAN_POINT('Origin',(11.654642966345,66.1111280156895,-2.50000000048143));
#19133=CARTESIAN_POINT('',(-184.801607033655,66.1111280156895,-2.50000000048143));
#19134=CARTESIAN_POINT('Origin',(-184.801607033655,66.6111280156895,-2.50000000048143));
#19135=CARTESIAN_POINT('',(-185.301607033655,66.6111280156895,-2.50000000048143));
#19136=CARTESIAN_POINT('Origin',(-184.801607033655,79.8111280156895,-2.50000000048143));
#19137=CARTESIAN_POINT('',(-184.801607033655,80.3111280156895,-2.50000000048143));
#19138=CARTESIAN_POINT('',(-185.301607033655,79.8111280156895,-2.50000000048143));
#19139=CARTESIAN_POINT('Origin',(-1.34535703365504,80.3111280156895,-2.50000000048143));
#19140=CARTESIAN_POINT('',(-171.601607033655,80.3111280156895,-2.50000000048143));
#19141=CARTESIAN_POINT('Origin',(-171.601607033655,79.8111280156895,-2.50000000048143));
#19142=CARTESIAN_POINT('',(-171.101607033655,79.8111280156895,-2.50000000048143));
#19143=CARTESIAN_POINT('Origin',(-152.551607033655,66.6111280156895,-2.50000000048143));
#19144=CARTESIAN_POINT('',(-152.551607033655,66.1111280156895,-2.50000000048143));
#19145=CARTESIAN_POINT('',(-152.051607033655,66.6111280156895,-2.50000000048143));
#19146=CARTESIAN_POINT('Origin',(11.654642966345,66.1111280156895,-2.50000000048143));
#19147=CARTESIAN_POINT('',(-165.751607033655,66.1111280156895,-2.50000000048143));
#19148=CARTESIAN_POINT('Origin',(-165.751607033655,66.6111280156895,-2.50000000048143));
#19149=CARTESIAN_POINT('',(-166.251607033655,66.6111280156895,-2.50000000048143));
#19150=CARTESIAN_POINT('Origin',(-165.751607033655,79.8111280156895,-2.50000000048143));
#19151=CARTESIAN_POINT('',(-165.751607033655,80.3111280156895,-2.50000000048143));
#19152=CARTESIAN_POINT('',(-166.251607033655,79.8111280156895,-2.50000000048143));
#19153=CARTESIAN_POINT('Origin',(-1.34535703365504,80.3111280156895,-2.50000000048143));
#19154=CARTESIAN_POINT('',(-152.551607033655,80.3111280156895,-2.50000000048143));
#19155=CARTESIAN_POINT('Origin',(-152.551607033655,79.8111280156895,-2.50000000048143));
#19156=CARTESIAN_POINT('',(-152.051607033655,79.8111280156895,-2.50000000048143));
#19157=CARTESIAN_POINT('Origin',(-133.501607033655,66.6111280156895,-2.50000000048143));
#19158=CARTESIAN_POINT('',(-133.501607033655,66.1111280156895,-2.50000000048143));
#19159=CARTESIAN_POINT('',(-133.001607033655,66.6111280156895,-2.50000000048143));
#19160=CARTESIAN_POINT('Origin',(11.654642966345,66.1111280156895,-2.50000000048143));
#19161=CARTESIAN_POINT('',(-146.701607033655,66.1111280156895,-2.50000000048143));
#19162=CARTESIAN_POINT('Origin',(-146.701607033655,66.6111280156895,-2.50000000048143));
#19163=CARTESIAN_POINT('',(-147.201607033655,66.6111280156895,-2.50000000048143));
#19164=CARTESIAN_POINT('Origin',(-146.701607033655,79.8111280156895,-2.50000000048143));
#19165=CARTESIAN_POINT('',(-146.701607033655,80.3111280156895,-2.50000000048143));
#19166=CARTESIAN_POINT('',(-147.201607033655,79.8111280156895,-2.50000000048143));
#19167=CARTESIAN_POINT('Origin',(-1.34535703365504,80.3111280156895,-2.50000000048143));
#19168=CARTESIAN_POINT('',(-133.501607033655,80.3111280156895,-2.50000000048143));
#19169=CARTESIAN_POINT('Origin',(-133.501607033655,79.8111280156895,-2.50000000048143));
#19170=CARTESIAN_POINT('',(-133.001607033655,79.8111280156895,-2.50000000048143));
#19171=CARTESIAN_POINT('Origin',(-114.451607033655,66.6111280156895,-2.50000000048143));
#19172=CARTESIAN_POINT('',(-114.451607033655,66.1111280156895,-2.50000000048143));
#19173=CARTESIAN_POINT('',(-113.951607033655,66.6111280156895,-2.50000000048143));
#19174=CARTESIAN_POINT('Origin',(11.654642966345,66.1111280156895,-2.50000000048143));
#19175=CARTESIAN_POINT('',(-127.651607033655,66.1111280156895,-2.50000000048143));
#19176=CARTESIAN_POINT('Origin',(-127.651607033655,66.6111280156895,-2.50000000048143));
#19177=CARTESIAN_POINT('',(-128.151607033655,66.6111280156895,-2.50000000048143));
#19178=CARTESIAN_POINT('Origin',(-127.651607033655,79.8111280156895,-2.50000000048143));
#19179=CARTESIAN_POINT('',(-127.651607033655,80.3111280156895,-2.50000000048143));
#19180=CARTESIAN_POINT('',(-128.151607033655,79.8111280156895,-2.50000000048143));
#19181=CARTESIAN_POINT('Origin',(-1.34535703365504,80.3111280156895,-2.50000000048143));
#19182=CARTESIAN_POINT('',(-114.451607033655,80.3111280156895,-2.50000000048143));
#19183=CARTESIAN_POINT('Origin',(-114.451607033655,79.8111280156895,-2.50000000048143));
#19184=CARTESIAN_POINT('',(-113.951607033655,79.8111280156895,-2.50000000048143));
#19185=CARTESIAN_POINT('Origin',(-95.401607033655,66.6111280156895,-2.50000000048143));
#19186=CARTESIAN_POINT('',(-95.401607033655,66.1111280156895,-2.50000000048143));
#19187=CARTESIAN_POINT('',(-94.9016070336551,66.6111280156895,-2.50000000048143));
#19188=CARTESIAN_POINT('Origin',(11.654642966345,66.1111280156895,-2.50000000048143));
#19189=CARTESIAN_POINT('',(-108.601607033655,66.1111280156895,-2.50000000048143));
#19190=CARTESIAN_POINT('Origin',(-108.601607033655,66.6111280156895,-2.50000000048143));
#19191=CARTESIAN_POINT('',(-109.101607033655,66.6111280156895,-2.50000000048143));
#19192=CARTESIAN_POINT('Origin',(-108.601607033655,79.8111280156895,-2.50000000048143));
#19193=CARTESIAN_POINT('',(-108.601607033655,80.3111280156895,-2.50000000048143));
#19194=CARTESIAN_POINT('',(-109.101607033655,79.8111280156895,-2.50000000048143));
#19195=CARTESIAN_POINT('Origin',(-1.34535703365504,80.3111280156895,-2.50000000048143));
#19196=CARTESIAN_POINT('',(-95.4016070336551,80.3111280156895,-2.50000000048143));
#19197=CARTESIAN_POINT('Origin',(-95.4016070336551,79.8111280156895,-2.50000000048143));
#19198=CARTESIAN_POINT('',(-94.9016070336551,79.8111280156895,-2.50000000048143));
#19199=CARTESIAN_POINT('Origin',(-76.3516070336551,66.6111280156895,-2.50000000048143));
#19200=CARTESIAN_POINT('',(-76.3516070336551,66.1111280156895,-2.50000000048143));
#19201=CARTESIAN_POINT('',(-75.851607033655,66.6111280156895,-2.50000000048143));
#19202=CARTESIAN_POINT('Origin',(11.654642966345,66.1111280156895,-2.50000000048143));
#19203=CARTESIAN_POINT('',(-89.5516070336551,66.1111280156895,-2.50000000048143));
#19204=CARTESIAN_POINT('Origin',(-89.5516070336551,66.6111280156895,-2.50000000048143));
#19205=CARTESIAN_POINT('',(-90.0516070336551,66.6111280156895,-2.50000000048143));
#19206=CARTESIAN_POINT('Origin',(-89.5516070336551,79.8111280156895,-2.50000000048143));
#19207=CARTESIAN_POINT('',(-89.5516070336551,80.3111280156895,-2.50000000048143));
#19208=CARTESIAN_POINT('',(-90.0516070336551,79.8111280156895,-2.50000000048143));
#19209=CARTESIAN_POINT('Origin',(-1.34535703365504,80.3111280156895,-2.50000000048143));
#19210=CARTESIAN_POINT('',(-76.3516070336551,80.3111280156895,-2.50000000048143));
#19211=CARTESIAN_POINT('Origin',(-76.3516070336551,79.8111280156895,-2.50000000048143));
#19212=CARTESIAN_POINT('',(-75.851607033655,79.8111280156895,-2.50000000048143));
#19213=CARTESIAN_POINT('Origin',(-57.3016070336551,66.6111280156895,-2.50000000048143));
#19214=CARTESIAN_POINT('',(-57.3016070336551,66.1111280156895,-2.50000000048143));
#19215=CARTESIAN_POINT('',(-56.8016070336551,66.6111280156895,-2.50000000048143));
#19216=CARTESIAN_POINT('Origin',(11.654642966345,66.1111280156895,-2.50000000048143));
#19217=CARTESIAN_POINT('',(-70.5016070336551,66.1111280156895,-2.50000000048143));
#19218=CARTESIAN_POINT('Origin',(-70.5016070336551,66.6111280156895,-2.50000000048143));
#19219=CARTESIAN_POINT('',(-71.0016070336551,66.6111280156895,-2.50000000048143));
#19220=CARTESIAN_POINT('Origin',(-70.5016070336551,79.8111280156895,-2.50000000048143));
#19221=CARTESIAN_POINT('',(-70.5016070336551,80.3111280156895,-2.50000000048143));
#19222=CARTESIAN_POINT('',(-71.0016070336551,79.8111280156895,-2.50000000048143));
#19223=CARTESIAN_POINT('Origin',(-1.34535703365504,80.3111280156895,-2.50000000048143));
#19224=CARTESIAN_POINT('',(-57.3016070336551,80.3111280156895,-2.50000000048143));
#19225=CARTESIAN_POINT('Origin',(-57.3016070336551,79.8111280156895,-2.50000000048143));
#19226=CARTESIAN_POINT('',(-56.8016070336551,79.8111280156895,-2.50000000048143));
#19227=CARTESIAN_POINT('Origin',(-38.2516070336551,66.6111280156895,-2.50000000048143));
#19228=CARTESIAN_POINT('',(-38.2516070336551,66.1111280156895,-2.50000000048143));
#19229=CARTESIAN_POINT('',(-37.7516070336551,66.6111280156895,-2.50000000048143));
#19230=CARTESIAN_POINT('Origin',(11.654642966345,66.1111280156895,-2.50000000048143));
#19231=CARTESIAN_POINT('',(-51.4516070336551,66.1111280156895,-2.50000000048143));
#19232=CARTESIAN_POINT('Origin',(-51.4516070336551,66.6111280156895,-2.50000000048143));
#19233=CARTESIAN_POINT('',(-51.951607033655,66.6111280156895,-2.50000000048143));
#19234=CARTESIAN_POINT('Origin',(-51.451607033655,79.8111280156895,-2.50000000048143));
#19235=CARTESIAN_POINT('',(-51.451607033655,80.3111280156895,-2.50000000048143));
#19236=CARTESIAN_POINT('',(-51.951607033655,79.8111280156895,-2.50000000048143));
#19237=CARTESIAN_POINT('Origin',(-1.34535703365504,80.3111280156895,-2.50000000048143));
#19238=CARTESIAN_POINT('',(-38.2516070336551,80.3111280156895,-2.50000000048143));
#19239=CARTESIAN_POINT('Origin',(-38.2516070336551,79.8111280156895,-2.50000000048143));
#19240=CARTESIAN_POINT('',(-37.7516070336551,79.8111280156895,-2.50000000048143));
#19241=CARTESIAN_POINT('Origin',(-19.201607033655,66.6111280156895,-2.50000000048143));
#19242=CARTESIAN_POINT('',(-19.201607033655,66.1111280156895,-2.50000000048143));
#19243=CARTESIAN_POINT('',(-18.701607033655,66.6111280156895,-2.50000000048143));
#19244=CARTESIAN_POINT('Origin',(11.654642966345,66.1111280156895,-2.50000000048143));
#19245=CARTESIAN_POINT('',(-32.4016070336551,66.1111280156895,-2.50000000048143));
#19246=CARTESIAN_POINT('Origin',(-32.4016070336551,66.6111280156895,-2.50000000048143));
#19247=CARTESIAN_POINT('',(-32.901607033655,66.6111280156895,-2.50000000048143));
#19248=CARTESIAN_POINT('Origin',(-32.401607033655,79.8111280156895,-2.50000000048143));
#19249=CARTESIAN_POINT('',(-32.401607033655,80.3111280156895,-2.50000000048143));
#19250=CARTESIAN_POINT('',(-32.901607033655,79.8111280156895,-2.50000000048143));
#19251=CARTESIAN_POINT('Origin',(-1.34535703365504,80.3111280156895,-2.50000000048143));
#19252=CARTESIAN_POINT('',(-19.2016070336551,80.3111280156895,-2.50000000048143));
#19253=CARTESIAN_POINT('Origin',(-19.2016070336551,79.8111280156895,-2.50000000048143));
#19254=CARTESIAN_POINT('',(-18.701607033655,79.8111280156895,-2.50000000048143));
#19255=CARTESIAN_POINT('Origin',(-1.44535703365505,79.8111280156895,-2.50000000048143));
#19256=CARTESIAN_POINT('',(-1.94535703365505,79.8111280156895,-2.50000000048143));
#19257=CARTESIAN_POINT('',(-1.44535703365505,80.3111280156895,-2.50000000048143));
#19258=CARTESIAN_POINT('Origin',(-1.94535703365505,66.7111280156895,-2.50000000048143));
#19259=CARTESIAN_POINT('',(-1.94535703365505,66.6111280156895,-2.50000000048143));
#19260=CARTESIAN_POINT('Origin',(11.754642966345,79.8111280156895,-2.50000000048143));
#19261=CARTESIAN_POINT('',(12.254642966345,79.8111280156895,-2.50000000048143));
#19262=CARTESIAN_POINT('',(11.754642966345,80.3111280156895,-2.50000000048143));
#19263=CARTESIAN_POINT('Origin',(12.254642966345,79.7111280156895,-2.50000000048143));
#19264=CARTESIAN_POINT('',(12.254642966345,66.6111280156895,-2.50000000048143));
#19265=CARTESIAN_POINT('Origin',(11.754642966345,66.6111280156895,-2.50000000048143));
#19266=CARTESIAN_POINT('',(11.754642966345,66.1111280156895,-2.50000000048143));
#19267=CARTESIAN_POINT('Origin',(11.654642966345,66.1111280156895,-2.50000000048143));
#19268=CARTESIAN_POINT('',(-1.44535703365504,66.1111280156895,-2.50000000048143));
#19269=CARTESIAN_POINT('Origin',(-1.44535703365504,66.6111280156895,-2.50000000048143));
#19270=CARTESIAN_POINT('Origin',(-249.595357033655,66.7111280156895,-2.50000000048143));
#19271=CARTESIAN_POINT('Origin',(-18.701607033655,79.7111280156895,-2.50000000048143));
#19272=CARTESIAN_POINT('Origin',(-235.395357033655,79.7111280156895,-2.50000000048143));
#19273=CARTESIAN_POINT('Origin',(-223.401607033655,66.7111280156895,-2.50000000048143));
#19274=CARTESIAN_POINT('Origin',(-209.201607033655,79.7111280156895,-2.50000000048143));
#19275=CARTESIAN_POINT('Origin',(-204.351607033655,66.7111280156895,-2.50000000048143));
#19276=CARTESIAN_POINT('Origin',(-190.151607033655,79.7111280156895,-2.50000000048143));
#19277=CARTESIAN_POINT('Origin',(-185.301607033655,66.7111280156895,-2.50000000048143));
#19278=CARTESIAN_POINT('Origin',(-171.101607033655,79.7111280156895,-2.50000000048143));
#19279=CARTESIAN_POINT('Origin',(-166.251607033655,66.7111280156895,-2.50000000048143));
#19280=CARTESIAN_POINT('Origin',(-152.051607033655,79.7111280156895,-2.50000000048143));
#19281=CARTESIAN_POINT('Origin',(-147.201607033655,66.7111280156895,-2.50000000048143));
#19282=CARTESIAN_POINT('Origin',(-133.001607033655,79.7111280156895,-2.50000000048143));
#19283=CARTESIAN_POINT('Origin',(-128.151607033655,66.7111280156895,-2.50000000048143));
#19284=CARTESIAN_POINT('Origin',(-113.951607033655,79.7111280156895,-2.50000000048143));
#19285=CARTESIAN_POINT('Origin',(-109.101607033655,66.7111280156895,-2.50000000048143));
#19286=CARTESIAN_POINT('Origin',(-94.9016070336551,79.7111280156895,-2.50000000048143));
#19287=CARTESIAN_POINT('Origin',(-90.0516070336551,66.7111280156895,-2.50000000048143));
#19288=CARTESIAN_POINT('Origin',(-75.851607033655,79.7111280156895,-2.50000000048143));
#19289=CARTESIAN_POINT('Origin',(-71.0016070336551,66.7111280156895,-2.50000000048143));
#19290=CARTESIAN_POINT('Origin',(-56.8016070336551,79.7111280156895,-2.50000000048143));
#19291=CARTESIAN_POINT('Origin',(-51.951607033655,66.7111280156895,-2.50000000048143));
#19292=CARTESIAN_POINT('Origin',(-37.7516070336551,79.7111280156895,-2.50000000048143));
#19293=CARTESIAN_POINT('Origin',(-32.901607033655,66.7111280156895,-2.50000000048143));
#19294=CARTESIAN_POINT('Origin',(-231.132857033655,47.5611280156895,-2.50000000048143));
#19295=CARTESIAN_POINT('',(-231.132857033655,47.0611280156895,-2.50000000048143));
#19296=CARTESIAN_POINT('',(-230.632857033655,47.5611280156895,-2.50000000048143));
#19297=CARTESIAN_POINT('Origin',(6.89214296634493,47.0611280156895,-2.50000000048143));
#19298=CARTESIAN_POINT('',(-244.332857033655,47.0611280156895,-2.50000000048143));
#19299=CARTESIAN_POINT('Origin',(-244.332857033655,47.5611280156895,-2.50000000048143));
#19300=CARTESIAN_POINT('',(-244.832857033655,47.5611280156895,-2.50000000048143));
#19301=CARTESIAN_POINT('Origin',(-244.332857033655,60.7611280156895,-2.50000000048143));
#19302=CARTESIAN_POINT('',(-244.332857033655,61.2611280156895,-2.50000000048143));
#19303=CARTESIAN_POINT('',(-244.832857033655,60.7611280156895,-2.50000000048143));
#19304=CARTESIAN_POINT('Origin',(-6.10785703365504,61.2611280156895,-2.50000000048143));
#19305=CARTESIAN_POINT('',(-231.132857033655,61.2611280156895,-2.50000000048143));
#19306=CARTESIAN_POINT('Origin',(-231.132857033655,60.7611280156895,-2.50000000048143));
#19307=CARTESIAN_POINT('',(-230.632857033655,60.7611280156895,-2.50000000048143));
#19308=CARTESIAN_POINT('Origin',(-200.176607033655,47.5611280156895,-2.50000000048143));
#19309=CARTESIAN_POINT('',(-200.176607033655,47.0611280156895,-2.50000000048143));
#19310=CARTESIAN_POINT('',(-199.676607033655,47.5611280156895,-2.50000000048143));
#19311=CARTESIAN_POINT('Origin',(6.89214296634493,47.0611280156895,-2.50000000048143));
#19312=CARTESIAN_POINT('',(-213.376607033655,47.0611280156895,-2.50000000048143));
#19313=CARTESIAN_POINT('Origin',(-213.376607033655,47.5611280156895,-2.50000000048143));
#19314=CARTESIAN_POINT('',(-213.876607033655,47.5611280156895,-2.50000000048143));
#19315=CARTESIAN_POINT('Origin',(-213.376607033655,60.7611280156895,-2.50000000048143));
#19316=CARTESIAN_POINT('',(-213.376607033655,61.2611280156895,-2.50000000048143));
#19317=CARTESIAN_POINT('',(-213.876607033655,60.7611280156895,-2.50000000048143));
#19318=CARTESIAN_POINT('Origin',(-6.10785703365504,61.2611280156895,-2.50000000048143));
#19319=CARTESIAN_POINT('',(-200.176607033655,61.2611280156895,-2.50000000048143));
#19320=CARTESIAN_POINT('Origin',(-200.176607033655,60.7611280156895,-2.50000000048143));
#19321=CARTESIAN_POINT('',(-199.676607033655,60.7611280156895,-2.50000000048143));
#19322=CARTESIAN_POINT('Origin',(-181.126607033655,47.5611280156895,-2.50000000048143));
#19323=CARTESIAN_POINT('',(-181.126607033655,47.0611280156895,-2.50000000048143));
#19324=CARTESIAN_POINT('',(-180.626607033655,47.5611280156895,-2.50000000048143));
#19325=CARTESIAN_POINT('Origin',(6.89214296634493,47.0611280156895,-2.50000000048143));
#19326=CARTESIAN_POINT('',(-194.326607033655,47.0611280156895,-2.50000000048143));
#19327=CARTESIAN_POINT('Origin',(-194.326607033655,47.5611280156895,-2.50000000048143));
#19328=CARTESIAN_POINT('',(-194.826607033655,47.5611280156895,-2.50000000048143));
#19329=CARTESIAN_POINT('Origin',(-194.326607033655,60.7611280156895,-2.50000000048143));
#19330=CARTESIAN_POINT('',(-194.326607033655,61.2611280156895,-2.50000000048143));
#19331=CARTESIAN_POINT('',(-194.826607033655,60.7611280156895,-2.50000000048143));
#19332=CARTESIAN_POINT('Origin',(-6.10785703365504,61.2611280156895,-2.50000000048143));
#19333=CARTESIAN_POINT('',(-181.126607033655,61.2611280156895,-2.50000000048143));
#19334=CARTESIAN_POINT('Origin',(-181.126607033655,60.7611280156895,-2.50000000048143));
#19335=CARTESIAN_POINT('',(-180.626607033655,60.7611280156895,-2.50000000048143));
#19336=CARTESIAN_POINT('Origin',(-162.076607033655,47.5611280156895,-2.50000000048143));
#19337=CARTESIAN_POINT('',(-162.076607033655,47.0611280156895,-2.50000000048143));
#19338=CARTESIAN_POINT('',(-161.576607033655,47.5611280156895,-2.50000000048143));
#19339=CARTESIAN_POINT('Origin',(6.89214296634493,47.0611280156895,-2.50000000048143));
#19340=CARTESIAN_POINT('',(-175.276607033655,47.0611280156895,-2.50000000048143));
#19341=CARTESIAN_POINT('Origin',(-175.276607033655,47.5611280156895,-2.50000000048143));
#19342=CARTESIAN_POINT('',(-175.776607033655,47.5611280156895,-2.50000000048143));
#19343=CARTESIAN_POINT('Origin',(-175.276607033655,60.7611280156895,-2.50000000048143));
#19344=CARTESIAN_POINT('',(-175.276607033655,61.2611280156895,-2.50000000048143));
#19345=CARTESIAN_POINT('',(-175.776607033655,60.7611280156895,-2.50000000048143));
#19346=CARTESIAN_POINT('Origin',(-6.10785703365504,61.2611280156895,-2.50000000048143));
#19347=CARTESIAN_POINT('',(-162.076607033655,61.2611280156895,-2.50000000048143));
#19348=CARTESIAN_POINT('Origin',(-162.076607033655,60.7611280156895,-2.50000000048143));
#19349=CARTESIAN_POINT('',(-161.576607033655,60.7611280156895,-2.50000000048143));
#19350=CARTESIAN_POINT('Origin',(-143.026607033655,47.5611280156895,-2.50000000048143));
#19351=CARTESIAN_POINT('',(-143.026607033655,47.0611280156895,-2.50000000048143));
#19352=CARTESIAN_POINT('',(-142.526607033655,47.5611280156895,-2.50000000048143));
#19353=CARTESIAN_POINT('Origin',(6.89214296634493,47.0611280156895,-2.50000000048143));
#19354=CARTESIAN_POINT('',(-156.226607033655,47.0611280156895,-2.50000000048143));
#19355=CARTESIAN_POINT('Origin',(-156.226607033655,47.5611280156895,-2.50000000048143));
#19356=CARTESIAN_POINT('',(-156.726607033655,47.5611280156895,-2.50000000048143));
#19357=CARTESIAN_POINT('Origin',(-156.226607033655,60.7611280156895,-2.50000000048143));
#19358=CARTESIAN_POINT('',(-156.226607033655,61.2611280156895,-2.50000000048143));
#19359=CARTESIAN_POINT('',(-156.726607033655,60.7611280156895,-2.50000000048143));
#19360=CARTESIAN_POINT('Origin',(-6.10785703365504,61.2611280156895,-2.50000000048143));
#19361=CARTESIAN_POINT('',(-143.026607033655,61.2611280156895,-2.50000000048143));
#19362=CARTESIAN_POINT('Origin',(-143.026607033655,60.7611280156895,-2.50000000048143));
#19363=CARTESIAN_POINT('',(-142.526607033655,60.7611280156895,-2.50000000048143));
#19364=CARTESIAN_POINT('Origin',(-123.976607033655,47.5611280156895,-2.50000000048143));
#19365=CARTESIAN_POINT('',(-123.976607033655,47.0611280156895,-2.50000000048143));
#19366=CARTESIAN_POINT('',(-123.476607033655,47.5611280156895,-2.50000000048143));
#19367=CARTESIAN_POINT('Origin',(6.89214296634493,47.0611280156895,-2.50000000048143));
#19368=CARTESIAN_POINT('',(-137.176607033655,47.0611280156895,-2.50000000048143));
#19369=CARTESIAN_POINT('Origin',(-137.176607033655,47.5611280156895,-2.50000000048143));
#19370=CARTESIAN_POINT('',(-137.676607033655,47.5611280156895,-2.50000000048143));
#19371=CARTESIAN_POINT('Origin',(-137.176607033655,60.7611280156895,-2.50000000048143));
#19372=CARTESIAN_POINT('',(-137.176607033655,61.2611280156895,-2.50000000048143));
#19373=CARTESIAN_POINT('',(-137.676607033655,60.7611280156895,-2.50000000048143));
#19374=CARTESIAN_POINT('Origin',(-6.10785703365504,61.2611280156895,-2.50000000048143));
#19375=CARTESIAN_POINT('',(-123.976607033655,61.2611280156895,-2.50000000048143));
#19376=CARTESIAN_POINT('Origin',(-123.976607033655,60.7611280156895,-2.50000000048143));
#19377=CARTESIAN_POINT('',(-123.476607033655,60.7611280156895,-2.50000000048143));
#19378=CARTESIAN_POINT('Origin',(-104.926607033655,47.5611280156895,-2.50000000048143));
#19379=CARTESIAN_POINT('',(-104.926607033655,47.0611280156895,-2.50000000048143));
#19380=CARTESIAN_POINT('',(-104.426607033655,47.5611280156895,-2.50000000048143));
#19381=CARTESIAN_POINT('Origin',(6.89214296634493,47.0611280156895,-2.50000000048143));
#19382=CARTESIAN_POINT('',(-118.126607033655,47.0611280156895,-2.50000000048143));
#19383=CARTESIAN_POINT('Origin',(-118.126607033655,47.5611280156895,-2.50000000048143));
#19384=CARTESIAN_POINT('',(-118.626607033655,47.5611280156895,-2.50000000048143));
#19385=CARTESIAN_POINT('Origin',(-118.126607033655,60.7611280156895,-2.50000000048143));
#19386=CARTESIAN_POINT('',(-118.126607033655,61.2611280156895,-2.50000000048143));
#19387=CARTESIAN_POINT('',(-118.626607033655,60.7611280156895,-2.50000000048143));
#19388=CARTESIAN_POINT('Origin',(-6.10785703365504,61.2611280156895,-2.50000000048143));
#19389=CARTESIAN_POINT('',(-104.926607033655,61.2611280156895,-2.50000000048143));
#19390=CARTESIAN_POINT('Origin',(-104.926607033655,60.7611280156895,-2.50000000048143));
#19391=CARTESIAN_POINT('',(-104.426607033655,60.7611280156895,-2.50000000048143));
#19392=CARTESIAN_POINT('Origin',(-85.876607033655,47.5611280156895,-2.50000000048143));
#19393=CARTESIAN_POINT('',(-85.876607033655,47.0611280156895,-2.50000000048143));
#19394=CARTESIAN_POINT('',(-85.376607033655,47.5611280156895,-2.50000000048143));
#19395=CARTESIAN_POINT('Origin',(6.89214296634493,47.0611280156895,-2.50000000048143));
#19396=CARTESIAN_POINT('',(-99.0766070336551,47.0611280156895,-2.50000000048143));
#19397=CARTESIAN_POINT('Origin',(-99.0766070336551,47.5611280156895,-2.50000000048143));
#19398=CARTESIAN_POINT('',(-99.5766070336551,47.5611280156895,-2.50000000048143));
#19399=CARTESIAN_POINT('Origin',(-99.0766070336551,60.7611280156895,-2.50000000048143));
#19400=CARTESIAN_POINT('',(-99.0766070336551,61.2611280156895,-2.50000000048143));
#19401=CARTESIAN_POINT('',(-99.5766070336551,60.7611280156895,-2.50000000048143));
#19402=CARTESIAN_POINT('Origin',(-6.10785703365504,61.2611280156895,-2.50000000048143));
#19403=CARTESIAN_POINT('',(-85.8766070336551,61.2611280156895,-2.50000000048143));
#19404=CARTESIAN_POINT('Origin',(-85.8766070336551,60.7611280156895,-2.50000000048143));
#19405=CARTESIAN_POINT('',(-85.376607033655,60.7611280156895,-2.50000000048143));
#19406=CARTESIAN_POINT('Origin',(-66.826607033655,47.5611280156895,-2.50000000048143));
#19407=CARTESIAN_POINT('',(-66.826607033655,47.0611280156895,-2.50000000048143));
#19408=CARTESIAN_POINT('',(-66.326607033655,47.5611280156895,-2.50000000048143));
#19409=CARTESIAN_POINT('Origin',(6.89214296634493,47.0611280156895,-2.50000000048143));
#19410=CARTESIAN_POINT('',(-80.0266070336551,47.0611280156895,-2.50000000048143));
#19411=CARTESIAN_POINT('Origin',(-80.0266070336551,47.5611280156895,-2.50000000048143));
#19412=CARTESIAN_POINT('',(-80.5266070336551,47.5611280156895,-2.50000000048143));
#19413=CARTESIAN_POINT('Origin',(-80.0266070336551,60.7611280156895,-2.50000000048143));
#19414=CARTESIAN_POINT('',(-80.0266070336551,61.2611280156895,-2.50000000048143));
#19415=CARTESIAN_POINT('',(-80.5266070336551,60.7611280156895,-2.50000000048143));
#19416=CARTESIAN_POINT('Origin',(-6.10785703365504,61.2611280156895,-2.50000000048143));
#19417=CARTESIAN_POINT('',(-66.8266070336551,61.2611280156895,-2.50000000048143));
#19418=CARTESIAN_POINT('Origin',(-66.8266070336551,60.7611280156895,-2.50000000048143));
#19419=CARTESIAN_POINT('',(-66.326607033655,60.7611280156895,-2.50000000048143));
#19420=CARTESIAN_POINT('Origin',(-47.7766070336551,47.5611280156895,-2.50000000048143));
#19421=CARTESIAN_POINT('',(-47.7766070336551,47.0611280156895,-2.50000000048143));
#19422=CARTESIAN_POINT('',(-47.2766070336551,47.5611280156895,-2.50000000048143));
#19423=CARTESIAN_POINT('Origin',(6.89214296634493,47.0611280156895,-2.50000000048143));
#19424=CARTESIAN_POINT('',(-60.9766070336551,47.0611280156895,-2.50000000048143));
#19425=CARTESIAN_POINT('Origin',(-60.9766070336551,47.5611280156895,-2.50000000048143));
#19426=CARTESIAN_POINT('',(-61.476607033655,47.5611280156895,-2.50000000048143));
#19427=CARTESIAN_POINT('Origin',(-60.976607033655,60.7611280156895,-2.50000000048143));
#19428=CARTESIAN_POINT('',(-60.976607033655,61.2611280156895,-2.50000000048143));
#19429=CARTESIAN_POINT('',(-61.476607033655,60.7611280156895,-2.50000000048143));
#19430=CARTESIAN_POINT('Origin',(-6.10785703365504,61.2611280156895,-2.50000000048143));
#19431=CARTESIAN_POINT('',(-47.7766070336551,61.2611280156895,-2.50000000048143));
#19432=CARTESIAN_POINT('Origin',(-47.7766070336551,60.7611280156895,-2.50000000048143));
#19433=CARTESIAN_POINT('',(-47.2766070336551,60.7611280156895,-2.50000000048143));
#19434=CARTESIAN_POINT('Origin',(-28.726607033655,47.5611280156895,-2.50000000048143));
#19435=CARTESIAN_POINT('',(-28.726607033655,47.0611280156895,-2.50000000048143));
#19436=CARTESIAN_POINT('',(-28.2266070336551,47.5611280156895,-2.50000000048143));
#19437=CARTESIAN_POINT('Origin',(6.89214296634493,47.0611280156895,-2.50000000048143));
#19438=CARTESIAN_POINT('',(-41.9266070336551,47.0611280156895,-2.50000000048143));
#19439=CARTESIAN_POINT('Origin',(-41.9266070336551,47.5611280156895,-2.50000000048143));
#19440=CARTESIAN_POINT('',(-42.426607033655,47.5611280156895,-2.50000000048143));
#19441=CARTESIAN_POINT('Origin',(-41.926607033655,60.7611280156895,-2.50000000048143));
#19442=CARTESIAN_POINT('',(-41.926607033655,61.2611280156895,-2.50000000048143));
#19443=CARTESIAN_POINT('',(-42.426607033655,60.7611280156895,-2.50000000048143));
#19444=CARTESIAN_POINT('Origin',(-6.10785703365504,61.2611280156895,-2.50000000048143));
#19445=CARTESIAN_POINT('',(-28.7266070336551,61.2611280156895,-2.50000000048143));
#19446=CARTESIAN_POINT('Origin',(-28.7266070336551,60.7611280156895,-2.50000000048143));
#19447=CARTESIAN_POINT('',(-28.2266070336551,60.7611280156895,-2.50000000048143));
#19448=CARTESIAN_POINT('Origin',(6.99214296634494,47.5611280156895,-2.50000000048143));
#19449=CARTESIAN_POINT('',(7.49214296634494,47.5611280156895,-2.50000000048143));
#19450=CARTESIAN_POINT('',(6.99214296634494,47.0611280156895,-2.50000000048143));
#19451=CARTESIAN_POINT('Origin',(7.49214296634494,60.6611280156895,-2.50000000048143));
#19452=CARTESIAN_POINT('',(7.49214296634494,60.7611280156895,-2.50000000048143));
#19453=CARTESIAN_POINT('Origin',(-6.20785703365504,47.5611280156895,-2.50000000048143));
#19454=CARTESIAN_POINT('',(-6.70785703365505,47.5611280156895,-2.50000000048143));
#19455=CARTESIAN_POINT('',(-6.20785703365504,47.0611280156895,-2.50000000048143));
#19456=CARTESIAN_POINT('Origin',(-6.70785703365505,47.6611280156895,-2.50000000048143));
#19457=CARTESIAN_POINT('',(-6.70785703365505,60.7611280156895,-2.50000000048143));
#19458=CARTESIAN_POINT('Origin',(-6.20785703365505,60.7611280156895,-2.50000000048143));
#19459=CARTESIAN_POINT('',(-6.20785703365505,61.2611280156895,-2.50000000048143));
#19460=CARTESIAN_POINT('Origin',(-6.10785703365504,61.2611280156895,-2.50000000048143));
#19461=CARTESIAN_POINT('',(6.99214296634493,61.2611280156895,-2.50000000048143));
#19462=CARTESIAN_POINT('Origin',(6.99214296634493,60.7611280156895,-2.50000000048143));
#19463=CARTESIAN_POINT('Origin',(-28.2266070336551,60.6611280156895,-2.50000000048143));
#19464=CARTESIAN_POINT('Origin',(-244.832857033655,47.6611280156895,-2.50000000048143));
#19465=CARTESIAN_POINT('Origin',(-230.632857033655,60.6611280156895,-2.50000000048143));
#19466=CARTESIAN_POINT('Origin',(-213.876607033655,47.6611280156895,-2.50000000048143));
#19467=CARTESIAN_POINT('Origin',(-199.676607033655,60.6611280156895,-2.50000000048143));
#19468=CARTESIAN_POINT('Origin',(-194.826607033655,47.6611280156895,-2.50000000048143));
#19469=CARTESIAN_POINT('Origin',(-180.626607033655,60.6611280156895,-2.50000000048143));
#19470=CARTESIAN_POINT('Origin',(-175.776607033655,47.6611280156895,-2.50000000048143));
#19471=CARTESIAN_POINT('Origin',(-161.576607033655,60.6611280156895,-2.50000000048143));
#19472=CARTESIAN_POINT('Origin',(-156.726607033655,47.6611280156895,-2.50000000048143));
#19473=CARTESIAN_POINT('Origin',(-142.526607033655,60.6611280156895,-2.50000000048143));
#19474=CARTESIAN_POINT('Origin',(-137.676607033655,47.6611280156895,-2.50000000048143));
#19475=CARTESIAN_POINT('Origin',(-123.476607033655,60.6611280156895,-2.50000000048143));
#19476=CARTESIAN_POINT('Origin',(-118.626607033655,47.6611280156895,-2.50000000048143));
#19477=CARTESIAN_POINT('Origin',(-104.426607033655,60.6611280156895,-2.50000000048143));
#19478=CARTESIAN_POINT('Origin',(-99.5766070336551,47.6611280156895,-2.50000000048143));
#19479=CARTESIAN_POINT('Origin',(-85.376607033655,60.6611280156895,-2.50000000048143));
#19480=CARTESIAN_POINT('Origin',(-80.5266070336551,47.6611280156895,-2.50000000048143));
#19481=CARTESIAN_POINT('Origin',(-66.326607033655,60.6611280156895,-2.50000000048143));
#19482=CARTESIAN_POINT('Origin',(-61.476607033655,47.6611280156895,-2.50000000048143));
#19483=CARTESIAN_POINT('Origin',(-47.2766070336551,60.6611280156895,-2.50000000048143));
#19484=CARTESIAN_POINT('Origin',(-42.426607033655,47.6611280156895,-2.50000000048143));
#19485=CARTESIAN_POINT('Origin',(21.279642966345,28.5111280156895,-2.50000000048143));
#19486=CARTESIAN_POINT('',(21.279642966345,28.0111280156895,-2.50000000048143));
#19487=CARTESIAN_POINT('',(21.7796429663449,28.5111280156895,-2.50000000048143));
#19488=CARTESIAN_POINT('Origin',(-216.945357033655,28.0111280156895,-2.50000000048143));
#19489=CARTESIAN_POINT('',(8.07964296634491,28.0111280156895,-2.50000000048143));
#19490=CARTESIAN_POINT('Origin',(8.07964296634491,28.5111280156895,-2.50000000048143));
#19491=CARTESIAN_POINT('',(7.57964296634496,28.5111280156895,-2.50000000048143));
#19492=CARTESIAN_POINT('Origin',(8.07964296634495,41.7111280156895,-2.50000000048143));
#19493=CARTESIAN_POINT('',(8.07964296634495,42.2111280156895,-2.50000000048143));
#19494=CARTESIAN_POINT('',(7.57964296634496,41.7111280156895,-2.50000000048143));
#19495=CARTESIAN_POINT('Origin',(-229.945357033655,42.2111280156895,-2.50000000048143));
#19496=CARTESIAN_POINT('',(21.279642966345,42.2111280156895,-2.50000000048143));
#19497=CARTESIAN_POINT('Origin',(21.279642966345,41.7111280156895,-2.50000000048143));
#19498=CARTESIAN_POINT('',(21.7796429663449,41.7111280156895,-2.50000000048143));
#19499=CARTESIAN_POINT('Origin',(-2.53285703365506,28.5111280156895,-2.50000000048143));
#19500=CARTESIAN_POINT('',(-2.53285703365506,28.0111280156895,-2.50000000048143));
#19501=CARTESIAN_POINT('',(-2.03285703365507,28.5111280156895,-2.50000000048143));
#19502=CARTESIAN_POINT('Origin',(-216.945357033655,28.0111280156895,-2.50000000048143));
#19503=CARTESIAN_POINT('',(-15.732857033655,28.0111280156895,-2.50000000048143));
#19504=CARTESIAN_POINT('Origin',(-15.732857033655,28.5111280156895,-2.50000000048143));
#19505=CARTESIAN_POINT('',(-16.2328570336551,28.5111280156895,-2.50000000048143));
#19506=CARTESIAN_POINT('Origin',(-15.7328570336551,41.7111280156895,-2.50000000048143));
#19507=CARTESIAN_POINT('',(-15.7328570336551,42.2111280156895,-2.50000000048143));
#19508=CARTESIAN_POINT('',(-16.2328570336551,41.7111280156895,-2.50000000048143));
#19509=CARTESIAN_POINT('Origin',(-229.945357033655,42.2111280156895,-2.50000000048143));
#19510=CARTESIAN_POINT('',(-2.53285703365503,42.2111280156895,-2.50000000048143));
#19511=CARTESIAN_POINT('Origin',(-2.53285703365503,41.7111280156895,-2.50000000048143));
#19512=CARTESIAN_POINT('',(-2.03285703365507,41.7111280156895,-2.50000000048143));
#19513=CARTESIAN_POINT('Origin',(-26.345357033655,28.5111280156895,-2.50000000048143));
#19514=CARTESIAN_POINT('',(-26.345357033655,28.0111280156895,-2.50000000048143));
#19515=CARTESIAN_POINT('',(-25.8453570336551,28.5111280156895,-2.50000000048143));
#19516=CARTESIAN_POINT('Origin',(-216.945357033655,28.0111280156895,-2.50000000048143));
#19517=CARTESIAN_POINT('',(-39.545357033655,28.0111280156895,-2.50000000048143));
#19518=CARTESIAN_POINT('Origin',(-39.545357033655,28.5111280156895,-2.50000000048143));
#19519=CARTESIAN_POINT('',(-40.0453570336551,28.5111280156895,-2.50000000048143));
#19520=CARTESIAN_POINT('Origin',(-39.5453570336551,41.7111280156895,-2.50000000048143));
#19521=CARTESIAN_POINT('',(-39.5453570336551,42.2111280156895,-2.50000000048143));
#19522=CARTESIAN_POINT('',(-40.0453570336551,41.7111280156895,-2.50000000048143));
#19523=CARTESIAN_POINT('Origin',(-229.945357033655,42.2111280156895,-2.50000000048143));
#19524=CARTESIAN_POINT('',(-26.3453570336551,42.2111280156895,-2.50000000048143));
#19525=CARTESIAN_POINT('Origin',(-26.3453570336551,41.7111280156895,-2.50000000048143));
#19526=CARTESIAN_POINT('',(-25.8453570336551,41.7111280156895,-2.50000000048143));
#19527=CARTESIAN_POINT('Origin',(-50.1578570336551,28.5111280156895,-2.50000000048143));
#19528=CARTESIAN_POINT('',(-50.1578570336551,28.0111280156895,-2.50000000048143));
#19529=CARTESIAN_POINT('',(-49.6578570336551,28.5111280156895,-2.50000000048143));
#19530=CARTESIAN_POINT('Origin',(-216.945357033655,28.0111280156895,-2.50000000048143));
#19531=CARTESIAN_POINT('',(-63.3578570336551,28.0111280156895,-2.50000000048143));
#19532=CARTESIAN_POINT('Origin',(-63.3578570336551,28.5111280156895,-2.50000000048143));
#19533=CARTESIAN_POINT('',(-63.8578570336551,28.5111280156895,-2.50000000048143));
#19534=CARTESIAN_POINT('Origin',(-63.3578570336551,41.7111280156895,-2.50000000048143));
#19535=CARTESIAN_POINT('',(-63.3578570336551,42.2111280156895,-2.50000000048143));
#19536=CARTESIAN_POINT('',(-63.8578570336551,41.7111280156895,-2.50000000048143));
#19537=CARTESIAN_POINT('Origin',(-229.945357033655,42.2111280156895,-2.50000000048143));
#19538=CARTESIAN_POINT('',(-50.1578570336551,42.2111280156895,-2.50000000048143));
#19539=CARTESIAN_POINT('Origin',(-50.1578570336551,41.7111280156895,-2.50000000048143));
#19540=CARTESIAN_POINT('',(-49.6578570336551,41.7111280156895,-2.50000000048143));
#19541=CARTESIAN_POINT('Origin',(-134.795357033655,41.7111280156895,-2.50000000048143));
#19542=CARTESIAN_POINT('',(-134.795357033655,42.2111280156895,-2.50000000048143));
#19543=CARTESIAN_POINT('',(-135.295357033655,41.7111280156895,-2.50000000048143));
#19544=CARTESIAN_POINT('Origin',(-229.945357033655,42.2111280156895,-2.50000000048143));
#19545=CARTESIAN_POINT('',(-121.595357033655,42.2111280156895,-2.50000000048143));
#19546=CARTESIAN_POINT('Origin',(-121.595357033655,41.7111280156895,-2.50000000048143));
#19547=CARTESIAN_POINT('',(-121.095357033655,41.7111280156895,-2.50000000048143));
#19548=CARTESIAN_POINT('Origin',(-121.595357033655,28.5111280156895,-2.50000000048143));
#19549=CARTESIAN_POINT('',(-121.595357033655,28.0111280156895,-2.50000000048143));
#19550=CARTESIAN_POINT('',(-121.095357033655,28.5111280156895,-2.50000000048143));
#19551=CARTESIAN_POINT('Origin',(-216.945357033655,28.0111280156895,-2.50000000048143));
#19552=CARTESIAN_POINT('',(-134.795357033655,28.0111280156895,-2.50000000048143));
#19553=CARTESIAN_POINT('Origin',(-134.795357033655,28.5111280156895,-2.50000000048143));
#19554=CARTESIAN_POINT('',(-135.295357033655,28.5111280156895,-2.50000000048143));
#19555=CARTESIAN_POINT('Origin',(-193.032857033655,28.5111280156895,-2.50000000048143));
#19556=CARTESIAN_POINT('',(-193.032857033655,28.0111280156895,-2.50000000048143));
#19557=CARTESIAN_POINT('',(-192.532857033655,28.5111280156895,-2.50000000048143));
#19558=CARTESIAN_POINT('Origin',(-216.945357033655,28.0111280156895,-2.50000000048143));
#19559=CARTESIAN_POINT('',(-206.232857033655,28.0111280156895,-2.50000000048143));
#19560=CARTESIAN_POINT('Origin',(-206.232857033655,28.5111280156895,-2.50000000048143));
#19561=CARTESIAN_POINT('',(-206.732857033655,28.5111280156895,-2.50000000048143));
#19562=CARTESIAN_POINT('Origin',(-206.232857033655,41.7111280156895,-2.50000000048143));
#19563=CARTESIAN_POINT('',(-206.232857033655,42.2111280156895,-2.50000000048143));
#19564=CARTESIAN_POINT('',(-206.732857033655,41.7111280156895,-2.50000000048143));
#19565=CARTESIAN_POINT('Origin',(-229.945357033655,42.2111280156895,-2.50000000048143));
#19566=CARTESIAN_POINT('',(-193.032857033655,42.2111280156895,-2.50000000048143));
#19567=CARTESIAN_POINT('Origin',(-193.032857033655,41.7111280156895,-2.50000000048143));
#19568=CARTESIAN_POINT('',(-192.532857033655,41.7111280156895,-2.50000000048143));
#19569=CARTESIAN_POINT('Origin',(-240.657857033655,28.5111280156895,-2.50000000048143));
#19570=CARTESIAN_POINT('',(-240.657857033655,28.0111280156895,-2.50000000048143));
#19571=CARTESIAN_POINT('',(-240.157857033655,28.5111280156895,-2.50000000048143));
#19572=CARTESIAN_POINT('Origin',(-216.945357033655,28.0111280156895,-2.50000000048143));
#19573=CARTESIAN_POINT('',(-253.857857033655,28.0111280156895,-2.50000000048143));
#19574=CARTESIAN_POINT('Origin',(-253.857857033655,28.5111280156895,-2.50000000048143));
#19575=CARTESIAN_POINT('',(-254.357857033655,28.5111280156895,-2.50000000048143));
#19576=CARTESIAN_POINT('Origin',(-253.857857033655,41.7111280156895,-2.50000000048143));
#19577=CARTESIAN_POINT('',(-253.857857033655,42.2111280156895,-2.50000000048143));
#19578=CARTESIAN_POINT('',(-254.357857033655,41.7111280156895,-2.50000000048143));
#19579=CARTESIAN_POINT('Origin',(-229.945357033655,42.2111280156895,-2.50000000048143));
#19580=CARTESIAN_POINT('',(-240.657857033655,42.2111280156895,-2.50000000048143));
#19581=CARTESIAN_POINT('Origin',(-240.657857033655,41.7111280156895,-2.50000000048143));
#19582=CARTESIAN_POINT('',(-240.157857033655,41.7111280156895,-2.50000000048143));
#19583=CARTESIAN_POINT('Origin',(-230.045357033655,41.7111280156895,-2.50000000048143));
#19584=CARTESIAN_POINT('',(-230.545357033655,41.7111280156895,-2.50000000048143));
#19585=CARTESIAN_POINT('',(-230.045357033655,42.2111280156895,-2.50000000048143));
#19586=CARTESIAN_POINT('Origin',(-230.545357033655,28.6111280156895,-2.50000000048143));
#19587=CARTESIAN_POINT('',(-230.545357033655,28.5111280156895,-2.50000000048143));
#19588=CARTESIAN_POINT('Origin',(-216.845357033655,41.7111280156895,-2.50000000048143));
#19589=CARTESIAN_POINT('',(-216.345357033655,41.7111280156895,-2.50000000048143));
#19590=CARTESIAN_POINT('',(-216.845357033655,42.2111280156895,-2.50000000048143));
#19591=CARTESIAN_POINT('Origin',(-216.345357033655,41.6111280156895,-2.50000000048143));
#19592=CARTESIAN_POINT('',(-216.345357033655,28.5111280156895,-2.50000000048143));
#19593=CARTESIAN_POINT('Origin',(-216.845357033655,28.5111280156895,-2.50000000048143));
#19594=CARTESIAN_POINT('',(-216.845357033655,28.0111280156895,-2.50000000048143));
#19595=CARTESIAN_POINT('Origin',(-216.945357033655,28.0111280156895,-2.50000000048143));
#19596=CARTESIAN_POINT('',(-230.045357033655,28.0111280156895,-2.50000000048143));
#19597=CARTESIAN_POINT('Origin',(-230.045357033655,28.5111280156895,-2.50000000048143));
#19598=CARTESIAN_POINT('Origin',(21.7796429663449,41.6111280156895,-2.50000000048143));
#19599=CARTESIAN_POINT('Origin',(7.57964296634496,28.6111280156895,-2.50000000048143));
#19600=CARTESIAN_POINT('Origin',(-2.03285703365507,41.6111280156895,-2.50000000048143));
#19601=CARTESIAN_POINT('Origin',(-16.2328570336551,28.6111280156895,-2.50000000048143));
#19602=CARTESIAN_POINT('Origin',(-25.8453570336551,41.6111280156895,-2.50000000048143));
#19603=CARTESIAN_POINT('Origin',(-40.0453570336551,28.6111280156895,-2.50000000048143));
#19604=CARTESIAN_POINT('Origin',(-49.6578570336551,41.6111280156895,-2.50000000048143));
#19605=CARTESIAN_POINT('Origin',(-63.8578570336551,28.6111280156895,-2.50000000048143));
#19606=CARTESIAN_POINT('Origin',(-135.295357033655,28.6111280156895,-2.50000000048143));
#19607=CARTESIAN_POINT('Origin',(-206.732857033655,28.6111280156895,-2.50000000048143));
#19608=CARTESIAN_POINT('Origin',(-254.357857033655,28.6111280156895,-2.50000000048143));
#19609=CARTESIAN_POINT('Origin',(-121.095357033655,41.6111280156895,-2.50000000048143));
#19610=CARTESIAN_POINT('Origin',(-192.532857033655,41.6111280156895,-2.50000000048143));
#19611=CARTESIAN_POINT('Origin',(-240.157857033655,41.6111280156895,-2.50000000048143));
#19612=CARTESIAN_POINT('Origin',(13.592642966345,64.7111280156895,-2.50000000048143));
#19613=CARTESIAN_POINT('',(13.592642966345,78.7111280156895,-2.50000000048143));
#19614=CARTESIAN_POINT('',(13.592642966345,64.7111280156895,-2.50000000048143));
#19615=CARTESIAN_POINT('Origin',(14.092642966345,64.7111280156895,-2.50000000048143));
#19616=CARTESIAN_POINT('',(14.092642966345,64.2111280156895,-2.50000000048143));
#19617=CARTESIAN_POINT('Origin',(20.0926429663449,64.2111280156895,-2.50000000048143));
#19618=CARTESIAN_POINT('',(20.0926429663449,64.2111280156895,-2.50000000048143));
#19619=CARTESIAN_POINT('Origin',(20.0926429663449,64.7111280156895,-2.50000000048143));
#19620=CARTESIAN_POINT('',(20.5926429663449,64.7111280156895,-2.50000000048143));
#19621=CARTESIAN_POINT('Origin',(20.592642966345,78.7111280156895,-2.50000000048143));
#19622=CARTESIAN_POINT('',(20.592642966345,78.7111280156895,-2.50000000048143));
#19623=CARTESIAN_POINT('Origin',(20.0926429663449,78.7111280156895,-2.50000000048143));
#19624=CARTESIAN_POINT('',(20.0926429663449,79.2111280156895,-2.50000000048143));
#19625=CARTESIAN_POINT('Origin',(14.092642966345,79.2111280156895,-2.50000000048143));
#19626=CARTESIAN_POINT('',(14.092642966345,79.2111280156895,-2.50000000048143));
#19627=CARTESIAN_POINT('Origin',(14.092642966345,78.7111280156895,-2.50000000048143));
#19628=CARTESIAN_POINT('Origin',(-1.34535703365504,80.3111280156895,-2.50000000048143));
#19629=CARTESIAN_POINT('Origin',(18.7983929663449,85.1611280156895,-2.50000000048143));
#19630=CARTESIAN_POINT('Origin',(6.89214296634493,47.0611280156895,-2.50000000048143));
#19631=CARTESIAN_POINT('Origin',(-181.695357033655,26.6111280156895,-2.50000000048143));
#19632=CARTESIAN_POINT('',(-181.695357033655,40.6111280156895,-2.50000000048143));
#19633=CARTESIAN_POINT('',(-181.695357033655,26.6111280156895,-2.50000000048143));
#19634=CARTESIAN_POINT('Origin',(-181.195357033655,26.6111280156895,-2.50000000048143));
#19635=CARTESIAN_POINT('',(-181.195357033655,26.1111280156895,-2.50000000048143));
#19636=CARTESIAN_POINT('Origin',(-175.195357033655,26.1111280156895,-2.50000000048143));
#19637=CARTESIAN_POINT('',(-175.195357033655,26.1111280156895,-2.50000000048143));
#19638=CARTESIAN_POINT('Origin',(-175.195357033655,26.6111280156895,-2.50000000048143));
#19639=CARTESIAN_POINT('',(-174.695357033655,26.6111280156895,-2.50000000048143));
#19640=CARTESIAN_POINT('Origin',(-174.695357033655,40.6111280156895,-2.50000000048143));
#19641=CARTESIAN_POINT('',(-174.695357033655,40.6111280156895,-2.50000000048143));
#19642=CARTESIAN_POINT('Origin',(-175.195357033655,40.6111280156895,-2.50000000048143));
#19643=CARTESIAN_POINT('',(-175.195357033655,41.1111280156895,-2.50000000048143));
#19644=CARTESIAN_POINT('Origin',(-181.195357033655,41.1111280156895,-2.50000000048143));
#19645=CARTESIAN_POINT('',(-181.195357033655,41.1111280156895,-2.50000000048143));
#19646=CARTESIAN_POINT('Origin',(-181.195357033655,40.6111280156895,-2.50000000048143));
#19647=CARTESIAN_POINT('Origin',(-229.945357033655,42.2111280156895,-2.50000000048143));
#19648=CARTESIAN_POINT('Origin',(-7.90210703365506,102.811128015689,-2.50000000048143));
#19649=CARTESIAN_POINT('',(-7.90210703365505,116.811128015689,-2.50000000048143));
#19650=CARTESIAN_POINT('',(-7.90210703365506,102.811128015689,-2.50000000048143));
#19651=CARTESIAN_POINT('Origin',(-7.40210703365505,102.811128015689,-2.50000000048143));
#19652=CARTESIAN_POINT('',(-7.40210703365505,102.311128015689,-2.50000000048143));
#19653=CARTESIAN_POINT('Origin',(-1.40210703365504,102.311128015689,-2.50000000048143));
#19654=CARTESIAN_POINT('',(-1.40210703365504,102.311128015689,-2.50000000048143));
#19655=CARTESIAN_POINT('Origin',(-1.40210703365504,102.811128015689,-2.50000000048143));
#19656=CARTESIAN_POINT('',(-0.90210703365504,102.811128015689,-2.50000000048143));
#19657=CARTESIAN_POINT('Origin',(-0.902107033655069,116.811128015689,-2.50000000048143));
#19658=CARTESIAN_POINT('',(-0.902107033655069,116.811128015689,-2.50000000048143));
#19659=CARTESIAN_POINT('Origin',(-1.40210703365504,116.811128015689,-2.50000000048143));
#19660=CARTESIAN_POINT('',(-1.40210703365504,117.311128015689,-2.50000000048143));
#19661=CARTESIAN_POINT('Origin',(-7.40210703365505,117.311128015689,-2.50000000048143));
#19662=CARTESIAN_POINT('',(-7.40210703365505,117.311128015689,-2.50000000048143));
#19663=CARTESIAN_POINT('Origin',(-7.40210703365505,116.811128015689,-2.50000000048143));
#19664=CARTESIAN_POINT('Origin',(-15.0458570336551,45.6611280156895,-2.50000000048143));
#19665=CARTESIAN_POINT('',(-15.0458570336551,59.6611280156895,-2.50000000048143));
#19666=CARTESIAN_POINT('',(-15.0458570336551,45.6611280156895,-2.50000000048143));
#19667=CARTESIAN_POINT('Origin',(-14.5458570336551,45.6611280156895,-2.50000000048143));
#19668=CARTESIAN_POINT('',(-14.5458570336551,45.1611280156895,-2.50000000048143));
#19669=CARTESIAN_POINT('Origin',(-8.54585703365508,45.1611280156895,-2.50000000048143));
#19670=CARTESIAN_POINT('',(-8.54585703365508,45.1611280156895,-2.50000000048143));
#19671=CARTESIAN_POINT('Origin',(-8.54585703365508,45.6611280156895,-2.50000000048143));
#19672=CARTESIAN_POINT('',(-8.04585703365508,45.6611280156895,-2.50000000048143));
#19673=CARTESIAN_POINT('Origin',(-8.04585703365507,59.6611280156895,-2.50000000048143));
#19674=CARTESIAN_POINT('',(-8.04585703365507,59.6611280156895,-2.50000000048143));
#19675=CARTESIAN_POINT('Origin',(-8.54585703365508,59.6611280156895,-2.50000000048143));
#19676=CARTESIAN_POINT('',(-8.54585703365508,60.1611280156895,-2.50000000048143));
#19677=CARTESIAN_POINT('Origin',(-14.5458570336551,60.1611280156895,-2.50000000048143));
#19678=CARTESIAN_POINT('',(-14.5458570336551,60.1611280156895,-2.50000000048143));
#19679=CARTESIAN_POINT('Origin',(-14.5458570336551,59.6611280156895,-2.50000000048143));
#19680=CARTESIAN_POINT('Origin',(15.9738929663449,102.811128015689,-2.50000000048143));
#19681=CARTESIAN_POINT('',(15.9738929663449,116.811128015689,-2.50000000048143));
#19682=CARTESIAN_POINT('',(15.9738929663449,102.811128015689,-2.50000000048143));
#19683=CARTESIAN_POINT('Origin',(16.4738929663449,102.811128015689,-2.50000000048143));
#19684=CARTESIAN_POINT('',(16.4738929663449,102.311128015689,-2.50000000048143));
#19685=CARTESIAN_POINT('Origin',(22.4738929663449,102.311128015689,-2.50000000048143));
#19686=CARTESIAN_POINT('',(22.4738929663449,102.311128015689,-2.50000000048143));
#19687=CARTESIAN_POINT('Origin',(22.4738929663449,102.811128015689,-2.50000000048143));
#19688=CARTESIAN_POINT('',(22.9738929663449,102.811128015689,-2.50000000048143));
#19689=CARTESIAN_POINT('Origin',(22.9738929663449,116.811128015689,-2.50000000048143));
#19690=CARTESIAN_POINT('',(22.9738929663449,116.811128015689,-2.50000000048143));
#19691=CARTESIAN_POINT('Origin',(22.4738929663449,116.811128015689,-2.50000000048143));
#19692=CARTESIAN_POINT('',(22.4738929663449,117.311128015689,-2.50000000048143));
#19693=CARTESIAN_POINT('Origin',(16.4738929663449,117.311128015689,-2.50000000048143));
#19694=CARTESIAN_POINT('',(16.4738929663449,117.311128015689,-2.50000000048143));
#19695=CARTESIAN_POINT('Origin',(16.4738929663449,116.811128015689,-2.50000000048143));
#19696=CARTESIAN_POINT('Origin',(8.83014296634496,45.6611280156895,-2.50000000048143));
#19697=CARTESIAN_POINT('',(8.83014296634497,59.6611280156895,-2.50000000048143));
#19698=CARTESIAN_POINT('',(8.83014296634496,45.6611280156895,-2.50000000048143));
#19699=CARTESIAN_POINT('Origin',(9.33014296634497,45.6611280156895,-2.50000000048143));
#19700=CARTESIAN_POINT('',(9.33014296634497,45.1611280156895,-2.50000000048143));
#19701=CARTESIAN_POINT('Origin',(15.330142966345,45.1611280156895,-2.50000000048143));
#19702=CARTESIAN_POINT('',(15.330142966345,45.1611280156895,-2.50000000048143));
#19703=CARTESIAN_POINT('Origin',(15.330142966345,45.6611280156895,-2.50000000048143));
#19704=CARTESIAN_POINT('',(15.830142966345,45.6611280156895,-2.50000000048143));
#19705=CARTESIAN_POINT('Origin',(15.830142966345,59.6611280156895,-2.50000000048143));
#19706=CARTESIAN_POINT('',(15.830142966345,59.6611280156895,-2.50000000048143));
#19707=CARTESIAN_POINT('Origin',(15.330142966345,59.6611280156895,-2.50000000048143));
#19708=CARTESIAN_POINT('',(15.330142966345,60.1611280156895,-2.50000000048143));
#19709=CARTESIAN_POINT('Origin',(9.33014296634497,60.1611280156895,-2.50000000048143));
#19710=CARTESIAN_POINT('',(9.33014296634497,60.1611280156895,-2.50000000048143));
#19711=CARTESIAN_POINT('Origin',(9.33014296634497,59.6611280156895,-2.50000000048143));
#19712=CARTESIAN_POINT('Origin',(-253.170857033655,45.6611280156895,-2.50000000048143));
#19713=CARTESIAN_POINT('',(-253.170857033655,59.6611280156895,-2.50000000048143));
#19714=CARTESIAN_POINT('',(-253.170857033655,45.6611280156895,-2.50000000048143));
#19715=CARTESIAN_POINT('Origin',(-252.670857033655,45.6611280156895,-2.50000000048143));
#19716=CARTESIAN_POINT('',(-252.670857033655,45.1611280156895,-2.50000000048143));
#19717=CARTESIAN_POINT('Origin',(-246.670857033655,45.1611280156895,-2.50000000048143));
#19718=CARTESIAN_POINT('',(-246.670857033655,45.1611280156895,-2.50000000048143));
#19719=CARTESIAN_POINT('Origin',(-246.670857033655,45.6611280156895,-2.50000000048143));
#19720=CARTESIAN_POINT('',(-246.170857033655,45.6611280156895,-2.50000000048143));
#19721=CARTESIAN_POINT('Origin',(-246.170857033655,59.6611280156895,-2.50000000048143));
#19722=CARTESIAN_POINT('',(-246.170857033655,59.6611280156895,-2.50000000048143));
#19723=CARTESIAN_POINT('Origin',(-246.670857033655,59.6611280156895,-2.50000000048143));
#19724=CARTESIAN_POINT('',(-246.670857033655,60.1611280156895,-2.50000000048143));
#19725=CARTESIAN_POINT('Origin',(-252.670857033655,60.1611280156895,-2.50000000048143));
#19726=CARTESIAN_POINT('',(-252.670857033655,60.1611280156895,-2.50000000048143));
#19727=CARTESIAN_POINT('Origin',(-252.670857033655,59.6611280156895,-2.50000000048143));
#19728=CARTESIAN_POINT('Origin',(-10.2833570336551,64.7111280156895,-2.50000000048143));
#19729=CARTESIAN_POINT('',(-10.2833570336551,78.7111280156895,-2.50000000048143));
#19730=CARTESIAN_POINT('',(-10.2833570336551,64.7111280156895,-2.50000000048143));
#19731=CARTESIAN_POINT('Origin',(-9.78335703365506,64.7111280156895,-2.50000000048143));
#19732=CARTESIAN_POINT('',(-9.78335703365506,64.2111280156895,-2.50000000048143));
#19733=CARTESIAN_POINT('Origin',(-3.78335703365504,64.2111280156895,-2.50000000048143));
#19734=CARTESIAN_POINT('',(-3.78335703365504,64.2111280156895,-2.50000000048143));
#19735=CARTESIAN_POINT('Origin',(-3.78335703365504,64.7111280156895,-2.50000000048143));
#19736=CARTESIAN_POINT('',(-3.28335703365504,64.7111280156895,-2.50000000048143));
#19737=CARTESIAN_POINT('Origin',(-3.28335703365503,78.7111280156895,-2.50000000048143));
#19738=CARTESIAN_POINT('',(-3.28335703365503,78.7111280156895,-2.50000000048143));
#19739=CARTESIAN_POINT('Origin',(-3.78335703365504,78.7111280156895,-2.50000000048143));
#19740=CARTESIAN_POINT('',(-3.78335703365504,79.2111280156895,-2.50000000048143));
#19741=CARTESIAN_POINT('Origin',(-9.78335703365506,79.2111280156895,-2.50000000048143));
#19742=CARTESIAN_POINT('',(-9.78335703365506,79.2111280156895,-2.50000000048143));
#19743=CARTESIAN_POINT('Origin',(-9.78335703365506,78.7111280156895,-2.50000000048143));
#19744=CARTESIAN_POINT('Origin',(-229.294857033655,45.6611280156895,-2.50000000048143));
#19745=CARTESIAN_POINT('',(-229.294857033655,59.6611280156895,-2.50000000048143));
#19746=CARTESIAN_POINT('',(-229.294857033655,45.6611280156895,-2.50000000048143));
#19747=CARTESIAN_POINT('Origin',(-228.794857033655,45.6611280156895,-2.50000000048143));
#19748=CARTESIAN_POINT('',(-228.794857033655,45.1611280156895,-2.50000000048143));
#19749=CARTESIAN_POINT('Origin',(-222.794857033655,45.1611280156895,-2.50000000048143));
#19750=CARTESIAN_POINT('',(-222.794857033655,45.1611280156895,-2.50000000048143));
#19751=CARTESIAN_POINT('Origin',(-222.794857033655,45.6611280156895,-2.50000000048143));
#19752=CARTESIAN_POINT('',(-222.294857033655,45.6611280156895,-2.50000000048143));
#19753=CARTESIAN_POINT('Origin',(-222.294857033655,59.6611280156895,-2.50000000048143));
#19754=CARTESIAN_POINT('',(-222.294857033655,59.6611280156895,-2.50000000048143));
#19755=CARTESIAN_POINT('Origin',(-222.794857033655,59.6611280156895,-2.50000000048143));
#19756=CARTESIAN_POINT('',(-222.794857033655,60.1611280156895,-2.50000000048143));
#19757=CARTESIAN_POINT('Origin',(-228.794857033655,60.1611280156895,-2.50000000048143));
#19758=CARTESIAN_POINT('',(-228.794857033655,60.1611280156895,-2.50000000048143));
#19759=CARTESIAN_POINT('Origin',(-228.794857033655,59.6611280156895,-2.50000000048143));
#19760=CARTESIAN_POINT('Origin',(-81.6953570336551,26.6111280156895,-2.50000000048143));
#19761=CARTESIAN_POINT('',(-81.6953570336551,40.6111280156895,-2.50000000048143));
#19762=CARTESIAN_POINT('',(-81.6953570336551,26.6111280156895,-2.50000000048143));
#19763=CARTESIAN_POINT('Origin',(-81.1953570336551,26.6111280156895,-2.50000000048143));
#19764=CARTESIAN_POINT('',(-81.1953570336551,26.1111280156895,-2.50000000048143));
#19765=CARTESIAN_POINT('Origin',(-75.1953570336551,26.1111280156895,-2.50000000048143));
#19766=CARTESIAN_POINT('',(-75.1953570336551,26.1111280156895,-2.50000000048143));
#19767=CARTESIAN_POINT('Origin',(-75.1953570336551,26.6111280156895,-2.50000000048143));
#19768=CARTESIAN_POINT('',(-74.6953570336551,26.6111280156895,-2.50000000048143));
#19769=CARTESIAN_POINT('Origin',(-74.6953570336551,40.6111280156895,-2.50000000048143));
#19770=CARTESIAN_POINT('',(-74.6953570336551,40.6111280156895,-2.50000000048143));
#19771=CARTESIAN_POINT('Origin',(-75.1953570336551,40.6111280156895,-2.50000000048143));
#19772=CARTESIAN_POINT('',(-75.1953570336551,41.1111280156895,-2.50000000048143));
#19773=CARTESIAN_POINT('Origin',(-81.1953570336551,41.1111280156895,-2.50000000048143));
#19774=CARTESIAN_POINT('',(-81.1953570336551,41.1111280156895,-2.50000000048143));
#19775=CARTESIAN_POINT('Origin',(-81.1953570336551,40.6111280156895,-2.50000000048143));
#19776=UNCERTAINTY_MEASURE_WITH_UNIT(LENGTH_MEASURE(0.01),#19780,
'DISTANCE_ACCURACY_VALUE',
'Maximum model space distance between geometric entities at asserted c
onnectivities');
#19777=UNCERTAINTY_MEASURE_WITH_UNIT(LENGTH_MEASURE(0.01),#19780,
'DISTANCE_ACCURACY_VALUE',
'Maximum model space distance between geometric entities at asserted c
onnectivities');
#19778=(
GEOMETRIC_REPRESENTATION_CONTEXT(3)
GLOBAL_UNCERTAINTY_ASSIGNED_CONTEXT((#19776))
GLOBAL_UNIT_ASSIGNED_CONTEXT((#19780,#19782,#19783))
REPRESENTATION_CONTEXT('','3D')
);
#19779=(
GEOMETRIC_REPRESENTATION_CONTEXT(3)
GLOBAL_UNCERTAINTY_ASSIGNED_CONTEXT((#19777))
GLOBAL_UNIT_ASSIGNED_CONTEXT((#19780,#19782,#19783))
REPRESENTATION_CONTEXT('','3D')
);
#19780=(
LENGTH_UNIT()
NAMED_UNIT(*)
SI_UNIT(.MILLI.,.METRE.)
);
#19781=(
LENGTH_UNIT()
NAMED_UNIT(*)
SI_UNIT($,.METRE.)
);
#19782=(
NAMED_UNIT(*)
PLANE_ANGLE_UNIT()
SI_UNIT($,.RADIAN.)
);
#19783=(
NAMED_UNIT(*)
SI_UNIT($,.STERADIAN.)
SOLID_ANGLE_UNIT()
);
#19784=SHAPE_DEFINITION_REPRESENTATION(#19785,#19786);
#19785=PRODUCT_DEFINITION_SHAPE('',$,#19788);
#19786=SHAPE_REPRESENTATION('',(#11764),#19778);
#19787=PRODUCT_DEFINITION_CONTEXT('part definition',#19792,'design');
#19788=PRODUCT_DEFINITION('2026-09-15-21-14-51-491','plate',#19789,#19787);
#19789=PRODUCT_DEFINITION_FORMATION('',$,#19794);
#19790=PRODUCT_RELATED_PRODUCT_CATEGORY('plate','plate',(#19794));
#19791=APPLICATION_PROTOCOL_DEFINITION('international standard',
'automotive_design',2009,#19792);
#19792=APPLICATION_CONTEXT(
'Core Data for Automotive Mechanical Design Process');
#19793=PRODUCT_CONTEXT('part definition',#19792,'mechanical');
#19794=PRODUCT('2026-09-15-21-14-51-491','plate',$,(#19793));
#19795=PRESENTATION_STYLE_ASSIGNMENT((#19796));
#19796=SURFACE_STYLE_USAGE(.BOTH.,#19797);
#19797=SURFACE_SIDE_STYLE('',(#19798));
#19798=SURFACE_STYLE_FILL_AREA(#19799);
#19799=FILL_AREA_STYLE('Paek (Beige)',(#19800));
#19800=FILL_AREA_STYLE_COLOUR('Paek (Beige)',#19801);
#19801=COLOUR_RGB('Paek (Beige)',0.898039215686275,0.792156862745098,0.619607843137255);
ENDSEC;
END-ISO-10303-21;
